family,sketch,config,dist,param,cardinality,n,shards,seed_mean_error,seed_se
quantile,kll-percall,k=50,pareto,1.1,,1000,1,0.011917491749174912,0.0016453163088234854
quantile,kll-percall,k=50,pareto,1.1,,1000,4,0.011666666666666665,0.0008380304182864939
quantile,kll-percall,k=50,pareto,1.1,,1000,16,0.010458745874587462,0.0006536986615519422
quantile,kll-percall,k=50,pareto,1.1,,1000,64,0.010465346534653468,0.0017243363788588698
quantile,kll-percall,k=50,pareto,1.1,,1778,1,0.014074738182479665,0.00045501707921528537
quantile,kll-percall,k=50,pareto,1.1,,1778,4,0.013006307379894342,0.0015282418040881791
quantile,kll-percall,k=50,pareto,1.1,,1778,16,0.010980558123303895,0.0001968117071759996
quantile,kll-percall,k=50,pareto,1.1,,1778,64,0.01028136334443343,0.0031530345404267657
quantile,kll-percall,k=50,pareto,1.1,,3162,1,0.011165907862133463,0.000842220521618723
quantile,kll-percall,k=50,pareto,1.1,,3162,4,0.007200585333675684,0.00027954618237449835
quantile,kll-percall,k=50,pareto,1.1,,3162,16,0.01079199570810971,0.0020416705674830833
quantile,kll-percall,k=50,pareto,1.1,,3162,64,0.009190385831752057,0.0003800830361237224
quantile,kll-percall,k=50,pareto,1.1,,5623,1,0.010328694793719104,0.0010905249472440367
quantile,kll-percall,k=50,pareto,1.1,,5623,4,0.012461202193489842,0.0015592686977136058
quantile,kll-percall,k=50,pareto,1.1,,5623,16,0.009134559908062652,0.00031364961431064385
quantile,kll-percall,k=50,pareto,1.1,,5623,64,0.010043990705312752,0.000807306856853817
quantile,kll-percall,k=50,pareto,1.1,,10000,1,0.010440594059405941,0.0013133208365726336
quantile,kll-percall,k=50,pareto,1.1,,10000,4,0.010224092409240925,0.0007392056339271209
quantile,kll-percall,k=50,pareto,1.1,,10000,16,0.011259405940594063,0.001815566595817943
quantile,kll-percall,k=50,pareto,1.1,,10000,64,0.010807260726072604,0.0006546998872782602
quantile,kll-percall,k=50,pareto,1.1,,17783,1,0.011257083701959582,0.0006266952751254598
quantile,kll-percall,k=50,pareto,1.1,,17783,4,0.011873230060451925,0.0019842551000604663
quantile,kll-percall,k=50,pareto,1.1,,17783,16,0.010789644279616628,0.0003930689031300498
quantile,kll-percall,k=50,pareto,1.1,,17783,64,0.010981669555360197,0.0007212165034943756
quantile,kll-percall,k=50,pareto,1.1,,31623,1,0.01077468158541497,0.0011703467642728282
quantile,kll-percall,k=50,pareto,1.1,,31623,4,0.011172969208504193,0.0011316194245028395
quantile,kll-percall,k=50,pareto,1.1,,31623,16,0.010833165566817569,0.0004228331189011923
quantile,kll-percall,k=50,pareto,1.1,,31623,64,0.012064154333088177,0.001615292844703455
quantile,kll-percall,k=50,pareto,1.1,,56234,1,0.009891498877099008,0.0016962209472606814
quantile,kll-percall,k=50,pareto,1.1,,56234,4,0.010559545444888407,0.0013292033695057727
quantile,kll-percall,k=50,pareto,1.1,,56234,16,0.008907241792927739,0.0006133526933912855
quantile,kll-percall,k=50,pareto,1.1,,56234,64,0.011821813400886984,0.0018359729307528979
quantile,kll-percall,k=50,pareto,1.1,,100000,1,0.011032805280528054,2.355279782339695e-05
quantile,kll-percall,k=50,pareto,1.1,,100000,4,0.010184521452145217,0.001080779227214215
quantile,kll-percall,k=50,pareto,1.1,,100000,16,0.00924188118811881,0.0005313430917608496
quantile,kll-percall,k=50,pareto,1.1,,100000,64,0.009884785478547856,0.0005475348751841896
quantile,kll-percall,k=50,pareto,1.1,,177828,1,0.011415748565881621,0.0008250093852437406
quantile,kll-percall,k=50,pareto,1.1,,177828,4,0.009248436821548406,0.0011691852534906771
quantile,kll-percall,k=50,pareto,1.1,,177828,16,0.010980217395516459,0.0005798337396769392
quantile,kll-percall,k=50,pareto,1.1,,177828,64,0.011463103999852712,0.0024580138668640066
quantile,kll-percall,k=50,pareto,1.1,,316228,1,0.011160042816581645,0.0008368114200739191
quantile,kll-percall,k=50,pareto,1.1,,316228,4,0.011685076953500281,0.00038425844413480224
quantile,kll-percall,k=50,pareto,1.1,,316228,16,0.009023699781972074,0.000597012979155565
quantile,kll-percall,k=50,pareto,1.1,,316228,64,0.011108382300592662,0.0008060529945186103
quantile,kll-percall,k=50,pareto,1.1,,562341,1,0.012746252416297232,0.0023752819994695123
quantile,kll-percall,k=50,pareto,1.1,,562341,4,0.009922317843824052,0.0009571379676699869
quantile,kll-percall,k=50,pareto,1.1,,562341,16,0.011793702120642855,0.0033766005282058805
quantile,kll-percall,k=50,pareto,1.1,,562341,64,0.011809920801199497,0.0014234040938374444
quantile,kll-percall,k=50,pareto,1.1,,1000000,1,0.01125871617161716,0.00021860982220623103
quantile,kll-percall,k=50,pareto,1.1,,1000000,4,0.010343867986798679,0.0002874640402410359
quantile,kll-percall,k=50,pareto,1.1,,1000000,16,0.009361349834983502,0.0015328084419174994
quantile,kll-percall,k=50,pareto,1.1,,1000000,64,0.012570085808580857,0.001115057245699927
quantile,kll-percall,k=50,pareto,1.1,,1778279,1,0.01411342184391106,0.0004385859767876721
quantile,kll-percall,k=50,pareto,1.1,,1778279,4,0.014676860532732554,0.0007540388913950033
quantile,kll-percall,k=50,pareto,1.1,,1778279,16,0.01690107291167675,0.0052137077255241205
quantile,kll-percall,k=50,pareto,1.1,,1778279,64,0.010502998693231671,0.0007660223830758407
quantile,kll-percall,k=50,pareto,1.1,,3162278,1,0.011340085690868999,0.003337836084301142
quantile,kll-percall,k=50,pareto,1.1,,3162278,4,0.008731195442249567,0.0008116999699259135
quantile,kll-percall,k=50,pareto,1.1,,3162278,16,0.0109153866702146,0.0005245966757463643
quantile,kll-percall,k=50,pareto,1.1,,3162278,64,0.01057115654461042,0.0008604448584482733
quantile,kll-percall,k=50,pareto,1.1,,5623413,1,0.014495146637745435,0.003483980158239038
quantile,kll-percall,k=50,pareto,1.1,,5623413,4,0.009235863913022118,0.0011118459673005558
quantile,kll-percall,k=50,pareto,1.1,,5623413,16,0.010185398483843248,0.0006140896081673686
quantile,kll-percall,k=50,pareto,1.1,,5623413,64,0.010032033715446684,0.0003291302059925695
quantile,kll-percall,k=50,pareto,1.1,,10000000,1,0.012092092739273927,0.0016655576321606346
quantile,kll-percall,k=50,pareto,1.1,,10000000,4,0.012333953135313535,0.002392600854293981
quantile,kll-percall,k=50,pareto,1.1,,10000000,16,0.012237253465346536,0.0014909204149812273
quantile,kll-percall,k=50,pareto,1.1,,10000000,64,0.012117751815181517,0.0027819606335072605
quantile,kll-percall,k=50,pareto,1.5,,1000,1,0.008072607260726079,0.0007658685886452508
quantile,kll-percall,k=50,pareto,1.5,,1000,4,0.012260726072607258,0.00032038709173627764
quantile,kll-percall,k=50,pareto,1.5,,1000,16,0.009798679867986805,0.00027683454753149497
quantile,kll-percall,k=50,pareto,1.5,,1000,64,0.010996699669966997,0.002793046512995018
quantile,kll-percall,k=50,pareto,1.5,,1778,1,0.019055934839828193,0.006358866875994812
quantile,kll-percall,k=50,pareto,1.5,,1778,4,0.012529782787052612,0.0027173355261620766
quantile,kll-percall,k=50,pareto,1.5,,1778,16,0.015117033638121962,0.001455471569584414
quantile,kll-percall,k=50,pareto,1.5,,1778,64,0.01129893416788248,0.0027709200742181933
quantile,kll-percall,k=50,pareto,1.5,,3162,1,0.014287861423713527,0.0006942841502116998
quantile,kll-percall,k=50,pareto,1.5,,3162,4,0.007541327187747235,0.00025342409579600045
quantile,kll-percall,k=50,pareto,1.5,,3162,16,0.010850633450441823,0.0034219737630332312
quantile,kll-percall,k=50,pareto,1.5,,3162,64,0.009814421669870973,0.0008836864826035211
quantile,kll-percall,k=50,pareto,1.5,,5623,1,0.01158461622438253,0.0014153184176520289
quantile,kll-percall,k=50,pareto,1.5,,5623,4,0.009434213206132991,0.0007059903880032825
quantile,kll-percall,k=50,pareto,1.5,,5623,16,0.008738449872019034,0.0005776146760950393
quantile,kll-percall,k=50,pareto,1.5,,5623,64,0.009785035412664513,0.0008370352118022577
quantile,kll-percall,k=50,pareto,1.5,,10000,1,0.0113986798679868,0.001325188172138992
quantile,kll-percall,k=50,pareto,1.5,,10000,4,0.010652805280528052,0.00047086272503145664
quantile,kll-percall,k=50,pareto,1.5,,10000,16,0.009090099009900989,0.0008561702406448846
quantile,kll-percall,k=50,pareto,1.5,,10000,64,0.01186567656765676,0.0007448583865776582
quantile,kll-percall,k=50,pareto,1.5,,17783,1,0.0121977677720536,0.00096160949077571
quantile,kll-percall,k=50,pareto,1.5,,17783,4,0.011262450937215415,0.0019131989187107616
quantile,kll-percall,k=50,pareto,1.5,,17783,16,0.010612120932050467,0.0007396056020093325
quantile,kll-percall,k=50,pareto,1.5,,17783,64,0.011552951617492065,0.0006132734557053825
quantile,kll-percall,k=50,pareto,1.5,,31623,1,0.010898249582097003,0.0011858861024956048
quantile,kll-percall,k=50,pareto,1.5,,31623,4,0.010580114173071802,0.00130301727711506
quantile,kll-percall,k=50,pareto,1.5,,31623,16,0.014908854513190623,0.0006324536479204875
quantile,kll-percall,k=50,pareto,1.5,,31623,64,0.012644746497228224,0.001111834024572601
quantile,kll-percall,k=50,pareto,1.5,,56234,1,0.011581627736341228,0.002687961254799867
quantile,kll-percall,k=50,pareto,1.5,,56234,4,0.015485510744765132,0.005659289279676855
quantile,kll-percall,k=50,pareto,1.5,,56234,16,0.011688621719873735,0.0028851176826746833
quantile,kll-percall,k=50,pareto,1.5,,56234,64,0.01296717828414061,0.00194830096594202
quantile,kll-percall,k=50,pareto,1.5,,100000,1,0.010455874587458745,0.0011630870535261322
quantile,kll-percall,k=50,pareto,1.5,,100000,4,0.008956501650165018,0.0006562179109488765
quantile,kll-percall,k=50,pareto,1.5,,100000,16,0.008413102310231018,0.00021619586944802207
quantile,kll-percall,k=50,pareto,1.5,,100000,64,0.008646666666666669,0.0006119740291142583
quantile,kll-percall,k=50,pareto,1.5,,177828,1,0.00916994810352214,0.0009744232911543693
quantile,kll-percall,k=50,pareto,1.5,,177828,4,0.008081796100522391,0.00016868462907230697
quantile,kll-percall,k=50,pareto,1.5,,177828,16,0.010048298236936185,0.0017989316704582975
quantile,kll-percall,k=50,pareto,1.5,,177828,64,0.010267877789870898,0.0005995612304698313
quantile,kll-percall,k=50,pareto,1.5,,316228,1,0.012245246369634878,0.00042327653596018513
quantile,kll-percall,k=50,pareto,1.5,,316228,4,0.01014871043247361,0.0007088939299104146
quantile,kll-percall,k=50,pareto,1.5,,316228,16,0.01042221823406774,0.0006296943016693098
quantile,kll-percall,k=50,pareto,1.5,,316228,64,0.011171522189091032,0.0008435684645436936
quantile,kll-percall,k=50,pareto,1.5,,562341,1,0.013570771919787483,0.00172144899338534
quantile,kll-percall,k=50,pareto,1.5,,562341,4,0.010541122403544026,0.0005651967024284652
quantile,kll-percall,k=50,pareto,1.5,,562341,16,0.009952667339373137,0.0011663565906554487
quantile,kll-percall,k=50,pareto,1.5,,562341,64,0.013236033809465865,0.0026676201467069334
quantile,kll-percall,k=50,pareto,1.5,,1000000,1,0.010217478547854783,0.0013620564230540642
quantile,kll-percall,k=50,pareto,1.5,,1000000,4,0.01191236303630363,0.0016439493109793107
quantile,kll-percall,k=50,pareto,1.5,,1000000,16,0.009995277227722773,0.0008621060929103386
quantile,kll-percall,k=50,pareto,1.5,,1000000,64,0.01163099669966997,0.0009639848829898684
quantile,kll-percall,k=50,pareto,1.5,,1778279,1,0.013718473367964328,0.004423904874067588
quantile,kll-percall,k=50,pareto,1.5,,1778279,4,0.013827987807331134,0.0026121388782263445
quantile,kll-percall,k=50,pareto,1.5,,1778279,16,0.011160976278735557,0.0011902835382619258
quantile,kll-percall,k=50,pareto,1.5,,1778279,64,0.008464217648102184,0.0010690811567574449
quantile,kll-percall,k=50,pareto,1.5,,3162278,1,0.010799774291464788,0.0018968298924499458
quantile,kll-percall,k=50,pareto,1.5,,3162278,4,0.008010538741073022,0.0004276684306188336
quantile,kll-percall,k=50,pareto,1.5,,3162278,16,0.009417201411414338,0.0005452667866501604
quantile,kll-percall,k=50,pareto,1.5,,3162278,64,0.00970169856059211,0.0008961454778113789
quantile,kll-percall,k=50,pareto,1.5,,5623413,1,0.013465049732177043,0.0025988957628598685
quantile,kll-percall,k=50,pareto,1.5,,5623413,4,0.00854414335185409,0.0011883994559710688
quantile,kll-percall,k=50,pareto,1.5,,5623413,16,0.010736221037027698,0.001365816698452048
quantile,kll-percall,k=50,pareto,1.5,,5623413,64,0.009432599697439302,0.0005539289969608767
quantile,kll-percall,k=50,pareto,1.5,,10000000,1,0.01352456435643564,0.0011883042664276586
quantile,kll-percall,k=50,pareto,1.5,,10000000,4,0.012351476237623766,0.0023757981444589783
quantile,kll-percall,k=50,pareto,1.5,,10000000,16,0.01163162112211221,0.0011249120157274099
quantile,kll-percall,k=50,pareto,1.5,,10000000,64,0.013776866006600656,0.0027798969719983226
quantile,kll-percall,k=50,pareto,2.0,,1000,1,0.010115511551155119,0.0022366329572309795
quantile,kll-percall,k=50,pareto,2.0,,1000,4,0.011904290429042905,0.001808210436398426
quantile,kll-percall,k=50,pareto,2.0,,1000,16,0.011310231023102307,0.002429184150721848
quantile,kll-percall,k=50,pareto,2.0,,1000,64,0.015603960396039599,0.003888863058780211
quantile,kll-percall,k=50,pareto,2.0,,1778,1,0.014546807886637933,0.0006780832791782842
quantile,kll-percall,k=50,pareto,2.0,,1778,4,0.007780425961606286,0.0012517395676774898
quantile,kll-percall,k=50,pareto,2.0,,1778,16,0.015476357534516106,0.0017320153377150167
quantile,kll-percall,k=50,pareto,2.0,,1778,64,0.013420389283022792,0.0042804817099838825
quantile,kll-percall,k=50,pareto,2.0,,3162,1,0.01108908803593832,0.0009514151103538805
quantile,kll-percall,k=50,pareto,2.0,,3162,4,0.008399287746611474,0.0007669012741067735
quantile,kll-percall,k=50,pareto,2.0,,3162,16,0.008428053431529114,0.00013529031122914468
quantile,kll-percall,k=50,pareto,2.0,,3162,64,0.011641961160062877,0.0011725141446595234
quantile,kll-percall,k=50,pareto,2.0,,5623,1,0.010693098653632034,0.0010591437739445335
quantile,kll-percall,k=50,pareto,2.0,,5623,4,0.01587596088436871,0.0023893476055096945
quantile,kll-percall,k=50,pareto,2.0,,5623,16,0.010359362096622254,0.0004308617119292087
quantile,kll-percall,k=50,pareto,2.0,,5623,64,0.009057648073183629,0.00047100541755193333
quantile,kll-percall,k=50,pareto,2.0,,10000,1,0.012063366336633664,0.0011068865598693055
quantile,kll-percall,k=50,pareto,2.0,,10000,4,0.008796699669966998,0.0005870533885345386
quantile,kll-percall,k=50,pareto,2.0,,10000,16,0.008977557755775578,0.0008617118107717305
quantile,kll-percall,k=50,pareto,2.0,,10000,64,0.01073993399339934,0.0010931641175539498
quantile,kll-percall,k=50,pareto,2.0,,17783,1,0.010575465239264179,0.0010051482390485266
quantile,kll-percall,k=50,pareto,2.0,,17783,4,0.011471988395488035,0.001677939479639917
quantile,kll-percall,k=50,pareto,2.0,,17783,16,0.012269891387721684,0.0014943571396697952
quantile,kll-percall,k=50,pareto,2.0,,17783,64,0.012351398385635112,0.0011560456308845925
quantile,kll-percall,k=50,pareto,2.0,,31623,1,0.010587672276382366,0.001518493688580305
quantile,kll-percall,k=50,pareto,2.0,,31623,4,0.01069973822161649,0.0003505403970152246
quantile,kll-percall,k=50,pareto,2.0,,31623,16,0.012255580363083269,0.0023831396601244545
quantile,kll-percall,k=50,pareto,2.0,,31623,64,0.012926068244809486,0.0019630801249740162
quantile,kll-percall,k=50,pareto,2.0,,56234,1,0.010983694841369478,0.0015798873336321704
quantile,kll-percall,k=50,pareto,2.0,,56234,4,0.010460223317206705,0.001013009317445309
quantile,kll-percall,k=50,pareto,2.0,,56234,16,0.011828965270179967,0.002043980401875535
quantile,kll-percall,k=50,pareto,2.0,,56234,64,0.009701325824868294,0.0015002827811972104
quantile,kll-percall,k=50,pareto,2.0,,100000,1,0.009757788778877887,0.001166965594858233
quantile,kll-percall,k=50,pareto,2.0,,100000,4,0.008945610561056106,0.0007026475164991004
quantile,kll-percall,k=50,pareto,2.0,,100000,16,0.011639801980198016,0.0033014599854438186
quantile,kll-percall,k=50,pareto,2.0,,100000,64,0.010164389438943891,0.0012818200301619256
quantile,kll-percall,k=50,pareto,2.0,,177828,1,0.012549739352098377,0.0016686652141945663
quantile,kll-percall,k=50,pareto,2.0,,177828,4,0.008632179973513916,0.0009448915208766127
quantile,kll-percall,k=50,pareto,2.0,,177828,16,0.01010246560792121,0.0012669912237737034
quantile,kll-percall,k=50,pareto,2.0,,177828,64,0.014302836181452,0.0024255893855162853
quantile,kll-percall,k=50,pareto,2.0,,316228,1,0.011863619226817628,0.0013376568122381715
quantile,kll-percall,k=50,pareto,2.0,,316228,4,0.011824943451629153,0.0007640790306466426
quantile,kll-percall,k=50,pareto,2.0,,316228,16,0.009007735614245992,0.0003124166746185281
quantile,kll-percall,k=50,pareto,2.0,,316228,64,0.011924533624922256,0.002624331559807344
quantile,kll-percall,k=50,pareto,2.0,,562341,1,0.010388581859674393,0.0007446773747735697
quantile,kll-percall,k=50,pareto,2.0,,562341,4,0.009211708940236827,0.00012002590869200489
quantile,kll-percall,k=50,pareto,2.0,,562341,16,0.011124231005953352,0.0008541817251744822
quantile,kll-percall,k=50,pareto,2.0,,562341,64,0.010152770018342054,0.0003973096849424198
quantile,kll-percall,k=50,pareto,2.0,,1000000,1,0.011922788778877888,0.0017822427670409128
quantile,kll-percall,k=50,pareto,2.0,,1000000,4,0.012298666666666666,0.00208935760372261
quantile,kll-percall,k=50,pareto,2.0,,1000000,16,0.010657201320132014,0.0016298630806737724
quantile,kll-percall,k=50,pareto,2.0,,1000000,64,0.011342188118811882,0.0015432299507676492
quantile,kll-percall,k=50,pareto,2.0,,1778279,1,0.013320021634667709,0.0013803073417054282
quantile,kll-percall,k=50,pareto,2.0,,1778279,4,0.013106989171755241,0.0004336918638824287
quantile,kll-percall,k=50,pareto,2.0,,1778279,16,0.011617913973141568,7.164620787006643e-05
quantile,kll-percall,k=50,pareto,2.0,,1778279,64,0.010187211265153635,0.0014479568658504454
quantile,kll-percall,k=50,pareto,2.0,,3162278,1,0.008797111850168371,0.00043809312177094844
quantile,kll-percall,k=50,pareto,2.0,,3162278,4,0.010132263052538113,0.0009097017775410014
quantile,kll-percall,k=50,pareto,2.0,,3162278,16,0.009522311543649978,0.0017470591611919446
quantile,kll-percall,k=50,pareto,2.0,,3162278,64,0.010632227967958355,0.0007695652790314537
quantile,kll-percall,k=50,pareto,2.0,,5623413,1,0.009810748184045487,0.0010231299093886724
quantile,kll-percall,k=50,pareto,2.0,,5623413,4,0.010224947848124501,0.0016768660174882508
quantile,kll-percall,k=50,pareto,2.0,,5623413,16,0.010298160571347565,0.002025603294627806
quantile,kll-percall,k=50,pareto,2.0,,5623413,64,0.01246794569788704,0.0019413707643974548
quantile,kll-percall,k=50,pareto,2.0,,10000000,1,0.012177602310231026,0.0016732681865987153
quantile,kll-percall,k=50,pareto,2.0,,10000000,4,0.011559945544554459,0.001201212856407932
quantile,kll-percall,k=50,pareto,2.0,,10000000,16,0.012915935313531352,0.002322898695814845
quantile,kll-percall,k=50,pareto,2.0,,10000000,64,0.011270187788778877,0.0003711040643678204
quantile,kll-percall,k=50,pareto,3.0,,1000,1,0.013709570957095704,0.002562848119263907
quantile,kll-percall,k=50,pareto,3.0,,1000,4,0.009382838283828389,0.0015775266854169982
quantile,kll-percall,k=50,pareto,3.0,,1000,16,0.0126006600660066,0.001198065260209115
quantile,kll-percall,k=50,pareto,3.0,,1000,64,0.011343234323432339,0.0024185880437001504
quantile,kll-percall,k=50,pareto,3.0,,1778,1,0.01318157012551649,0.0002314517611857231
quantile,kll-percall,k=50,pareto,3.0,,1778,4,0.01342580939758768,0.0006173848344180271
quantile,kll-percall,k=50,pareto,3.0,,1778,16,0.013317481354434654,0.0007700729685656507
quantile,kll-percall,k=50,pareto,3.0,,1778,64,0.008473049779668626,0.002010593158497486
quantile,kll-percall,k=50,pareto,3.0,,3162,1,0.01314026089515972,0.000711276815299033
quantile,kll-percall,k=50,pareto,3.0,,3162,4,0.011031431416386425,0.0016585759166709833
quantile,kll-percall,k=50,pareto,3.0,,3162,16,0.008583258705377175,0.0009396658231008193
quantile,kll-percall,k=50,pareto,3.0,,3162,64,0.008485083802497895,0.0006169603860622626
quantile,kll-percall,k=50,pareto,3.0,,5623,1,0.012840748951295632,0.0014052998672164016
quantile,kll-percall,k=50,pareto,3.0,,5623,4,0.009121852786381253,0.0007840611839944715
quantile,kll-percall,k=50,pareto,3.0,,5623,16,0.010476109143903893,0.0019921800404584878
quantile,kll-percall,k=50,pareto,3.0,,5623,64,0.009813695401195822,0.0009598206224374044
quantile,kll-percall,k=50,pareto,3.0,,10000,1,0.010533663366336632,0.0010293955811814766
quantile,kll-percall,k=50,pareto,3.0,,10000,4,0.012236303630363031,0.001324424909470956
quantile,kll-percall,k=50,pareto,3.0,,10000,16,0.009507920792079209,0.0004837668072785285
quantile,kll-percall,k=50,pareto,3.0,,10000,64,0.010277227722772276,0.0010465081131048946
quantile,kll-percall,k=50,pareto,3.0,,17783,1,0.009138746186377056,0.0012671710091284706
quantile,kll-percall,k=50,pareto,3.0,,17783,4,0.011982516027006179,0.0014649964027144155
quantile,kll-percall,k=50,pareto,3.0,,17783,16,0.010725797935470313,0.0021611999900395854
quantile,kll-percall,k=50,pareto,3.0,,17783,64,0.011279476876439825,0.00048102603810311356
quantile,kll-percall,k=50,pareto,3.0,,31623,1,0.00838901877095973,0.000997627693046533
quantile,kll-percall,k=50,pareto,3.0,,31623,4,0.012647407801210814,0.0019985918860927192
quantile,kll-percall,k=50,pareto,3.0,,31623,16,0.015912759950693866,0.00515309369272448
quantile,kll-percall,k=50,pareto,3.0,,31623,64,0.009339853632455548,0.0008911326645821751
quantile,kll-percall,k=50,pareto,3.0,,56234,1,0.010499149534400745,0.0023963097396044798
quantile,kll-percall,k=50,pareto,3.0,,56234,4,0.016168034771254627,0.0029553704688597684
quantile,kll-percall,k=50,pareto,3.0,,56234,16,0.0077110215200486484,0.0005609553966994696
quantile,kll-percall,k=50,pareto,3.0,,56234,64,0.007636902894329695,0.0004531269072095782
quantile,kll-percall,k=50,pareto,3.0,,100000,1,0.009444224422442244,0.0011096437116738342
quantile,kll-percall,k=50,pareto,3.0,,100000,4,0.006847986798679866,0.0003127085590797246
quantile,kll-percall,k=50,pareto,3.0,,100000,16,0.008913729372937296,0.0011803658655500338
quantile,kll-percall,k=50,pareto,3.0,,100000,64,0.011666666666666665,0.0027264286222990226
quantile,kll-percall,k=50,pareto,3.0,,177828,1,0.012383510569155298,0.0013574821461294073
quantile,kll-percall,k=50,pareto,3.0,,177828,4,0.009555765347774399,0.000995587685303979
quantile,kll-percall,k=50,pareto,3.0,,177828,16,0.010327918006727452,0.002188020201329187
quantile,kll-percall,k=50,pareto,3.0,,177828,64,0.011051929810026681,0.001434960028083408
quantile,kll-percall,k=50,pareto,3.0,,316228,1,0.009873570771575555,0.0005004661150354499
quantile,kll-percall,k=50,pareto,3.0,,316228,4,0.008560327300296466,0.0002125377813020907
quantile,kll-percall,k=50,pareto,3.0,,316228,16,0.010342496333952303,0.0012199837246118104
quantile,kll-percall,k=50,pareto,3.0,,316228,64,0.009675217417386653,0.0005700825367872475
quantile,kll-percall,k=50,pareto,3.0,,562341,1,0.009308350735098588,0.002083903656767393
quantile,kll-percall,k=50,pareto,3.0,,562341,4,0.011180652264226675,0.0009503672041594117
quantile,kll-percall,k=50,pareto,3.0,,562341,16,0.009217950880642914,0.0010045459742892792
quantile,kll-percall,k=50,pareto,3.0,,562341,64,0.011738453060230775,0.0013552138368088536
quantile,kll-percall,k=50,pareto,3.0,,1000000,1,0.012270808580858083,0.0013597940421329743
quantile,kll-percall,k=50,pareto,3.0,,1000000,4,0.013506244224422438,0.002006767781721725
quantile,kll-percall,k=50,pareto,3.0,,1000000,16,0.00844572607260726,0.0006744318289328436
quantile,kll-percall,k=50,pareto,3.0,,1000000,64,0.012379785478547853,0.0002885106871007724
quantile,kll-percall,k=50,pareto,3.0,,1778279,1,0.009372702947671605,0.0007741200515049212
quantile,kll-percall,k=50,pareto,3.0,,1778279,4,0.008260308646359729,0.0018264557755974257
quantile,kll-percall,k=50,pareto,3.0,,1778279,16,0.00984166162791092,0.0006876928946683563
quantile,kll-percall,k=50,pareto,3.0,,1778279,64,0.011088424264809582,0.001462888177172326
quantile,kll-percall,k=50,pareto,3.0,,3162278,1,0.011573242151039309,0.0011444392917169203
quantile,kll-percall,k=50,pareto,3.0,,3162278,4,0.006771139793098602,0.0003760117419582304
quantile,kll-percall,k=50,pareto,3.0,,3162278,16,0.009075872649160169,0.000515344522354611
quantile,kll-percall,k=50,pareto,3.0,,3162278,64,0.009527834487081338,0.0017910666856651408
quantile,kll-percall,k=50,pareto,3.0,,5623413,1,0.010567413736493876,0.0007802406345176505
quantile,kll-percall,k=50,pareto,3.0,,5623413,4,0.010152432034394128,0.0010592808659001546
quantile,kll-percall,k=50,pareto,3.0,,5623413,16,0.008922919934992508,0.001013428273655864
quantile,kll-percall,k=50,pareto,3.0,,5623413,64,0.008574883994010853,0.0002462472845589239
quantile,kll-percall,k=50,pareto,3.0,,10000000,1,0.014751009570957097,0.002638601422398333
quantile,kll-percall,k=50,pareto,3.0,,10000000,4,0.012692157755775577,0.0006880547156890687
quantile,kll-percall,k=50,pareto,3.0,,10000000,16,0.009509774587458742,0.00043603024541682376
quantile,kll-percall,k=50,pareto,3.0,,10000000,64,0.011834216501650167,0.0015292133610346063
quantile,kll-percall,k=200,pareto,1.1,,1000,1,0.001356435643564357,0.0003331699105979468
quantile,kll-percall,k=200,pareto,1.1,,1000,4,0.0010990099009900998,6.183166335047924e-05
quantile,kll-percall,k=200,pareto,1.1,,1000,16,0.002412541254125414,0.000517331338376496
quantile,kll-percall,k=200,pareto,1.1,,1000,64,0.0014818481848184826,0.0002904852930825974
quantile,kll-percall,k=200,pareto,1.1,,1778,1,0.001887907575909446,0.0001333329703488911
quantile,kll-percall,k=200,pareto,1.1,,1778,4,0.0028345342970742507,0.0004444226559359423
quantile,kll-percall,k=200,pareto,1.1,,1778,16,0.003175296157287269,0.00020232988290668443
quantile,kll-percall,k=200,pareto,1.1,,1778,64,0.0016528750737840922,0.00010859940999422003
quantile,kll-percall,k=200,pareto,1.1,,3162,1,0.002504785582922619,0.0003574704449020214
quantile,kll-percall,k=200,pareto,1.1,,3162,4,0.0016754445843066305,0.00018119044867863547
quantile,kll-percall,k=200,pareto,1.1,,3162,16,0.0018376012174272447,0.0001292763712870987
quantile,kll-percall,k=200,pareto,1.1,,3162,64,0.0024153572852541427,0.0004103819999352016
quantile,kll-percall,k=200,pareto,1.1,,5623,1,0.0025606464256598175,0.0003062298726219791
quantile,kll-percall,k=200,pareto,1.1,,5623,4,0.002408742030169583,0.00020582892010617554
quantile,kll-percall,k=200,pareto,1.1,,5623,16,0.002333673168134882,0.0006586606616069926
quantile,kll-percall,k=200,pareto,1.1,,5623,64,0.003518147119709303,0.0012448772086152957
quantile,kll-percall,k=200,pareto,1.1,,10000,1,0.003014191419141915,0.00014385464373722394
quantile,kll-percall,k=200,pareto,1.1,,10000,4,0.0037026402640264046,0.0003999221133420477
quantile,kll-percall,k=200,pareto,1.1,,10000,16,0.002458745874587459,0.0002957951977041699
quantile,kll-percall,k=200,pareto,1.1,,10000,64,0.0024155115511551154,0.00015731084639341304
quantile,kll-percall,k=200,pareto,1.1,,17783,1,0.0025379395050228767,0.00010408218904557269
quantile,kll-percall,k=200,pareto,1.1,,17783,4,0.0027269415351814656,0.00025830454613219757
quantile,kll-percall,k=200,pareto,1.1,,17783,16,0.0027559806534553275,0.0004083590807692638
quantile,kll-percall,k=200,pareto,1.1,,17783,64,0.003343819114521248,0.0006241713343961805
quantile,kll-percall,k=200,pareto,1.1,,31623,1,0.0035713906273465786,0.0007029099150395976
quantile,kll-percall,k=200,pareto,1.1,,31623,4,0.0026746428556146586,0.00047696844360771315
quantile,kll-percall,k=200,pareto,1.1,,31623,16,0.003059869216216755,0.00033288637967956617
quantile,kll-percall,k=200,pareto,1.1,,31623,64,0.002174976249166514,0.0002005589431447382
quantile,kll-percall,k=200,pareto,1.1,,56234,1,0.002584979947651557,0.00015210851416145975
quantile,kll-percall,k=200,pareto,1.1,,56234,4,0.0017532033460841544,0.00011599283079992148
quantile,kll-percall,k=200,pareto,1.1,,56234,16,0.0034817137864869463,0.00038038059217492876
quantile,kll-percall,k=200,pareto,1.1,,56234,64,0.0018910209120282533,0.0001324445185261162
quantile,kll-percall,k=200,pareto,1.1,,100000,1,0.0029767656765676566,0.00027380788080406113
quantile,kll-percall,k=200,pareto,1.1,,100000,4,0.001886666666666666,2.142676843786898e-05
quantile,kll-percall,k=200,pareto,1.1,,100000,16,0.0020339603960396035,0.00019785449370603574
quantile,kll-percall,k=200,pareto,1.1,,100000,64,0.00267052805280528,0.0006638697767829731
quantile,kll-percall,k=200,pareto,1.1,,177828,1,0.002674953236601753,0.0002711281138839144
quantile,kll-percall,k=200,pareto,1.1,,177828,4,0.0026001882191053287,0.00026674843806826756
quantile,kll-percall,k=200,pareto,1.1,,177828,16,0.002847907099907642,0.0006912772501203663
quantile,kll-percall,k=200,pareto,1.1,,177828,64,0.002860370658160357,0.00022433398346063835
quantile,kll-percall,k=200,pareto,1.1,,316228,1,0.004164088733904699,0.0006338638849356572
quantile,kll-percall,k=200,pareto,1.1,,316228,4,0.0022033123028457023,0.0001639706513417458
quantile,kll-percall,k=200,pareto,1.1,,316228,16,0.002699261021134809,0.00034127223851263536
quantile,kll-percall,k=200,pareto,1.1,,316228,64,0.0024775907394551894,0.0002266405197724758
quantile,kll-percall,k=200,pareto,1.1,,562341,1,0.0032334510185242048,0.000298520450204441
quantile,kll-percall,k=200,pareto,1.1,,562341,4,0.0025189672242550074,0.0003369024285956251
quantile,kll-percall,k=200,pareto,1.1,,562341,16,0.002683127627662445,0.000272670217857978
quantile,kll-percall,k=200,pareto,1.1,,562341,64,0.0029220390176677925,0.00016581338082567574
quantile,kll-percall,k=200,pareto,1.1,,1000000,1,0.0030205907590759077,0.0002152998272880773
quantile,kll-percall,k=200,pareto,1.1,,1000000,4,0.0027847887788778874,0.00025683627129432406
quantile,kll-percall,k=200,pareto,1.1,,1000000,16,0.0020576336633663364,0.00010977165121402664
quantile,kll-percall,k=200,pareto,1.1,,1000000,64,0.002384287128712872,5.940492930932436e-05
quantile,kll-percall,k=200,pareto,1.1,,1778279,1,0.002990335223006627,0.0006829158360772137
quantile,kll-percall,k=200,pareto,1.1,,1778279,4,0.003040305014599006,0.000181247751475084
quantile,kll-percall,k=200,pareto,1.1,,1778279,16,0.003262809423351363,9.07060849867642e-05
quantile,kll-percall,k=200,pareto,1.1,,1778279,64,0.0025536624216029907,0.00020064126674356752
quantile,kll-percall,k=200,pareto,1.1,,3162278,1,0.002065387704373206,9.074918956510872e-05
quantile,kll-percall,k=200,pareto,1.1,,3162278,4,0.002127456487027542,0.00013483757081592825
quantile,kll-percall,k=200,pareto,1.1,,3162278,16,0.00280058952447066,0.0005405272246511298
quantile,kll-percall,k=200,pareto,1.1,,3162278,64,0.002150491600431,0.00024691317175203157
quantile,kll-percall,k=200,pareto,1.1,,5623413,1,0.002669568634510105,0.00022033164640011785
quantile,kll-percall,k=200,pareto,1.1,,5623413,4,0.0027790779260377495,0.00038384467553744683
quantile,kll-percall,k=200,pareto,1.1,,5623413,16,0.0021080964936636827,0.00022072528636857787
quantile,kll-percall,k=200,pareto,1.1,,5623413,64,0.0026252499128996635,0.00041040336475457067
quantile,kll-percall,k=200,pareto,1.1,,10000000,1,0.003971682838283828,0.0003265207392968667
quantile,kll-percall,k=200,pareto,1.1,,10000000,4,0.002542357425742572,0.0002504641775801297
quantile,kll-percall,k=200,pareto,1.1,,10000000,16,0.002636007260726073,0.00028147018742539083
quantile,kll-percall,k=200,pareto,1.1,,10000000,64,0.0025056983498349824,0.0002059688642124732
quantile,kll-percall,k=200,pareto,1.5,,1000,1,0.0011848184818481855,6.575861005007016e-05
quantile,kll-percall,k=200,pareto,1.5,,1000,4,0.000841584158415842,0.00014829466626178873
quantile,kll-percall,k=200,pareto,1.5,,1000,16,0.0024719471947194736,0.0004670754111557868
quantile,kll-percall,k=200,pareto,1.5,,1000,64,0.0014884488448844895,0.0004336261920762795
quantile,kll-percall,k=200,pareto,1.5,,1778,1,0.0016119643460408997,7.396798838135784e-05
quantile,kll-percall,k=200,pareto,1.5,,1778,4,0.0029532942045610616,0.0002353923436502716
quantile,kll-percall,k=200,pareto,1.5,,1778,16,0.0029169868617907927,0.0005117070025702795
quantile,kll-percall,k=200,pareto,1.5,,1778,64,0.0017887120545575352,0.00020270325179897884
quantile,kll-percall,k=200,pareto,1.5,,3162,1,0.0018301279843354358,5.302579470757409e-05
quantile,kll-percall,k=200,pareto,1.5,,3162,4,0.0015127869523195198,0.00011324160868003527
quantile,kll-percall,k=200,pareto,1.5,,3162,16,0.002016875311819605,0.0003075294195034452
quantile,kll-percall,k=200,pareto,1.5,,3162,64,0.0026014157392968904,0.000632165881124738
quantile,kll-percall,k=200,pareto,1.5,,5623,1,0.0035871236065452548,0.0010381778696002086
quantile,kll-percall,k=200,pareto,1.5,,5623,4,0.0026699335414601365,0.0007163575856183807
quantile,kll-percall,k=200,pareto,1.5,,5623,16,0.0017458352628789504,7.859494083768738e-05
quantile,kll-percall,k=200,pareto,1.5,,5623,64,0.0032053523687776905,0.000865691776620768
quantile,kll-percall,k=200,pareto,1.5,,10000,1,0.0036429042904290443,0.0006242246004234294
quantile,kll-percall,k=200,pareto,1.5,,10000,4,0.0022650165016501653,0.00012072217494299092
quantile,kll-percall,k=200,pareto,1.5,,10000,16,0.0026825082508250843,0.00024242558475773046
quantile,kll-percall,k=200,pareto,1.5,,10000,64,0.0024735973597359725,0.00029281628390137284
quantile,kll-percall,k=200,pareto,1.5,,17783,1,0.0032521455485817375,0.00022639635674265331
quantile,kll-percall,k=200,pareto,1.5,,17783,4,0.0023028872644898185,1.450273936459045e-05
quantile,kll-percall,k=200,pareto,1.5,,17783,16,0.002593963270813952,0.00023803845686269694
quantile,kll-percall,k=200,pareto,1.5,,17783,64,0.0028734956383789974,0.0002703053686496274
quantile,kll-percall,k=200,pareto,1.5,,31623,1,0.002958298201511641,2.680276997931085e-05
quantile,kll-percall,k=200,pareto,1.5,,31623,4,0.002659968112360047,0.0002440811054665208
quantile,kll-percall,k=200,pareto,1.5,,31623,16,0.002284645977167682,0.00029032166482434777
quantile,kll-percall,k=200,pareto,1.5,,31623,64,0.0022067522187186953,4.081722259816551e-05
quantile,kll-percall,k=200,pareto,1.5,,56234,1,0.002392974617730652,0.00016410662908583227
quantile,kll-percall,k=200,pareto,1.5,,56234,4,0.002475536275752981,0.00023526951642451443
quantile,kll-percall,k=200,pareto,1.5,,56234,16,0.00346721989480308,0.000596489967570889
quantile,kll-percall,k=200,pareto,1.5,,56234,64,0.0019915661232161566,0.0001740115323438416
quantile,kll-percall,k=200,pareto,1.5,,100000,1,0.0030408910891089116,0.0005035077817333638
quantile,kll-percall,k=200,pareto,1.5,,100000,4,0.0018998679867986794,0.00014751533109807257
quantile,kll-percall,k=200,pareto,1.5,,100000,16,0.002381551155115511,0.00031619213676291113
quantile,kll-percall,k=200,pareto,1.5,,100000,64,0.0026757425742574264,0.0002736207596278766
quantile,kll-percall,k=200,pareto,1.5,,177828,1,0.003935503071867346,0.0004823147027184733
quantile,kll-percall,k=200,pareto,1.5,,177828,4,0.0019671851117900783,0.00014237495136799902
quantile,kll-percall,k=200,pareto,1.5,,177828,16,0.002803849991585296,0.0007701463484492079
quantile,kll-percall,k=200,pareto,1.5,,177828,64,0.0022603500649680344,0.00015989900341666525
quantile,kll-percall,k=200,pareto,1.5,,316228,1,0.002642329628816506,9.440737689841672e-05
quantile,kll-percall,k=200,pareto,1.5,,316228,4,0.0023761871108496685,0.0003196819712759552
quantile,kll-percall,k=200,pareto,1.5,,316228,16,0.003384177710939315,0.0006628527524793234
quantile,kll-percall,k=200,pareto,1.5,,316228,64,0.002059008600178231,1.530759786761818e-05
quantile,kll-percall,k=200,pareto,1.5,,562341,1,0.0028520235390570767,0.00022897918840399917
quantile,kll-percall,k=200,pareto,1.5,,562341,4,0.002435853272332094,0.00026209735061724903
quantile,kll-percall,k=200,pareto,1.5,,562341,16,0.002731184512071801,0.0005774996021650576
quantile,kll-percall,k=200,pareto,1.5,,562341,64,0.003690553192702104,0.0010518273941006581
quantile,kll-percall,k=200,pareto,1.5,,1000000,1,0.002838389438943895,9.160361408427336e-05
quantile,kll-percall,k=200,pareto,1.5,,1000000,4,0.0034292409240924103,0.0009706987235854927
quantile,kll-percall,k=200,pareto,1.5,,1000000,16,0.002163673267326732,0.0003820550179766023
quantile,kll-percall,k=200,pareto,1.5,,1000000,64,0.00217293399339934,0.00028278520376416225
quantile,kll-percall,k=200,pareto,1.5,,1778279,1,0.003002998595796271,0.00024702052132690794
quantile,kll-percall,k=200,pareto,1.5,,1778279,4,0.0035791088605401857,0.0007240848708445149
quantile,kll-percall,k=200,pareto,1.5,,1778279,16,0.0038973227455981105,0.00046707437655232957
quantile,kll-percall,k=200,pareto,1.5,,1778279,64,0.002137006099328016,0.0001074465767438873
quantile,kll-percall,k=200,pareto,1.5,,3162278,1,0.0026857791535193913,0.0003304663322097683
quantile,kll-percall,k=200,pareto,1.5,,3162278,4,0.0023431557778907193,0.0002720215327985662
quantile,kll-percall,k=200,pareto,1.5,,3162278,16,0.0022696249192813074,0.00018635568035455012
quantile,kll-percall,k=200,pareto,1.5,,3162278,64,0.0022451047044318843,0.000336035727186034
quantile,kll-percall,k=200,pareto,1.5,,5623413,1,0.0029365200310721884,0.00019923409156038634
quantile,kll-percall,k=200,pareto,1.5,,5623413,4,0.002380955862892368,0.00016103955536615487
quantile,kll-percall,k=200,pareto,1.5,,5623413,16,0.0027209760418103065,0.00019966719687976726
quantile,kll-percall,k=200,pareto,1.5,,5623413,64,0.002890350284842434,0.0002815821836247677
quantile,kll-percall,k=200,pareto,1.5,,10000000,1,0.003457790429042903,0.00023728561118851785
quantile,kll-percall,k=200,pareto,1.5,,10000000,4,0.002117807260726072,5.788242060997066e-05
quantile,kll-percall,k=200,pareto,1.5,,10000000,16,0.002376496039603961,0.00011786798916853449
quantile,kll-percall,k=200,pareto,1.5,,10000000,64,0.0024889425742574234,0.0002611155766047908
quantile,kll-percall,k=200,pareto,2.0,,1000,1,0.0014158415841584169,0.00015560627371783873
quantile,kll-percall,k=200,pareto,2.0,,1000,4,0.0012475247524752484,0.00021304390882524783
quantile,kll-percall,k=200,pareto,2.0,,1000,16,0.002112211221122114,0.0005264414358175691
quantile,kll-percall,k=200,pareto,2.0,,1000,64,0.0018118811881188133,0.0006133022045920235
quantile,kll-percall,k=200,pareto,2.0,,1778,1,0.002066214495465294,0.00029918783272652057
quantile,kll-percall,k=200,pareto,2.0,,1778,4,0.0029034736994509366,0.0005906027018514966
quantile,kll-percall,k=200,pareto,2.0,,1778,16,0.0028254760234178652,0.00014396003013674057
quantile,kll-percall,k=200,pareto,2.0,,1778,64,0.001673107693221519,0.00019144354280183765
quantile,kll-percall,k=200,pareto,2.0,,3162,1,0.0017598420183574306,4.589961146442462e-05
quantile,kll-percall,k=200,pareto,2.0,,3162,4,0.002094509261172795,0.00018351370800486313
quantile,kll-percall,k=200,pareto,2.0,,3162,16,0.0016583479979876547,0.0001793022070159479
quantile,kll-percall,k=200,pareto,2.0,,3162,64,0.001615429095091673,8.583932114177087e-05
quantile,kll-percall,k=200,pareto,2.0,,5623,1,0.005698806587043197,0.0008805084370433222
quantile,kll-percall,k=200,pareto,2.0,,5623,4,0.0024611963241495754,0.00018456807228412432
quantile,kll-percall,k=200,pareto,2.0,,5623,16,0.0022728198482306005,0.00028043707784685583
quantile,kll-percall,k=200,pareto,2.0,,5623,64,0.002082383233877359,9.959810562122974e-05
quantile,kll-percall,k=200,pareto,2.0,,10000,1,0.002954455445544554,7.191009428878215e-05
quantile,kll-percall,k=200,pareto,2.0,,10000,4,0.0020904290429042895,9.222695363686989e-05
quantile,kll-percall,k=200,pareto,2.0,,10000,16,0.0022947194719471955,0.00018737069702742397
quantile,kll-percall,k=200,pareto,2.0,,10000,64,0.0022204620462046216,0.0001373520281148761
quantile,kll-percall,k=200,pareto,2.0,,17783,1,0.003098119630328888,0.0004044918664623663
quantile,kll-percall,k=200,pareto,2.0,,17783,4,0.002833176417793609,0.0001826105137560759
quantile,kll-percall,k=200,pareto,2.0,,17783,16,0.0022246225072375084,0.00019387890064217645
quantile,kll-percall,k=200,pareto,2.0,,17783,64,0.003276563499571008,0.0004340959831584347
quantile,kll-percall,k=200,pareto,2.0,,31623,1,0.0032852816635425045,0.0003141519505948999
quantile,kll-percall,k=200,pareto,2.0,,31623,4,0.0032091923735585773,0.0003117524638039356
quantile,kll-percall,k=200,pareto,2.0,,31623,16,0.002974258719866865,0.0003386274985051027
quantile,kll-percall,k=200,pareto,2.0,,31623,64,0.002167455717206288,0.00024153426594387796
quantile,kll-percall,k=200,pareto,2.0,,56234,1,0.0026033496759356907,0.0002593087279717713
quantile,kll-percall,k=200,pareto,2.0,,56234,4,0.002038562109225112,0.00035493810572183716
quantile,kll-percall,k=200,pareto,2.0,,56234,16,0.0029193136975610274,0.0003427487096065627
quantile,kll-percall,k=200,pareto,2.0,,56234,64,0.0021817579559997467,0.0003161388914541395
quantile,kll-percall,k=200,pareto,2.0,,100000,1,0.0021304950495049505,0.00016592171848505265
quantile,kll-percall,k=200,pareto,2.0,,100000,4,0.0016134323432343218,4.890609179074557e-05
quantile,kll-percall,k=200,pareto,2.0,,100000,16,0.0019881848184818474,0.00022029152166758498
quantile,kll-percall,k=200,pareto,2.0,,100000,64,0.002461980198019801,0.0003183476469591268
quantile,kll-percall,k=200,pareto,2.0,,177828,1,0.0031015589581091865,0.0005179557420316182
quantile,kll-percall,k=200,pareto,2.0,,177828,4,0.0021636348127693546,0.0003145929740759463
quantile,kll-percall,k=200,pareto,2.0,,177828,16,0.0020687428078795473,0.00015627401465982118
quantile,kll-percall,k=200,pareto,2.0,,177828,64,0.002335544911532786,0.0002836959838230006
quantile,kll-percall,k=200,pareto,2.0,,316228,1,0.002857123474974461,0.00015104822630606482
quantile,kll-percall,k=200,pareto,2.0,,316228,4,0.002315708960627521,0.00022873663216028717
quantile,kll-percall,k=200,pareto,2.0,,316228,16,0.0022203890070376163,0.00021538364241805236
quantile,kll-percall,k=200,pareto,2.0,,316228,64,0.002345567101582842,0.0002207383336281184
quantile,kll-percall,k=200,pareto,2.0,,562341,1,0.0033618950994951714,0.0003575702527279875
quantile,kll-percall,k=200,pareto,2.0,,562341,4,0.002428523529024175,0.00016870728694000426
quantile,kll-percall,k=200,pareto,2.0,,562341,16,0.0030231153040029403,0.0002964667849481039
quantile,kll-percall,k=200,pareto,2.0,,562341,64,0.0028102562506219972,9.547705002398545e-05
quantile,kll-percall,k=200,pareto,2.0,,1000000,1,0.0038923729372937303,0.001010236484012441
quantile,kll-percall,k=200,pareto,2.0,,1000000,4,0.0023857161716171623,7.386016826549976e-05
quantile,kll-percall,k=200,pareto,2.0,,1000000,16,0.0021177524752475246,0.0001933609653691024
quantile,kll-percall,k=200,pareto,2.0,,1000000,64,0.0020398316831683164,0.000123870694909175
quantile,kll-percall,k=200,pareto,2.0,,1778279,1,0.003000465999186659,0.00020153032379173814
quantile,kll-percall,k=200,pareto,2.0,,1778279,4,0.002980433169469811,0.00023450447291641685
quantile,kll-percall,k=200,pareto,2.0,,1778279,16,0.003670055583109972,0.00033240975079216876
quantile,kll-percall,k=200,pareto,2.0,,1778279,64,0.0018593703282335297,4.760904482424275e-05
quantile,kll-percall,k=200,pareto,2.0,,3162278,1,0.002245601004549676,0.0005021957296380596
quantile,kll-percall,k=200,pareto,2.0,,3162278,4,0.0027533289663849037,0.0007001371819151052
quantile,kll-percall,k=200,pareto,2.0,,3162278,16,0.0023547416731795473,0.00017924533250201553
quantile,kll-percall,k=200,pareto,2.0,,3162278,64,0.0029163408346913854,0.00044799405566816794
quantile,kll-percall,k=200,pareto,2.0,,5623413,1,0.002832404079300608,0.00043052016419827324
quantile,kll-percall,k=200,pareto,2.0,,5623413,4,0.0024150263950171408,0.0001457184546745632
quantile,kll-percall,k=200,pareto,2.0,,5623413,16,0.0019339597481883239,0.00016046646197881556
quantile,kll-percall,k=200,pareto,2.0,,5623413,64,0.002520562757801704,0.00040406702731178573
quantile,kll-percall,k=200,pareto,2.0,,10000000,1,0.002344444554455448,0.0002608994509190343
quantile,kll-percall,k=200,pareto,2.0,,10000000,4,0.001993904620462046,0.00010985890506360058
quantile,kll-percall,k=200,pareto,2.0,,10000000,16,0.003026584158415842,0.0004800549373249351
quantile,kll-percall,k=200,pareto,2.0,,10000000,64,0.0022278320132013206,9.862400884264986e-05
quantile,kll-percall,k=200,pareto,3.0,,1000,1,0.0015181518151815192,0.000384923760995204
quantile,kll-percall,k=200,pareto,3.0,,1000,4,0.0008448844884488453,3.8910317236143894e-05
quantile,kll-percall,k=200,pareto,3.0,,1000,16,0.002293729372937295,0.00029572504084947603
quantile,kll-percall,k=200,pareto,3.0,,1000,64,0.0016666666666666679,0.0008077317559645738
quantile,kll-percall,k=200,pareto,3.0,,1778,1,0.0022362798709567237,0.0005438447123846806
quantile,kll-percall,k=200,pareto,3.0,,1778,4,0.002275148774719992,9.339334250025128e-05
quantile,kll-percall,k=200,pareto,3.0,,1778,16,0.0031749620406360105,0.0007009420906451136
quantile,kll-percall,k=200,pareto,3.0,,1778,64,0.0015271729647655418,0.00016992972654906682
quantile,kll-percall,k=200,pareto,3.0,,3162,1,0.0019695935437946057,0.00027855552307669154
quantile,kll-percall,k=200,pareto,3.0,,3162,4,0.0013287742436482745,9.821012165789964e-05
quantile,kll-percall,k=200,pareto,3.0,,3162,16,0.00181236339952781,0.00035058776691303814
quantile,kll-percall,k=200,pareto,3.0,,3162,64,0.0013111766584628104,0.00010210752854828072
quantile,kll-percall,k=200,pareto,3.0,,5623,1,0.0034896573420457855,0.0008564610743072117
quantile,kll-percall,k=200,pareto,3.0,,5623,4,0.001440617830234028,0.0001286863706423771
quantile,kll-percall,k=200,pareto,3.0,,5623,16,0.0031729888265369308,0.0007407536310388246
quantile,kll-percall,k=200,pareto,3.0,,5623,64,0.0035063438764292563,0.00021032501125267284
quantile,kll-percall,k=200,pareto,3.0,,10000,1,0.00232904290429043,0.00015933349452837628
quantile,kll-percall,k=200,pareto,3.0,,10000,4,0.0018056105610561055,0.0003182950597101533
quantile,kll-percall,k=200,pareto,3.0,,10000,16,0.0024871287128712866,0.00033064316534189446
quantile,kll-percall,k=200,pareto,3.0,,10000,64,0.0027762376237623764,0.0007939843013624705
quantile,kll-percall,k=200,pareto,3.0,,17783,1,0.002873599568245641,0.0003408914688946524
quantile,kll-percall,k=200,pareto,3.0,,17783,4,0.0023619528347706294,0.0003042969348476809
quantile,kll-percall,k=200,pareto,3.0,,17783,16,0.0022698134403217056,0.00036116629309894144
quantile,kll-percall,k=200,pareto,3.0,,17783,64,0.002377158145438341,7.635674946728692e-05
quantile,kll-percall,k=200,pareto,3.0,,31623,1,0.002502044246735649,0.000278632354760741
quantile,kll-percall,k=200,pareto,3.0,,31623,4,0.0037298832814692128,0.0013843001263636409
quantile,kll-percall,k=200,pareto,3.0,,31623,16,0.0033604535863889025,0.0012346031735283852
quantile,kll-percall,k=200,pareto,3.0,,31623,64,0.0017048751644920656,9.350196781112513e-05
quantile,kll-percall,k=200,pareto,3.0,,56234,1,0.0031927350717786862,0.0003360738951805136
quantile,kll-percall,k=200,pareto,3.0,,56234,4,0.001996094584028946,0.00039042266728512193
quantile,kll-percall,k=200,pareto,3.0,,56234,16,0.002671918648279096,0.0001872013797494363
quantile,kll-percall,k=200,pareto,3.0,,56234,64,0.001867858621406475,0.0002439015390547215
quantile,kll-percall,k=200,pareto,3.0,,100000,1,0.0022425412541254115,0.00021479584634426303
quantile,kll-percall,k=200,pareto,3.0,,100000,4,0.0014603630363036304,0.00013541857389460683
quantile,kll-percall,k=200,pareto,3.0,,100000,16,0.0015474257425742565,4.843611850731495e-05
quantile,kll-percall,k=200,pareto,3.0,,100000,64,0.002072376237623763,0.00016859773686536567
quantile,kll-percall,k=200,pareto,3.0,,177828,1,0.0017749743123310258,7.250698427546207e-05
quantile,kll-percall,k=200,pareto,3.0,,177828,4,0.001931164099607209,0.00018393834325294118
quantile,kll-percall,k=200,pareto,3.0,,177828,16,0.002367533399537405,0.0002020964875125282
quantile,kll-percall,k=200,pareto,3.0,,177828,64,0.0024204149951401123,0.0003057597909012589
quantile,kll-percall,k=200,pareto,3.0,,316228,1,0.002661718655516588,0.0006695625852888581
quantile,kll-percall,k=200,pareto,3.0,,316228,4,0.0022330251669942275,0.0002312446474453056
quantile,kll-percall,k=200,pareto,3.0,,316228,16,0.002294250156892686,0.00040384692044954316
quantile,kll-percall,k=200,pareto,3.0,,316228,64,0.003569489549483683,0.0008572794163840783
quantile,kll-percall,k=200,pareto,3.0,,562341,1,0.002629397969965527,0.00030744702272457344
quantile,kll-percall,k=200,pareto,3.0,,562341,4,0.0021117340198599168,7.291315270684028e-05
quantile,kll-percall,k=200,pareto,3.0,,562341,16,0.00303743703471373,0.0004611427519357094
quantile,kll-percall,k=200,pareto,3.0,,562341,64,0.0021996786148390317,0.00012011151147891028
quantile,kll-percall,k=200,pareto,3.0,,1000000,1,0.0029921914191419134,9.931831985293754e-05
quantile,kll-percall,k=200,pareto,3.0,,1000000,4,0.002537960396039604,0.0003382448932113393
quantile,kll-percall,k=200,pareto,3.0,,1000000,16,0.001976646864686468,0.00017586336659800096
quantile,kll-percall,k=200,pareto,3.0,,1000000,64,0.0017746435643564353,0.0002447194197160725
quantile,kll-percall,k=200,pareto,3.0,,1778279,1,0.0023689540027833156,0.00012163742999864613
quantile,kll-percall,k=200,pareto,3.0,,1778279,4,0.0029006817558691373,0.00024872154581892205
quantile,kll-percall,k=200,pareto,3.0,,1778279,16,0.0031056108227397444,0.0005236662116331765
quantile,kll-percall,k=200,pareto,3.0,,1778279,64,0.0014551762164040055,0.0001698911966606386
quantile,kll-percall,k=200,pareto,3.0,,3162278,1,0.0028553736725659973,0.0007574538362786224
quantile,kll-percall,k=200,pareto,3.0,,3162278,4,0.0018264599941642526,0.0003265716427192353
quantile,kll-percall,k=200,pareto,3.0,,3162278,16,0.0019074033143050041,0.00023500984250076056
quantile,kll-percall,k=200,pareto,3.0,,3162278,64,0.0022605205454545563,0.0004495581849176316
quantile,kll-percall,k=200,pareto,3.0,,5623413,1,0.002681253873366367,0.0005824810369435284
quantile,kll-percall,k=200,pareto,3.0,,5623413,4,0.0024652893708909007,0.00044416582539133167
quantile,kll-percall,k=200,pareto,3.0,,5623413,16,0.0019837015649245087,7.149401653796677e-05
quantile,kll-percall,k=200,pareto,3.0,,5623413,64,0.0021487491600556516,0.0004371597084288012
quantile,kll-percall,k=200,pareto,3.0,,10000000,1,0.0026952735973597365,0.0002690785399831321
quantile,kll-percall,k=200,pareto,3.0,,10000000,4,0.0023371825082508266,0.00018149812810138734
quantile,kll-percall,k=200,pareto,3.0,,10000000,16,0.002169385478547854,0.00032481769493028067
quantile,kll-percall,k=200,pareto,3.0,,10000000,64,0.0020700613861386126,0.00022517781552812508
quantile,kll-percall,k=800,pareto,1.1,,1000,1,0.0,0.0
quantile,kll-percall,k=800,pareto,1.1,,1000,4,0.0005709570957095714,0.0002805862878789742
quantile,kll-percall,k=800,pareto,1.1,,1000,16,1.3201320132013202e-05,6.600660066006601e-06
quantile,kll-percall,k=800,pareto,1.1,,1000,64,0.00030693069306930715,0.00014851485148514862
quantile,kll-percall,k=800,pareto,1.1,,1778,1,0.00017329516978694434,1.1806155444608715e-05
quantile,kll-percall,k=800,pareto,1.1,,1778,4,0.00040212795182780316,5.1314694467952075e-05
quantile,kll-percall,k=800,pareto,1.1,,1778,16,0.00023900477786811458,6.381504938863901e-05
quantile,kll-percall,k=800,pareto,1.1,,1778,64,0.0001543247688098401,2.6246719160105056e-05
quantile,kll-percall,k=800,pareto,1.1,,3162,1,0.00025876591454211483,4.0841443651952826e-05
quantile,kll-percall,k=800,pareto,1.1,,3162,4,0.00020597315898572771,2.0275114224025405e-05
quantile,kll-percall,k=800,pareto,1.1,,3162,16,0.000260206286283278,3.8974671678748885e-05
quantile,kll-percall,k=800,pareto,1.1,,3162,64,0.0003747471521345679,6.724861094075823e-05
quantile,kll-percall,k=800,pareto,1.1,,5623,1,0.00037584320409632925,7.798820081996534e-05
quantile,kll-percall,k=800,pareto,1.1,,5623,4,0.0003246214715727297,2.891688977352929e-05
quantile,kll-percall,k=800,pareto,1.1,,5623,16,0.0003544905441993607,2.992401213265197e-05
quantile,kll-percall,k=800,pareto,1.1,,5623,64,0.0005858012441827505,0.00011328095838032757
quantile,kll-percall,k=800,pareto,1.1,,10000,1,0.0006669966996699674,6.745361111482989e-05
quantile,kll-percall,k=800,pareto,1.1,,10000,4,0.0004356435643564388,9.616371144775277e-06
quantile,kll-percall,k=800,pareto,1.1,,10000,16,0.00038184818481848203,4.392415675930609e-05
quantile,kll-percall,k=800,pareto,1.1,,10000,64,0.00040693069306930703,2.6388197369823503e-05
quantile,kll-percall,k=800,pareto,1.1,,17783,1,0.0005758995176355066,8.190549644897009e-05
quantile,kll-percall,k=800,pareto,1.1,,17783,4,0.0004931416495414345,2.26468123298493e-05
quantile,kll-percall,k=800,pareto,1.1,,17783,16,0.0006596966843959865,0.00014479920386119556
quantile,kll-percall,k=800,pareto,1.1,,17783,64,0.000502576996720083,5.670273675759793e-05
quantile,kll-percall,k=800,pareto,1.1,,31623,1,0.0007297399885136023,6.882887940290595e-05
quantile,kll-percall,k=800,pareto,1.1,,31623,4,0.0004268126271881544,1.1794531454470817e-05
quantile,kll-percall,k=800,pareto,1.1,,31623,16,0.0005907854802176901,4.5866517892747795e-05
quantile,kll-percall,k=800,pareto,1.1,,31623,64,0.0007748172597356495,2.9096117942205726e-05
quantile,kll-percall,k=800,pareto,1.1,,56234,1,0.0005654484074149847,1.5047351966273079e-05
quantile,kll-percall,k=800,pareto,1.1,,56234,4,0.000464150800327394,7.792896930077115e-05
quantile,kll-percall,k=800,pareto,1.1,,56234,16,0.000765314572500037,3.221346819185814e-05
quantile,kll-percall,k=800,pareto,1.1,,56234,64,0.000477490861793794,9.47588953051957e-05
quantile,kll-percall,k=800,pareto,1.1,,100000,1,0.0007128712871287118,0.0001721281457299462
quantile,kll-percall,k=800,pareto,1.1,,100000,4,0.00040201320132013277,6.235887791681878e-05
quantile,kll-percall,k=800,pareto,1.1,,100000,16,0.0004149834983498356,2.047378030418932e-05
quantile,kll-percall,k=800,pareto,1.1,,100000,64,0.0005580858085808575,8.690333010440284e-05
quantile,kll-percall,k=800,pareto,1.1,,177828,1,0.0005434806251392411,4.387075456669781e-05
quantile,kll-percall,k=800,pareto,1.1,,177828,4,0.0004545171434614296,3.334077313739838e-05
quantile,kll-percall,k=800,pareto,1.1,,177828,16,0.0004578399671399767,3.7816251850701256e-05
quantile,kll-percall,k=800,pareto,1.1,,177828,64,0.0004839259146914761,3.4747437336471214e-05
quantile,kll-percall,k=800,pareto,1.1,,316228,1,0.0005678135644370039,5.003603840050245e-05
quantile,kll-percall,k=800,pareto,1.1,,316228,4,0.00048385442412336423,1.78111647150666e-05
quantile,kll-percall,k=800,pareto,1.1,,316228,16,0.0004917043812353934,3.4084990165335176e-05
quantile,kll-percall,k=800,pareto,1.1,,316228,64,0.0006202889664227314,0.00015428073583316205
quantile,kll-percall,k=800,pareto,1.1,,562341,1,0.0007840532942313543,9.656936928946425e-05
quantile,kll-percall,k=800,pareto,1.1,,562341,4,0.0004995777229539192,3.541791067854841e-05
quantile,kll-percall,k=800,pareto,1.1,,562341,16,0.0005905010257010061,0.0001041115302151494
quantile,kll-percall,k=800,pareto,1.1,,562341,64,0.0005924676982254335,3.429668486802118e-05
quantile,kll-percall,k=800,pareto,1.1,,1000000,1,0.0008183564356435646,4.546208669503988e-05
quantile,kll-percall,k=800,pareto,1.1,,1000000,4,0.0006899537953795378,7.253438954958593e-05
quantile,kll-percall,k=800,pareto,1.1,,1000000,16,0.0004450825082508251,4.181711517510026e-05
quantile,kll-percall,k=800,pareto,1.1,,1000000,64,0.0006250693069306932,0.00010383571605742062
quantile,kll-percall,k=800,pareto,1.1,,1778279,1,0.0006585989635319493,4.23330496900832e-05
quantile,kll-percall,k=800,pareto,1.1,,1778279,4,0.0007249909072820192,8.114061769014094e-05
quantile,kll-percall,k=800,pareto,1.1,,1778279,16,0.0006260752866414525,0.0001106247713267129
quantile,kll-percall,k=800,pareto,1.1,,1778279,64,0.00047850716390627845,7.529097325407365e-05
quantile,kll-percall,k=800,pareto,1.1,,3162278,1,0.0006103331320976931,1.4388963579138079e-05
quantile,kll-percall,k=800,pareto,1.1,,3162278,4,0.00048051471822281225,6.296137052358731e-05
quantile,kll-percall,k=800,pareto,1.1,,3162278,16,0.0004729887695509502,8.538850133754525e-05
quantile,kll-percall,k=800,pareto,1.1,,3162278,64,0.0006718203688218467,0.00010715934695731106
quantile,kll-percall,k=800,pareto,1.1,,5623413,1,0.0006076023893172199,4.845594615795444e-05
quantile,kll-percall,k=800,pareto,1.1,,5623413,4,0.0008073952474579189,0.00022604353814173993
quantile,kll-percall,k=800,pareto,1.1,,5623413,16,0.0005017862262862084,6.865459525807246e-05
quantile,kll-percall,k=800,pareto,1.1,,5623413,64,0.0004983976707017749,1.8542989954652273e-05
quantile,kll-percall,k=800,pareto,1.1,,10000000,1,0.0007781854785478522,0.00010671244436591721
quantile,kll-percall,k=800,pareto,1.1,,10000000,4,0.0005921099009900987,2.589940975916802e-05
quantile,kll-percall,k=800,pareto,1.1,,10000000,16,0.0004941759075907582,6.900447404056401e-05
quantile,kll-percall,k=800,pareto,1.1,,10000000,64,0.0005681894389438968,9.020139073509064e-05
quantile,kll-percall,k=800,pareto,1.5,,1000,1,3.3003300330033004e-06,3.3003300330033004e-06
quantile,kll-percall,k=800,pareto,1.5,,1000,4,0.00027392739273927413,0.0002640264026402642
quantile,kll-percall,k=800,pareto,1.5,,1000,16,1.6501650165016504e-05,3.3003300330033004e-06
quantile,kll-percall,k=800,pareto,1.5,,1000,64,0.0003993399339933996,1.7463705023528668e-05
quantile,kll-percall,k=800,pareto,1.5,,1778,1,0.00010999862640932159,3.553956688212492e-05
quantile,kll-percall,k=800,pareto,1.5,,1778,4,0.0002771312001841352,2.057236423932101e-05
quantile,kll-percall,k=800,pareto,1.5,,1778,16,0.00014207382493029987,5.907073391473089e-05
quantile,kll-percall,k=800,pareto,1.5,,1778,64,0.00018743944135696147,4.4549072454665365e-05
quantile,kll-percall,k=800,pareto,1.5,,3162,1,0.00022868510759994201,5.642998223923319e-06
quantile,kll-percall,k=800,pareto,1.5,,3162,4,0.0001727611091279892,3.0846145748324836e-05
quantile,kll-percall,k=800,pareto,1.5,,3162,16,0.00024930956093711763,6.545663911462375e-05
quantile,kll-percall,k=800,pareto,1.5,,3162,64,0.0003383829844084935,5.1054514315792174e-05
quantile,kll-percall,k=800,pareto,1.5,,5623,1,0.0004786740456012543,5.6261340844670775e-05
quantile,kll-percall,k=800,pareto,1.5,,5623,4,0.00032288414685324105,7.444240863073984e-05
quantile,kll-percall,k=800,pareto,1.5,,5623,16,0.00028544362528018546,5.1899772998792395e-05
quantile,kll-percall,k=800,pareto,1.5,,5623,64,0.000645903288532659,0.00011566343930089988
quantile,kll-percall,k=800,pareto,1.5,,10000,1,0.00043531353135313494,2.0261446175802374e-05
quantile,kll-percall,k=800,pareto,1.5,,10000,4,0.000427062706270627,3.003300330033043e-05
quantile,kll-percall,k=800,pareto,1.5,,10000,16,0.00046171617161716106,9.779674813176147e-05
quantile,kll-percall,k=800,pareto,1.5,,10000,64,0.0004158415841584155,6.53790298242789e-05
quantile,kll-percall,k=800,pareto,1.5,,17783,1,0.0005967374558970838,0.000175480814230939
quantile,kll-percall,k=800,pareto,1.5,,17783,4,0.00040065520357355274,5.1117240738917894e-05
quantile,kll-percall,k=800,pareto,1.5,,17783,16,0.0005226317492008984,5.6025931497841656e-05
quantile,kll-percall,k=800,pareto,1.5,,17783,64,0.0004436636094582863,4.4050055981530914e-05
quantile,kll-percall,k=800,pareto,1.5,,31623,1,0.0006624037795108585,4.811277146371682e-05
quantile,kll-percall,k=800,pareto,1.5,,31623,4,0.0006022583095042249,8.722220311146727e-05
quantile,kll-percall,k=800,pareto,1.5,,31623,16,0.0005415169161352138,4.7405055517658224e-05
quantile,kll-percall,k=800,pareto,1.5,,31623,64,0.0004626118621728439,4.166744634575104e-05
quantile,kll-percall,k=800,pareto,1.5,,56234,1,0.0007517561871064225,0.0001973409327449535
quantile,kll-percall,k=800,pareto,1.5,,56234,4,0.00028937780145692833,4.856100199686288e-05
quantile,kll-percall,k=800,pareto,1.5,,56234,16,0.0006567066352045464,4.867968715886383e-05
quantile,kll-percall,k=800,pareto,1.5,,56234,64,0.00046687750184841513,0.00014075761013906593
quantile,kll-percall,k=800,pareto,1.5,,100000,1,0.0006282838283828382,0.00014011130493733377
quantile,kll-percall,k=800,pareto,1.5,,100000,4,0.0004754455445544546,5.7450176888846805e-05
quantile,kll-percall,k=800,pareto,1.5,,100000,16,0.00030907590759075826,5.000438935520105e-05
quantile,kll-percall,k=800,pareto,1.5,,100000,64,0.00046122112211221096,6.343244626223238e-05
quantile,kll-percall,k=800,pareto,1.5,,177828,1,0.0006063024819250911,3.8824421201339824e-05
quantile,kll-percall,k=800,pareto,1.5,,177828,4,0.00044408395222409044,3.6232062469079864e-05
quantile,kll-percall,k=800,pareto,1.5,,177828,16,0.0005274841540433149,5.582185711398916e-05
quantile,kll-percall,k=800,pareto,1.5,,177828,64,0.0007398857842461508,0.0002542628945223884
quantile,kll-percall,k=800,pareto,1.5,,316228,1,0.0007579775648359307,0.00014644562823680634
quantile,kll-percall,k=800,pareto,1.5,,316228,4,0.0005443968635071363,6.539204411445391e-05
quantile,kll-percall,k=800,pareto,1.5,,316228,16,0.0006348208217231877,0.0001565456355696951
quantile,kll-percall,k=800,pareto,1.5,,316228,64,0.0006689667157894312,9.490744601657848e-05
quantile,kll-percall,k=800,pareto,1.5,,562341,1,0.0006914086394955595,0.00010191507197774403
quantile,kll-percall,k=800,pareto,1.5,,562341,4,0.00045987435492070007,6.0744614528e-05
quantile,kll-percall,k=800,pareto,1.5,,562341,16,0.0007799419450712882,0.00016777927866974972
quantile,kll-percall,k=800,pareto,1.5,,562341,64,0.0005864335173161043,0.00010747627314921458
quantile,kll-percall,k=800,pareto,1.5,,1000000,1,0.0005297557755775577,7.279011351283247e-05
quantile,kll-percall,k=800,pareto,1.5,,1000000,4,0.0005341386138613861,7.635893139177484e-05
quantile,kll-percall,k=800,pareto,1.5,,1000000,16,0.00047755445544554466,0.00012301144316217757
quantile,kll-percall,k=800,pareto,1.5,,1000000,64,0.0005737194719471947,7.623171172767831e-05
quantile,kll-percall,k=800,pareto,1.5,,1778279,1,0.0007097818722595247,6.8897668011559e-05
quantile,kll-percall,k=800,pareto,1.5,,1778279,4,0.0006330627040027025,0.00021647774302990187
quantile,kll-percall,k=800,pareto,1.5,,1778279,16,0.0007141902766422399,0.00023219719535492233
quantile,kll-percall,k=800,pareto,1.5,,1778279,64,0.0003947991492356524,6.93310306086156e-05
quantile,kll-percall,k=800,pareto,1.5,,3162278,1,0.0005148196452948896,5.339331585636581e-05
quantile,kll-percall,k=800,pareto,1.5,,3162278,4,0.0005231763023020406,0.00018278956185557006
quantile,kll-percall,k=800,pareto,1.5,,3162278,16,0.0003903568141942491,2.200696743349915e-05
quantile,kll-percall,k=800,pareto,1.5,,3162278,64,0.00045086979815321654,3.6245435280549394e-05
quantile,kll-percall,k=800,pareto,1.5,,5623413,1,0.0005899668688278771,4.409227039243573e-05
quantile,kll-percall,k=800,pareto,1.5,,5623413,4,0.00039163533386624085,3.3860703844142784e-05
quantile,kll-percall,k=800,pareto,1.5,,5623413,16,0.000402931399484085,2.3572026862172155e-05
quantile,kll-percall,k=800,pareto,1.5,,5623413,64,0.0006127126657133254,4.697827923353358e-05
quantile,kll-percall,k=800,pareto,1.5,,10000000,1,0.0006798003300330062,0.00017770552401140442
quantile,kll-percall,k=800,pareto,1.5,,10000000,4,0.0004561848184818478,6.317559897381066e-05
quantile,kll-percall,k=800,pareto,1.5,,10000000,16,0.000641176897689767,8.771293477223339e-05
quantile,kll-percall,k=800,pareto,1.5,,10000000,64,0.0005789267326732665,0.00011042056656160329
quantile,kll-percall,k=800,pareto,2.0,,1000,1,9.900990099009901e-06,5.7163392989071865e-06
quantile,kll-percall,k=800,pareto,2.0,,1000,4,0.00026072607260726094,0.000250825082508251
quantile,kll-percall,k=800,pareto,2.0,,1000,16,9.900990099009901e-06,5.7163392989071865e-06
quantile,kll-percall,k=800,pareto,2.0,,1000,64,0.00013531353135313542,0.0001254125412541255
quantile,kll-percall,k=800,pareto,2.0,,1778,1,0.000104207271120811,1.678020390663708e-05
quantile,kll-percall,k=800,pareto,2.0,,1778,4,0.0002717853337639744,2.8842346224717765e-05
quantile,kll-percall,k=800,pareto,2.0,,1778,16,0.00022886990611322168,1.3492595863420998e-05
quantile,kll-percall,k=800,pareto,2.0,,1778,64,0.0001403661176016374,5.086193014498945e-05
quantile,kll-percall,k=800,pareto,2.0,,3162,1,0.00031193441924837477,5.14346848275149e-05
quantile,kll-percall,k=800,pareto,2.0,,3162,4,0.00012376759497581717,8.444634409700657e-06
quantile,kll-percall,k=800,pareto,2.0,,3162,16,0.0001662063739580776,1.8610684798879166e-05
quantile,kll-percall,k=800,pareto,2.0,,3162,64,0.00037787839505013383,6.764230742744593e-05
quantile,kll-percall,k=800,pareto,2.0,,5623,1,0.00030831644430670974,9.866422093825925e-06
quantile,kll-percall,k=800,pareto,2.0,,5623,4,0.000240449262781515,7.175209016472685e-05
quantile,kll-percall,k=800,pareto,2.0,,5623,16,0.0003305612439244976,6.680196607812494e-05
quantile,kll-percall,k=800,pareto,2.0,,5623,64,0.0003565213359322781,2.0319712804223334e-05
quantile,kll-percall,k=800,pareto,2.0,,10000,1,0.0006521452145214516,4.623643412061552e-05
quantile,kll-percall,k=800,pareto,2.0,,10000,4,0.00040033003300330317,9.861361838965219e-05
quantile,kll-percall,k=800,pareto,2.0,,10000,16,0.0004108910891089114,4.584846230003961e-05
quantile,kll-percall,k=800,pareto,2.0,,10000,64,0.00029735973597359746,3.1772426525566494e-05
quantile,kll-percall,k=800,pareto,2.0,,17783,1,0.0006578129555631167,9.54538263734859e-05
quantile,kll-percall,k=800,pareto,2.0,,17783,4,0.0005208686532489486,0.00010802252994880461
quantile,kll-percall,k=800,pareto,2.0,,17783,16,0.0004117719875232193,2.8641349818192492e-05
quantile,kll-percall,k=800,pareto,2.0,,17783,64,0.0004947210123362905,0.00010920202074546762
quantile,kll-percall,k=800,pareto,2.0,,31623,1,0.00045504749697055074,1.8537017189340702e-05
quantile,kll-percall,k=800,pareto,2.0,,31623,4,0.000424753508459658,3.8992014170211515e-05
quantile,kll-percall,k=800,pareto,2.0,,31623,16,0.0005703550148203363,1.758134329027423e-05
quantile,kll-percall,k=800,pareto,2.0,,31623,64,0.0003610116253063499,3.4288231908859616e-05
quantile,kll-percall,k=800,pareto,2.0,,56234,1,0.0006302812235201525,8.496062047976402e-05
quantile,kll-percall,k=800,pareto,2.0,,56234,4,0.00036603180181446075,0.00010069188243279898
quantile,kll-percall,k=800,pareto,2.0,,56234,16,0.0005427403714159506,4.732459550776345e-05
quantile,kll-percall,k=800,pareto,2.0,,56234,64,0.00042115624586607967,0.00014248966946421105
quantile,kll-percall,k=800,pareto,2.0,,100000,1,0.00039798679867986743,1.9088151425986748e-05
quantile,kll-percall,k=800,pareto,2.0,,100000,4,0.0002990759075907587,4.3766868537752163e-05
quantile,kll-percall,k=800,pareto,2.0,,100000,16,0.000421188118811881,6.446806769082703e-05
quantile,kll-percall,k=800,pareto,2.0,,100000,64,0.00039528052805280523,8.691154553805104e-06
quantile,kll-percall,k=800,pareto,2.0,,177828,1,0.0005735122402178845,9.322168739842684e-05
quantile,kll-percall,k=800,pareto,2.0,,177828,4,0.00040990548882811954,6.725619531492772e-05
quantile,kll-percall,k=800,pareto,2.0,,177828,16,0.00035871203018810475,4.7175908267890655e-05
quantile,kll-percall,k=800,pareto,2.0,,177828,64,0.0006965190749454852,0.00014163407510752712
quantile,kll-percall,k=800,pareto,2.0,,316228,1,0.0004866443232607634,7.426440743315176e-05
quantile,kll-percall,k=800,pareto,2.0,,316228,4,0.0003757751592607451,2.2242297538263963e-05
quantile,kll-percall,k=800,pareto,2.0,,316228,16,0.00031866676301691766,6.548604008722543e-06
quantile,kll-percall,k=800,pareto,2.0,,316228,64,0.0004442886197622107,2.310572978991465e-05
quantile,kll-percall,k=800,pareto,2.0,,562341,1,0.0005193377639043722,5.003215183288941e-05
quantile,kll-percall,k=800,pareto,2.0,,562341,4,0.00041708059371771807,4.20117210600863e-05
quantile,kll-percall,k=800,pareto,2.0,,562341,16,0.0006111326588227588,6.404065060161993e-05
quantile,kll-percall,k=800,pareto,2.0,,562341,64,0.0005252033896513536,1.2501283081314784e-05
quantile,kll-percall,k=800,pareto,2.0,,1000000,1,0.0005505247524752476,7.086924295097846e-05
quantile,kll-percall,k=800,pareto,2.0,,1000000,4,0.0005151221122112211,6.0338664879232675e-05
quantile,kll-percall,k=800,pareto,2.0,,1000000,16,0.0006075148514851486,5.136142120957885e-05
quantile,kll-percall,k=800,pareto,2.0,,1000000,64,0.0004233399339933994,5.921762156954301e-05
quantile,kll-percall,k=800,pareto,2.0,,1778279,1,0.0006208023054707915,5.782382137849347e-05
quantile,kll-percall,k=800,pareto,2.0,,1778279,4,0.0004540717944898799,0.00011557594749765328
quantile,kll-percall,k=800,pareto,2.0,,1778279,16,0.0004538175716103868,7.96613144674299e-05
quantile,kll-percall,k=800,pareto,2.0,,1778279,64,0.000493171247373029,0.0001328967005726786
quantile,kll-percall,k=800,pareto,2.0,,3162278,1,0.000623871916271611,0.00023541765933369688
quantile,kll-percall,k=800,pareto,2.0,,3162278,4,0.0002842045706880107,2.2311500059383198e-05
quantile,kll-percall,k=800,pareto,2.0,,3162278,16,0.00030050213394543565,3.0806964890717065e-05
quantile,kll-percall,k=800,pareto,2.0,,3162278,64,0.0003297828598587016,1.2936904236308314e-05
quantile,kll-percall,k=800,pareto,2.0,,5623413,1,0.0005434753596508499,4.5143369164642646e-05
quantile,kll-percall,k=800,pareto,2.0,,5623413,4,0.0003752116961768602,5.329748731946302e-05
quantile,kll-percall,k=800,pareto,2.0,,5623413,16,0.0005621606930123967,0.0001724630370359262
quantile,kll-percall,k=800,pareto,2.0,,5623413,64,0.0004190044402752659,0.00012909472649804782
quantile,kll-percall,k=800,pareto,2.0,,10000000,1,0.00045547095709570854,6.371407365328702e-05
quantile,kll-percall,k=800,pareto,2.0,,10000000,4,0.00045896468646864865,3.961456924877585e-05
quantile,kll-percall,k=800,pareto,2.0,,10000000,16,0.0004189118811881184,4.311050305110954e-05
quantile,kll-percall,k=800,pareto,2.0,,10000000,64,0.000541276237623763,7.229516527946652e-05
quantile,kll-percall,k=800,pareto,3.0,,1000,1,3.3003300330033004e-06,3.3003300330033004e-06
quantile,kll-percall,k=800,pareto,3.0,,1000,4,0.00044884488448844917,0.00021949055728934415
quantile,kll-percall,k=800,pareto,3.0,,1000,16,1.3201320132013202e-05,6.600660066006601e-06
quantile,kll-percall,k=800,pareto,3.0,,1000,64,0.0002376237623762378,0.00011936066877904382
quantile,kll-percall,k=800,pareto,3.0,,1778,1,7.016449676463565e-05,8.634280324989073e-06
quantile,kll-percall,k=800,pareto,3.0,,1778,4,0.0002241180248508546,3.44883231664612e-05
quantile,kll-percall,k=800,pareto,3.0,,1778,16,0.00010194270270671626,3.4577879950086766e-05
quantile,kll-percall,k=800,pareto,3.0,,1778,64,0.00010933039310680245,4.231564553025131e-05
quantile,kll-percall,k=800,pareto,3.0,,3162,1,0.00022173374832739593,6.112084932523128e-06
quantile,kll-percall,k=800,pareto,3.0,,3162,4,0.00015086328367182103,2.81465821562186e-05
quantile,kll-percall,k=800,pareto,3.0,,3162,16,0.0001825932118828602,4.1897689148470815e-05
quantile,kll-percall,k=800,pareto,3.0,,3162,64,0.00035579269501902796,0.0001320618857121492
quantile,kll-percall,k=800,pareto,3.0,,5623,1,0.0002774319758136221,5.335227689055082e-05
quantile,kll-percall,k=800,pareto,3.0,,5623,4,0.00021037476324548728,3.403196089152807e-05
quantile,kll-percall,k=800,pareto,3.0,,5623,16,0.0003580062790202194,0.00018436019087444817
quantile,kll-percall,k=800,pareto,3.0,,5623,64,0.00040183851214571875,0.0001386774266635743
quantile,kll-percall,k=800,pareto,3.0,,10000,1,0.00042376237623762276,7.200772577066311e-05
quantile,kll-percall,k=800,pareto,3.0,,10000,4,0.00024884488448844957,4.245640812990147e-05
quantile,kll-percall,k=800,pareto,3.0,,10000,16,0.00032178217821782256,4.9646661857155425e-05
quantile,kll-percall,k=800,pareto,3.0,,10000,64,0.00027161716171617115,7.509610728041409e-05
quantile,kll-percall,k=800,pareto,3.0,,17783,1,0.000465203074319693,6.839055600599096e-05
quantile,kll-percall,k=800,pareto,3.0,,17783,4,0.0003229156633258776,4.8224037083909346e-05
quantile,kll-percall,k=800,pareto,3.0,,17783,16,0.00034650774305344686,2.025709963270145e-05
quantile,kll-percall,k=800,pareto,3.0,,17783,64,0.0007134098665447708,0.000172138921457056
quantile,kll-percall,k=800,pareto,3.0,,31623,1,0.0005028038142017412,8.418972566360084e-05
quantile,kll-percall,k=800,pareto,3.0,,31623,4,0.0003829553812036162,8.76023259692467e-05
quantile,kll-percall,k=800,pareto,3.0,,31623,16,0.00037342791294592775,4.712520158294595e-05
quantile,kll-percall,k=800,pareto,3.0,,31623,64,0.00024512175152625605,2.4307529127563206e-05
quantile,kll-percall,k=800,pareto,3.0,,56234,1,0.00038797687785280835,3.955867999672233e-05
quantile,kll-percall,k=800,pareto,3.0,,56234,4,0.00034751417667640955,6.578299565270025e-05
quantile,kll-percall,k=800,pareto,3.0,,56234,16,0.0005998813773328825,0.0001351556155758668
quantile,kll-percall,k=800,pareto,3.0,,56234,64,0.0004282869870370763,0.00010381284810849369
quantile,kll-percall,k=800,pareto,3.0,,100000,1,0.0007019801980198008,0.00025345162272046083
quantile,kll-percall,k=800,pareto,3.0,,100000,4,0.000222244224422442,3.745019602634061e-05
quantile,kll-percall,k=800,pareto,3.0,,100000,16,0.00028481848184818364,1.868826269988899e-05
quantile,kll-percall,k=800,pareto,3.0,,100000,64,0.00029320132013201344,2.2720009850515365e-05
quantile,kll-percall,k=800,pareto,3.0,,177828,1,0.0005424762059173739,0.0001471720547018482
quantile,kll-percall,k=800,pareto,3.0,,177828,4,0.00024920880643296983,1.131462416387859e-05
quantile,kll-percall,k=800,pareto,3.0,,177828,16,0.0002894976723531067,6.163008573715585e-05
quantile,kll-percall,k=800,pareto,3.0,,177828,64,0.0004047393739981333,5.2349275459904035e-05
quantile,kll-percall,k=800,pareto,3.0,,316228,1,0.0006746375207995281,8.859468062092515e-05
quantile,kll-percall,k=800,pareto,3.0,,316228,4,0.00032675801321609696,3.912291324723412e-05
quantile,kll-percall,k=800,pareto,3.0,,316228,16,0.00035214597012783104,5.138601447082064e-05
quantile,kll-percall,k=800,pareto,3.0,,316228,64,0.0002860362563319112,3.4704660901967144e-05
quantile,kll-percall,k=800,pareto,3.0,,562341,1,0.0005502679296401691,0.00014290082213124126
quantile,kll-percall,k=800,pareto,3.0,,562341,4,0.00035540401789142806,2.3522158690302096e-05
quantile,kll-percall,k=800,pareto,3.0,,562341,16,0.0003709490646899287,6.193141027722424e-05
quantile,kll-percall,k=800,pareto,3.0,,562341,64,0.0005692099615889685,1.8571523807450647e-05
quantile,kll-percall,k=800,pareto,3.0,,1000000,1,0.00041852145214521454,8.780609478348939e-05
quantile,kll-percall,k=800,pareto,3.0,,1000000,4,0.00047037623762376246,6.324550851214215e-05
quantile,kll-percall,k=800,pareto,3.0,,1000000,16,0.0002381452145214522,1.5001688555672554e-05
quantile,kll-percall,k=800,pareto,3.0,,1000000,64,0.0004740957095709572,9.190949623905155e-05
quantile,kll-percall,k=800,pareto,3.0,,1778279,1,0.0005937065413174498,6.206648112203534e-05
quantile,kll-percall,k=800,pareto,3.0,,1778279,4,0.00042198947212537997,7.778426605956652e-05
quantile,kll-percall,k=800,pareto,3.0,,1778279,16,0.0003761040054937829,6.889153808266792e-05
quantile,kll-percall,k=800,pareto,3.0,,1778279,64,0.00032878885530992504,1.1045757618322465e-05
quantile,kll-percall,k=800,pareto,3.0,,3162278,1,0.0002922286980582588,3.873910661233341e-05
quantile,kll-percall,k=800,pareto,3.0,,3162278,4,0.00024019086779521266,3.624451716949009e-05
quantile,kll-percall,k=800,pareto,3.0,,3162278,16,0.00036060379224846424,6.451232166797488e-05
quantile,kll-percall,k=800,pareto,3.0,,3162278,64,0.0002910923029153499,2.3344224807687303e-05
quantile,kll-percall,k=800,pareto,3.0,,5623413,1,0.000457637961274776,0.0001920122807015158
quantile,kll-percall,k=800,pareto,3.0,,5623413,4,0.00026797462914449267,2.428750110234553e-05
quantile,kll-percall,k=800,pareto,3.0,,5623413,16,0.0003539400049547326,6.678042781236894e-05
quantile,kll-percall,k=800,pareto,3.0,,5623413,64,0.0002964503653357533,3.945931814548203e-05
quantile,kll-percall,k=800,pareto,3.0,,10000000,1,0.0003753323432343228,4.499325265136616e-05
quantile,kll-percall,k=800,pareto,3.0,,10000000,4,0.00033166138613861373,5.9813733365187064e-05
quantile,kll-percall,k=800,pareto,3.0,,10000000,16,0.00035344917491749085,5.532456496521614e-05
quantile,kll-percall,k=800,pareto,3.0,,10000000,64,0.0003343343234323424,2.674845062063598e-05
quantile,dd,alpha=0.005,pareto,1.1,,1000,1,0.002542510286350568,5.9185093186601166e-05
quantile,dd,alpha=0.005,pareto,1.1,,1000,4,0.002542510286350568,5.9185093186601166e-05
quantile,dd,alpha=0.005,pareto,1.1,,1000,16,0.002542510286350568,5.9185093186601166e-05
quantile,dd,alpha=0.005,pareto,1.1,,1000,64,0.002542510286350568,5.9185093186601166e-05
quantile,dd,alpha=0.005,pareto,1.1,,1778,1,0.0025734699450766685,8.050174636343481e-05
quantile,dd,alpha=0.005,pareto,1.1,,1778,4,0.0025734699450766685,8.050174636343481e-05
quantile,dd,alpha=0.005,pareto,1.1,,1778,16,0.0025734699450766685,8.050174636343481e-05
quantile,dd,alpha=0.005,pareto,1.1,,1778,64,0.0025734699450766685,8.050174636343481e-05
quantile,dd,alpha=0.005,pareto,1.1,,3162,1,0.0025694856337921,3.9867170919600226e-05
quantile,dd,alpha=0.005,pareto,1.1,,3162,4,0.0025694856337921,3.9867170919600226e-05
quantile,dd,alpha=0.005,pareto,1.1,,3162,16,0.0025694856337921,3.9867170919600226e-05
quantile,dd,alpha=0.005,pareto,1.1,,3162,64,0.0025694856337921,3.9867170919600226e-05
quantile,dd,alpha=0.005,pareto,1.1,,5623,1,0.0022869737394645598,1.2933479605696272e-05
quantile,dd,alpha=0.005,pareto,1.1,,5623,4,0.0022869737394645598,1.2933479605696272e-05
quantile,dd,alpha=0.005,pareto,1.1,,5623,16,0.0022869737394645598,1.2933479605696272e-05
quantile,dd,alpha=0.005,pareto,1.1,,5623,64,0.0022869737394645598,1.2933479605696272e-05
quantile,dd,alpha=0.005,pareto,1.1,,10000,1,0.0023822184854590408,5.0566585852171866e-05
quantile,dd,alpha=0.005,pareto,1.1,,10000,4,0.0023822184854590408,5.0566585852171866e-05
quantile,dd,alpha=0.005,pareto,1.1,,10000,16,0.0023822184854590408,5.0566585852171866e-05
quantile,dd,alpha=0.005,pareto,1.1,,10000,64,0.0023822184854590408,5.0566585852171866e-05
quantile,dd,alpha=0.005,pareto,1.1,,17783,1,0.0023102914588626206,7.65811149024148e-05
quantile,dd,alpha=0.005,pareto,1.1,,17783,4,0.0023102914588626206,7.65811149024148e-05
quantile,dd,alpha=0.005,pareto,1.1,,17783,16,0.0023102914588626206,7.65811149024148e-05
quantile,dd,alpha=0.005,pareto,1.1,,17783,64,0.0023102914588626206,7.65811149024148e-05
quantile,dd,alpha=0.005,pareto,1.1,,31623,1,0.0023327928937965287,7.453830368298263e-05
quantile,dd,alpha=0.005,pareto,1.1,,31623,4,0.0023327928937965287,7.453830368298263e-05
quantile,dd,alpha=0.005,pareto,1.1,,31623,16,0.0023327928937965287,7.453830368298263e-05
quantile,dd,alpha=0.005,pareto,1.1,,31623,64,0.0023327928937965287,7.453830368298263e-05
quantile,dd,alpha=0.005,pareto,1.1,,56234,1,0.0024064696232819036,1.4821324983193765e-05
quantile,dd,alpha=0.005,pareto,1.1,,56234,4,0.0024064696232819036,1.4821324983193765e-05
quantile,dd,alpha=0.005,pareto,1.1,,56234,16,0.0024064696232819036,1.4821324983193765e-05
quantile,dd,alpha=0.005,pareto,1.1,,56234,64,0.0024064696232819036,1.4821324983193765e-05
quantile,dd,alpha=0.005,pareto,1.1,,100000,1,0.0023014544073949096,7.326228860713695e-05
quantile,dd,alpha=0.005,pareto,1.1,,100000,4,0.0023014544073949096,7.326228860713695e-05
quantile,dd,alpha=0.005,pareto,1.1,,100000,16,0.0023014544073949096,7.326228860713695e-05
quantile,dd,alpha=0.005,pareto,1.1,,100000,64,0.0023014544073949096,7.326228860713695e-05
quantile,dd,alpha=0.005,pareto,1.1,,177828,1,0.0022771697688427624,5.3398921400279614e-05
quantile,dd,alpha=0.005,pareto,1.1,,177828,4,0.0022771697688427624,5.3398921400279614e-05
quantile,dd,alpha=0.005,pareto,1.1,,177828,16,0.0022771697688427624,5.3398921400279614e-05
quantile,dd,alpha=0.005,pareto,1.1,,177828,64,0.0022771697688427624,5.3398921400279614e-05
quantile,dd,alpha=0.005,pareto,1.1,,316228,1,0.0021826474828859693,2.615499052673453e-05
quantile,dd,alpha=0.005,pareto,1.1,,316228,4,0.0021826474828859693,2.615499052673453e-05
quantile,dd,alpha=0.005,pareto,1.1,,316228,16,0.0021826474828859693,2.615499052673453e-05
quantile,dd,alpha=0.005,pareto,1.1,,316228,64,0.0021826474828859693,2.615499052673453e-05
quantile,dd,alpha=0.005,pareto,1.1,,562341,1,0.0021691238214768638,6.181331782627149e-05
quantile,dd,alpha=0.005,pareto,1.1,,562341,4,0.0021691238214768638,6.181331782627149e-05
quantile,dd,alpha=0.005,pareto,1.1,,562341,16,0.0021691238214768638,6.181331782627149e-05
quantile,dd,alpha=0.005,pareto,1.1,,562341,64,0.0021691238214768638,6.181331782627149e-05
quantile,dd,alpha=0.005,pareto,1.1,,1000000,1,0.002063151452289464,7.521328901105996e-05
quantile,dd,alpha=0.005,pareto,1.1,,1000000,4,0.002063151452289464,7.521328901105996e-05
quantile,dd,alpha=0.005,pareto,1.1,,1000000,16,0.002063151452289464,7.521328901105996e-05
quantile,dd,alpha=0.005,pareto,1.1,,1000000,64,0.002063151452289464,7.521328901105996e-05
quantile,dd,alpha=0.005,pareto,1.1,,1778279,1,0.0020716417192062297,4.581923798413083e-05
quantile,dd,alpha=0.005,pareto,1.1,,1778279,4,0.0020716417192062297,4.581923798413083e-05
quantile,dd,alpha=0.005,pareto,1.1,,1778279,16,0.0020716417192062297,4.581923798413083e-05
quantile,dd,alpha=0.005,pareto,1.1,,1778279,64,0.0020716417192062297,4.581923798413083e-05
quantile,dd,alpha=0.005,pareto,1.1,,3162278,1,0.0020507102980685584,3.202660827649341e-05
quantile,dd,alpha=0.005,pareto,1.1,,3162278,4,0.0020507102980685584,3.202660827649341e-05
quantile,dd,alpha=0.005,pareto,1.1,,3162278,16,0.0020507102980685584,3.202660827649341e-05
quantile,dd,alpha=0.005,pareto,1.1,,3162278,64,0.0020507102980685584,3.202660827649341e-05
quantile,dd,alpha=0.005,pareto,1.1,,5623413,1,0.0020006331986075067,1.852166058268768e-05
quantile,dd,alpha=0.005,pareto,1.1,,5623413,4,0.0020006331986075067,1.852166058268768e-05
quantile,dd,alpha=0.005,pareto,1.1,,5623413,16,0.0020006331986075067,1.852166058268768e-05
quantile,dd,alpha=0.005,pareto,1.1,,5623413,64,0.0020006331986075067,1.852166058268768e-05
quantile,dd,alpha=0.005,pareto,1.1,,10000000,1,0.0019489875139417389,6.928372335061871e-06
quantile,dd,alpha=0.005,pareto,1.1,,10000000,4,0.0019489875139417389,6.928372335061871e-06
quantile,dd,alpha=0.005,pareto,1.1,,10000000,16,0.0019489875139417389,6.928372335061871e-06
quantile,dd,alpha=0.005,pareto,1.1,,10000000,64,0.0019489875139417389,6.928372335061871e-06
quantile,dd,alpha=0.005,pareto,1.5,,1000,1,0.00234034504406273,3.776517362955282e-05
quantile,dd,alpha=0.005,pareto,1.5,,1000,4,0.00234034504406273,3.776517362955282e-05
quantile,dd,alpha=0.005,pareto,1.5,,1000,16,0.00234034504406273,3.776517362955282e-05
quantile,dd,alpha=0.005,pareto,1.5,,1000,64,0.00234034504406273,3.776517362955282e-05
quantile,dd,alpha=0.005,pareto,1.5,,1778,1,0.0023126364395293776,2.0540776193039015e-05
quantile,dd,alpha=0.005,pareto,1.5,,1778,4,0.0023126364395293776,2.0540776193039015e-05
quantile,dd,alpha=0.005,pareto,1.5,,1778,16,0.0023126364395293776,2.0540776193039015e-05
quantile,dd,alpha=0.005,pareto,1.5,,1778,64,0.0023126364395293776,2.0540776193039015e-05
quantile,dd,alpha=0.005,pareto,1.5,,3162,1,0.002430526393792392,4.182535301404927e-05
quantile,dd,alpha=0.005,pareto,1.5,,3162,4,0.002430526393792392,4.182535301404927e-05
quantile,dd,alpha=0.005,pareto,1.5,,3162,16,0.002430526393792392,4.182535301404927e-05
quantile,dd,alpha=0.005,pareto,1.5,,3162,64,0.002430526393792392,4.182535301404927e-05
quantile,dd,alpha=0.005,pareto,1.5,,5623,1,0.00252087244898177,5.706381311917771e-05
quantile,dd,alpha=0.005,pareto,1.5,,5623,4,0.00252087244898177,5.706381311917771e-05
quantile,dd,alpha=0.005,pareto,1.5,,5623,16,0.00252087244898177,5.706381311917771e-05
quantile,dd,alpha=0.005,pareto,1.5,,5623,64,0.00252087244898177,5.706381311917771e-05
quantile,dd,alpha=0.005,pareto,1.5,,10000,1,0.002484913866083584,5.583917873800186e-05
quantile,dd,alpha=0.005,pareto,1.5,,10000,4,0.002484913866083584,5.583917873800186e-05
quantile,dd,alpha=0.005,pareto,1.5,,10000,16,0.002484913866083584,5.583917873800186e-05
quantile,dd,alpha=0.005,pareto,1.5,,10000,64,0.002484913866083584,5.583917873800186e-05
quantile,dd,alpha=0.005,pareto,1.5,,17783,1,0.002410459811792064,6.871022977452118e-05
quantile,dd,alpha=0.005,pareto,1.5,,17783,4,0.002410459811792064,6.871022977452118e-05
quantile,dd,alpha=0.005,pareto,1.5,,17783,16,0.002410459811792064,6.871022977452118e-05
quantile,dd,alpha=0.005,pareto,1.5,,17783,64,0.002410459811792064,6.871022977452118e-05
quantile,dd,alpha=0.005,pareto,1.5,,31623,1,0.002401892519813319,3.314001659184539e-05
quantile,dd,alpha=0.005,pareto,1.5,,31623,4,0.002401892519813319,3.314001659184539e-05
quantile,dd,alpha=0.005,pareto,1.5,,31623,16,0.002401892519813319,3.314001659184539e-05
quantile,dd,alpha=0.005,pareto,1.5,,31623,64,0.002401892519813319,3.314001659184539e-05
quantile,dd,alpha=0.005,pareto,1.5,,56234,1,0.0024413223093503137,8.143347587620231e-05
quantile,dd,alpha=0.005,pareto,1.5,,56234,4,0.0024413223093503137,8.143347587620231e-05
quantile,dd,alpha=0.005,pareto,1.5,,56234,16,0.0024413223093503137,8.143347587620231e-05
quantile,dd,alpha=0.005,pareto,1.5,,56234,64,0.0024413223093503137,8.143347587620231e-05
quantile,dd,alpha=0.005,pareto,1.5,,100000,1,0.0024159295543032364,1.1432030643566364e-05
quantile,dd,alpha=0.005,pareto,1.5,,100000,4,0.0024159295543032364,1.1432030643566364e-05
quantile,dd,alpha=0.005,pareto,1.5,,100000,16,0.0024159295543032364,1.1432030643566364e-05
quantile,dd,alpha=0.005,pareto,1.5,,100000,64,0.0024159295543032364,1.1432030643566364e-05
quantile,dd,alpha=0.005,pareto,1.5,,177828,1,0.0022826781184971372,0.00010111843059923517
quantile,dd,alpha=0.005,pareto,1.5,,177828,4,0.0022826781184971372,0.00010111843059923517
quantile,dd,alpha=0.005,pareto,1.5,,177828,16,0.0022826781184971372,0.00010111843059923517
quantile,dd,alpha=0.005,pareto,1.5,,177828,64,0.0022826781184971372,0.00010111843059923517
quantile,dd,alpha=0.005,pareto,1.5,,316228,1,0.002287480379355023,1.945849234810432e-06
quantile,dd,alpha=0.005,pareto,1.5,,316228,4,0.002287480379355023,1.945849234810432e-06
quantile,dd,alpha=0.005,pareto,1.5,,316228,16,0.002287480379355023,1.945849234810432e-06
quantile,dd,alpha=0.005,pareto,1.5,,316228,64,0.002287480379355023,1.945849234810432e-06
quantile,dd,alpha=0.005,pareto,1.5,,562341,1,0.002344439067655524,4.618323017171533e-05
quantile,dd,alpha=0.005,pareto,1.5,,562341,4,0.002344439067655524,4.618323017171533e-05
quantile,dd,alpha=0.005,pareto,1.5,,562341,16,0.002344439067655524,4.618323017171533e-05
quantile,dd,alpha=0.005,pareto,1.5,,562341,64,0.002344439067655524,4.618323017171533e-05
quantile,dd,alpha=0.005,pareto,1.5,,1000000,1,0.002403390989983741,7.112395324922183e-05
quantile,dd,alpha=0.005,pareto,1.5,,1000000,4,0.002403390989983741,7.112395324922183e-05
quantile,dd,alpha=0.005,pareto,1.5,,1000000,16,0.002403390989983741,7.112395324922183e-05
quantile,dd,alpha=0.005,pareto,1.5,,1000000,64,0.002403390989983741,7.112395324922183e-05
quantile,dd,alpha=0.005,pareto,1.5,,1778279,1,0.0024030363899615955,2.3509365445871347e-05
quantile,dd,alpha=0.005,pareto,1.5,,1778279,4,0.0024030363899615955,2.3509365445871347e-05
quantile,dd,alpha=0.005,pareto,1.5,,1778279,16,0.0024030363899615955,2.3509365445871347e-05
quantile,dd,alpha=0.005,pareto,1.5,,1778279,64,0.0024030363899615955,2.3509365445871347e-05
quantile,dd,alpha=0.005,pareto,1.5,,3162278,1,0.002442928236927109,3.091945334004877e-05
quantile,dd,alpha=0.005,pareto,1.5,,3162278,4,0.002442928236927109,3.091945334004877e-05
quantile,dd,alpha=0.005,pareto,1.5,,3162278,16,0.002442928236927109,3.091945334004877e-05
quantile,dd,alpha=0.005,pareto,1.5,,3162278,64,0.002442928236927109,3.091945334004877e-05
quantile,dd,alpha=0.005,pareto,1.5,,5623413,1,0.0023891548960556963,3.4674779145043934e-05
quantile,dd,alpha=0.005,pareto,1.5,,5623413,4,0.0023891548960556963,3.4674779145043934e-05
quantile,dd,alpha=0.005,pareto,1.5,,5623413,16,0.0023891548960556963,3.4674779145043934e-05
quantile,dd,alpha=0.005,pareto,1.5,,5623413,64,0.0023891548960556963,3.4674779145043934e-05
quantile,dd,alpha=0.005,pareto,1.5,,10000000,1,0.0023874866727583268,2.6216949618159316e-05
quantile,dd,alpha=0.005,pareto,1.5,,10000000,4,0.0023874866727583268,2.6216949618159316e-05
quantile,dd,alpha=0.005,pareto,1.5,,10000000,16,0.0023874866727583268,2.6216949618159316e-05
quantile,dd,alpha=0.005,pareto,1.5,,10000000,64,0.0023874866727583268,2.6216949618159316e-05
quantile,dd,alpha=0.005,pareto,2.0,,1000,1,0.0023412451704244905,0.00015421692380124016
quantile,dd,alpha=0.005,pareto,2.0,,1000,4,0.0023412451704244905,0.00015421692380124016
quantile,dd,alpha=0.005,pareto,2.0,,1000,16,0.0023412451704244905,0.00015421692380124016
quantile,dd,alpha=0.005,pareto,2.0,,1000,64,0.0023412451704244905,0.00015421692380124016
quantile,dd,alpha=0.005,pareto,2.0,,1778,1,0.0023465435534479654,2.6942908352746086e-05
quantile,dd,alpha=0.005,pareto,2.0,,1778,4,0.0023465435534479654,2.6942908352746086e-05
quantile,dd,alpha=0.005,pareto,2.0,,1778,16,0.0023465435534479654,2.6942908352746086e-05
quantile,dd,alpha=0.005,pareto,2.0,,1778,64,0.0023465435534479654,2.6942908352746086e-05
quantile,dd,alpha=0.005,pareto,2.0,,3162,1,0.002467262949886756,0.00012681926063537084
quantile,dd,alpha=0.005,pareto,2.0,,3162,4,0.002467262949886756,0.00012681926063537084
quantile,dd,alpha=0.005,pareto,2.0,,3162,16,0.002467262949886756,0.00012681926063537084
quantile,dd,alpha=0.005,pareto,2.0,,3162,64,0.002467262949886756,0.00012681926063537084
quantile,dd,alpha=0.005,pareto,2.0,,5623,1,0.002327584429689331,0.00013436906380818512
quantile,dd,alpha=0.005,pareto,2.0,,5623,4,0.002327584429689331,0.00013436906380818512
quantile,dd,alpha=0.005,pareto,2.0,,5623,16,0.002327584429689331,0.00013436906380818512
quantile,dd,alpha=0.005,pareto,2.0,,5623,64,0.002327584429689331,0.00013436906380818512
quantile,dd,alpha=0.005,pareto,2.0,,10000,1,0.0025461251022005295,3.99801007794583e-05
quantile,dd,alpha=0.005,pareto,2.0,,10000,4,0.0025461251022005295,3.99801007794583e-05
quantile,dd,alpha=0.005,pareto,2.0,,10000,16,0.0025461251022005295,3.99801007794583e-05
quantile,dd,alpha=0.005,pareto,2.0,,10000,64,0.0025461251022005295,3.99801007794583e-05
quantile,dd,alpha=0.005,pareto,2.0,,17783,1,0.0023828266439424903,6.692377497531822e-05
quantile,dd,alpha=0.005,pareto,2.0,,17783,4,0.0023828266439424903,6.692377497531822e-05
quantile,dd,alpha=0.005,pareto,2.0,,17783,16,0.0023828266439424903,6.692377497531822e-05
quantile,dd,alpha=0.005,pareto,2.0,,17783,64,0.0023828266439424903,6.692377497531822e-05
quantile,dd,alpha=0.005,pareto,2.0,,31623,1,0.0023955365381806023,6.24317356373201e-05
quantile,dd,alpha=0.005,pareto,2.0,,31623,4,0.0023955365381806023,6.24317356373201e-05
quantile,dd,alpha=0.005,pareto,2.0,,31623,16,0.0023955365381806023,6.24317356373201e-05
quantile,dd,alpha=0.005,pareto,2.0,,31623,64,0.0023955365381806023,6.24317356373201e-05
quantile,dd,alpha=0.005,pareto,2.0,,56234,1,0.002405581518796643,1.023757649439644e-05
quantile,dd,alpha=0.005,pareto,2.0,,56234,4,0.002405581518796643,1.023757649439644e-05
quantile,dd,alpha=0.005,pareto,2.0,,56234,16,0.002405581518796643,1.023757649439644e-05
quantile,dd,alpha=0.005,pareto,2.0,,56234,64,0.002405581518796643,1.023757649439644e-05
quantile,dd,alpha=0.005,pareto,2.0,,100000,1,0.0023471881897485984,3.267254917033096e-05
quantile,dd,alpha=0.005,pareto,2.0,,100000,4,0.0023471881897485984,3.267254917033096e-05
quantile,dd,alpha=0.005,pareto,2.0,,100000,16,0.0023471881897485984,3.267254917033096e-05
quantile,dd,alpha=0.005,pareto,2.0,,100000,64,0.0023471881897485984,3.267254917033096e-05
quantile,dd,alpha=0.005,pareto,2.0,,177828,1,0.002256360567383326,5.732951140528264e-05
quantile,dd,alpha=0.005,pareto,2.0,,177828,4,0.002256360567383326,5.732951140528264e-05
quantile,dd,alpha=0.005,pareto,2.0,,177828,16,0.002256360567383326,5.732951140528264e-05
quantile,dd,alpha=0.005,pareto,2.0,,177828,64,0.002256360567383326,5.732951140528264e-05
quantile,dd,alpha=0.005,pareto,2.0,,316228,1,0.0023010665661569517,2.4405461129249007e-05
quantile,dd,alpha=0.005,pareto,2.0,,316228,4,0.0023010665661569517,2.4405461129249007e-05
quantile,dd,alpha=0.005,pareto,2.0,,316228,16,0.0023010665661569517,2.4405461129249007e-05
quantile,dd,alpha=0.005,pareto,2.0,,316228,64,0.0023010665661569517,2.4405461129249007e-05
quantile,dd,alpha=0.005,pareto,2.0,,562341,1,0.0022914660415391725,1.628050217863349e-05
quantile,dd,alpha=0.005,pareto,2.0,,562341,4,0.0022914660415391725,1.628050217863349e-05
quantile,dd,alpha=0.005,pareto,2.0,,562341,16,0.0022914660415391725,1.628050217863349e-05
quantile,dd,alpha=0.005,pareto,2.0,,562341,64,0.0022914660415391725,1.628050217863349e-05
quantile,dd,alpha=0.005,pareto,2.0,,1000000,1,0.0022870611112797393,2.6641671654765315e-05
quantile,dd,alpha=0.005,pareto,2.0,,1000000,4,0.0022870611112797393,2.6641671654765315e-05
quantile,dd,alpha=0.005,pareto,2.0,,1000000,16,0.0022870611112797393,2.6641671654765315e-05
quantile,dd,alpha=0.005,pareto,2.0,,1000000,64,0.0022870611112797393,2.6641671654765315e-05
quantile,dd,alpha=0.005,pareto,2.0,,1778279,1,0.0023265202280141678,9.604952662406315e-06
quantile,dd,alpha=0.005,pareto,2.0,,1778279,4,0.0023265202280141678,9.604952662406315e-06
quantile,dd,alpha=0.005,pareto,2.0,,1778279,16,0.0023265202280141678,9.604952662406315e-06
quantile,dd,alpha=0.005,pareto,2.0,,1778279,64,0.0023265202280141678,9.604952662406315e-06
quantile,dd,alpha=0.005,pareto,2.0,,3162278,1,0.002326377582588165,2.2594919929096574e-05
quantile,dd,alpha=0.005,pareto,2.0,,3162278,4,0.002326377582588165,2.2594919929096574e-05
quantile,dd,alpha=0.005,pareto,2.0,,3162278,16,0.002326377582588165,2.2594919929096574e-05
quantile,dd,alpha=0.005,pareto,2.0,,3162278,64,0.002326377582588165,2.2594919929096574e-05
quantile,dd,alpha=0.005,pareto,2.0,,5623413,1,0.002354243722302206,1.0554072868639202e-05
quantile,dd,alpha=0.005,pareto,2.0,,5623413,4,0.002354243722302206,1.0554072868639202e-05
quantile,dd,alpha=0.005,pareto,2.0,,5623413,16,0.002354243722302206,1.0554072868639202e-05
quantile,dd,alpha=0.005,pareto,2.0,,5623413,64,0.002354243722302206,1.0554072868639202e-05
quantile,dd,alpha=0.005,pareto,2.0,,10000000,1,0.002315245161874252,1.62729668363203e-05
quantile,dd,alpha=0.005,pareto,2.0,,10000000,4,0.002315245161874252,1.62729668363203e-05
quantile,dd,alpha=0.005,pareto,2.0,,10000000,16,0.002315245161874252,1.62729668363203e-05
quantile,dd,alpha=0.005,pareto,2.0,,10000000,64,0.002315245161874252,1.62729668363203e-05
quantile,dd,alpha=0.005,pareto,3.0,,1000,1,0.002497897083690923,7.088034641821136e-05
quantile,dd,alpha=0.005,pareto,3.0,,1000,4,0.002497897083690923,7.088034641821136e-05
quantile,dd,alpha=0.005,pareto,3.0,,1000,16,0.002497897083690923,7.088034641821136e-05
quantile,dd,alpha=0.005,pareto,3.0,,1000,64,0.002497897083690923,7.088034641821136e-05
quantile,dd,alpha=0.005,pareto,3.0,,1778,1,0.0023921349803561506,1.5846230855129044e-05
quantile,dd,alpha=0.005,pareto,3.0,,1778,4,0.0023921349803561506,1.5846230855129044e-05
quantile,dd,alpha=0.005,pareto,3.0,,1778,16,0.0023921349803561506,1.5846230855129044e-05
quantile,dd,alpha=0.005,pareto,3.0,,1778,64,0.0023921349803561506,1.5846230855129044e-05
quantile,dd,alpha=0.005,pareto,3.0,,3162,1,0.002548761274731155,3.106383437175899e-05
quantile,dd,alpha=0.005,pareto,3.0,,3162,4,0.002548761274731155,3.106383437175899e-05
quantile,dd,alpha=0.005,pareto,3.0,,3162,16,0.002548761274731155,3.106383437175899e-05
quantile,dd,alpha=0.005,pareto,3.0,,3162,64,0.002548761274731155,3.106383437175899e-05
quantile,dd,alpha=0.005,pareto,3.0,,5623,1,0.002391538613573578,3.913313796581374e-05
quantile,dd,alpha=0.005,pareto,3.0,,5623,4,0.002391538613573578,3.913313796581374e-05
quantile,dd,alpha=0.005,pareto,3.0,,5623,16,0.002391538613573578,3.913313796581374e-05
quantile,dd,alpha=0.005,pareto,3.0,,5623,64,0.002391538613573578,3.913313796581374e-05
quantile,dd,alpha=0.005,pareto,3.0,,10000,1,0.0024696755587619874,0.00011436638996217545
quantile,dd,alpha=0.005,pareto,3.0,,10000,4,0.0024696755587619874,0.00011436638996217545
quantile,dd,alpha=0.005,pareto,3.0,,10000,16,0.0024696755587619874,0.00011436638996217545
quantile,dd,alpha=0.005,pareto,3.0,,10000,64,0.0024696755587619874,0.00011436638996217545
quantile,dd,alpha=0.005,pareto,3.0,,17783,1,0.002374721682724868,4.875178105897219e-05
quantile,dd,alpha=0.005,pareto,3.0,,17783,4,0.002374721682724868,4.875178105897219e-05
quantile,dd,alpha=0.005,pareto,3.0,,17783,16,0.002374721682724868,4.875178105897219e-05
quantile,dd,alpha=0.005,pareto,3.0,,17783,64,0.002374721682724868,4.875178105897219e-05
quantile,dd,alpha=0.005,pareto,3.0,,31623,1,0.002461675430861817,2.5818808042538817e-05
quantile,dd,alpha=0.005,pareto,3.0,,31623,4,0.002461675430861817,2.5818808042538817e-05
quantile,dd,alpha=0.005,pareto,3.0,,31623,16,0.002461675430861817,2.5818808042538817e-05
quantile,dd,alpha=0.005,pareto,3.0,,31623,64,0.002461675430861817,2.5818808042538817e-05
quantile,dd,alpha=0.005,pareto,3.0,,56234,1,0.0023848370829977392,5.725706518070937e-05
quantile,dd,alpha=0.005,pareto,3.0,,56234,4,0.0023848370829977392,5.725706518070937e-05
quantile,dd,alpha=0.005,pareto,3.0,,56234,16,0.0023848370829977392,5.725706518070937e-05
quantile,dd,alpha=0.005,pareto,3.0,,56234,64,0.0023848370829977392,5.725706518070937e-05
quantile,dd,alpha=0.005,pareto,3.0,,100000,1,0.002486240817349316,3.848855902224955e-05
quantile,dd,alpha=0.005,pareto,3.0,,100000,4,0.002486240817349316,3.848855902224955e-05
quantile,dd,alpha=0.005,pareto,3.0,,100000,16,0.002486240817349316,3.848855902224955e-05
quantile,dd,alpha=0.005,pareto,3.0,,100000,64,0.002486240817349316,3.848855902224955e-05
quantile,dd,alpha=0.005,pareto,3.0,,177828,1,0.002459702749718872,6.060616957665537e-05
quantile,dd,alpha=0.005,pareto,3.0,,177828,4,0.002459702749718872,6.060616957665537e-05
quantile,dd,alpha=0.005,pareto,3.0,,177828,16,0.002459702749718872,6.060616957665537e-05
quantile,dd,alpha=0.005,pareto,3.0,,177828,64,0.002459702749718872,6.060616957665537e-05
quantile,dd,alpha=0.005,pareto,3.0,,316228,1,0.002529333473914576,2.0327401095328212e-05
quantile,dd,alpha=0.005,pareto,3.0,,316228,4,0.002529333473914576,2.0327401095328212e-05
quantile,dd,alpha=0.005,pareto,3.0,,316228,16,0.002529333473914576,2.0327401095328212e-05
quantile,dd,alpha=0.005,pareto,3.0,,316228,64,0.002529333473914576,2.0327401095328212e-05
quantile,dd,alpha=0.005,pareto,3.0,,562341,1,0.0024746213359652033,2.2540579393938288e-05
quantile,dd,alpha=0.005,pareto,3.0,,562341,4,0.0024746213359652033,2.2540579393938288e-05
quantile,dd,alpha=0.005,pareto,3.0,,562341,16,0.0024746213359652033,2.2540579393938288e-05
quantile,dd,alpha=0.005,pareto,3.0,,562341,64,0.0024746213359652033,2.2540579393938288e-05
quantile,dd,alpha=0.005,pareto,3.0,,1000000,1,0.0024882265911625426,2.9503053266544315e-05
quantile,dd,alpha=0.005,pareto,3.0,,1000000,4,0.0024882265911625426,2.9503053266544315e-05
quantile,dd,alpha=0.005,pareto,3.0,,1000000,16,0.0024882265911625426,2.9503053266544315e-05
quantile,dd,alpha=0.005,pareto,3.0,,1000000,64,0.0024882265911625426,2.9503053266544315e-05
quantile,dd,alpha=0.005,pareto,3.0,,1778279,1,0.0025042829818767262,1.0529352286076669e-05
quantile,dd,alpha=0.005,pareto,3.0,,1778279,4,0.0025042829818767262,1.0529352286076669e-05
quantile,dd,alpha=0.005,pareto,3.0,,1778279,16,0.0025042829818767262,1.0529352286076669e-05
quantile,dd,alpha=0.005,pareto,3.0,,1778279,64,0.0025042829818767262,1.0529352286076669e-05
quantile,dd,alpha=0.005,pareto,3.0,,3162278,1,0.002495660116919251,2.9148752358337193e-05
quantile,dd,alpha=0.005,pareto,3.0,,3162278,4,0.002495660116919251,2.9148752358337193e-05
quantile,dd,alpha=0.005,pareto,3.0,,3162278,16,0.002495660116919251,2.9148752358337193e-05
quantile,dd,alpha=0.005,pareto,3.0,,3162278,64,0.002495660116919251,2.9148752358337193e-05
quantile,dd,alpha=0.005,pareto,3.0,,5623413,1,0.002505746556692377,1.4605927257726904e-05
quantile,dd,alpha=0.005,pareto,3.0,,5623413,4,0.002505746556692377,1.4605927257726904e-05
quantile,dd,alpha=0.005,pareto,3.0,,5623413,16,0.002505746556692377,1.4605927257726904e-05
quantile,dd,alpha=0.005,pareto,3.0,,5623413,64,0.002505746556692377,1.4605927257726904e-05
quantile,dd,alpha=0.005,pareto,3.0,,10000000,1,0.0025030841233706514,4.041710557336501e-06
quantile,dd,alpha=0.005,pareto,3.0,,10000000,4,0.0025030841233706514,4.041710557336501e-06
quantile,dd,alpha=0.005,pareto,3.0,,10000000,16,0.0025030841233706514,4.041710557336501e-06
quantile,dd,alpha=0.005,pareto,3.0,,10000000,64,0.0025030841233706514,4.041710557336501e-06
quantile,dd,alpha=0.01,pareto,1.1,,1000,1,0.004866462883754468,0.00011014334473626868
quantile,dd,alpha=0.01,pareto,1.1,,1000,4,0.004866462883754468,0.00011014334473626868
quantile,dd,alpha=0.01,pareto,1.1,,1000,16,0.004866462883754468,0.00011014334473626868
quantile,dd,alpha=0.01,pareto,1.1,,1000,64,0.004866462883754468,0.00011014334473626868
quantile,dd,alpha=0.01,pareto,1.1,,1778,1,0.0051108364145031416,7.275883092402996e-05
quantile,dd,alpha=0.01,pareto,1.1,,1778,4,0.0051108364145031416,7.275883092402996e-05
quantile,dd,alpha=0.01,pareto,1.1,,1778,16,0.0051108364145031416,7.275883092402996e-05
quantile,dd,alpha=0.01,pareto,1.1,,1778,64,0.0051108364145031416,7.275883092402996e-05
quantile,dd,alpha=0.01,pareto,1.1,,3162,1,0.004757605346441661,0.00018710508919588025
quantile,dd,alpha=0.01,pareto,1.1,,3162,4,0.004757605346441661,0.00018710508919588025
quantile,dd,alpha=0.01,pareto,1.1,,3162,16,0.004757605346441661,0.00018710508919588025
quantile,dd,alpha=0.01,pareto,1.1,,3162,64,0.004757605346441661,0.00018710508919588025
quantile,dd,alpha=0.01,pareto,1.1,,5623,1,0.005020722562263174,0.00014612151014783848
quantile,dd,alpha=0.01,pareto,1.1,,5623,4,0.005020722562263174,0.00014612151014783848
quantile,dd,alpha=0.01,pareto,1.1,,5623,16,0.005020722562263174,0.00014612151014783848
quantile,dd,alpha=0.01,pareto,1.1,,5623,64,0.005020722562263174,0.00014612151014783848
quantile,dd,alpha=0.01,pareto,1.1,,10000,1,0.0048847769993054894,5.213497822789153e-05
quantile,dd,alpha=0.01,pareto,1.1,,10000,4,0.0048847769993054894,5.213497822789153e-05
quantile,dd,alpha=0.01,pareto,1.1,,10000,16,0.0048847769993054894,5.213497822789153e-05
quantile,dd,alpha=0.01,pareto,1.1,,10000,64,0.0048847769993054894,5.213497822789153e-05
quantile,dd,alpha=0.01,pareto,1.1,,17783,1,0.004933856407699912,0.00019520268613271104
quantile,dd,alpha=0.01,pareto,1.1,,17783,4,0.004933856407699912,0.00019520268613271104
quantile,dd,alpha=0.01,pareto,1.1,,17783,16,0.004933856407699912,0.00019520268613271104
quantile,dd,alpha=0.01,pareto,1.1,,17783,64,0.004933856407699912,0.00019520268613271104
quantile,dd,alpha=0.01,pareto,1.1,,31623,1,0.00517006305305007,0.00011363271150117865
quantile,dd,alpha=0.01,pareto,1.1,,31623,4,0.00517006305305007,0.00011363271150117865
quantile,dd,alpha=0.01,pareto,1.1,,31623,16,0.00517006305305007,0.00011363271150117865
quantile,dd,alpha=0.01,pareto,1.1,,31623,64,0.00517006305305007,0.00011363271150117865
quantile,dd,alpha=0.01,pareto,1.1,,56234,1,0.004821944068190947,0.00023640233695151335
quantile,dd,alpha=0.01,pareto,1.1,,56234,4,0.004821944068190947,0.00023640233695151335
quantile,dd,alpha=0.01,pareto,1.1,,56234,16,0.004821944068190947,0.00023640233695151335
quantile,dd,alpha=0.01,pareto,1.1,,56234,64,0.004821944068190947,0.00023640233695151335
quantile,dd,alpha=0.01,pareto,1.1,,100000,1,0.004904508029782171,0.0001390410724859417
quantile,dd,alpha=0.01,pareto,1.1,,100000,4,0.004904508029782171,0.0001390410724859417
quantile,dd,alpha=0.01,pareto,1.1,,100000,16,0.004904508029782171,0.0001390410724859417
quantile,dd,alpha=0.01,pareto,1.1,,100000,64,0.004904508029782171,0.0001390410724859417
quantile,dd,alpha=0.01,pareto,1.1,,177828,1,0.004863262658395665,7.04965226305047e-05
quantile,dd,alpha=0.01,pareto,1.1,,177828,4,0.004863262658395665,7.04965226305047e-05
quantile,dd,alpha=0.01,pareto,1.1,,177828,16,0.004863262658395665,7.04965226305047e-05
quantile,dd,alpha=0.01,pareto,1.1,,177828,64,0.004863262658395665,7.04965226305047e-05
quantile,dd,alpha=0.01,pareto,1.1,,316228,1,0.004962761295577993,3.388655521115631e-05
quantile,dd,alpha=0.01,pareto,1.1,,316228,4,0.004962761295577993,3.388655521115631e-05
quantile,dd,alpha=0.01,pareto,1.1,,316228,16,0.004962761295577993,3.388655521115631e-05
quantile,dd,alpha=0.01,pareto,1.1,,316228,64,0.004962761295577993,3.388655521115631e-05
quantile,dd,alpha=0.01,pareto,1.1,,562341,1,0.005106391565439169,2.7829467625568263e-05
quantile,dd,alpha=0.01,pareto,1.1,,562341,4,0.005106391565439169,2.7829467625568263e-05
quantile,dd,alpha=0.01,pareto,1.1,,562341,16,0.005106391565439169,2.7829467625568263e-05
quantile,dd,alpha=0.01,pareto,1.1,,562341,64,0.005106391565439169,2.7829467625568263e-05
quantile,dd,alpha=0.01,pareto,1.1,,1000000,1,0.005031224754932415,8.527055556114917e-05
quantile,dd,alpha=0.01,pareto,1.1,,1000000,4,0.005031224754932415,8.527055556114917e-05
quantile,dd,alpha=0.01,pareto,1.1,,1000000,16,0.005031224754932415,8.527055556114917e-05
quantile,dd,alpha=0.01,pareto,1.1,,1000000,64,0.005031224754932415,8.527055556114917e-05
quantile,dd,alpha=0.01,pareto,1.1,,1778279,1,0.004992359129496411,5.5831188815562e-05
quantile,dd,alpha=0.01,pareto,1.1,,1778279,4,0.004992359129496411,5.5831188815562e-05
quantile,dd,alpha=0.01,pareto,1.1,,1778279,16,0.004992359129496411,5.5831188815562e-05
quantile,dd,alpha=0.01,pareto,1.1,,1778279,64,0.004992359129496411,5.5831188815562e-05
quantile,dd,alpha=0.01,pareto,1.1,,3162278,1,0.0050435571585851985,1.9091314488397418e-05
quantile,dd,alpha=0.01,pareto,1.1,,3162278,4,0.0050435571585851985,1.9091314488397418e-05
quantile,dd,alpha=0.01,pareto,1.1,,3162278,16,0.0050435571585851985,1.9091314488397418e-05
quantile,dd,alpha=0.01,pareto,1.1,,3162278,64,0.0050435571585851985,1.9091314488397418e-05
quantile,dd,alpha=0.01,pareto,1.1,,5623413,1,0.00495714257980414,2.6851010432034926e-05
quantile,dd,alpha=0.01,pareto,1.1,,5623413,4,0.00495714257980414,2.6851010432034926e-05
quantile,dd,alpha=0.01,pareto,1.1,,5623413,16,0.00495714257980414,2.6851010432034926e-05
quantile,dd,alpha=0.01,pareto,1.1,,5623413,64,0.00495714257980414,2.6851010432034926e-05
quantile,dd,alpha=0.01,pareto,1.1,,10000000,1,0.004977417037809188,9.162855243821178e-06
quantile,dd,alpha=0.01,pareto,1.1,,10000000,4,0.004977417037809188,9.162855243821178e-06
quantile,dd,alpha=0.01,pareto,1.1,,10000000,16,0.004977417037809188,9.162855243821178e-06
quantile,dd,alpha=0.01,pareto,1.1,,10000000,64,0.004977417037809188,9.162855243821178e-06
quantile,dd,alpha=0.01,pareto,1.5,,1000,1,0.00492693263336751,8.179880698794465e-05
quantile,dd,alpha=0.01,pareto,1.5,,1000,4,0.00492693263336751,8.179880698794465e-05
quantile,dd,alpha=0.01,pareto,1.5,,1000,16,0.00492693263336751,8.179880698794465e-05
quantile,dd,alpha=0.01,pareto,1.5,,1000,64,0.00492693263336751,8.179880698794465e-05
quantile,dd,alpha=0.01,pareto,1.5,,1778,1,0.0051350907318289665,9.448164724780678e-05
quantile,dd,alpha=0.01,pareto,1.5,,1778,4,0.0051350907318289665,9.448164724780678e-05
quantile,dd,alpha=0.01,pareto,1.5,,1778,16,0.0051350907318289665,9.448164724780678e-05
quantile,dd,alpha=0.01,pareto,1.5,,1778,64,0.0051350907318289665,9.448164724780678e-05
quantile,dd,alpha=0.01,pareto,1.5,,3162,1,0.004695187487037809,3.3336320204509515e-05
quantile,dd,alpha=0.01,pareto,1.5,,3162,4,0.004695187487037809,3.3336320204509515e-05
quantile,dd,alpha=0.01,pareto,1.5,,3162,16,0.004695187487037809,3.3336320204509515e-05
quantile,dd,alpha=0.01,pareto,1.5,,3162,64,0.004695187487037809,3.3336320204509515e-05
quantile,dd,alpha=0.01,pareto,1.5,,5623,1,0.004949105280820664,4.3624406246793646e-05
quantile,dd,alpha=0.01,pareto,1.5,,5623,4,0.004949105280820664,4.3624406246793646e-05
quantile,dd,alpha=0.01,pareto,1.5,,5623,16,0.004949105280820664,4.3624406246793646e-05
quantile,dd,alpha=0.01,pareto,1.5,,5623,64,0.004949105280820664,4.3624406246793646e-05
quantile,dd,alpha=0.01,pareto,1.5,,10000,1,0.004810548774487724,0.00022313783545858007
quantile,dd,alpha=0.01,pareto,1.5,,10000,4,0.004810548774487724,0.00022313783545858007
quantile,dd,alpha=0.01,pareto,1.5,,10000,16,0.004810548774487724,0.00022313783545858007
quantile,dd,alpha=0.01,pareto,1.5,,10000,64,0.004810548774487724,0.00022313783545858007
quantile,dd,alpha=0.01,pareto,1.5,,17783,1,0.00483722127145831,8.99747145621057e-05
quantile,dd,alpha=0.01,pareto,1.5,,17783,4,0.00483722127145831,8.99747145621057e-05
quantile,dd,alpha=0.01,pareto,1.5,,17783,16,0.00483722127145831,8.99747145621057e-05
quantile,dd,alpha=0.01,pareto,1.5,,17783,64,0.00483722127145831,8.99747145621057e-05
quantile,dd,alpha=0.01,pareto,1.5,,31623,1,0.004810724100358462,5.393568588935585e-05
quantile,dd,alpha=0.01,pareto,1.5,,31623,4,0.004810724100358462,5.393568588935585e-05
quantile,dd,alpha=0.01,pareto,1.5,,31623,16,0.004810724100358462,5.393568588935585e-05
quantile,dd,alpha=0.01,pareto,1.5,,31623,64,0.004810724100358462,5.393568588935585e-05
quantile,dd,alpha=0.01,pareto,1.5,,56234,1,0.005059041178387357,9.792363991097973e-05
quantile,dd,alpha=0.01,pareto,1.5,,56234,4,0.005059041178387357,9.792363991097973e-05
quantile,dd,alpha=0.01,pareto,1.5,,56234,16,0.005059041178387357,9.792363991097973e-05
quantile,dd,alpha=0.01,pareto,1.5,,56234,64,0.005059041178387357,9.792363991097973e-05
quantile,dd,alpha=0.01,pareto,1.5,,100000,1,0.004858391999639777,2.8369774114741026e-06
quantile,dd,alpha=0.01,pareto,1.5,,100000,4,0.004858391999639777,2.8369774114741026e-06
quantile,dd,alpha=0.01,pareto,1.5,,100000,16,0.004858391999639777,2.8369774114741026e-06
quantile,dd,alpha=0.01,pareto,1.5,,100000,64,0.004858391999639777,2.8369774114741026e-06
quantile,dd,alpha=0.01,pareto,1.5,,177828,1,0.004756812452136851,8.11436353898999e-05
quantile,dd,alpha=0.01,pareto,1.5,,177828,4,0.004756812452136851,8.11436353898999e-05
quantile,dd,alpha=0.01,pareto,1.5,,177828,16,0.004756812452136851,8.11436353898999e-05
quantile,dd,alpha=0.01,pareto,1.5,,177828,64,0.004756812452136851,8.11436353898999e-05
quantile,dd,alpha=0.01,pareto,1.5,,316228,1,0.004696144109008368,3.6940614421191024e-05
quantile,dd,alpha=0.01,pareto,1.5,,316228,4,0.004696144109008368,3.6940614421191024e-05
quantile,dd,alpha=0.01,pareto,1.5,,316228,16,0.004696144109008368,3.6940614421191024e-05
quantile,dd,alpha=0.01,pareto,1.5,,316228,64,0.004696144109008368,3.6940614421191024e-05
quantile,dd,alpha=0.01,pareto,1.5,,562341,1,0.0047392226134461216,1.3427005531263753e-05
quantile,dd,alpha=0.01,pareto,1.5,,562341,4,0.0047392226134461216,1.3427005531263753e-05
quantile,dd,alpha=0.01,pareto,1.5,,562341,16,0.0047392226134461216,1.3427005531263753e-05
quantile,dd,alpha=0.01,pareto,1.5,,562341,64,0.0047392226134461216,1.3427005531263753e-05
quantile,dd,alpha=0.01,pareto,1.5,,1000000,1,0.004718939788811654,3.0337294459792152e-05
quantile,dd,alpha=0.01,pareto,1.5,,1000000,4,0.004718939788811654,3.0337294459792152e-05
quantile,dd,alpha=0.01,pareto,1.5,,1000000,16,0.004718939788811654,3.0337294459792152e-05
quantile,dd,alpha=0.01,pareto,1.5,,1000000,64,0.004718939788811654,3.0337294459792152e-05
quantile,dd,alpha=0.01,pareto,1.5,,1778279,1,0.004671809999471655,1.704549133973642e-05
quantile,dd,alpha=0.01,pareto,1.5,,1778279,4,0.004671809999471655,1.704549133973642e-05
quantile,dd,alpha=0.01,pareto,1.5,,1778279,16,0.004671809999471655,1.704549133973642e-05
quantile,dd,alpha=0.01,pareto,1.5,,1778279,64,0.004671809999471655,1.704549133973642e-05
quantile,dd,alpha=0.01,pareto,1.5,,3162278,1,0.004674917160790375,9.333211629293246e-06
quantile,dd,alpha=0.01,pareto,1.5,,3162278,4,0.004674917160790375,9.333211629293246e-06
quantile,dd,alpha=0.01,pareto,1.5,,3162278,16,0.004674917160790375,9.333211629293246e-06
quantile,dd,alpha=0.01,pareto,1.5,,3162278,64,0.004674917160790375,9.333211629293246e-06
quantile,dd,alpha=0.01,pareto,1.5,,5623413,1,0.0046844517577135075,1.836591183037729e-05
quantile,dd,alpha=0.01,pareto,1.5,,5623413,4,0.0046844517577135075,1.836591183037729e-05
quantile,dd,alpha=0.01,pareto,1.5,,5623413,16,0.0046844517577135075,1.836591183037729e-05
quantile,dd,alpha=0.01,pareto,1.5,,5623413,64,0.0046844517577135075,1.836591183037729e-05
quantile,dd,alpha=0.01,pareto,1.5,,10000000,1,0.004677804431308917,1.8235681598043533e-05
quantile,dd,alpha=0.01,pareto,1.5,,10000000,4,0.004677804431308917,1.8235681598043533e-05
quantile,dd,alpha=0.01,pareto,1.5,,10000000,16,0.004677804431308917,1.8235681598043533e-05
quantile,dd,alpha=0.01,pareto,1.5,,10000000,64,0.004677804431308917,1.8235681598043533e-05
quantile,dd,alpha=0.01,pareto,2.0,,1000,1,0.004965239688507997,5.1935985799477e-05
quantile,dd,alpha=0.01,pareto,2.0,,1000,4,0.004965239688507997,5.1935985799477e-05
quantile,dd,alpha=0.01,pareto,2.0,,1000,16,0.004965239688507997,5.1935985799477e-05
quantile,dd,alpha=0.01,pareto,2.0,,1000,64,0.004965239688507997,5.1935985799477e-05
quantile,dd,alpha=0.01,pareto,2.0,,1778,1,0.004859025003814218,3.6522279601470524e-05
quantile,dd,alpha=0.01,pareto,2.0,,1778,4,0.004859025003814218,3.6522279601470524e-05
quantile,dd,alpha=0.01,pareto,2.0,,1778,16,0.004859025003814218,3.6522279601470524e-05
quantile,dd,alpha=0.01,pareto,2.0,,1778,64,0.004859025003814218,3.6522279601470524e-05
quantile,dd,alpha=0.01,pareto,2.0,,3162,1,0.005009738977751446,6.266091342368838e-05
quantile,dd,alpha=0.01,pareto,2.0,,3162,4,0.005009738977751446,6.266091342368838e-05
quantile,dd,alpha=0.01,pareto,2.0,,3162,16,0.005009738977751446,6.266091342368838e-05
quantile,dd,alpha=0.01,pareto,2.0,,3162,64,0.005009738977751446,6.266091342368838e-05
quantile,dd,alpha=0.01,pareto,2.0,,5623,1,0.004824033566759114,8.461938536852206e-05
quantile,dd,alpha=0.01,pareto,2.0,,5623,4,0.004824033566759114,8.461938536852206e-05
quantile,dd,alpha=0.01,pareto,2.0,,5623,16,0.004824033566759114,8.461938536852206e-05
quantile,dd,alpha=0.01,pareto,2.0,,5623,64,0.004824033566759114,8.461938536852206e-05
quantile,dd,alpha=0.01,pareto,2.0,,10000,1,0.004954034772145925,3.41106579033375e-05
quantile,dd,alpha=0.01,pareto,2.0,,10000,4,0.004954034772145925,3.41106579033375e-05
quantile,dd,alpha=0.01,pareto,2.0,,10000,16,0.004954034772145925,3.41106579033375e-05
quantile,dd,alpha=0.01,pareto,2.0,,10000,64,0.004954034772145925,3.41106579033375e-05
quantile,dd,alpha=0.01,pareto,2.0,,17783,1,0.004855492379659148,0.0001150390239876542
quantile,dd,alpha=0.01,pareto,2.0,,17783,4,0.004855492379659148,0.0001150390239876542
quantile,dd,alpha=0.01,pareto,2.0,,17783,16,0.004855492379659148,0.0001150390239876542
quantile,dd,alpha=0.01,pareto,2.0,,17783,64,0.004855492379659148,0.0001150390239876542
quantile,dd,alpha=0.01,pareto,2.0,,31623,1,0.004895323726308277,9.380750692852275e-05
quantile,dd,alpha=0.01,pareto,2.0,,31623,4,0.004895323726308277,9.380750692852275e-05
quantile,dd,alpha=0.01,pareto,2.0,,31623,16,0.004895323726308277,9.380750692852275e-05
quantile,dd,alpha=0.01,pareto,2.0,,31623,64,0.004895323726308277,9.380750692852275e-05
quantile,dd,alpha=0.01,pareto,2.0,,56234,1,0.004871314590806031,2.093286340881674e-05
quantile,dd,alpha=0.01,pareto,2.0,,56234,4,0.004871314590806031,2.093286340881674e-05
quantile,dd,alpha=0.01,pareto,2.0,,56234,16,0.004871314590806031,2.093286340881674e-05
quantile,dd,alpha=0.01,pareto,2.0,,56234,64,0.004871314590806031,2.093286340881674e-05
quantile,dd,alpha=0.01,pareto,2.0,,100000,1,0.004897812689894191,3.51256097516521e-05
quantile,dd,alpha=0.01,pareto,2.0,,100000,4,0.004897812689894191,3.51256097516521e-05
quantile,dd,alpha=0.01,pareto,2.0,,100000,16,0.004897812689894191,3.51256097516521e-05
quantile,dd,alpha=0.01,pareto,2.0,,100000,64,0.004897812689894191,3.51256097516521e-05
quantile,dd,alpha=0.01,pareto,2.0,,177828,1,0.004964251713350004,3.141329064373166e-05
quantile,dd,alpha=0.01,pareto,2.0,,177828,4,0.004964251713350004,3.141329064373166e-05
quantile,dd,alpha=0.01,pareto,2.0,,177828,16,0.004964251713350004,3.141329064373166e-05
quantile,dd,alpha=0.01,pareto,2.0,,177828,64,0.004964251713350004,3.141329064373166e-05
quantile,dd,alpha=0.01,pareto,2.0,,316228,1,0.004924401592580282,2.0866696355858243e-05
quantile,dd,alpha=0.01,pareto,2.0,,316228,4,0.004924401592580282,2.0866696355858243e-05
quantile,dd,alpha=0.01,pareto,2.0,,316228,16,0.004924401592580282,2.0866696355858243e-05
quantile,dd,alpha=0.01,pareto,2.0,,316228,64,0.004924401592580282,2.0866696355858243e-05
quantile,dd,alpha=0.01,pareto,2.0,,562341,1,0.0049409627829559545,2.9331933823149745e-05
quantile,dd,alpha=0.01,pareto,2.0,,562341,4,0.0049409627829559545,2.9331933823149745e-05
quantile,dd,alpha=0.01,pareto,2.0,,562341,16,0.0049409627829559545,2.9331933823149745e-05
quantile,dd,alpha=0.01,pareto,2.0,,562341,64,0.0049409627829559545,2.9331933823149745e-05
quantile,dd,alpha=0.01,pareto,2.0,,1000000,1,0.00490212809561385,2.1035422975028234e-05
quantile,dd,alpha=0.01,pareto,2.0,,1000000,4,0.00490212809561385,2.1035422975028234e-05
quantile,dd,alpha=0.01,pareto,2.0,,1000000,16,0.00490212809561385,2.1035422975028234e-05
quantile,dd,alpha=0.01,pareto,2.0,,1000000,64,0.00490212809561385,2.1035422975028234e-05
quantile,dd,alpha=0.01,pareto,2.0,,1778279,1,0.004927066874645481,1.0060052300654874e-05
quantile,dd,alpha=0.01,pareto,2.0,,1778279,4,0.004927066874645481,1.0060052300654874e-05
quantile,dd,alpha=0.01,pareto,2.0,,1778279,16,0.004927066874645481,1.0060052300654874e-05
quantile,dd,alpha=0.01,pareto,2.0,,1778279,64,0.004927066874645481,1.0060052300654874e-05
quantile,dd,alpha=0.01,pareto,2.0,,3162278,1,0.004961475685011597,4.906070044597543e-06
quantile,dd,alpha=0.01,pareto,2.0,,3162278,4,0.004961475685011597,4.906070044597543e-06
quantile,dd,alpha=0.01,pareto,2.0,,3162278,16,0.004961475685011597,4.906070044597543e-06
quantile,dd,alpha=0.01,pareto,2.0,,3162278,64,0.004961475685011597,4.906070044597543e-06
quantile,dd,alpha=0.01,pareto,2.0,,5623413,1,0.00496646553631457,2.4245958622491817e-05
quantile,dd,alpha=0.01,pareto,2.0,,5623413,4,0.00496646553631457,2.4245958622491817e-05
quantile,dd,alpha=0.01,pareto,2.0,,5623413,16,0.00496646553631457,2.4245958622491817e-05
quantile,dd,alpha=0.01,pareto,2.0,,5623413,64,0.00496646553631457,2.4245958622491817e-05
quantile,dd,alpha=0.01,pareto,2.0,,10000000,1,0.004927896047486782,2.003222127989332e-05
quantile,dd,alpha=0.01,pareto,2.0,,10000000,4,0.004927896047486782,2.003222127989332e-05
quantile,dd,alpha=0.01,pareto,2.0,,10000000,16,0.004927896047486782,2.003222127989332e-05
quantile,dd,alpha=0.01,pareto,2.0,,10000000,64,0.004927896047486782,2.003222127989332e-05
quantile,dd,alpha=0.01,pareto,3.0,,1000,1,0.004779131829498985,3.64636449544863e-05
quantile,dd,alpha=0.01,pareto,3.0,,1000,4,0.004779131829498985,3.64636449544863e-05
quantile,dd,alpha=0.01,pareto,3.0,,1000,16,0.004779131829498985,3.64636449544863e-05
quantile,dd,alpha=0.01,pareto,3.0,,1000,64,0.004779131829498985,3.64636449544863e-05
quantile,dd,alpha=0.01,pareto,3.0,,1778,1,0.0049344138416168234,2.866782006101956e-05
quantile,dd,alpha=0.01,pareto,3.0,,1778,4,0.0049344138416168234,2.866782006101956e-05
quantile,dd,alpha=0.01,pareto,3.0,,1778,16,0.0049344138416168234,2.866782006101956e-05
quantile,dd,alpha=0.01,pareto,3.0,,1778,64,0.0049344138416168234,2.866782006101956e-05
quantile,dd,alpha=0.01,pareto,3.0,,3162,1,0.004906710757222563,3.4353485419344004e-05
quantile,dd,alpha=0.01,pareto,3.0,,3162,4,0.004906710757222563,3.4353485419344004e-05
quantile,dd,alpha=0.01,pareto,3.0,,3162,16,0.004906710757222563,3.4353485419344004e-05
quantile,dd,alpha=0.01,pareto,3.0,,3162,64,0.004906710757222563,3.4353485419344004e-05
quantile,dd,alpha=0.01,pareto,3.0,,5623,1,0.0049033291680182145,0.00019660152695105313
quantile,dd,alpha=0.01,pareto,3.0,,5623,4,0.0049033291680182145,0.00019660152695105313
quantile,dd,alpha=0.01,pareto,3.0,,5623,16,0.0049033291680182145,0.00019660152695105313
quantile,dd,alpha=0.01,pareto,3.0,,5623,64,0.0049033291680182145,0.00019660152695105313
quantile,dd,alpha=0.01,pareto,3.0,,10000,1,0.004640577334649261,0.00016868646552403529
quantile,dd,alpha=0.01,pareto,3.0,,10000,4,0.004640577334649261,0.00016868646552403529
quantile,dd,alpha=0.01,pareto,3.0,,10000,16,0.004640577334649261,0.00016868646552403529
quantile,dd,alpha=0.01,pareto,3.0,,10000,64,0.004640577334649261,0.00016868646552403529
quantile,dd,alpha=0.01,pareto,3.0,,17783,1,0.004739586815567865,6.529525907364659e-05
quantile,dd,alpha=0.01,pareto,3.0,,17783,4,0.004739586815567865,6.529525907364659e-05
quantile,dd,alpha=0.01,pareto,3.0,,17783,16,0.004739586815567865,6.529525907364659e-05
quantile,dd,alpha=0.01,pareto,3.0,,17783,64,0.004739586815567865,6.529525907364659e-05
quantile,dd,alpha=0.01,pareto,3.0,,31623,1,0.004881188055368563,7.628552931506038e-05
quantile,dd,alpha=0.01,pareto,3.0,,31623,4,0.004881188055368563,7.628552931506038e-05
quantile,dd,alpha=0.01,pareto,3.0,,31623,16,0.004881188055368563,7.628552931506038e-05
quantile,dd,alpha=0.01,pareto,3.0,,31623,64,0.004881188055368563,7.628552931506038e-05
quantile,dd,alpha=0.01,pareto,3.0,,56234,1,0.004847887311202157,7.309117632288101e-05
quantile,dd,alpha=0.01,pareto,3.0,,56234,4,0.004847887311202157,7.309117632288101e-05
quantile,dd,alpha=0.01,pareto,3.0,,56234,16,0.004847887311202157,7.309117632288101e-05
quantile,dd,alpha=0.01,pareto,3.0,,56234,64,0.004847887311202157,7.309117632288101e-05
quantile,dd,alpha=0.01,pareto,3.0,,100000,1,0.004921560790769923,5.300683613195534e-05
quantile,dd,alpha=0.01,pareto,3.0,,100000,4,0.004921560790769923,5.300683613195534e-05
quantile,dd,alpha=0.01,pareto,3.0,,100000,16,0.004921560790769923,5.300683613195534e-05
quantile,dd,alpha=0.01,pareto,3.0,,100000,64,0.004921560790769923,5.300683613195534e-05
quantile,dd,alpha=0.01,pareto,3.0,,177828,1,0.004951250199565668,3.480934192866285e-05
quantile,dd,alpha=0.01,pareto,3.0,,177828,4,0.004951250199565668,3.480934192866285e-05
quantile,dd,alpha=0.01,pareto,3.0,,177828,16,0.004951250199565668,3.480934192866285e-05
quantile,dd,alpha=0.01,pareto,3.0,,177828,64,0.004951250199565668,3.480934192866285e-05
quantile,dd,alpha=0.01,pareto,3.0,,316228,1,0.004990052285131613,5.29009169074851e-05
quantile,dd,alpha=0.01,pareto,3.0,,316228,4,0.004990052285131613,5.29009169074851e-05
quantile,dd,alpha=0.01,pareto,3.0,,316228,16,0.004990052285131613,5.29009169074851e-05
quantile,dd,alpha=0.01,pareto,3.0,,316228,64,0.004990052285131613,5.29009169074851e-05
quantile,dd,alpha=0.01,pareto,3.0,,562341,1,0.005008452212102014,1.9371218478261637e-05
quantile,dd,alpha=0.01,pareto,3.0,,562341,4,0.005008452212102014,1.9371218478261637e-05
quantile,dd,alpha=0.01,pareto,3.0,,562341,16,0.005008452212102014,1.9371218478261637e-05
quantile,dd,alpha=0.01,pareto,3.0,,562341,64,0.005008452212102014,1.9371218478261637e-05
quantile,dd,alpha=0.01,pareto,3.0,,1000000,1,0.005027118706729574,1.014805555924862e-05
quantile,dd,alpha=0.01,pareto,3.0,,1000000,4,0.005027118706729574,1.014805555924862e-05
quantile,dd,alpha=0.01,pareto,3.0,,1000000,16,0.005027118706729574,1.014805555924862e-05
quantile,dd,alpha=0.01,pareto,3.0,,1000000,64,0.005027118706729574,1.014805555924862e-05
quantile,dd,alpha=0.01,pareto,3.0,,1778279,1,0.005015027053823724,2.16001532609824e-05
quantile,dd,alpha=0.01,pareto,3.0,,1778279,4,0.005015027053823724,2.16001532609824e-05
quantile,dd,alpha=0.01,pareto,3.0,,1778279,16,0.005015027053823724,2.16001532609824e-05
quantile,dd,alpha=0.01,pareto,3.0,,1778279,64,0.005015027053823724,2.16001532609824e-05
quantile,dd,alpha=0.01,pareto,3.0,,3162278,1,0.005019679824762985,9.259174158947405e-06
quantile,dd,alpha=0.01,pareto,3.0,,3162278,4,0.005019679824762985,9.259174158947405e-06
quantile,dd,alpha=0.01,pareto,3.0,,3162278,16,0.005019679824762985,9.259174158947405e-06
quantile,dd,alpha=0.01,pareto,3.0,,3162278,64,0.005019679824762985,9.259174158947405e-06
quantile,dd,alpha=0.01,pareto,3.0,,5623413,1,0.004993914206988905,1.0942014048486481e-05
quantile,dd,alpha=0.01,pareto,3.0,,5623413,4,0.004993914206988905,1.0942014048486481e-05
quantile,dd,alpha=0.01,pareto,3.0,,5623413,16,0.004993914206988905,1.0942014048486481e-05
quantile,dd,alpha=0.01,pareto,3.0,,5623413,64,0.004993914206988905,1.0942014048486481e-05
quantile,dd,alpha=0.01,pareto,3.0,,10000000,1,0.0050048841309483245,1.1551663792800821e-05
quantile,dd,alpha=0.01,pareto,3.0,,10000000,4,0.0050048841309483245,1.1551663792800821e-05
quantile,dd,alpha=0.01,pareto,3.0,,10000000,16,0.0050048841309483245,1.1551663792800821e-05
quantile,dd,alpha=0.01,pareto,3.0,,10000000,64,0.0050048841309483245,1.1551663792800821e-05
quantile,dd,alpha=0.02,pareto,1.1,,1000,1,0.009584721612513987,0.00020097402740914543
quantile,dd,alpha=0.02,pareto,1.1,,1000,4,0.009584721612513987,0.00020097402740914543
quantile,dd,alpha=0.02,pareto,1.1,,1000,16,0.009584721612513987,0.00020097402740914543
quantile,dd,alpha=0.02,pareto,1.1,,1000,64,0.009584721612513987,0.00020097402740914543
quantile,dd,alpha=0.02,pareto,1.1,,1778,1,0.0093534455378968,0.000188297678776086
quantile,dd,alpha=0.02,pareto,1.1,,1778,4,0.0093534455378968,0.000188297678776086
quantile,dd,alpha=0.02,pareto,1.1,,1778,16,0.0093534455378968,0.000188297678776086
quantile,dd,alpha=0.02,pareto,1.1,,1778,64,0.0093534455378968,0.000188297678776086
quantile,dd,alpha=0.02,pareto,1.1,,3162,1,0.009589948262175583,0.00024278943569837723
quantile,dd,alpha=0.02,pareto,1.1,,3162,4,0.009589948262175583,0.00024278943569837723
quantile,dd,alpha=0.02,pareto,1.1,,3162,16,0.009589948262175583,0.00024278943569837723
quantile,dd,alpha=0.02,pareto,1.1,,3162,64,0.009589948262175583,0.00024278943569837723
quantile,dd,alpha=0.02,pareto,1.1,,5623,1,0.009874839021984922,0.00013696842655087777
quantile,dd,alpha=0.02,pareto,1.1,,5623,4,0.009874839021984922,0.00013696842655087777
quantile,dd,alpha=0.02,pareto,1.1,,5623,16,0.009874839021984922,0.00013696842655087777
quantile,dd,alpha=0.02,pareto,1.1,,5623,64,0.009874839021984922,0.00013696842655087777
quantile,dd,alpha=0.02,pareto,1.1,,10000,1,0.009867970527256546,9.473887285634208e-05
quantile,dd,alpha=0.02,pareto,1.1,,10000,4,0.009867970527256546,9.473887285634208e-05
quantile,dd,alpha=0.02,pareto,1.1,,10000,16,0.009867970527256546,9.473887285634208e-05
quantile,dd,alpha=0.02,pareto,1.1,,10000,64,0.009867970527256546,9.473887285634208e-05
quantile,dd,alpha=0.02,pareto,1.1,,17783,1,0.009900012349790219,0.00016448872591010835
quantile,dd,alpha=0.02,pareto,1.1,,17783,4,0.009900012349790219,0.00016448872591010835
quantile,dd,alpha=0.02,pareto,1.1,,17783,16,0.009900012349790219,0.00016448872591010835
quantile,dd,alpha=0.02,pareto,1.1,,17783,64,0.009900012349790219,0.00016448872591010835
quantile,dd,alpha=0.02,pareto,1.1,,31623,1,0.010112359826080115,0.0002967242858963039
quantile,dd,alpha=0.02,pareto,1.1,,31623,4,0.010112359826080115,0.0002967242858963039
quantile,dd,alpha=0.02,pareto,1.1,,31623,16,0.010112359826080115,0.0002967242858963039
quantile,dd,alpha=0.02,pareto,1.1,,31623,64,0.010112359826080115,0.0002967242858963039
quantile,dd,alpha=0.02,pareto,1.1,,56234,1,0.009903285894857599,0.0004518813710205391
quantile,dd,alpha=0.02,pareto,1.1,,56234,4,0.009903285894857599,0.0004518813710205391
quantile,dd,alpha=0.02,pareto,1.1,,56234,16,0.009903285894857599,0.0004518813710205391
quantile,dd,alpha=0.02,pareto,1.1,,56234,64,0.009903285894857599,0.0004518813710205391
quantile,dd,alpha=0.02,pareto,1.1,,100000,1,0.009903732287617413,0.00020171225934155395
quantile,dd,alpha=0.02,pareto,1.1,,100000,4,0.009903732287617413,0.00020171225934155395
quantile,dd,alpha=0.02,pareto,1.1,,100000,16,0.009903732287617413,0.00020171225934155395
quantile,dd,alpha=0.02,pareto,1.1,,100000,64,0.009903732287617413,0.00020171225934155395
quantile,dd,alpha=0.02,pareto,1.1,,177828,1,0.009986810662501542,0.00019507523561917113
quantile,dd,alpha=0.02,pareto,1.1,,177828,4,0.009986810662501542,0.00019507523561917113
quantile,dd,alpha=0.02,pareto,1.1,,177828,16,0.009986810662501542,0.00019507523561917113
quantile,dd,alpha=0.02,pareto,1.1,,177828,64,0.009986810662501542,0.00019507523561917113
quantile,dd,alpha=0.02,pareto,1.1,,316228,1,0.009845589409653216,0.00013578504791148644
quantile,dd,alpha=0.02,pareto,1.1,,316228,4,0.009845589409653216,0.00013578504791148644
quantile,dd,alpha=0.02,pareto,1.1,,316228,16,0.009845589409653216,0.00013578504791148644
quantile,dd,alpha=0.02,pareto,1.1,,316228,64,0.009845589409653216,0.00013578504791148644
quantile,dd,alpha=0.02,pareto,1.1,,562341,1,0.009847233231300446,0.0001286013359351198
quantile,dd,alpha=0.02,pareto,1.1,,562341,4,0.009847233231300446,0.0001286013359351198
quantile,dd,alpha=0.02,pareto,1.1,,562341,16,0.009847233231300446,0.0001286013359351198
quantile,dd,alpha=0.02,pareto,1.1,,562341,64,0.009847233231300446,0.0001286013359351198
quantile,dd,alpha=0.02,pareto,1.1,,1000000,1,0.009906033807245479,6.169755412178095e-05
quantile,dd,alpha=0.02,pareto,1.1,,1000000,4,0.009906033807245479,6.169755412178095e-05
quantile,dd,alpha=0.02,pareto,1.1,,1000000,16,0.009906033807245479,6.169755412178095e-05
quantile,dd,alpha=0.02,pareto,1.1,,1000000,64,0.009906033807245479,6.169755412178095e-05
quantile,dd,alpha=0.02,pareto,1.1,,1778279,1,0.009955560470496103,3.0446540631782434e-05
quantile,dd,alpha=0.02,pareto,1.1,,1778279,4,0.009955560470496103,3.0446540631782434e-05
quantile,dd,alpha=0.02,pareto,1.1,,1778279,16,0.009955560470496103,3.0446540631782434e-05
quantile,dd,alpha=0.02,pareto,1.1,,1778279,64,0.009955560470496103,3.0446540631782434e-05
quantile,dd,alpha=0.02,pareto,1.1,,3162278,1,0.009948755393523924,4.693619151452052e-05
quantile,dd,alpha=0.02,pareto,1.1,,3162278,4,0.009948755393523924,4.693619151452052e-05
quantile,dd,alpha=0.02,pareto,1.1,,3162278,16,0.009948755393523924,4.693619151452052e-05
quantile,dd,alpha=0.02,pareto,1.1,,3162278,64,0.009948755393523924,4.693619151452052e-05
quantile,dd,alpha=0.02,pareto,1.1,,5623413,1,0.009943159722760416,2.5994544614516356e-05
quantile,dd,alpha=0.02,pareto,1.1,,5623413,4,0.009943159722760416,2.5994544614516356e-05
quantile,dd,alpha=0.02,pareto,1.1,,5623413,16,0.009943159722760416,2.5994544614516356e-05
quantile,dd,alpha=0.02,pareto,1.1,,5623413,64,0.009943159722760416,2.5994544614516356e-05
quantile,dd,alpha=0.02,pareto,1.1,,10000000,1,0.009932450766393864,1.7129201225369346e-05
quantile,dd,alpha=0.02,pareto,1.1,,10000000,4,0.009932450766393864,1.7129201225369346e-05
quantile,dd,alpha=0.02,pareto,1.1,,10000000,16,0.009932450766393864,1.7129201225369346e-05
quantile,dd,alpha=0.02,pareto,1.1,,10000000,64,0.009932450766393864,1.7129201225369346e-05
quantile,dd,alpha=0.02,pareto,1.5,,1000,1,0.009726259607427063,0.00020195532672651672
quantile,dd,alpha=0.02,pareto,1.5,,1000,4,0.009726259607427063,0.00020195532672651672
quantile,dd,alpha=0.02,pareto,1.5,,1000,16,0.009726259607427063,0.00020195532672651672
quantile,dd,alpha=0.02,pareto,1.5,,1000,64,0.009726259607427063,0.00020195532672651672
quantile,dd,alpha=0.02,pareto,1.5,,1778,1,0.009987900853011012,0.00019133062033710113
quantile,dd,alpha=0.02,pareto,1.5,,1778,4,0.009987900853011012,0.00019133062033710113
quantile,dd,alpha=0.02,pareto,1.5,,1778,16,0.009987900853011012,0.00019133062033710113
quantile,dd,alpha=0.02,pareto,1.5,,1778,64,0.009987900853011012,0.00019133062033710113
quantile,dd,alpha=0.02,pareto,1.5,,3162,1,0.009890146265024309,0.00016710580371436873
quantile,dd,alpha=0.02,pareto,1.5,,3162,4,0.009890146265024309,0.00016710580371436873
quantile,dd,alpha=0.02,pareto,1.5,,3162,16,0.009890146265024309,0.00016710580371436873
quantile,dd,alpha=0.02,pareto,1.5,,3162,64,0.009890146265024309,0.00016710580371436873
quantile,dd,alpha=0.02,pareto,1.5,,5623,1,0.009716915767608003,0.0001680981950461665
quantile,dd,alpha=0.02,pareto,1.5,,5623,4,0.009716915767608003,0.0001680981950461665
quantile,dd,alpha=0.02,pareto,1.5,,5623,16,0.009716915767608003,0.0001680981950461665
quantile,dd,alpha=0.02,pareto,1.5,,5623,64,0.009716915767608003,0.0001680981950461665
quantile,dd,alpha=0.02,pareto,1.5,,10000,1,0.01016571868721105,0.00010889397644519945
quantile,dd,alpha=0.02,pareto,1.5,,10000,4,0.01016571868721105,0.00010889397644519945
quantile,dd,alpha=0.02,pareto,1.5,,10000,16,0.01016571868721105,0.00010889397644519945
quantile,dd,alpha=0.02,pareto,1.5,,10000,64,0.01016571868721105,0.00010889397644519945
quantile,dd,alpha=0.02,pareto,1.5,,17783,1,0.01009712408864612,0.00010954220622460357
quantile,dd,alpha=0.02,pareto,1.5,,17783,4,0.01009712408864612,0.00010954220622460357
quantile,dd,alpha=0.02,pareto,1.5,,17783,16,0.01009712408864612,0.00010954220622460357
quantile,dd,alpha=0.02,pareto,1.5,,17783,64,0.01009712408864612,0.00010954220622460357
quantile,dd,alpha=0.02,pareto,1.5,,31623,1,0.009743450977884198,8.994118223402362e-05
quantile,dd,alpha=0.02,pareto,1.5,,31623,4,0.009743450977884198,8.994118223402362e-05
quantile,dd,alpha=0.02,pareto,1.5,,31623,16,0.009743450977884198,8.994118223402362e-05
quantile,dd,alpha=0.02,pareto,1.5,,31623,64,0.009743450977884198,8.994118223402362e-05
quantile,dd,alpha=0.02,pareto,1.5,,56234,1,0.009795201584581326,5.712657253346203e-05
quantile,dd,alpha=0.02,pareto,1.5,,56234,4,0.009795201584581326,5.712657253346203e-05
quantile,dd,alpha=0.02,pareto,1.5,,56234,16,0.009795201584581326,5.712657253346203e-05
quantile,dd,alpha=0.02,pareto,1.5,,56234,64,0.009795201584581326,5.712657253346203e-05
quantile,dd,alpha=0.02,pareto,1.5,,100000,1,0.009801619890100602,9.805251718384748e-05
quantile,dd,alpha=0.02,pareto,1.5,,100000,4,0.009801619890100602,9.805251718384748e-05
quantile,dd,alpha=0.02,pareto,1.5,,100000,16,0.009801619890100602,9.805251718384748e-05
quantile,dd,alpha=0.02,pareto,1.5,,100000,64,0.009801619890100602,9.805251718384748e-05
quantile,dd,alpha=0.02,pareto,1.5,,177828,1,0.009831980782140565,0.00016520498671063625
quantile,dd,alpha=0.02,pareto,1.5,,177828,4,0.009831980782140565,0.00016520498671063625
quantile,dd,alpha=0.02,pareto,1.5,,177828,16,0.009831980782140565,0.00016520498671063625
quantile,dd,alpha=0.02,pareto,1.5,,177828,64,0.009831980782140565,0.00016520498671063625
quantile,dd,alpha=0.02,pareto,1.5,,316228,1,0.00961629971822583,6.493011908327336e-05
quantile,dd,alpha=0.02,pareto,1.5,,316228,4,0.00961629971822583,6.493011908327336e-05
quantile,dd,alpha=0.02,pareto,1.5,,316228,16,0.00961629971822583,6.493011908327336e-05
quantile,dd,alpha=0.02,pareto,1.5,,316228,64,0.00961629971822583,6.493011908327336e-05
quantile,dd,alpha=0.02,pareto,1.5,,562341,1,0.009604521964754727,4.6124251760769575e-05
quantile,dd,alpha=0.02,pareto,1.5,,562341,4,0.009604521964754727,4.6124251760769575e-05
quantile,dd,alpha=0.02,pareto,1.5,,562341,16,0.009604521964754727,4.6124251760769575e-05
quantile,dd,alpha=0.02,pareto,1.5,,562341,64,0.009604521964754727,4.6124251760769575e-05
quantile,dd,alpha=0.02,pareto,1.5,,1000000,1,0.009574006429802015,3.2522323418428436e-05
quantile,dd,alpha=0.02,pareto,1.5,,1000000,4,0.009574006429802015,3.2522323418428436e-05
quantile,dd,alpha=0.02,pareto,1.5,,1000000,16,0.009574006429802015,3.2522323418428436e-05
quantile,dd,alpha=0.02,pareto,1.5,,1000000,64,0.009574006429802015,3.2522323418428436e-05
quantile,dd,alpha=0.02,pareto,1.5,,1778279,1,0.00961309381405452,1.976708703804031e-05
quantile,dd,alpha=0.02,pareto,1.5,,1778279,4,0.00961309381405452,1.976708703804031e-05
quantile,dd,alpha=0.02,pareto,1.5,,1778279,16,0.00961309381405452,1.976708703804031e-05
quantile,dd,alpha=0.02,pareto,1.5,,1778279,64,0.00961309381405452,1.976708703804031e-05
quantile,dd,alpha=0.02,pareto,1.5,,3162278,1,0.009607073596165935,2.422051967827234e-05
quantile,dd,alpha=0.02,pareto,1.5,,3162278,4,0.009607073596165935,2.422051967827234e-05
quantile,dd,alpha=0.02,pareto,1.5,,3162278,16,0.009607073596165935,2.422051967827234e-05
quantile,dd,alpha=0.02,pareto,1.5,,3162278,64,0.009607073596165935,2.422051967827234e-05
quantile,dd,alpha=0.02,pareto,1.5,,5623413,1,0.009611124829773979,1.4802927108443127e-05
quantile,dd,alpha=0.02,pareto,1.5,,5623413,4,0.009611124829773979,1.4802927108443127e-05
quantile,dd,alpha=0.02,pareto,1.5,,5623413,16,0.009611124829773979,1.4802927108443127e-05
quantile,dd,alpha=0.02,pareto,1.5,,5623413,64,0.009611124829773979,1.4802927108443127e-05
quantile,dd,alpha=0.02,pareto,1.5,,10000000,1,0.009637879799539563,1.730225679992529e-05
quantile,dd,alpha=0.02,pareto,1.5,,10000000,4,0.009637879799539563,1.730225679992529e-05
quantile,dd,alpha=0.02,pareto,1.5,,10000000,16,0.009637879799539563,1.730225679992529e-05
quantile,dd,alpha=0.02,pareto,1.5,,10000000,64,0.009637879799539563,1.730225679992529e-05
quantile,dd,alpha=0.02,pareto,2.0,,1000,1,0.009621356032364541,0.00020568962247120945
quantile,dd,alpha=0.02,pareto,2.0,,1000,4,0.009621356032364541,0.00020568962247120945
quantile,dd,alpha=0.02,pareto,2.0,,1000,16,0.009621356032364541,0.00020568962247120945
quantile,dd,alpha=0.02,pareto,2.0,,1000,64,0.009621356032364541,0.00020568962247120945
quantile,dd,alpha=0.02,pareto,2.0,,1778,1,0.009599947982597968,0.00010195448523644982
quantile,dd,alpha=0.02,pareto,2.0,,1778,4,0.009599947982597968,0.00010195448523644982
quantile,dd,alpha=0.02,pareto,2.0,,1778,16,0.009599947982597968,0.00010195448523644982
quantile,dd,alpha=0.02,pareto,2.0,,1778,64,0.009599947982597968,0.00010195448523644982
quantile,dd,alpha=0.02,pareto,2.0,,3162,1,0.009513047371558545,0.0001122306828449735
quantile,dd,alpha=0.02,pareto,2.0,,3162,4,0.009513047371558545,0.0001122306828449735
quantile,dd,alpha=0.02,pareto,2.0,,3162,16,0.009513047371558545,0.0001122306828449735
quantile,dd,alpha=0.02,pareto,2.0,,3162,64,0.009513047371558545,0.0001122306828449735
quantile,dd,alpha=0.02,pareto,2.0,,5623,1,0.00985879937516877,0.00014848718775090273
quantile,dd,alpha=0.02,pareto,2.0,,5623,4,0.00985879937516877,0.00014848718775090273
quantile,dd,alpha=0.02,pareto,2.0,,5623,16,0.00985879937516877,0.00014848718775090273
quantile,dd,alpha=0.02,pareto,2.0,,5623,64,0.00985879937516877,0.00014848718775090273
quantile,dd,alpha=0.02,pareto,2.0,,10000,1,0.00963615723725194,0.00031237724517646606
quantile,dd,alpha=0.02,pareto,2.0,,10000,4,0.00963615723725194,0.00031237724517646606
quantile,dd,alpha=0.02,pareto,2.0,,10000,16,0.00963615723725194,0.00031237724517646606
quantile,dd,alpha=0.02,pareto,2.0,,10000,64,0.00963615723725194,0.00031237724517646606
quantile,dd,alpha=0.02,pareto,2.0,,17783,1,0.00977544722661034,0.0002310469166230315
quantile,dd,alpha=0.02,pareto,2.0,,17783,4,0.00977544722661034,0.0002310469166230315
quantile,dd,alpha=0.02,pareto,2.0,,17783,16,0.00977544722661034,0.0002310469166230315
quantile,dd,alpha=0.02,pareto,2.0,,17783,64,0.00977544722661034,0.0002310469166230315
quantile,dd,alpha=0.02,pareto,2.0,,31623,1,0.009678947508439478,0.0001107244699678297
quantile,dd,alpha=0.02,pareto,2.0,,31623,4,0.009678947508439478,0.0001107244699678297
quantile,dd,alpha=0.02,pareto,2.0,,31623,16,0.009678947508439478,0.0001107244699678297
quantile,dd,alpha=0.02,pareto,2.0,,31623,64,0.009678947508439478,0.0001107244699678297
quantile,dd,alpha=0.02,pareto,2.0,,56234,1,0.009843901913330278,0.00020710105943548128
quantile,dd,alpha=0.02,pareto,2.0,,56234,4,0.009843901913330278,0.00020710105943548128
quantile,dd,alpha=0.02,pareto,2.0,,56234,16,0.009843901913330278,0.00020710105943548128
quantile,dd,alpha=0.02,pareto,2.0,,56234,64,0.009843901913330278,0.00020710105943548128
quantile,dd,alpha=0.02,pareto,2.0,,100000,1,0.009747694901105877,8.004555395637686e-05
quantile,dd,alpha=0.02,pareto,2.0,,100000,4,0.009747694901105877,8.004555395637686e-05
quantile,dd,alpha=0.02,pareto,2.0,,100000,16,0.009747694901105877,8.004555395637686e-05
quantile,dd,alpha=0.02,pareto,2.0,,100000,64,0.009747694901105877,8.004555395637686e-05
quantile,dd,alpha=0.02,pareto,2.0,,177828,1,0.009664479186726282,0.00012334245890528847
quantile,dd,alpha=0.02,pareto,2.0,,177828,4,0.009664479186726282,0.00012334245890528847
quantile,dd,alpha=0.02,pareto,2.0,,177828,16,0.009664479186726282,0.00012334245890528847
quantile,dd,alpha=0.02,pareto,2.0,,177828,64,0.009664479186726282,0.00012334245890528847
quantile,dd,alpha=0.02,pareto,2.0,,316228,1,0.009601146068128312,6.901467608447292e-05
quantile,dd,alpha=0.02,pareto,2.0,,316228,4,0.009601146068128312,6.901467608447292e-05
quantile,dd,alpha=0.02,pareto,2.0,,316228,16,0.009601146068128312,6.901467608447292e-05
quantile,dd,alpha=0.02,pareto,2.0,,316228,64,0.009601146068128312,6.901467608447292e-05
quantile,dd,alpha=0.02,pareto,2.0,,562341,1,0.00961919403611114,4.747884637115893e-05
quantile,dd,alpha=0.02,pareto,2.0,,562341,4,0.00961919403611114,4.747884637115893e-05
quantile,dd,alpha=0.02,pareto,2.0,,562341,16,0.00961919403611114,4.747884637115893e-05
quantile,dd,alpha=0.02,pareto,2.0,,562341,64,0.00961919403611114,4.747884637115893e-05
quantile,dd,alpha=0.02,pareto,2.0,,1000000,1,0.009645356060512198,3.8166864909145145e-05
quantile,dd,alpha=0.02,pareto,2.0,,1000000,4,0.009645356060512198,3.8166864909145145e-05
quantile,dd,alpha=0.02,pareto,2.0,,1000000,16,0.009645356060512198,3.8166864909145145e-05
quantile,dd,alpha=0.02,pareto,2.0,,1000000,64,0.009645356060512198,3.8166864909145145e-05
quantile,dd,alpha=0.02,pareto,2.0,,1778279,1,0.009681594559413503,1.4270770851851096e-05
quantile,dd,alpha=0.02,pareto,2.0,,1778279,4,0.009681594559413503,1.4270770851851096e-05
quantile,dd,alpha=0.02,pareto,2.0,,1778279,16,0.009681594559413503,1.4270770851851096e-05
quantile,dd,alpha=0.02,pareto,2.0,,1778279,64,0.009681594559413503,1.4270770851851096e-05
quantile,dd,alpha=0.02,pareto,2.0,,3162278,1,0.009651197508856799,1.699630641728546e-05
quantile,dd,alpha=0.02,pareto,2.0,,3162278,4,0.009651197508856799,1.699630641728546e-05
quantile,dd,alpha=0.02,pareto,2.0,,3162278,16,0.009651197508856799,1.699630641728546e-05
quantile,dd,alpha=0.02,pareto,2.0,,3162278,64,0.009651197508856799,1.699630641728546e-05
quantile,dd,alpha=0.02,pareto,2.0,,5623413,1,0.009652027938045827,1.124623125994465e-05
quantile,dd,alpha=0.02,pareto,2.0,,5623413,4,0.009652027938045827,1.124623125994465e-05
quantile,dd,alpha=0.02,pareto,2.0,,5623413,16,0.009652027938045827,1.124623125994465e-05
quantile,dd,alpha=0.02,pareto,2.0,,5623413,64,0.009652027938045827,1.124623125994465e-05
quantile,dd,alpha=0.02,pareto,2.0,,10000000,1,0.00966367429530464,2.012196953502676e-05
quantile,dd,alpha=0.02,pareto,2.0,,10000000,4,0.00966367429530464,2.012196953502676e-05
quantile,dd,alpha=0.02,pareto,2.0,,10000000,16,0.00966367429530464,2.012196953502676e-05
quantile,dd,alpha=0.02,pareto,2.0,,10000000,64,0.00966367429530464,2.012196953502676e-05
quantile,dd,alpha=0.02,pareto,3.0,,1000,1,0.009692039356438068,0.0002196559177898699
quantile,dd,alpha=0.02,pareto,3.0,,1000,4,0.009692039356438068,0.0002196559177898699
quantile,dd,alpha=0.02,pareto,3.0,,1000,16,0.009692039356438068,0.0002196559177898699
quantile,dd,alpha=0.02,pareto,3.0,,1000,64,0.009692039356438068,0.0002196559177898699
quantile,dd,alpha=0.02,pareto,3.0,,1778,1,0.009538731469123997,4.41558922431069e-05
quantile,dd,alpha=0.02,pareto,3.0,,1778,4,0.009538731469123997,4.41558922431069e-05
quantile,dd,alpha=0.02,pareto,3.0,,1778,16,0.009538731469123997,4.41558922431069e-05
quantile,dd,alpha=0.02,pareto,3.0,,1778,64,0.009538731469123997,4.41558922431069e-05
quantile,dd,alpha=0.02,pareto,3.0,,3162,1,0.009376521092842463,8.131563292808476e-05
quantile,dd,alpha=0.02,pareto,3.0,,3162,4,0.009376521092842463,8.131563292808476e-05
quantile,dd,alpha=0.02,pareto,3.0,,3162,16,0.009376521092842463,8.131563292808476e-05
quantile,dd,alpha=0.02,pareto,3.0,,3162,64,0.009376521092842463,8.131563292808476e-05
quantile,dd,alpha=0.02,pareto,3.0,,5623,1,0.009911090329877928,0.000197840906676295
quantile,dd,alpha=0.02,pareto,3.0,,5623,4,0.009911090329877928,0.000197840906676295
quantile,dd,alpha=0.02,pareto,3.0,,5623,16,0.009911090329877928,0.000197840906676295
quantile,dd,alpha=0.02,pareto,3.0,,5623,64,0.009911090329877928,0.000197840906676295
quantile,dd,alpha=0.02,pareto,3.0,,10000,1,0.009789309185114616,2.567008815678925e-05
quantile,dd,alpha=0.02,pareto,3.0,,10000,4,0.009789309185114616,2.567008815678925e-05
quantile,dd,alpha=0.02,pareto,3.0,,10000,16,0.009789309185114616,2.567008815678925e-05
quantile,dd,alpha=0.02,pareto,3.0,,10000,64,0.009789309185114616,2.567008815678925e-05
quantile,dd,alpha=0.02,pareto,3.0,,17783,1,0.009697011228071215,0.00012001529198969753
quantile,dd,alpha=0.02,pareto,3.0,,17783,4,0.009697011228071215,0.00012001529198969753
quantile,dd,alpha=0.02,pareto,3.0,,17783,16,0.009697011228071215,0.00012001529198969753
quantile,dd,alpha=0.02,pareto,3.0,,17783,64,0.009697011228071215,0.00012001529198969753
quantile,dd,alpha=0.02,pareto,3.0,,31623,1,0.009744260632427773,4.193425350960549e-05
quantile,dd,alpha=0.02,pareto,3.0,,31623,4,0.009744260632427773,4.193425350960549e-05
quantile,dd,alpha=0.02,pareto,3.0,,31623,16,0.009744260632427773,4.193425350960549e-05
quantile,dd,alpha=0.02,pareto,3.0,,31623,64,0.009744260632427773,4.193425350960549e-05
quantile,dd,alpha=0.02,pareto,3.0,,56234,1,0.009691750278075952,2.3296562508994938e-05
quantile,dd,alpha=0.02,pareto,3.0,,56234,4,0.009691750278075952,2.3296562508994938e-05
quantile,dd,alpha=0.02,pareto,3.0,,56234,16,0.009691750278075952,2.3296562508994938e-05
quantile,dd,alpha=0.02,pareto,3.0,,56234,64,0.009691750278075952,2.3296562508994938e-05
quantile,dd,alpha=0.02,pareto,3.0,,100000,1,0.00973507564890149,0.00012439378541957659
quantile,dd,alpha=0.02,pareto,3.0,,100000,4,0.00973507564890149,0.00012439378541957659
quantile,dd,alpha=0.02,pareto,3.0,,100000,16,0.00973507564890149,0.00012439378541957659
quantile,dd,alpha=0.02,pareto,3.0,,100000,64,0.00973507564890149,0.00012439378541957659
quantile,dd,alpha=0.02,pareto,3.0,,177828,1,0.009751157987239883,7.3322775769131e-05
quantile,dd,alpha=0.02,pareto,3.0,,177828,4,0.009751157987239883,7.3322775769131e-05
quantile,dd,alpha=0.02,pareto,3.0,,177828,16,0.009751157987239883,7.3322775769131e-05
quantile,dd,alpha=0.02,pareto,3.0,,177828,64,0.009751157987239883,7.3322775769131e-05
quantile,dd,alpha=0.02,pareto,3.0,,316228,1,0.009797740249154955,3.698769204901673e-05
quantile,dd,alpha=0.02,pareto,3.0,,316228,4,0.009797740249154955,3.698769204901673e-05
quantile,dd,alpha=0.02,pareto,3.0,,316228,16,0.009797740249154955,3.698769204901673e-05
quantile,dd,alpha=0.02,pareto,3.0,,316228,64,0.009797740249154955,3.698769204901673e-05
quantile,dd,alpha=0.02,pareto,3.0,,562341,1,0.00980210077646841,5.415198887703573e-05
quantile,dd,alpha=0.02,pareto,3.0,,562341,4,0.00980210077646841,5.415198887703573e-05
quantile,dd,alpha=0.02,pareto,3.0,,562341,16,0.00980210077646841,5.415198887703573e-05
quantile,dd,alpha=0.02,pareto,3.0,,562341,64,0.00980210077646841,5.415198887703573e-05
quantile,dd,alpha=0.02,pareto,3.0,,1000000,1,0.009771020747097544,7.973366028453362e-06
quantile,dd,alpha=0.02,pareto,3.0,,1000000,4,0.009771020747097544,7.973366028453362e-06
quantile,dd,alpha=0.02,pareto,3.0,,1000000,16,0.009771020747097544,7.973366028453362e-06
quantile,dd,alpha=0.02,pareto,3.0,,1000000,64,0.009771020747097544,7.973366028453362e-06
quantile,dd,alpha=0.02,pareto,3.0,,1778279,1,0.009763414640410103,2.8645524011171847e-05
quantile,dd,alpha=0.02,pareto,3.0,,1778279,4,0.009763414640410103,2.8645524011171847e-05
quantile,dd,alpha=0.02,pareto,3.0,,1778279,16,0.009763414640410103,2.8645524011171847e-05
quantile,dd,alpha=0.02,pareto,3.0,,1778279,64,0.009763414640410103,2.8645524011171847e-05
quantile,dd,alpha=0.02,pareto,3.0,,3162278,1,0.00976857149703775,1.2710169219467637e-05
quantile,dd,alpha=0.02,pareto,3.0,,3162278,4,0.00976857149703775,1.2710169219467637e-05
quantile,dd,alpha=0.02,pareto,3.0,,3162278,16,0.00976857149703775,1.2710169219467637e-05
quantile,dd,alpha=0.02,pareto,3.0,,3162278,64,0.00976857149703775,1.2710169219467637e-05
quantile,dd,alpha=0.02,pareto,3.0,,5623413,1,0.00976051128472574,1.5461332206193086e-05
quantile,dd,alpha=0.02,pareto,3.0,,5623413,4,0.00976051128472574,1.5461332206193086e-05
quantile,dd,alpha=0.02,pareto,3.0,,5623413,16,0.00976051128472574,1.5461332206193086e-05
quantile,dd,alpha=0.02,pareto,3.0,,5623413,64,0.00976051128472574,1.5461332206193086e-05
quantile,dd,alpha=0.02,pareto,3.0,,10000000,1,0.009761265753527077,1.3706421657231653e-05
quantile,dd,alpha=0.02,pareto,3.0,,10000000,4,0.009761265753527077,1.3706421657231653e-05
quantile,dd,alpha=0.02,pareto,3.0,,10000000,16,0.009761265753527077,1.3706421657231653e-05
quantile,dd,alpha=0.02,pareto,3.0,,10000000,64,0.009761265753527077,1.3706421657231653e-05
quantile,dd,alpha=0.05,pareto,1.1,,1000,1,0.02450447735555927,0.000291772934921442
quantile,dd,alpha=0.05,pareto,1.1,,1000,4,0.02450447735555927,0.000291772934921442
quantile,dd,alpha=0.05,pareto,1.1,,1000,16,0.02450447735555927,0.000291772934921442
quantile,dd,alpha=0.05,pareto,1.1,,1000,64,0.02450447735555927,0.000291772934921442
quantile,dd,alpha=0.05,pareto,1.1,,1778,1,0.024335144143366017,0.0006598671765036517
quantile,dd,alpha=0.05,pareto,1.1,,1778,4,0.024335144143366017,0.0006598671765036517
quantile,dd,alpha=0.05,pareto,1.1,,1778,16,0.024335144143366017,0.0006598671765036517
quantile,dd,alpha=0.05,pareto,1.1,,1778,64,0.024335144143366017,0.0006598671765036517
quantile,dd,alpha=0.05,pareto,1.1,,3162,1,0.024355232581113887,0.00011844257405832005
quantile,dd,alpha=0.05,pareto,1.1,,3162,4,0.024355232581113887,0.00011844257405832005
quantile,dd,alpha=0.05,pareto,1.1,,3162,16,0.024355232581113887,0.00011844257405832005
quantile,dd,alpha=0.05,pareto,1.1,,3162,64,0.024355232581113887,0.00011844257405832005
quantile,dd,alpha=0.05,pareto,1.1,,5623,1,0.02443541420457988,0.00023612113131663007
quantile,dd,alpha=0.05,pareto,1.1,,5623,4,0.02443541420457988,0.00023612113131663007
quantile,dd,alpha=0.05,pareto,1.1,,5623,16,0.02443541420457988,0.00023612113131663007
quantile,dd,alpha=0.05,pareto,1.1,,5623,64,0.02443541420457988,0.00023612113131663007
quantile,dd,alpha=0.05,pareto,1.1,,10000,1,0.02442823948205071,0.00020607072702100312
quantile,dd,alpha=0.05,pareto,1.1,,10000,4,0.02442823948205071,0.00020607072702100312
quantile,dd,alpha=0.05,pareto,1.1,,10000,16,0.02442823948205071,0.00020607072702100312
quantile,dd,alpha=0.05,pareto,1.1,,10000,64,0.02442823948205071,0.00020607072702100312
quantile,dd,alpha=0.05,pareto,1.1,,17783,1,0.02433857527418888,0.00011958604836639816
quantile,dd,alpha=0.05,pareto,1.1,,17783,4,0.02433857527418888,0.00011958604836639816
quantile,dd,alpha=0.05,pareto,1.1,,17783,16,0.02433857527418888,0.00011958604836639816
quantile,dd,alpha=0.05,pareto,1.1,,17783,64,0.02433857527418888,0.00011958604836639816
quantile,dd,alpha=0.05,pareto,1.1,,31623,1,0.02440987546906574,9.292887431939611e-05
quantile,dd,alpha=0.05,pareto,1.1,,31623,4,0.02440987546906574,9.292887431939611e-05
quantile,dd,alpha=0.05,pareto,1.1,,31623,16,0.02440987546906574,9.292887431939611e-05
quantile,dd,alpha=0.05,pareto,1.1,,31623,64,0.02440987546906574,9.292887431939611e-05
quantile,dd,alpha=0.05,pareto,1.1,,56234,1,0.024405404331169233,0.00010097781485675116
quantile,dd,alpha=0.05,pareto,1.1,,56234,4,0.024405404331169233,0.00010097781485675116
quantile,dd,alpha=0.05,pareto,1.1,,56234,16,0.024405404331169233,0.00010097781485675116
quantile,dd,alpha=0.05,pareto,1.1,,56234,64,0.024405404331169233,0.00010097781485675116
quantile,dd,alpha=0.05,pareto,1.1,,100000,1,0.02472460300076491,0.00011978149199140132
quantile,dd,alpha=0.05,pareto,1.1,,100000,4,0.02472460300076491,0.00011978149199140132
quantile,dd,alpha=0.05,pareto,1.1,,100000,16,0.02472460300076491,0.00011978149199140132
quantile,dd,alpha=0.05,pareto,1.1,,100000,64,0.02472460300076491,0.00011978149199140132
quantile,dd,alpha=0.05,pareto,1.1,,177828,1,0.02490043782031447,0.00018390459020778448
quantile,dd,alpha=0.05,pareto,1.1,,177828,4,0.02490043782031447,0.00018390459020778448
quantile,dd,alpha=0.05,pareto,1.1,,177828,16,0.02490043782031447,0.00018390459020778448
quantile,dd,alpha=0.05,pareto,1.1,,177828,64,0.02490043782031447,0.00018390459020778448
quantile,dd,alpha=0.05,pareto,1.1,,316228,1,0.025040246314995546,0.0001036061308841379
quantile,dd,alpha=0.05,pareto,1.1,,316228,4,0.025040246314995546,0.0001036061308841379
quantile,dd,alpha=0.05,pareto,1.1,,316228,16,0.025040246314995546,0.0001036061308841379
quantile,dd,alpha=0.05,pareto,1.1,,316228,64,0.025040246314995546,0.0001036061308841379
quantile,dd,alpha=0.05,pareto,1.1,,562341,1,0.025026194430683008,6.630073319123644e-05
quantile,dd,alpha=0.05,pareto,1.1,,562341,4,0.025026194430683008,6.630073319123644e-05
quantile,dd,alpha=0.05,pareto,1.1,,562341,16,0.025026194430683008,6.630073319123644e-05
quantile,dd,alpha=0.05,pareto,1.1,,562341,64,0.025026194430683008,6.630073319123644e-05
quantile,dd,alpha=0.05,pareto,1.1,,1000000,1,0.025023470061875847,2.1174129798528795e-05
quantile,dd,alpha=0.05,pareto,1.1,,1000000,4,0.025023470061875847,2.1174129798528795e-05
quantile,dd,alpha=0.05,pareto,1.1,,1000000,16,0.025023470061875847,2.1174129798528795e-05
quantile,dd,alpha=0.05,pareto,1.1,,1000000,64,0.025023470061875847,2.1174129798528795e-05
quantile,dd,alpha=0.05,pareto,1.1,,1778279,1,0.024989119900911485,4.644175648715688e-05
quantile,dd,alpha=0.05,pareto,1.1,,1778279,4,0.024989119900911485,4.644175648715688e-05
quantile,dd,alpha=0.05,pareto,1.1,,1778279,16,0.024989119900911485,4.644175648715688e-05
quantile,dd,alpha=0.05,pareto,1.1,,1778279,64,0.024989119900911485,4.644175648715688e-05
quantile,dd,alpha=0.05,pareto,1.1,,3162278,1,0.0249772750839465,4.107786158486351e-05
quantile,dd,alpha=0.05,pareto,1.1,,3162278,4,0.0249772750839465,4.107786158486351e-05
quantile,dd,alpha=0.05,pareto,1.1,,3162278,16,0.0249772750839465,4.107786158486351e-05
quantile,dd,alpha=0.05,pareto,1.1,,3162278,64,0.0249772750839465,4.107786158486351e-05
quantile,dd,alpha=0.05,pareto,1.1,,5623413,1,0.02486537607539345,1.6295084543872427e-05
quantile,dd,alpha=0.05,pareto,1.1,,5623413,4,0.02486537607539345,1.6295084543872427e-05
quantile,dd,alpha=0.05,pareto,1.1,,5623413,16,0.02486537607539345,1.6295084543872427e-05
quantile,dd,alpha=0.05,pareto,1.1,,5623413,64,0.02486537607539345,1.6295084543872427e-05
quantile,dd,alpha=0.05,pareto,1.1,,10000000,1,0.024921173898693156,2.8082645880241105e-05
quantile,dd,alpha=0.05,pareto,1.1,,10000000,4,0.024921173898693156,2.8082645880241105e-05
quantile,dd,alpha=0.05,pareto,1.1,,10000000,16,0.024921173898693156,2.8082645880241105e-05
quantile,dd,alpha=0.05,pareto,1.1,,10000000,64,0.024921173898693156,2.8082645880241105e-05
quantile,dd,alpha=0.05,pareto,1.5,,1000,1,0.024627710895722934,0.00034640398714521004
quantile,dd,alpha=0.05,pareto,1.5,,1000,4,0.024627710895722934,0.00034640398714521004
quantile,dd,alpha=0.05,pareto,1.5,,1000,16,0.024627710895722934,0.00034640398714521004
quantile,dd,alpha=0.05,pareto,1.5,,1000,64,0.024627710895722934,0.00034640398714521004
quantile,dd,alpha=0.05,pareto,1.5,,1778,1,0.02424551604791905,0.0005076416103218381
quantile,dd,alpha=0.05,pareto,1.5,,1778,4,0.02424551604791905,0.0005076416103218381
quantile,dd,alpha=0.05,pareto,1.5,,1778,16,0.02424551604791905,0.0005076416103218381
quantile,dd,alpha=0.05,pareto,1.5,,1778,64,0.02424551604791905,0.0005076416103218381
quantile,dd,alpha=0.05,pareto,1.5,,3162,1,0.024282611734063212,4.236580572321042e-05
quantile,dd,alpha=0.05,pareto,1.5,,3162,4,0.024282611734063212,4.236580572321042e-05
quantile,dd,alpha=0.05,pareto,1.5,,3162,16,0.024282611734063212,4.236580572321042e-05
quantile,dd,alpha=0.05,pareto,1.5,,3162,64,0.024282611734063212,4.236580572321042e-05
quantile,dd,alpha=0.05,pareto,1.5,,5623,1,0.02486887287844283,0.00013870271075751238
quantile,dd,alpha=0.05,pareto,1.5,,5623,4,0.02486887287844283,0.00013870271075751238
quantile,dd,alpha=0.05,pareto,1.5,,5623,16,0.02486887287844283,0.00013870271075751238
quantile,dd,alpha=0.05,pareto,1.5,,5623,64,0.02486887287844283,0.00013870271075751238
quantile,dd,alpha=0.05,pareto,1.5,,10000,1,0.024672939621918688,0.00011925519163244247
quantile,dd,alpha=0.05,pareto,1.5,,10000,4,0.024672939621918688,0.00011925519163244247
quantile,dd,alpha=0.05,pareto,1.5,,10000,16,0.024672939621918688,0.00011925519163244247
quantile,dd,alpha=0.05,pareto,1.5,,10000,64,0.024672939621918688,0.00011925519163244247
quantile,dd,alpha=0.05,pareto,1.5,,17783,1,0.02467043836326897,0.0001486655121054844
quantile,dd,alpha=0.05,pareto,1.5,,17783,4,0.02467043836326897,0.0001486655121054844
quantile,dd,alpha=0.05,pareto,1.5,,17783,16,0.02467043836326897,0.0001486655121054844
quantile,dd,alpha=0.05,pareto,1.5,,17783,64,0.02467043836326897,0.0001486655121054844
quantile,dd,alpha=0.05,pareto,1.5,,31623,1,0.024450039979214966,4.4763343444841554e-05
quantile,dd,alpha=0.05,pareto,1.5,,31623,4,0.024450039979214966,4.4763343444841554e-05
quantile,dd,alpha=0.05,pareto,1.5,,31623,16,0.024450039979214966,4.4763343444841554e-05
quantile,dd,alpha=0.05,pareto,1.5,,31623,64,0.024450039979214966,4.4763343444841554e-05
quantile,dd,alpha=0.05,pareto,1.5,,56234,1,0.024428483276544677,1.886818157765392e-05
quantile,dd,alpha=0.05,pareto,1.5,,56234,4,0.024428483276544677,1.886818157765392e-05
quantile,dd,alpha=0.05,pareto,1.5,,56234,16,0.024428483276544677,1.886818157765392e-05
quantile,dd,alpha=0.05,pareto,1.5,,56234,64,0.024428483276544677,1.886818157765392e-05
quantile,dd,alpha=0.05,pareto,1.5,,100000,1,0.02437472008599777,4.558724300629549e-05
quantile,dd,alpha=0.05,pareto,1.5,,100000,4,0.02437472008599777,4.558724300629549e-05
quantile,dd,alpha=0.05,pareto,1.5,,100000,16,0.02437472008599777,4.558724300629549e-05
quantile,dd,alpha=0.05,pareto,1.5,,100000,64,0.02437472008599777,4.558724300629549e-05
quantile,dd,alpha=0.05,pareto,1.5,,177828,1,0.024454745784621895,3.3789137806227886e-05
quantile,dd,alpha=0.05,pareto,1.5,,177828,4,0.024454745784621895,3.3789137806227886e-05
quantile,dd,alpha=0.05,pareto,1.5,,177828,16,0.024454745784621895,3.3789137806227886e-05
quantile,dd,alpha=0.05,pareto,1.5,,177828,64,0.024454745784621895,3.3789137806227886e-05
quantile,dd,alpha=0.05,pareto,1.5,,316228,1,0.024423227996328567,2.5540460567900715e-05
quantile,dd,alpha=0.05,pareto,1.5,,316228,4,0.024423227996328567,2.5540460567900715e-05
quantile,dd,alpha=0.05,pareto,1.5,,316228,16,0.024423227996328567,2.5540460567900715e-05
quantile,dd,alpha=0.05,pareto,1.5,,316228,64,0.024423227996328567,2.5540460567900715e-05
quantile,dd,alpha=0.05,pareto,1.5,,562341,1,0.024443841833556135,3.9315439323049394e-05
quantile,dd,alpha=0.05,pareto,1.5,,562341,4,0.024443841833556135,3.9315439323049394e-05
quantile,dd,alpha=0.05,pareto,1.5,,562341,16,0.024443841833556135,3.9315439323049394e-05
quantile,dd,alpha=0.05,pareto,1.5,,562341,64,0.024443841833556135,3.9315439323049394e-05
quantile,dd,alpha=0.05,pareto,1.5,,1000000,1,0.024415282930237397,1.6476523385655517e-05
quantile,dd,alpha=0.05,pareto,1.5,,1000000,4,0.024415282930237397,1.6476523385655517e-05
quantile,dd,alpha=0.05,pareto,1.5,,1000000,16,0.024415282930237397,1.6476523385655517e-05
quantile,dd,alpha=0.05,pareto,1.5,,1000000,64,0.024415282930237397,1.6476523385655517e-05
quantile,dd,alpha=0.05,pareto,1.5,,1778279,1,0.02444655896439688,7.707790373050156e-06
quantile,dd,alpha=0.05,pareto,1.5,,1778279,4,0.02444655896439688,7.707790373050156e-06
quantile,dd,alpha=0.05,pareto,1.5,,1778279,16,0.02444655896439688,7.707790373050156e-06
quantile,dd,alpha=0.05,pareto,1.5,,1778279,64,0.02444655896439688,7.707790373050156e-06
quantile,dd,alpha=0.05,pareto,1.5,,3162278,1,0.02445757866011709,6.711299732016648e-06
quantile,dd,alpha=0.05,pareto,1.5,,3162278,4,0.02445757866011709,6.711299732016648e-06
quantile,dd,alpha=0.05,pareto,1.5,,3162278,16,0.02445757866011709,6.711299732016648e-06
quantile,dd,alpha=0.05,pareto,1.5,,3162278,64,0.02445757866011709,6.711299732016648e-06
quantile,dd,alpha=0.05,pareto,1.5,,5623413,1,0.02448934939438927,9.759312530755725e-06
quantile,dd,alpha=0.05,pareto,1.5,,5623413,4,0.02448934939438927,9.759312530755725e-06
quantile,dd,alpha=0.05,pareto,1.5,,5623413,16,0.02448934939438927,9.759312530755725e-06
quantile,dd,alpha=0.05,pareto,1.5,,5623413,64,0.02448934939438927,9.759312530755725e-06
quantile,dd,alpha=0.05,pareto,1.5,,10000000,1,0.024473440529436702,1.04448648474397e-05
quantile,dd,alpha=0.05,pareto,1.5,,10000000,4,0.024473440529436702,1.04448648474397e-05
quantile,dd,alpha=0.05,pareto,1.5,,10000000,16,0.024473440529436702,1.04448648474397e-05
quantile,dd,alpha=0.05,pareto,1.5,,10000000,64,0.024473440529436702,1.04448648474397e-05
quantile,dd,alpha=0.05,pareto,2.0,,1000,1,0.02438454103914105,0.00018572955979078592
quantile,dd,alpha=0.05,pareto,2.0,,1000,4,0.02438454103914105,0.00018572955979078592
quantile,dd,alpha=0.05,pareto,2.0,,1000,16,0.02438454103914105,0.00018572955979078592
quantile,dd,alpha=0.05,pareto,2.0,,1000,64,0.02438454103914105,0.00018572955979078592
quantile,dd,alpha=0.05,pareto,2.0,,1778,1,0.02419715490756642,0.00023700702034294257
quantile,dd,alpha=0.05,pareto,2.0,,1778,4,0.02419715490756642,0.00023700702034294257
quantile,dd,alpha=0.05,pareto,2.0,,1778,16,0.02419715490756642,0.00023700702034294257
quantile,dd,alpha=0.05,pareto,2.0,,1778,64,0.02419715490756642,0.00023700702034294257
quantile,dd,alpha=0.05,pareto,2.0,,3162,1,0.024072569890789954,7.62224875095946e-05
quantile,dd,alpha=0.05,pareto,2.0,,3162,4,0.024072569890789954,7.62224875095946e-05
quantile,dd,alpha=0.05,pareto,2.0,,3162,16,0.024072569890789954,7.62224875095946e-05
quantile,dd,alpha=0.05,pareto,2.0,,3162,64,0.024072569890789954,7.62224875095946e-05
quantile,dd,alpha=0.05,pareto,2.0,,5623,1,0.02422019392529458,0.00037498601616358664
quantile,dd,alpha=0.05,pareto,2.0,,5623,4,0.02422019392529458,0.00037498601616358664
quantile,dd,alpha=0.05,pareto,2.0,,5623,16,0.02422019392529458,0.00037498601616358664
quantile,dd,alpha=0.05,pareto,2.0,,5623,64,0.02422019392529458,0.00037498601616358664
quantile,dd,alpha=0.05,pareto,2.0,,10000,1,0.02405861630436142,0.00017707450702197783
quantile,dd,alpha=0.05,pareto,2.0,,10000,4,0.02405861630436142,0.00017707450702197783
quantile,dd,alpha=0.05,pareto,2.0,,10000,16,0.02405861630436142,0.00017707450702197783
quantile,dd,alpha=0.05,pareto,2.0,,10000,64,0.02405861630436142,0.00017707450702197783
quantile,dd,alpha=0.05,pareto,2.0,,17783,1,0.024345576414887635,0.00013704575083766014
quantile,dd,alpha=0.05,pareto,2.0,,17783,4,0.024345576414887635,0.00013704575083766014
quantile,dd,alpha=0.05,pareto,2.0,,17783,16,0.024345576414887635,0.00013704575083766014
quantile,dd,alpha=0.05,pareto,2.0,,17783,64,0.024345576414887635,0.00013704575083766014
quantile,dd,alpha=0.05,pareto,2.0,,31623,1,0.024497640379951873,0.00012719076835757346
quantile,dd,alpha=0.05,pareto,2.0,,31623,4,0.024497640379951873,0.00012719076835757346
quantile,dd,alpha=0.05,pareto,2.0,,31623,16,0.024497640379951873,0.00012719076835757346
quantile,dd,alpha=0.05,pareto,2.0,,31623,64,0.024497640379951873,0.00012719076835757346
quantile,dd,alpha=0.05,pareto,2.0,,56234,1,0.02453934370484225,9.028939974918943e-05
quantile,dd,alpha=0.05,pareto,2.0,,56234,4,0.02453934370484225,9.028939974918943e-05
quantile,dd,alpha=0.05,pareto,2.0,,56234,16,0.02453934370484225,9.028939974918943e-05
quantile,dd,alpha=0.05,pareto,2.0,,56234,64,0.02453934370484225,9.028939974918943e-05
quantile,dd,alpha=0.05,pareto,2.0,,100000,1,0.024598555960074858,2.279371757176773e-05
quantile,dd,alpha=0.05,pareto,2.0,,100000,4,0.024598555960074858,2.279371757176773e-05
quantile,dd,alpha=0.05,pareto,2.0,,100000,16,0.024598555960074858,2.279371757176773e-05
quantile,dd,alpha=0.05,pareto,2.0,,100000,64,0.024598555960074858,2.279371757176773e-05
quantile,dd,alpha=0.05,pareto,2.0,,177828,1,0.024575618226031798,8.636904771961644e-05
quantile,dd,alpha=0.05,pareto,2.0,,177828,4,0.024575618226031798,8.636904771961644e-05
quantile,dd,alpha=0.05,pareto,2.0,,177828,16,0.024575618226031798,8.636904771961644e-05
quantile,dd,alpha=0.05,pareto,2.0,,177828,64,0.024575618226031798,8.636904771961644e-05
quantile,dd,alpha=0.05,pareto,2.0,,316228,1,0.024612288529129944,4.161301940193775e-05
quantile,dd,alpha=0.05,pareto,2.0,,316228,4,0.024612288529129944,4.161301940193775e-05
quantile,dd,alpha=0.05,pareto,2.0,,316228,16,0.024612288529129944,4.161301940193775e-05
quantile,dd,alpha=0.05,pareto,2.0,,316228,64,0.024612288529129944,4.161301940193775e-05
quantile,dd,alpha=0.05,pareto,2.0,,562341,1,0.024606047048717345,1.2668685109497298e-05
quantile,dd,alpha=0.05,pareto,2.0,,562341,4,0.024606047048717345,1.2668685109497298e-05
quantile,dd,alpha=0.05,pareto,2.0,,562341,16,0.024606047048717345,1.2668685109497298e-05
quantile,dd,alpha=0.05,pareto,2.0,,562341,64,0.024606047048717345,1.2668685109497298e-05
quantile,dd,alpha=0.05,pareto,2.0,,1000000,1,0.024618048538218917,2.520559402800658e-05
quantile,dd,alpha=0.05,pareto,2.0,,1000000,4,0.024618048538218917,2.520559402800658e-05
quantile,dd,alpha=0.05,pareto,2.0,,1000000,16,0.024618048538218917,2.520559402800658e-05
quantile,dd,alpha=0.05,pareto,2.0,,1000000,64,0.024618048538218917,2.520559402800658e-05
quantile,dd,alpha=0.05,pareto,2.0,,1778279,1,0.024607821854097992,2.734565867191029e-05
quantile,dd,alpha=0.05,pareto,2.0,,1778279,4,0.024607821854097992,2.734565867191029e-05
quantile,dd,alpha=0.05,pareto,2.0,,1778279,16,0.024607821854097992,2.734565867191029e-05
quantile,dd,alpha=0.05,pareto,2.0,,1778279,64,0.024607821854097992,2.734565867191029e-05
quantile,dd,alpha=0.05,pareto,2.0,,3162278,1,0.024598411987266606,1.4826166697861728e-05
quantile,dd,alpha=0.05,pareto,2.0,,3162278,4,0.024598411987266606,1.4826166697861728e-05
quantile,dd,alpha=0.05,pareto,2.0,,3162278,16,0.024598411987266606,1.4826166697861728e-05
quantile,dd,alpha=0.05,pareto,2.0,,3162278,64,0.024598411987266606,1.4826166697861728e-05
quantile,dd,alpha=0.05,pareto,2.0,,5623413,1,0.024617558469977447,8.443267320404347e-06
quantile,dd,alpha=0.05,pareto,2.0,,5623413,4,0.024617558469977447,8.443267320404347e-06
quantile,dd,alpha=0.05,pareto,2.0,,5623413,16,0.024617558469977447,8.443267320404347e-06
quantile,dd,alpha=0.05,pareto,2.0,,5623413,64,0.024617558469977447,8.443267320404347e-06
quantile,dd,alpha=0.05,pareto,2.0,,10000000,1,0.02463159649785922,1.5306481601510088e-05
quantile,dd,alpha=0.05,pareto,2.0,,10000000,4,0.02463159649785922,1.5306481601510088e-05
quantile,dd,alpha=0.05,pareto,2.0,,10000000,16,0.02463159649785922,1.5306481601510088e-05
quantile,dd,alpha=0.05,pareto,2.0,,10000000,64,0.02463159649785922,1.5306481601510088e-05
quantile,dd,alpha=0.05,pareto,3.0,,1000,1,0.024535037961641703,0.0005302892682832607
quantile,dd,alpha=0.05,pareto,3.0,,1000,4,0.024535037961641703,0.0005302892682832607
quantile,dd,alpha=0.05,pareto,3.0,,1000,16,0.024535037961641703,0.0005302892682832607
quantile,dd,alpha=0.05,pareto,3.0,,1000,64,0.024535037961641703,0.0005302892682832607
quantile,dd,alpha=0.05,pareto,3.0,,1778,1,0.024622807581823624,0.00013574470992768034
quantile,dd,alpha=0.05,pareto,3.0,,1778,4,0.024622807581823624,0.00013574470992768034
quantile,dd,alpha=0.05,pareto,3.0,,1778,16,0.024622807581823624,0.00013574470992768034
quantile,dd,alpha=0.05,pareto,3.0,,1778,64,0.024622807581823624,0.00013574470992768034
quantile,dd,alpha=0.05,pareto,3.0,,3162,1,0.02415726815615897,0.0001867437063174704
quantile,dd,alpha=0.05,pareto,3.0,,3162,4,0.02415726815615897,0.0001867437063174704
quantile,dd,alpha=0.05,pareto,3.0,,3162,16,0.02415726815615897,0.0001867437063174704
quantile,dd,alpha=0.05,pareto,3.0,,3162,64,0.02415726815615897,0.0001867437063174704
quantile,dd,alpha=0.05,pareto,3.0,,5623,1,0.024525312909477667,0.0001699798233645627
quantile,dd,alpha=0.05,pareto,3.0,,5623,4,0.024525312909477667,0.0001699798233645627
quantile,dd,alpha=0.05,pareto,3.0,,5623,16,0.024525312909477667,0.0001699798233645627
quantile,dd,alpha=0.05,pareto,3.0,,5623,64,0.024525312909477667,0.0001699798233645627
quantile,dd,alpha=0.05,pareto,3.0,,10000,1,0.024291411202431085,6.881584454131073e-05
quantile,dd,alpha=0.05,pareto,3.0,,10000,4,0.024291411202431085,6.881584454131073e-05
quantile,dd,alpha=0.05,pareto,3.0,,10000,16,0.024291411202431085,6.881584454131073e-05
quantile,dd,alpha=0.05,pareto,3.0,,10000,64,0.024291411202431085,6.881584454131073e-05
quantile,dd,alpha=0.05,pareto,3.0,,17783,1,0.024347300317061994,0.0001867759954039011
quantile,dd,alpha=0.05,pareto,3.0,,17783,4,0.024347300317061994,0.0001867759954039011
quantile,dd,alpha=0.05,pareto,3.0,,17783,16,0.024347300317061994,0.0001867759954039011
quantile,dd,alpha=0.05,pareto,3.0,,17783,64,0.024347300317061994,0.0001867759954039011
quantile,dd,alpha=0.05,pareto,3.0,,31623,1,0.02456337145681126,5.9553735339659576e-05
quantile,dd,alpha=0.05,pareto,3.0,,31623,4,0.02456337145681126,5.9553735339659576e-05
quantile,dd,alpha=0.05,pareto,3.0,,31623,16,0.02456337145681126,5.9553735339659576e-05
quantile,dd,alpha=0.05,pareto,3.0,,31623,64,0.02456337145681126,5.9553735339659576e-05
quantile,dd,alpha=0.05,pareto,3.0,,56234,1,0.024571370180922935,5.786984405985921e-05
quantile,dd,alpha=0.05,pareto,3.0,,56234,4,0.024571370180922935,5.786984405985921e-05
quantile,dd,alpha=0.05,pareto,3.0,,56234,16,0.024571370180922935,5.786984405985921e-05
quantile,dd,alpha=0.05,pareto,3.0,,56234,64,0.024571370180922935,5.786984405985921e-05
quantile,dd,alpha=0.05,pareto,3.0,,100000,1,0.0244999966779498,5.583541677049393e-05
quantile,dd,alpha=0.05,pareto,3.0,,100000,4,0.0244999966779498,5.583541677049393e-05
quantile,dd,alpha=0.05,pareto,3.0,,100000,16,0.0244999966779498,5.583541677049393e-05
quantile,dd,alpha=0.05,pareto,3.0,,100000,64,0.0244999966779498,5.583541677049393e-05
quantile,dd,alpha=0.05,pareto,3.0,,177828,1,0.02442989957223651,6.894227448830981e-05
quantile,dd,alpha=0.05,pareto,3.0,,177828,4,0.02442989957223651,6.894227448830981e-05
quantile,dd,alpha=0.05,pareto,3.0,,177828,16,0.02442989957223651,6.894227448830981e-05
quantile,dd,alpha=0.05,pareto,3.0,,177828,64,0.02442989957223651,6.894227448830981e-05
quantile,dd,alpha=0.05,pareto,3.0,,316228,1,0.024473127247962283,2.35456904109978e-05
quantile,dd,alpha=0.05,pareto,3.0,,316228,4,0.024473127247962283,2.35456904109978e-05
quantile,dd,alpha=0.05,pareto,3.0,,316228,16,0.024473127247962283,2.35456904109978e-05
quantile,dd,alpha=0.05,pareto,3.0,,316228,64,0.024473127247962283,2.35456904109978e-05
quantile,dd,alpha=0.05,pareto,3.0,,562341,1,0.024477689134293285,3.2064686833767334e-05
quantile,dd,alpha=0.05,pareto,3.0,,562341,4,0.024477689134293285,3.2064686833767334e-05
quantile,dd,alpha=0.05,pareto,3.0,,562341,16,0.024477689134293285,3.2064686833767334e-05
quantile,dd,alpha=0.05,pareto,3.0,,562341,64,0.024477689134293285,3.2064686833767334e-05
quantile,dd,alpha=0.05,pareto,3.0,,1000000,1,0.024499401847360533,1.5634745806418217e-05
quantile,dd,alpha=0.05,pareto,3.0,,1000000,4,0.024499401847360533,1.5634745806418217e-05
quantile,dd,alpha=0.05,pareto,3.0,,1000000,16,0.024499401847360533,1.5634745806418217e-05
quantile,dd,alpha=0.05,pareto,3.0,,1000000,64,0.024499401847360533,1.5634745806418217e-05
quantile,dd,alpha=0.05,pareto,3.0,,1778279,1,0.024483762920530523,1.6198208625243965e-05
quantile,dd,alpha=0.05,pareto,3.0,,1778279,4,0.024483762920530523,1.6198208625243965e-05
quantile,dd,alpha=0.05,pareto,3.0,,1778279,16,0.024483762920530523,1.6198208625243965e-05
quantile,dd,alpha=0.05,pareto,3.0,,1778279,64,0.024483762920530523,1.6198208625243965e-05
quantile,dd,alpha=0.05,pareto,3.0,,3162278,1,0.024511203757437098,1.7663396942931932e-06
quantile,dd,alpha=0.05,pareto,3.0,,3162278,4,0.024511203757437098,1.7663396942931932e-06
quantile,dd,alpha=0.05,pareto,3.0,,3162278,16,0.024511203757437098,1.7663396942931932e-06
quantile,dd,alpha=0.05,pareto,3.0,,3162278,64,0.024511203757437098,1.7663396942931932e-06
quantile,dd,alpha=0.05,pareto,3.0,,5623413,1,0.024515803174319496,9.275022080026896e-06
quantile,dd,alpha=0.05,pareto,3.0,,5623413,4,0.024515803174319496,9.275022080026896e-06
quantile,dd,alpha=0.05,pareto,3.0,,5623413,16,0.024515803174319496,9.275022080026896e-06
quantile,dd,alpha=0.05,pareto,3.0,,5623413,64,0.024515803174319496,9.275022080026896e-06
quantile,dd,alpha=0.05,pareto,3.0,,10000000,1,0.024517607831075105,5.393056150724128e-06
quantile,dd,alpha=0.05,pareto,3.0,,10000000,4,0.024517607831075105,5.393056150724128e-06
quantile,dd,alpha=0.05,pareto,3.0,,10000000,16,0.024517607831075105,5.393056150724128e-06
quantile,dd,alpha=0.05,pareto,3.0,,10000000,64,0.024517607831075105,5.393056150724128e-06
