family,sketch,config,dist,param,cardinality,n,seed_mean_error,seed_se
topk,cms-heap-topk-fastpath-vector2d,rows=3 cols=256,zipf,0.0,1000,1000,0.3333333333333333,0.03755782578608322
topk,cms-heap-topk-fastpath-vector2d,rows=3 cols=256,zipf,0.0,1000,1778,0.2916666666666667,0.0551198189805123
topk,cms-heap-topk-fastpath-vector2d,rows=3 cols=256,zipf,0.0,1000,3162,0.17708333333333334,0.03755782578608322
topk,cms-heap-topk-fastpath-vector2d,rows=3 cols=256,zipf,0.0,1000,5623,0.10416666666666667,0.04166666666666667
topk,cms-heap-topk-fastpath-vector2d,rows=3 cols=256,zipf,0.0,1000,10000,0.052083333333333336,0.010416666666666666
topk,cms-heap-topk-fastpath-vector2d,rows=3 cols=256,zipf,0.0,1000,17783,0.07291666666666667,0.027559909490256152
topk,cms-heap-topk-fastpath-vector2d,rows=3 cols=256,zipf,0.0,1000,31623,0.08333333333333333,0.027559909490256152
topk,cms-heap-topk-fastpath-vector2d,rows=3 cols=256,zipf,0.0,1000,56234,0.052083333333333336,0.020833333333333336
topk,cms-heap-topk-fastpath-vector2d,rows=3 cols=256,zipf,0.0,1000,100000,0.041666666666666664,0.027559909490256152
topk,cms-heap-topk-fastpath-vector2d,rows=3 cols=256,zipf,0.0,1000,177828,0.0625,0.018042195912175804
topk,cms-heap-topk-fastpath-vector2d,rows=3 cols=256,zipf,0.0,1000,316228,0.07291666666666667,0.03755782578608322
topk,cms-heap-topk-fastpath-vector2d,rows=3 cols=256,zipf,0.0,1000,562341,0.041666666666666664,0.020833333333333336
topk,cms-heap-topk-fastpath-vector2d,rows=3 cols=256,zipf,0.0,1000,1000000,0.07291666666666667,0.010416666666666668
topk,cms-heap-topk-fastpath-vector2d,rows=3 cols=256,zipf,0.0,1000,1778279,0.0625,0.018042195912175804
topk,cms-heap-topk-fastpath-vector2d,rows=3 cols=256,zipf,0.0,1000,3162278,0.0625,0.03125
topk,cms-heap-topk-fastpath-vector2d,rows=3 cols=256,zipf,0.0,1000,5623413,0.0625,0.018042195912175804
topk,cms-heap-topk-fastpath-vector2d,rows=3 cols=256,zipf,0.0,1000,10000000,0.041666666666666664,0.020833333333333336
topk,cms-heap-topk-fastpath-vector2d,rows=3 cols=256,zipf,0.0,100000,1000,0.020833333333333332,0.020833333333333336
topk,cms-heap-topk-fastpath-vector2d,rows=3 cols=256,zipf,0.0,100000,1778,0.0625,0.018042195912175804
topk,cms-heap-topk-fastpath-vector2d,rows=3 cols=256,zipf,0.0,100000,3162,0.010416666666666666,0.010416666666666668
topk,cms-heap-topk-fastpath-vector2d,rows=3 cols=256,zipf,0.0,100000,5623,0.03125,0.018042195912175804
topk,cms-heap-topk-fastpath-vector2d,rows=3 cols=256,zipf,0.0,100000,10000,0.0,0.0
topk,cms-heap-topk-fastpath-vector2d,rows=3 cols=256,zipf,0.0,100000,17783,0.0,0.0
topk,cms-heap-topk-fastpath-vector2d,rows=3 cols=256,zipf,0.0,100000,31623,0.0,0.0
topk,cms-heap-topk-fastpath-vector2d,rows=3 cols=256,zipf,0.0,100000,56234,0.0,0.0
topk,cms-heap-topk-fastpath-vector2d,rows=3 cols=256,zipf,0.0,100000,100000,0.020833333333333332,0.010416666666666668
topk,cms-heap-topk-fastpath-vector2d,rows=3 cols=256,zipf,0.0,100000,177828,0.0,0.0
topk,cms-heap-topk-fastpath-vector2d,rows=3 cols=256,zipf,0.0,100000,316228,0.0,0.0
topk,cms-heap-topk-fastpath-vector2d,rows=3 cols=256,zipf,0.0,100000,562341,0.0,0.0
topk,cms-heap-topk-fastpath-vector2d,rows=3 cols=256,zipf,0.0,100000,1000000,0.0,0.0
topk,cms-heap-topk-fastpath-vector2d,rows=3 cols=256,zipf,0.0,100000,1778279,0.010416666666666666,0.010416666666666668
topk,cms-heap-topk-fastpath-vector2d,rows=3 cols=256,zipf,0.0,100000,3162278,0.0,0.0
topk,cms-heap-topk-fastpath-vector2d,rows=3 cols=256,zipf,0.0,100000,5623413,0.0,0.0
topk,cms-heap-topk-fastpath-vector2d,rows=3 cols=256,zipf,0.0,100000,10000000,0.0,0.0
topk,cms-heap-topk-fastpath-vector2d,rows=3 cols=256,zipf,0.0,10000000,1000,0.020833333333333332,0.010416666666666668
topk,cms-heap-topk-fastpath-vector2d,rows=3 cols=256,zipf,0.0,10000000,1778,0.020833333333333332,0.010416666666666668
topk,cms-heap-topk-fastpath-vector2d,rows=3 cols=256,zipf,0.0,10000000,3162,0.020833333333333332,0.010416666666666668
topk,cms-heap-topk-fastpath-vector2d,rows=3 cols=256,zipf,0.0,10000000,5623,0.0,0.0
topk,cms-heap-topk-fastpath-vector2d,rows=3 cols=256,zipf,0.0,10000000,10000,0.0,0.0
topk,cms-heap-topk-fastpath-vector2d,rows=3 cols=256,zipf,0.0,10000000,17783,0.0,0.0
topk,cms-heap-topk-fastpath-vector2d,rows=3 cols=256,zipf,0.0,10000000,31623,0.0,0.0
topk,cms-heap-topk-fastpath-vector2d,rows=3 cols=256,zipf,0.0,10000000,56234,0.0,0.0
topk,cms-heap-topk-fastpath-vector2d,rows=3 cols=256,zipf,0.0,10000000,100000,0.0,0.0
topk,cms-heap-topk-fastpath-vector2d,rows=3 cols=256,zipf,0.0,10000000,177828,0.0,0.0
topk,cms-heap-topk-fastpath-vector2d,rows=3 cols=256,zipf,0.0,10000000,316228,0.0,0.0
topk,cms-heap-topk-fastpath-vector2d,rows=3 cols=256,zipf,0.0,10000000,562341,0.0,0.0
topk,cms-heap-topk-fastpath-vector2d,rows=3 cols=256,zipf,0.0,10000000,1000000,0.0,0.0
topk,cms-heap-topk-fastpath-vector2d,rows=3 cols=256,zipf,0.0,10000000,1778279,0.0,0.0
topk,cms-heap-topk-fastpath-vector2d,rows=3 cols=256,zipf,0.0,10000000,3162278,0.0,0.0
topk,cms-heap-topk-fastpath-vector2d,rows=3 cols=256,zipf,0.0,10000000,5623413,0.0,0.0
topk,cms-heap-topk-fastpath-vector2d,rows=3 cols=256,zipf,0.0,10000000,10000000,0.0,0.0
topk,cms-heap-topk-fastpath-vector2d,rows=3 cols=256,zipf,0.5,1000,1000,0.59375,0.018042195912175804
topk,cms-heap-topk-fastpath-vector2d,rows=3 cols=256,zipf,0.5,1000,1778,0.6145833333333334,0.04166666666666667
topk,cms-heap-topk-fastpath-vector2d,rows=3 cols=256,zipf,0.5,1000,3162,0.5833333333333334,0.04166666666666667
topk,cms-heap-topk-fastpath-vector2d,rows=3 cols=256,zipf,0.5,1000,5623,0.5208333333333334,0.02755990949025615
topk,cms-heap-topk-fastpath-vector2d,rows=3 cols=256,zipf,0.5,1000,10000,0.5208333333333334,0.04540519732854868
topk,cms-heap-topk-fastpath-vector2d,rows=3 cols=256,zipf,0.5,1000,17783,0.46875,0.03608439182435161
topk,cms-heap-topk-fastpath-vector2d,rows=3 cols=256,zipf,0.5,1000,31623,0.46875,0.018042195912175804
topk,cms-heap-topk-fastpath-vector2d,rows=3 cols=256,zipf,0.5,1000,56234,0.4583333333333333,0.010416666666666666
topk,cms-heap-topk-fastpath-vector2d,rows=3 cols=256,zipf,0.5,1000,100000,0.4583333333333333,0.010416666666666666
topk,cms-heap-topk-fastpath-vector2d,rows=3 cols=256,zipf,0.5,1000,177828,0.4270833333333333,0.010416666666666666
topk,cms-heap-topk-fastpath-vector2d,rows=3 cols=256,zipf,0.5,1000,316228,0.4270833333333333,0.010416666666666666
topk,cms-heap-topk-fastpath-vector2d,rows=3 cols=256,zipf,0.5,1000,562341,0.4166666666666667,0.010416666666666666
topk,cms-heap-topk-fastpath-vector2d,rows=3 cols=256,zipf,0.5,1000,1000000,0.4166666666666667,0.010416666666666666
topk,cms-heap-topk-fastpath-vector2d,rows=3 cols=256,zipf,0.5,1000,1778279,0.40625,0.0
topk,cms-heap-topk-fastpath-vector2d,rows=3 cols=256,zipf,0.5,1000,3162278,0.40625,0.0
topk,cms-heap-topk-fastpath-vector2d,rows=3 cols=256,zipf,0.5,1000,5623413,0.40625,0.0
topk,cms-heap-topk-fastpath-vector2d,rows=3 cols=256,zipf,0.5,1000,10000000,0.40625,0.0
topk,cms-heap-topk-fastpath-vector2d,rows=3 cols=256,zipf,0.5,100000,1000,0.14583333333333334,0.02755990949025615
topk,cms-heap-topk-fastpath-vector2d,rows=3 cols=256,zipf,0.5,100000,1778,0.09375,0.018042195912175804
topk,cms-heap-topk-fastpath-vector2d,rows=3 cols=256,zipf,0.5,100000,3162,0.10416666666666667,0.02755990949025615
topk,cms-heap-topk-fastpath-vector2d,rows=3 cols=256,zipf,0.5,100000,5623,0.08333333333333333,0.04540519732854868
topk,cms-heap-topk-fastpath-vector2d,rows=3 cols=256,zipf,0.5,100000,10000,0.15625,0.018042195912175804
topk,cms-heap-topk-fastpath-vector2d,rows=3 cols=256,zipf,0.5,100000,17783,0.19791666666666666,0.010416666666666668
topk,cms-heap-topk-fastpath-vector2d,rows=3 cols=256,zipf,0.5,100000,31623,0.25,0.03125
topk,cms-heap-topk-fastpath-vector2d,rows=3 cols=256,zipf,0.5,100000,56234,0.20833333333333334,0.02755990949025615
topk,cms-heap-topk-fastpath-vector2d,rows=3 cols=256,zipf,0.5,100000,100000,0.20833333333333334,0.020833333333333336
topk,cms-heap-topk-fastpath-vector2d,rows=3 cols=256,zipf,0.5,100000,177828,0.2604166666666667,0.010416666666666666
topk,cms-heap-topk-fastpath-vector2d,rows=3 cols=256,zipf,0.5,100000,316228,0.2604166666666667,0.010416666666666666
topk,cms-heap-topk-fastpath-vector2d,rows=3 cols=256,zipf,0.5,100000,562341,0.23958333333333334,0.010416666666666668
topk,cms-heap-topk-fastpath-vector2d,rows=3 cols=256,zipf,0.5,100000,1000000,0.20833333333333334,0.020833333333333336
topk,cms-heap-topk-fastpath-vector2d,rows=3 cols=256,zipf,0.5,100000,1778279,0.1875,0.018042195912175804
topk,cms-heap-topk-fastpath-vector2d,rows=3 cols=256,zipf,0.5,100000,3162278,0.17708333333333334,0.010416666666666668
topk,cms-heap-topk-fastpath-vector2d,rows=3 cols=256,zipf,0.5,100000,5623413,0.16666666666666666,0.010416666666666668
topk,cms-heap-topk-fastpath-vector2d,rows=3 cols=256,zipf,0.5,100000,10000000,0.15625,0.0
topk,cms-heap-topk-fastpath-vector2d,rows=3 cols=256,zipf,0.5,10000000,1000,0.020833333333333332,0.010416666666666668
topk,cms-heap-topk-fastpath-vector2d,rows=3 cols=256,zipf,0.5,10000000,1778,0.010416666666666666,0.010416666666666668
topk,cms-heap-topk-fastpath-vector2d,rows=3 cols=256,zipf,0.5,10000000,3162,0.0,0.0
topk,cms-heap-topk-fastpath-vector2d,rows=3 cols=256,zipf,0.5,10000000,5623,0.0,0.0
topk,cms-heap-topk-fastpath-vector2d,rows=3 cols=256,zipf,0.5,10000000,10000,0.020833333333333332,0.020833333333333336
topk,cms-heap-topk-fastpath-vector2d,rows=3 cols=256,zipf,0.5,10000000,17783,0.0,0.0
topk,cms-heap-topk-fastpath-vector2d,rows=3 cols=256,zipf,0.5,10000000,31623,0.010416666666666666,0.010416666666666668
topk,cms-heap-topk-fastpath-vector2d,rows=3 cols=256,zipf,0.5,10000000,56234,0.0,0.0
topk,cms-heap-topk-fastpath-vector2d,rows=3 cols=256,zipf,0.5,10000000,100000,0.010416666666666666,0.010416666666666668
topk,cms-heap-topk-fastpath-vector2d,rows=3 cols=256,zipf,0.5,10000000,177828,0.0,0.0
topk,cms-heap-topk-fastpath-vector2d,rows=3 cols=256,zipf,0.5,10000000,316228,0.010416666666666666,0.010416666666666668
topk,cms-heap-topk-fastpath-vector2d,rows=3 cols=256,zipf,0.5,10000000,562341,0.010416666666666666,0.010416666666666668
topk,cms-heap-topk-fastpath-vector2d,rows=3 cols=256,zipf,0.5,10000000,1000000,0.052083333333333336,0.02755990949025615
topk,cms-heap-topk-fastpath-vector2d,rows=3 cols=256,zipf,0.5,10000000,1778279,0.07291666666666667,0.020833333333333332
topk,cms-heap-topk-fastpath-vector2d,rows=3 cols=256,zipf,0.5,10000000,3162278,0.09375,0.018042195912175804
topk,cms-heap-topk-fastpath-vector2d,rows=3 cols=256,zipf,0.5,10000000,5623413,0.10416666666666667,0.010416666666666668
topk,cms-heap-topk-fastpath-vector2d,rows=3 cols=256,zipf,0.5,10000000,10000000,0.10416666666666667,0.020833333333333332
topk,cms-heap-topk-fastpath-vector2d,rows=3 cols=256,zipf,0.8,1000,1000,0.78125,0.03125
topk,cms-heap-topk-fastpath-vector2d,rows=3 cols=256,zipf,0.8,1000,1778,0.84375,0.0
topk,cms-heap-topk-fastpath-vector2d,rows=3 cols=256,zipf,0.8,1000,3162,0.8229166666666666,0.010416666666666668
topk,cms-heap-topk-fastpath-vector2d,rows=3 cols=256,zipf,0.8,1000,5623,0.84375,0.03125
topk,cms-heap-topk-fastpath-vector2d,rows=3 cols=256,zipf,0.8,1000,10000,0.8125,0.018042195912175804
topk,cms-heap-topk-fastpath-vector2d,rows=3 cols=256,zipf,0.8,1000,17783,0.8333333333333334,0.02755990949025615
topk,cms-heap-topk-fastpath-vector2d,rows=3 cols=256,zipf,0.8,1000,31623,0.8541666666666666,0.010416666666666668
topk,cms-heap-topk-fastpath-vector2d,rows=3 cols=256,zipf,0.8,1000,56234,0.8645833333333334,0.020833333333333332
topk,cms-heap-topk-fastpath-vector2d,rows=3 cols=256,zipf,0.8,1000,100000,0.8645833333333334,0.010416666666666668
topk,cms-heap-topk-fastpath-vector2d,rows=3 cols=256,zipf,0.8,1000,177828,0.8333333333333334,0.010416666666666668
topk,cms-heap-topk-fastpath-vector2d,rows=3 cols=256,zipf,0.8,1000,316228,0.8541666666666666,0.010416666666666668
topk,cms-heap-topk-fastpath-vector2d,rows=3 cols=256,zipf,0.8,1000,562341,0.84375,0.0
topk,cms-heap-topk-fastpath-vector2d,rows=3 cols=256,zipf,0.8,1000,1000000,0.8541666666666666,0.010416666666666668
topk,cms-heap-topk-fastpath-vector2d,rows=3 cols=256,zipf,0.8,1000,1778279,0.84375,0.0
topk,cms-heap-topk-fastpath-vector2d,rows=3 cols=256,zipf,0.8,1000,3162278,0.84375,0.0
topk,cms-heap-topk-fastpath-vector2d,rows=3 cols=256,zipf,0.8,1000,5623413,0.84375,0.0
topk,cms-heap-topk-fastpath-vector2d,rows=3 cols=256,zipf,0.8,1000,10000000,0.84375,0.0
topk,cms-heap-topk-fastpath-vector2d,rows=3 cols=256,zipf,0.8,100000,1000,0.4479166666666667,0.0551198189805123
topk,cms-heap-topk-fastpath-vector2d,rows=3 cols=256,zipf,0.8,100000,1778,0.5625,0.0625
topk,cms-heap-topk-fastpath-vector2d,rows=3 cols=256,zipf,0.8,100000,3162,0.5625,0.047735163489123336
topk,cms-heap-topk-fastpath-vector2d,rows=3 cols=256,zipf,0.8,100000,5623,0.6354166666666666,0.04166666666666667
topk,cms-heap-topk-fastpath-vector2d,rows=3 cols=256,zipf,0.8,100000,10000,0.6875,0.018042195912175804
topk,cms-heap-topk-fastpath-vector2d,rows=3 cols=256,zipf,0.8,100000,17783,0.65625,0.018042195912175804
topk,cms-heap-topk-fastpath-vector2d,rows=3 cols=256,zipf,0.8,100000,31623,0.71875,0.0
topk,cms-heap-topk-fastpath-vector2d,rows=3 cols=256,zipf,0.8,100000,56234,0.6770833333333334,0.027559909490256152
topk,cms-heap-topk-fastpath-vector2d,rows=3 cols=256,zipf,0.8,100000,100000,0.59375,0.03608439182435161
topk,cms-heap-topk-fastpath-vector2d,rows=3 cols=256,zipf,0.8,100000,177828,0.5833333333333334,0.027559909490256152
topk,cms-heap-topk-fastpath-vector2d,rows=3 cols=256,zipf,0.8,100000,316228,0.4791666666666667,0.010416666666666666
topk,cms-heap-topk-fastpath-vector2d,rows=3 cols=256,zipf,0.8,100000,562341,0.46875,0.018042195912175804
topk,cms-heap-topk-fastpath-vector2d,rows=3 cols=256,zipf,0.8,100000,1000000,0.40625,0.018042195912175804
topk,cms-heap-topk-fastpath-vector2d,rows=3 cols=256,zipf,0.8,100000,1778279,0.375,0.0
topk,cms-heap-topk-fastpath-vector2d,rows=3 cols=256,zipf,0.8,100000,3162278,0.375,0.0
topk,cms-heap-topk-fastpath-vector2d,rows=3 cols=256,zipf,0.8,100000,5623413,0.375,0.0
topk,cms-heap-topk-fastpath-vector2d,rows=3 cols=256,zipf,0.8,100000,10000000,0.34375,0.0
topk,cms-heap-topk-fastpath-vector2d,rows=3 cols=256,zipf,0.8,10000000,1000,0.1875,0.03125
topk,cms-heap-topk-fastpath-vector2d,rows=3 cols=256,zipf,0.8,10000000,1778,0.25,0.018042195912175804
topk,cms-heap-topk-fastpath-vector2d,rows=3 cols=256,zipf,0.8,10000000,3162,0.2916666666666667,0.027559909490256152
topk,cms-heap-topk-fastpath-vector2d,rows=3 cols=256,zipf,0.8,10000000,5623,0.40625,0.0625
topk,cms-heap-topk-fastpath-vector2d,rows=3 cols=256,zipf,0.8,10000000,10000,0.4583333333333333,0.010416666666666666
topk,cms-heap-topk-fastpath-vector2d,rows=3 cols=256,zipf,0.8,10000000,17783,0.4895833333333333,0.020833333333333336
topk,cms-heap-topk-fastpath-vector2d,rows=3 cols=256,zipf,0.8,10000000,31623,0.5104166666666666,0.03755782578608322
topk,cms-heap-topk-fastpath-vector2d,rows=3 cols=256,zipf,0.8,10000000,56234,0.5416666666666666,0.010416666666666668
topk,cms-heap-topk-fastpath-vector2d,rows=3 cols=256,zipf,0.8,10000000,100000,0.6041666666666666,0.04540519732854868
topk,cms-heap-topk-fastpath-vector2d,rows=3 cols=256,zipf,0.8,10000000,177828,0.5729166666666666,0.010416666666666668
topk,cms-heap-topk-fastpath-vector2d,rows=3 cols=256,zipf,0.8,10000000,316228,0.4895833333333333,0.010416666666666666
topk,cms-heap-topk-fastpath-vector2d,rows=3 cols=256,zipf,0.8,10000000,562341,0.4375,0.018042195912175804
topk,cms-heap-topk-fastpath-vector2d,rows=3 cols=256,zipf,0.8,10000000,1000000,0.3854166666666667,0.010416666666666666
topk,cms-heap-topk-fastpath-vector2d,rows=3 cols=256,zipf,0.8,10000000,1778279,0.3541666666666667,0.010416666666666666
topk,cms-heap-topk-fastpath-vector2d,rows=3 cols=256,zipf,0.8,10000000,3162278,0.3333333333333333,0.010416666666666666
topk,cms-heap-topk-fastpath-vector2d,rows=3 cols=256,zipf,0.8,10000000,5623413,0.28125,0.018042195912175804
topk,cms-heap-topk-fastpath-vector2d,rows=3 cols=256,zipf,0.8,10000000,10000000,0.25,0.03125
topk,cms-heap-topk-fastpath-vector2d,rows=3 cols=256,zipf,1.0,1000,1000,0.9166666666666666,0.052083333333333336
topk,cms-heap-topk-fastpath-vector2d,rows=3 cols=256,zipf,1.0,1000,1778,0.8854166666666666,0.02755990949025615
topk,cms-heap-topk-fastpath-vector2d,rows=3 cols=256,zipf,1.0,1000,3162,0.90625,0.018042195912175804
topk,cms-heap-topk-fastpath-vector2d,rows=3 cols=256,zipf,1.0,1000,5623,0.9166666666666666,0.010416666666666668
topk,cms-heap-topk-fastpath-vector2d,rows=3 cols=256,zipf,1.0,1000,10000,0.9270833333333334,0.010416666666666668
topk,cms-heap-topk-fastpath-vector2d,rows=3 cols=256,zipf,1.0,1000,17783,0.90625,0.0
topk,cms-heap-topk-fastpath-vector2d,rows=3 cols=256,zipf,1.0,1000,31623,0.9166666666666666,0.010416666666666668
topk,cms-heap-topk-fastpath-vector2d,rows=3 cols=256,zipf,1.0,1000,56234,0.90625,0.0
topk,cms-heap-topk-fastpath-vector2d,rows=3 cols=256,zipf,1.0,1000,100000,0.9270833333333334,0.010416666666666668
topk,cms-heap-topk-fastpath-vector2d,rows=3 cols=256,zipf,1.0,1000,177828,0.9166666666666666,0.010416666666666668
topk,cms-heap-topk-fastpath-vector2d,rows=3 cols=256,zipf,1.0,1000,316228,0.9166666666666666,0.010416666666666668
topk,cms-heap-topk-fastpath-vector2d,rows=3 cols=256,zipf,1.0,1000,562341,0.9166666666666666,0.010416666666666668
topk,cms-heap-topk-fastpath-vector2d,rows=3 cols=256,zipf,1.0,1000,1000000,0.90625,0.0
topk,cms-heap-topk-fastpath-vector2d,rows=3 cols=256,zipf,1.0,1000,1778279,0.9166666666666666,0.010416666666666668
topk,cms-heap-topk-fastpath-vector2d,rows=3 cols=256,zipf,1.0,1000,3162278,0.90625,0.0
topk,cms-heap-topk-fastpath-vector2d,rows=3 cols=256,zipf,1.0,1000,5623413,0.90625,0.0
topk,cms-heap-topk-fastpath-vector2d,rows=3 cols=256,zipf,1.0,1000,10000000,0.90625,0.0
topk,cms-heap-topk-fastpath-vector2d,rows=3 cols=256,zipf,1.0,100000,1000,0.7291666666666666,0.04166666666666667
topk,cms-heap-topk-fastpath-vector2d,rows=3 cols=256,zipf,1.0,100000,1778,0.7916666666666666,0.010416666666666668
topk,cms-heap-topk-fastpath-vector2d,rows=3 cols=256,zipf,1.0,100000,3162,0.8333333333333334,0.010416666666666668
topk,cms-heap-topk-fastpath-vector2d,rows=3 cols=256,zipf,1.0,100000,5623,0.875,0.018042195912175804
topk,cms-heap-topk-fastpath-vector2d,rows=3 cols=256,zipf,1.0,100000,10000,0.8541666666666666,0.02755990949025615
topk,cms-heap-topk-fastpath-vector2d,rows=3 cols=256,zipf,1.0,100000,17783,0.8854166666666666,0.03755782578608322
topk,cms-heap-topk-fastpath-vector2d,rows=3 cols=256,zipf,1.0,100000,31623,0.8229166666666666,0.010416666666666668
topk,cms-heap-topk-fastpath-vector2d,rows=3 cols=256,zipf,1.0,100000,56234,0.75,0.018042195912175804
topk,cms-heap-topk-fastpath-vector2d,rows=3 cols=256,zipf,1.0,100000,100000,0.7083333333333334,0.010416666666666668
topk,cms-heap-topk-fastpath-vector2d,rows=3 cols=256,zipf,1.0,100000,177828,0.6354166666666666,0.027559909490256152
topk,cms-heap-topk-fastpath-vector2d,rows=3 cols=256,zipf,1.0,100000,316228,0.59375,0.018042195912175804
topk,cms-heap-topk-fastpath-vector2d,rows=3 cols=256,zipf,1.0,100000,562341,0.53125,0.0
topk,cms-heap-topk-fastpath-vector2d,rows=3 cols=256,zipf,1.0,100000,1000000,0.5208333333333334,0.010416666666666668
topk,cms-heap-topk-fastpath-vector2d,rows=3 cols=256,zipf,1.0,100000,1778279,0.4583333333333333,0.020833333333333336
topk,cms-heap-topk-fastpath-vector2d,rows=3 cols=256,zipf,1.0,100000,3162278,0.4166666666666667,0.010416666666666666
topk,cms-heap-topk-fastpath-vector2d,rows=3 cols=256,zipf,1.0,100000,5623413,0.40625,0.0
topk,cms-heap-topk-fastpath-vector2d,rows=3 cols=256,zipf,1.0,100000,10000000,0.40625,0.0
topk,cms-heap-topk-fastpath-vector2d,rows=3 cols=256,zipf,1.0,10000000,1000,0.6145833333333334,0.027559909490256152
topk,cms-heap-topk-fastpath-vector2d,rows=3 cols=256,zipf,1.0,10000000,1778,0.6875,0.03608439182435161
topk,cms-heap-topk-fastpath-vector2d,rows=3 cols=256,zipf,1.0,10000000,3162,0.71875,0.03125
topk,cms-heap-topk-fastpath-vector2d,rows=3 cols=256,zipf,1.0,10000000,5623,0.8020833333333334,0.055119818980512304
topk,cms-heap-topk-fastpath-vector2d,rows=3 cols=256,zipf,1.0,10000000,10000,0.8229166666666666,0.010416666666666668
topk,cms-heap-topk-fastpath-vector2d,rows=3 cols=256,zipf,1.0,10000000,17783,0.7708333333333334,0.020833333333333332
topk,cms-heap-topk-fastpath-vector2d,rows=3 cols=256,zipf,1.0,10000000,31623,0.8125,0.018042195912175804
topk,cms-heap-topk-fastpath-vector2d,rows=3 cols=256,zipf,1.0,10000000,56234,0.71875,0.018042195912175804
topk,cms-heap-topk-fastpath-vector2d,rows=3 cols=256,zipf,1.0,10000000,100000,0.59375,0.03125
topk,cms-heap-topk-fastpath-vector2d,rows=3 cols=256,zipf,1.0,10000000,177828,0.6458333333333334,0.010416666666666668
topk,cms-heap-topk-fastpath-vector2d,rows=3 cols=256,zipf,1.0,10000000,316228,0.53125,0.0
topk,cms-heap-topk-fastpath-vector2d,rows=3 cols=256,zipf,1.0,10000000,562341,0.4583333333333333,0.020833333333333336
topk,cms-heap-topk-fastpath-vector2d,rows=3 cols=256,zipf,1.0,10000000,1000000,0.3958333333333333,0.010416666666666666
topk,cms-heap-topk-fastpath-vector2d,rows=3 cols=256,zipf,1.0,10000000,1778279,0.3541666666666667,0.010416666666666666
topk,cms-heap-topk-fastpath-vector2d,rows=3 cols=256,zipf,1.0,10000000,3162278,0.3125,0.018042195912175804
topk,cms-heap-topk-fastpath-vector2d,rows=3 cols=256,zipf,1.0,10000000,5623413,0.28125,0.0
topk,cms-heap-topk-fastpath-vector2d,rows=3 cols=256,zipf,1.0,10000000,10000000,0.25,0.018042195912175804
topk,cms-heap-topk-fastpath-vector2d,rows=3 cols=256,zipf,1.2,1000,1000,0.9479166666666666,0.020833333333333332
topk,cms-heap-topk-fastpath-vector2d,rows=3 cols=256,zipf,1.2,1000,1778,0.9375,0.018042195912175804
topk,cms-heap-topk-fastpath-vector2d,rows=3 cols=256,zipf,1.2,1000,3162,0.9479166666666666,0.010416666666666668
topk,cms-heap-topk-fastpath-vector2d,rows=3 cols=256,zipf,1.2,1000,5623,0.9375,0.0
topk,cms-heap-topk-fastpath-vector2d,rows=3 cols=256,zipf,1.2,1000,10000,0.9375,0.018042195912175804
topk,cms-heap-topk-fastpath-vector2d,rows=3 cols=256,zipf,1.2,1000,17783,0.9375,0.018042195912175804
topk,cms-heap-topk-fastpath-vector2d,rows=3 cols=256,zipf,1.2,1000,31623,0.9479166666666666,0.010416666666666668
topk,cms-heap-topk-fastpath-vector2d,rows=3 cols=256,zipf,1.2,1000,56234,0.9375,0.0
topk,cms-heap-topk-fastpath-vector2d,rows=3 cols=256,zipf,1.2,1000,100000,0.9270833333333334,0.010416666666666668
topk,cms-heap-topk-fastpath-vector2d,rows=3 cols=256,zipf,1.2,1000,177828,0.9270833333333334,0.010416666666666668
topk,cms-heap-topk-fastpath-vector2d,rows=3 cols=256,zipf,1.2,1000,316228,0.9270833333333334,0.010416666666666668
topk,cms-heap-topk-fastpath-vector2d,rows=3 cols=256,zipf,1.2,1000,562341,0.9270833333333334,0.010416666666666668
topk,cms-heap-topk-fastpath-vector2d,rows=3 cols=256,zipf,1.2,1000,1000000,0.9166666666666666,0.010416666666666668
topk,cms-heap-topk-fastpath-vector2d,rows=3 cols=256,zipf,1.2,1000,1778279,0.9166666666666666,0.010416666666666668
topk,cms-heap-topk-fastpath-vector2d,rows=3 cols=256,zipf,1.2,1000,3162278,0.9166666666666666,0.010416666666666668
topk,cms-heap-topk-fastpath-vector2d,rows=3 cols=256,zipf,1.2,1000,5623413,0.90625,0.0
topk,cms-heap-topk-fastpath-vector2d,rows=3 cols=256,zipf,1.2,1000,10000000,0.90625,0.0
topk,cms-heap-topk-fastpath-vector2d,rows=3 cols=256,zipf,1.2,100000,1000,0.8958333333333334,0.02755990949025615
topk,cms-heap-topk-fastpath-vector2d,rows=3 cols=256,zipf,1.2,100000,1778,0.875,0.018042195912175804
topk,cms-heap-topk-fastpath-vector2d,rows=3 cols=256,zipf,1.2,100000,3162,0.90625,0.03125
topk,cms-heap-topk-fastpath-vector2d,rows=3 cols=256,zipf,1.2,100000,5623,0.9166666666666666,0.010416666666666668
topk,cms-heap-topk-fastpath-vector2d,rows=3 cols=256,zipf,1.2,100000,10000,0.90625,0.018042195912175804
topk,cms-heap-topk-fastpath-vector2d,rows=3 cols=256,zipf,1.2,100000,17783,0.8958333333333334,0.02755990949025615
topk,cms-heap-topk-fastpath-vector2d,rows=3 cols=256,zipf,1.2,100000,31623,0.84375,0.018042195912175804
topk,cms-heap-topk-fastpath-vector2d,rows=3 cols=256,zipf,1.2,100000,56234,0.8333333333333334,0.010416666666666668
topk,cms-heap-topk-fastpath-vector2d,rows=3 cols=256,zipf,1.2,100000,100000,0.7604166666666666,0.010416666666666668
topk,cms-heap-topk-fastpath-vector2d,rows=3 cols=256,zipf,1.2,100000,177828,0.7708333333333334,0.010416666666666668
topk,cms-heap-topk-fastpath-vector2d,rows=3 cols=256,zipf,1.2,100000,316228,0.6145833333333334,0.027559909490256152
topk,cms-heap-topk-fastpath-vector2d,rows=3 cols=256,zipf,1.2,100000,562341,0.6145833333333334,0.010416666666666668
topk,cms-heap-topk-fastpath-vector2d,rows=3 cols=256,zipf,1.2,100000,1000000,0.5520833333333334,0.010416666666666668
topk,cms-heap-topk-fastpath-vector2d,rows=3 cols=256,zipf,1.2,100000,1778279,0.5208333333333334,0.010416666666666668
topk,cms-heap-topk-fastpath-vector2d,rows=3 cols=256,zipf,1.2,100000,3162278,0.5104166666666666,0.020833333333333332
topk,cms-heap-topk-fastpath-vector2d,rows=3 cols=256,zipf,1.2,100000,5623413,0.46875,0.0
topk,cms-heap-topk-fastpath-vector2d,rows=3 cols=256,zipf,1.2,100000,10000000,0.4375,0.0
topk,cms-heap-topk-fastpath-vector2d,rows=3 cols=256,zipf,1.2,10000000,1000,0.8541666666666666,0.010416666666666668
topk,cms-heap-topk-fastpath-vector2d,rows=3 cols=256,zipf,1.2,10000000,1778,0.8854166666666666,0.010416666666666668
topk,cms-heap-topk-fastpath-vector2d,rows=3 cols=256,zipf,1.2,10000000,3162,0.8958333333333334,0.010416666666666668
topk,cms-heap-topk-fastpath-vector2d,rows=3 cols=256,zipf,1.2,10000000,5623,0.90625,0.0
topk,cms-heap-topk-fastpath-vector2d,rows=3 cols=256,zipf,1.2,10000000,10000,0.9270833333333334,0.04540519732854868
topk,cms-heap-topk-fastpath-vector2d,rows=3 cols=256,zipf,1.2,10000000,17783,0.9166666666666666,0.02755990949025615
topk,cms-heap-topk-fastpath-vector2d,rows=3 cols=256,zipf,1.2,10000000,31623,0.84375,0.018042195912175804
topk,cms-heap-topk-fastpath-vector2d,rows=3 cols=256,zipf,1.2,10000000,56234,0.8125,0.0
topk,cms-heap-topk-fastpath-vector2d,rows=3 cols=256,zipf,1.2,10000000,100000,0.78125,0.018042195912175804
topk,cms-heap-topk-fastpath-vector2d,rows=3 cols=256,zipf,1.2,10000000,177828,0.7395833333333334,0.010416666666666668
topk,cms-heap-topk-fastpath-vector2d,rows=3 cols=256,zipf,1.2,10000000,316228,0.65625,0.018042195912175804
topk,cms-heap-topk-fastpath-vector2d,rows=3 cols=256,zipf,1.2,10000000,562341,0.6041666666666666,0.020833333333333332
topk,cms-heap-topk-fastpath-vector2d,rows=3 cols=256,zipf,1.2,10000000,1000000,0.53125,0.0
topk,cms-heap-topk-fastpath-vector2d,rows=3 cols=256,zipf,1.2,10000000,1778279,0.46875,0.018042195912175804
topk,cms-heap-topk-fastpath-vector2d,rows=3 cols=256,zipf,1.2,10000000,3162278,0.4479166666666667,0.010416666666666666
topk,cms-heap-topk-fastpath-vector2d,rows=3 cols=256,zipf,1.2,10000000,5623413,0.3854166666666667,0.010416666666666666
topk,cms-heap-topk-fastpath-vector2d,rows=3 cols=256,zipf,1.2,10000000,10000000,0.3125,0.0
topk,cms-heap-topk-fastpath-vector2d,rows=3 cols=256,zipf,1.5,1000,1000,0.9375,0.018042195912175804
topk,cms-heap-topk-fastpath-vector2d,rows=3 cols=256,zipf,1.5,1000,1778,0.9895833333333334,0.010416666666666668
topk,cms-heap-topk-fastpath-vector2d,rows=3 cols=256,zipf,1.5,1000,3162,0.9895833333333334,0.010416666666666668
topk,cms-heap-topk-fastpath-vector2d,rows=3 cols=256,zipf,1.5,1000,5623,0.9791666666666666,0.010416666666666668
topk,cms-heap-topk-fastpath-vector2d,rows=3 cols=256,zipf,1.5,1000,10000,0.96875,0.0
topk,cms-heap-topk-fastpath-vector2d,rows=3 cols=256,zipf,1.5,1000,17783,0.96875,0.0
topk,cms-heap-topk-fastpath-vector2d,rows=3 cols=256,zipf,1.5,1000,31623,0.96875,0.0
topk,cms-heap-topk-fastpath-vector2d,rows=3 cols=256,zipf,1.5,1000,56234,0.9583333333333334,0.010416666666666668
topk,cms-heap-topk-fastpath-vector2d,rows=3 cols=256,zipf,1.5,1000,100000,0.9479166666666666,0.010416666666666668
topk,cms-heap-topk-fastpath-vector2d,rows=3 cols=256,zipf,1.5,1000,177828,0.9479166666666666,0.010416666666666668
topk,cms-heap-topk-fastpath-vector2d,rows=3 cols=256,zipf,1.5,1000,316228,0.9375,0.0
topk,cms-heap-topk-fastpath-vector2d,rows=3 cols=256,zipf,1.5,1000,562341,0.9375,0.0
topk,cms-heap-topk-fastpath-vector2d,rows=3 cols=256,zipf,1.5,1000,1000000,0.9375,0.0
topk,cms-heap-topk-fastpath-vector2d,rows=3 cols=256,zipf,1.5,1000,1778279,0.9375,0.0
topk,cms-heap-topk-fastpath-vector2d,rows=3 cols=256,zipf,1.5,1000,3162278,0.9375,0.0
topk,cms-heap-topk-fastpath-vector2d,rows=3 cols=256,zipf,1.5,1000,5623413,0.9375,0.0
topk,cms-heap-topk-fastpath-vector2d,rows=3 cols=256,zipf,1.5,1000,10000000,0.9375,0.0
topk,cms-heap-topk-fastpath-vector2d,rows=3 cols=256,zipf,1.5,100000,1000,0.9375,0.03125
topk,cms-heap-topk-fastpath-vector2d,rows=3 cols=256,zipf,1.5,100000,1778,0.96875,0.018042195912175804
topk,cms-heap-topk-fastpath-vector2d,rows=3 cols=256,zipf,1.5,100000,3162,0.9583333333333334,0.010416666666666668
topk,cms-heap-topk-fastpath-vector2d,rows=3 cols=256,zipf,1.5,100000,5623,0.9479166666666666,0.020833333333333332
topk,cms-heap-topk-fastpath-vector2d,rows=3 cols=256,zipf,1.5,100000,10000,0.9479166666666666,0.010416666666666668
topk,cms-heap-topk-fastpath-vector2d,rows=3 cols=256,zipf,1.5,100000,17783,0.9479166666666666,0.020833333333333332
topk,cms-heap-topk-fastpath-vector2d,rows=3 cols=256,zipf,1.5,100000,31623,0.9583333333333334,0.010416666666666668
topk,cms-heap-topk-fastpath-vector2d,rows=3 cols=256,zipf,1.5,100000,56234,0.96875,0.03125
topk,cms-heap-topk-fastpath-vector2d,rows=3 cols=256,zipf,1.5,100000,100000,0.9479166666666666,0.02755990949025615
topk,cms-heap-topk-fastpath-vector2d,rows=3 cols=256,zipf,1.5,100000,177828,0.875,0.018042195912175804
topk,cms-heap-topk-fastpath-vector2d,rows=3 cols=256,zipf,1.5,100000,316228,0.84375,0.018042195912175804
topk,cms-heap-topk-fastpath-vector2d,rows=3 cols=256,zipf,1.5,100000,562341,0.8125,0.018042195912175804
topk,cms-heap-topk-fastpath-vector2d,rows=3 cols=256,zipf,1.5,100000,1000000,0.8020833333333334,0.010416666666666668
topk,cms-heap-topk-fastpath-vector2d,rows=3 cols=256,zipf,1.5,100000,1778279,0.7395833333333334,0.03755782578608322
topk,cms-heap-topk-fastpath-vector2d,rows=3 cols=256,zipf,1.5,100000,3162278,0.625,0.018042195912175804
topk,cms-heap-topk-fastpath-vector2d,rows=3 cols=256,zipf,1.5,100000,5623413,0.6041666666666666,0.020833333333333332
topk,cms-heap-topk-fastpath-vector2d,rows=3 cols=256,zipf,1.5,100000,10000000,0.6041666666666666,0.010416666666666668
topk,cms-heap-topk-fastpath-vector2d,rows=3 cols=256,zipf,1.5,10000000,1000,0.9479166666666666,0.010416666666666668
topk,cms-heap-topk-fastpath-vector2d,rows=3 cols=256,zipf,1.5,10000000,1778,0.96875,0.0
topk,cms-heap-topk-fastpath-vector2d,rows=3 cols=256,zipf,1.5,10000000,3162,0.9583333333333334,0.010416666666666668
topk,cms-heap-topk-fastpath-vector2d,rows=3 cols=256,zipf,1.5,10000000,5623,0.9583333333333334,0.02755990949025615
topk,cms-heap-topk-fastpath-vector2d,rows=3 cols=256,zipf,1.5,10000000,10000,0.9375,0.018042195912175804
topk,cms-heap-topk-fastpath-vector2d,rows=3 cols=256,zipf,1.5,10000000,17783,0.9791666666666666,0.010416666666666668
topk,cms-heap-topk-fastpath-vector2d,rows=3 cols=256,zipf,1.5,10000000,31623,0.96875,0.0
topk,cms-heap-topk-fastpath-vector2d,rows=3 cols=256,zipf,1.5,10000000,56234,0.9166666666666666,0.027559909490256152
topk,cms-heap-topk-fastpath-vector2d,rows=3 cols=256,zipf,1.5,10000000,100000,0.8854166666666666,0.010416666666666668
topk,cms-heap-topk-fastpath-vector2d,rows=3 cols=256,zipf,1.5,10000000,177828,0.875,0.018042195912175804
topk,cms-heap-topk-fastpath-vector2d,rows=3 cols=256,zipf,1.5,10000000,316228,0.875,0.018042195912175804
topk,cms-heap-topk-fastpath-vector2d,rows=3 cols=256,zipf,1.5,10000000,562341,0.8020833333333334,0.010416666666666668
topk,cms-heap-topk-fastpath-vector2d,rows=3 cols=256,zipf,1.5,10000000,1000000,0.8020833333333334,0.010416666666666668
topk,cms-heap-topk-fastpath-vector2d,rows=3 cols=256,zipf,1.5,10000000,1778279,0.7291666666666666,0.010416666666666668
topk,cms-heap-topk-fastpath-vector2d,rows=3 cols=256,zipf,1.5,10000000,3162278,0.6666666666666666,0.010416666666666668
topk,cms-heap-topk-fastpath-vector2d,rows=3 cols=256,zipf,1.5,10000000,5623413,0.6145833333333334,0.010416666666666668
topk,cms-heap-topk-fastpath-vector2d,rows=3 cols=256,zipf,1.5,10000000,10000000,0.5729166666666666,0.010416666666666668
topk,cms-heap-topk-fastpath-vector2d,rows=3 cols=256,zipf,2.0,1000,1000,0.8854166666666666,0.010416666666666668
topk,cms-heap-topk-fastpath-vector2d,rows=3 cols=256,zipf,2.0,1000,1778,0.90625,0.03125
topk,cms-heap-topk-fastpath-vector2d,rows=3 cols=256,zipf,2.0,1000,3162,0.9270833333333334,0.010416666666666668
topk,cms-heap-topk-fastpath-vector2d,rows=3 cols=256,zipf,2.0,1000,5623,0.9791666666666666,0.010416666666666668
topk,cms-heap-topk-fastpath-vector2d,rows=3 cols=256,zipf,2.0,1000,10000,1.0,0.0
topk,cms-heap-topk-fastpath-vector2d,rows=3 cols=256,zipf,2.0,1000,17783,0.9791666666666666,0.010416666666666668
topk,cms-heap-topk-fastpath-vector2d,rows=3 cols=256,zipf,2.0,1000,31623,1.0,0.0
topk,cms-heap-topk-fastpath-vector2d,rows=3 cols=256,zipf,2.0,1000,56234,0.9791666666666666,0.010416666666666668
topk,cms-heap-topk-fastpath-vector2d,rows=3 cols=256,zipf,2.0,1000,100000,0.9895833333333334,0.010416666666666668
topk,cms-heap-topk-fastpath-vector2d,rows=3 cols=256,zipf,2.0,1000,177828,0.96875,0.0
topk,cms-heap-topk-fastpath-vector2d,rows=3 cols=256,zipf,2.0,1000,316228,0.9791666666666666,0.010416666666666668
topk,cms-heap-topk-fastpath-vector2d,rows=3 cols=256,zipf,2.0,1000,562341,0.96875,0.0
topk,cms-heap-topk-fastpath-vector2d,rows=3 cols=256,zipf,2.0,1000,1000000,0.96875,0.0
topk,cms-heap-topk-fastpath-vector2d,rows=3 cols=256,zipf,2.0,1000,1778279,0.96875,0.0
topk,cms-heap-topk-fastpath-vector2d,rows=3 cols=256,zipf,2.0,1000,3162278,0.96875,0.0
topk,cms-heap-topk-fastpath-vector2d,rows=3 cols=256,zipf,2.0,1000,5623413,0.9583333333333334,0.010416666666666668
topk,cms-heap-topk-fastpath-vector2d,rows=3 cols=256,zipf,2.0,1000,10000000,0.9583333333333334,0.010416666666666668
topk,cms-heap-topk-fastpath-vector2d,rows=3 cols=256,zipf,2.0,100000,1000,0.8645833333333334,0.02755990949025615
topk,cms-heap-topk-fastpath-vector2d,rows=3 cols=256,zipf,2.0,100000,1778,0.8958333333333334,0.010416666666666668
topk,cms-heap-topk-fastpath-vector2d,rows=3 cols=256,zipf,2.0,100000,3162,0.9375,0.018042195912175804
topk,cms-heap-topk-fastpath-vector2d,rows=3 cols=256,zipf,2.0,100000,5623,1.0,0.0
topk,cms-heap-topk-fastpath-vector2d,rows=3 cols=256,zipf,2.0,100000,10000,0.96875,0.018042195912175804
topk,cms-heap-topk-fastpath-vector2d,rows=3 cols=256,zipf,2.0,100000,17783,0.9895833333333334,0.010416666666666668
topk,cms-heap-topk-fastpath-vector2d,rows=3 cols=256,zipf,2.0,100000,31623,0.9895833333333334,0.010416666666666668
topk,cms-heap-topk-fastpath-vector2d,rows=3 cols=256,zipf,2.0,100000,56234,0.9895833333333334,0.010416666666666668
topk,cms-heap-topk-fastpath-vector2d,rows=3 cols=256,zipf,2.0,100000,100000,1.0,0.0
topk,cms-heap-topk-fastpath-vector2d,rows=3 cols=256,zipf,2.0,100000,177828,0.9791666666666666,0.010416666666666668
topk,cms-heap-topk-fastpath-vector2d,rows=3 cols=256,zipf,2.0,100000,316228,0.9895833333333334,0.010416666666666668
topk,cms-heap-topk-fastpath-vector2d,rows=3 cols=256,zipf,2.0,100000,562341,0.96875,0.0
topk,cms-heap-topk-fastpath-vector2d,rows=3 cols=256,zipf,2.0,100000,1000000,0.9479166666666666,0.010416666666666668
topk,cms-heap-topk-fastpath-vector2d,rows=3 cols=256,zipf,2.0,100000,1778279,0.9270833333333334,0.020833333333333332
topk,cms-heap-topk-fastpath-vector2d,rows=3 cols=256,zipf,2.0,100000,3162278,0.8958333333333334,0.020833333333333332
topk,cms-heap-topk-fastpath-vector2d,rows=3 cols=256,zipf,2.0,100000,5623413,0.8854166666666666,0.010416666666666668
topk,cms-heap-topk-fastpath-vector2d,rows=3 cols=256,zipf,2.0,100000,10000000,0.875,0.018042195912175804
topk,cms-heap-topk-fastpath-vector2d,rows=3 cols=256,zipf,2.0,10000000,1000,0.8645833333333334,0.02755990949025615
topk,cms-heap-topk-fastpath-vector2d,rows=3 cols=256,zipf,2.0,10000000,1778,0.8958333333333334,0.010416666666666668
topk,cms-heap-topk-fastpath-vector2d,rows=3 cols=256,zipf,2.0,10000000,3162,0.9270833333333334,0.02755990949025615
topk,cms-heap-topk-fastpath-vector2d,rows=3 cols=256,zipf,2.0,10000000,5623,1.0,0.0
topk,cms-heap-topk-fastpath-vector2d,rows=3 cols=256,zipf,2.0,10000000,10000,0.9583333333333334,0.010416666666666668
topk,cms-heap-topk-fastpath-vector2d,rows=3 cols=256,zipf,2.0,10000000,17783,0.9895833333333334,0.010416666666666668
topk,cms-heap-topk-fastpath-vector2d,rows=3 cols=256,zipf,2.0,10000000,31623,0.9791666666666666,0.010416666666666668
topk,cms-heap-topk-fastpath-vector2d,rows=3 cols=256,zipf,2.0,10000000,56234,0.9895833333333334,0.010416666666666668
topk,cms-heap-topk-fastpath-vector2d,rows=3 cols=256,zipf,2.0,10000000,100000,1.0,0.0
topk,cms-heap-topk-fastpath-vector2d,rows=3 cols=256,zipf,2.0,10000000,177828,0.9791666666666666,0.010416666666666668
topk,cms-heap-topk-fastpath-vector2d,rows=3 cols=256,zipf,2.0,10000000,316228,0.9791666666666666,0.010416666666666668
topk,cms-heap-topk-fastpath-vector2d,rows=3 cols=256,zipf,2.0,10000000,562341,0.96875,0.018042195912175804
topk,cms-heap-topk-fastpath-vector2d,rows=3 cols=256,zipf,2.0,10000000,1000000,0.9479166666666666,0.020833333333333332
topk,cms-heap-topk-fastpath-vector2d,rows=3 cols=256,zipf,2.0,10000000,1778279,0.9583333333333334,0.010416666666666668
topk,cms-heap-topk-fastpath-vector2d,rows=3 cols=256,zipf,2.0,10000000,3162278,0.9270833333333334,0.027559909490256152
topk,cms-heap-topk-fastpath-vector2d,rows=3 cols=256,zipf,2.0,10000000,5623413,0.90625,0.018042195912175804
topk,cms-heap-topk-fastpath-vector2d,rows=3 cols=256,zipf,2.0,10000000,10000000,0.875,0.018042195912175804
topk,cms-heap-topk-fastpath-vector2d,rows=3 cols=256,zipf,1.1,10000,1000,0.875,0.0
topk,cms-heap-topk-fastpath-vector2d,rows=3 cols=256,zipf,1.1,10000,1778,0.875,0.03608439182435161
topk,cms-heap-topk-fastpath-vector2d,rows=3 cols=256,zipf,1.1,10000,3162,0.875,0.018042195912175804
topk,cms-heap-topk-fastpath-vector2d,rows=3 cols=256,zipf,1.1,10000,5623,0.8541666666666666,0.02755990949025615
topk,cms-heap-topk-fastpath-vector2d,rows=3 cols=256,zipf,1.1,10000,10000,0.9166666666666666,0.020833333333333332
topk,cms-heap-topk-fastpath-vector2d,rows=3 cols=256,zipf,1.1,10000,17783,0.9270833333333334,0.010416666666666668
topk,cms-heap-topk-fastpath-vector2d,rows=3 cols=256,zipf,1.1,10000,31623,0.8854166666666666,0.02755990949025615
topk,cms-heap-topk-fastpath-vector2d,rows=3 cols=256,zipf,1.1,10000,56234,0.8125,0.018042195912175804
topk,cms-heap-topk-fastpath-vector2d,rows=3 cols=256,zipf,1.1,10000,100000,0.8125,0.018042195912175804
topk,cms-heap-topk-fastpath-vector2d,rows=3 cols=256,zipf,1.1,10000,177828,0.7395833333333334,0.020833333333333332
topk,cms-heap-topk-fastpath-vector2d,rows=3 cols=256,zipf,1.1,10000,316228,0.7083333333333334,0.010416666666666668
topk,cms-heap-topk-fastpath-vector2d,rows=3 cols=256,zipf,1.1,10000,562341,0.6979166666666666,0.010416666666666668
topk,cms-heap-topk-fastpath-vector2d,rows=3 cols=256,zipf,1.1,10000,1000000,0.65625,0.0
topk,cms-heap-topk-fastpath-vector2d,rows=3 cols=256,zipf,1.1,10000,1778279,0.65625,0.0
topk,cms-heap-topk-fastpath-vector2d,rows=3 cols=256,zipf,1.1,10000,3162278,0.65625,0.0
topk,cms-heap-topk-fastpath-vector2d,rows=3 cols=256,zipf,1.1,10000,5623413,0.65625,0.0
topk,cms-heap-topk-fastpath-vector2d,rows=3 cols=256,zipf,1.1,10000,10000000,0.65625,0.0
topk,cms-heap-topk-fastpath-vector2d,rows=3 cols=1024,zipf,0.0,1000,1000,0.625,0.0
topk,cms-heap-topk-fastpath-vector2d,rows=3 cols=1024,zipf,0.0,1000,1778,0.6145833333333334,0.052083333333333336
topk,cms-heap-topk-fastpath-vector2d,rows=3 cols=1024,zipf,0.0,1000,3162,0.40625,0.047735163489123336
topk,cms-heap-topk-fastpath-vector2d,rows=3 cols=1024,zipf,0.0,1000,5623,0.21875,0.07216878364870322
topk,cms-heap-topk-fastpath-vector2d,rows=3 cols=1024,zipf,0.0,1000,10000,0.19791666666666666,0.04540519732854868
topk,cms-heap-topk-fastpath-vector2d,rows=3 cols=1024,zipf,0.0,1000,17783,0.16666666666666666,0.02755990949025615
topk,cms-heap-topk-fastpath-vector2d,rows=3 cols=1024,zipf,0.0,1000,31623,0.15625,0.03125
topk,cms-heap-topk-fastpath-vector2d,rows=3 cols=1024,zipf,0.0,1000,56234,0.13541666666666666,0.041666666666666664
topk,cms-heap-topk-fastpath-vector2d,rows=3 cols=1024,zipf,0.0,1000,100000,0.15625,0.018042195912175804
topk,cms-heap-topk-fastpath-vector2d,rows=3 cols=1024,zipf,0.0,1000,177828,0.09375,0.018042195912175804
topk,cms-heap-topk-fastpath-vector2d,rows=3 cols=1024,zipf,0.0,1000,316228,0.08333333333333333,0.04166666666666667
topk,cms-heap-topk-fastpath-vector2d,rows=3 cols=1024,zipf,0.0,1000,562341,0.0625,0.018042195912175804
topk,cms-heap-topk-fastpath-vector2d,rows=3 cols=1024,zipf,0.0,1000,1000000,0.11458333333333333,0.020833333333333332
topk,cms-heap-topk-fastpath-vector2d,rows=3 cols=1024,zipf,0.0,1000,1778279,0.16666666666666666,0.020833333333333336
topk,cms-heap-topk-fastpath-vector2d,rows=3 cols=1024,zipf,0.0,1000,3162278,0.13541666666666666,0.020833333333333336
topk,cms-heap-topk-fastpath-vector2d,rows=3 cols=1024,zipf,0.0,1000,5623413,0.11458333333333333,0.020833333333333332
topk,cms-heap-topk-fastpath-vector2d,rows=3 cols=1024,zipf,0.0,1000,10000000,0.10416666666666667,0.03755782578608322
topk,cms-heap-topk-fastpath-vector2d,rows=3 cols=1024,zipf,0.0,100000,1000,0.10416666666666667,0.027559909490256152
topk,cms-heap-topk-fastpath-vector2d,rows=3 cols=1024,zipf,0.0,100000,1778,0.125,0.018042195912175804
topk,cms-heap-topk-fastpath-vector2d,rows=3 cols=1024,zipf,0.0,100000,3162,0.020833333333333332,0.010416666666666668
topk,cms-heap-topk-fastpath-vector2d,rows=3 cols=1024,zipf,0.0,100000,5623,0.0625,0.018042195912175804
topk,cms-heap-topk-fastpath-vector2d,rows=3 cols=1024,zipf,0.0,100000,10000,0.041666666666666664,0.010416666666666666
topk,cms-heap-topk-fastpath-vector2d,rows=3 cols=1024,zipf,0.0,100000,17783,0.010416666666666666,0.010416666666666668
topk,cms-heap-topk-fastpath-vector2d,rows=3 cols=1024,zipf,0.0,100000,31623,0.0,0.0
topk,cms-heap-topk-fastpath-vector2d,rows=3 cols=1024,zipf,0.0,100000,56234,0.010416666666666666,0.010416666666666668
topk,cms-heap-topk-fastpath-vector2d,rows=3 cols=1024,zipf,0.0,100000,100000,0.0,0.0
topk,cms-heap-topk-fastpath-vector2d,rows=3 cols=1024,zipf,0.0,100000,177828,0.0,0.0
topk,cms-heap-topk-fastpath-vector2d,rows=3 cols=1024,zipf,0.0,100000,316228,0.0,0.0
topk,cms-heap-topk-fastpath-vector2d,rows=3 cols=1024,zipf,0.0,100000,562341,0.0,0.0
topk,cms-heap-topk-fastpath-vector2d,rows=3 cols=1024,zipf,0.0,100000,1000000,0.0,0.0
topk,cms-heap-topk-fastpath-vector2d,rows=3 cols=1024,zipf,0.0,100000,1778279,0.0,0.0
topk,cms-heap-topk-fastpath-vector2d,rows=3 cols=1024,zipf,0.0,100000,3162278,0.0,0.0
topk,cms-heap-topk-fastpath-vector2d,rows=3 cols=1024,zipf,0.0,100000,5623413,0.0,0.0
topk,cms-heap-topk-fastpath-vector2d,rows=3 cols=1024,zipf,0.0,100000,10000000,0.0,0.0
topk,cms-heap-topk-fastpath-vector2d,rows=3 cols=1024,zipf,0.0,10000000,1000,0.03125,0.018042195912175804
topk,cms-heap-topk-fastpath-vector2d,rows=3 cols=1024,zipf,0.0,10000000,1778,0.0,0.0
topk,cms-heap-topk-fastpath-vector2d,rows=3 cols=1024,zipf,0.0,10000000,3162,0.0,0.0
topk,cms-heap-topk-fastpath-vector2d,rows=3 cols=1024,zipf,0.0,10000000,5623,0.0,0.0
topk,cms-heap-topk-fastpath-vector2d,rows=3 cols=1024,zipf,0.0,10000000,10000,0.0,0.0
topk,cms-heap-topk-fastpath-vector2d,rows=3 cols=1024,zipf,0.0,10000000,17783,0.0,0.0
topk,cms-heap-topk-fastpath-vector2d,rows=3 cols=1024,zipf,0.0,10000000,31623,0.0,0.0
topk,cms-heap-topk-fastpath-vector2d,rows=3 cols=1024,zipf,0.0,10000000,56234,0.0,0.0
topk,cms-heap-topk-fastpath-vector2d,rows=3 cols=1024,zipf,0.0,10000000,100000,0.0,0.0
topk,cms-heap-topk-fastpath-vector2d,rows=3 cols=1024,zipf,0.0,10000000,177828,0.0,0.0
topk,cms-heap-topk-fastpath-vector2d,rows=3 cols=1024,zipf,0.0,10000000,316228,0.0,0.0
topk,cms-heap-topk-fastpath-vector2d,rows=3 cols=1024,zipf,0.0,10000000,562341,0.0,0.0
topk,cms-heap-topk-fastpath-vector2d,rows=3 cols=1024,zipf,0.0,10000000,1000000,0.0,0.0
topk,cms-heap-topk-fastpath-vector2d,rows=3 cols=1024,zipf,0.0,10000000,1778279,0.0,0.0
topk,cms-heap-topk-fastpath-vector2d,rows=3 cols=1024,zipf,0.0,10000000,3162278,0.0,0.0
topk,cms-heap-topk-fastpath-vector2d,rows=3 cols=1024,zipf,0.0,10000000,5623413,0.0,0.0
topk,cms-heap-topk-fastpath-vector2d,rows=3 cols=1024,zipf,0.0,10000000,10000000,0.0,0.0
topk,cms-heap-topk-fastpath-vector2d,rows=3 cols=1024,zipf,0.5,1000,1000,0.8333333333333334,0.020833333333333332
topk,cms-heap-topk-fastpath-vector2d,rows=3 cols=1024,zipf,0.5,1000,1778,0.8541666666666666,0.010416666666666668
topk,cms-heap-topk-fastpath-vector2d,rows=3 cols=1024,zipf,0.5,1000,3162,0.8541666666666666,0.03755782578608322
topk,cms-heap-topk-fastpath-vector2d,rows=3 cols=1024,zipf,0.5,1000,5623,0.8645833333333334,0.02755990949025615
topk,cms-heap-topk-fastpath-vector2d,rows=3 cols=1024,zipf,0.5,1000,10000,0.8229166666666666,0.010416666666666668
topk,cms-heap-topk-fastpath-vector2d,rows=3 cols=1024,zipf,0.5,1000,17783,0.8229166666666666,0.010416666666666668
topk,cms-heap-topk-fastpath-vector2d,rows=3 cols=1024,zipf,0.5,1000,31623,0.84375,0.018042195912175804
topk,cms-heap-topk-fastpath-vector2d,rows=3 cols=1024,zipf,0.5,1000,56234,0.8020833333333334,0.03755782578608322
topk,cms-heap-topk-fastpath-vector2d,rows=3 cols=1024,zipf,0.5,1000,100000,0.7916666666666666,0.010416666666666668
topk,cms-heap-topk-fastpath-vector2d,rows=3 cols=1024,zipf,0.5,1000,177828,0.8020833333333334,0.010416666666666668
topk,cms-heap-topk-fastpath-vector2d,rows=3 cols=1024,zipf,0.5,1000,316228,0.8125,0.018042195912175804
topk,cms-heap-topk-fastpath-vector2d,rows=3 cols=1024,zipf,0.5,1000,562341,0.8229166666666666,0.010416666666666668
topk,cms-heap-topk-fastpath-vector2d,rows=3 cols=1024,zipf,0.5,1000,1000000,0.8229166666666666,0.010416666666666668
topk,cms-heap-topk-fastpath-vector2d,rows=3 cols=1024,zipf,0.5,1000,1778279,0.8229166666666666,0.010416666666666668
topk,cms-heap-topk-fastpath-vector2d,rows=3 cols=1024,zipf,0.5,1000,3162278,0.8333333333333334,0.010416666666666668
topk,cms-heap-topk-fastpath-vector2d,rows=3 cols=1024,zipf,0.5,1000,5623413,0.8229166666666666,0.010416666666666668
topk,cms-heap-topk-fastpath-vector2d,rows=3 cols=1024,zipf,0.5,1000,10000000,0.8229166666666666,0.010416666666666668
topk,cms-heap-topk-fastpath-vector2d,rows=3 cols=1024,zipf,0.5,100000,1000,0.2708333333333333,0.027559909490256152
topk,cms-heap-topk-fastpath-vector2d,rows=3 cols=1024,zipf,0.5,100000,1778,0.21875,0.047735163489123336
topk,cms-heap-topk-fastpath-vector2d,rows=3 cols=1024,zipf,0.5,100000,3162,0.20833333333333334,0.02755990949025615
topk,cms-heap-topk-fastpath-vector2d,rows=3 cols=1024,zipf,0.5,100000,5623,0.20833333333333334,0.041666666666666664
topk,cms-heap-topk-fastpath-vector2d,rows=3 cols=1024,zipf,0.5,100000,10000,0.3854166666666667,0.05208333333333333
topk,cms-heap-topk-fastpath-vector2d,rows=3 cols=1024,zipf,0.5,100000,17783,0.40625,0.018042195912175804
topk,cms-heap-topk-fastpath-vector2d,rows=3 cols=1024,zipf,0.5,100000,31623,0.3958333333333333,0.03755782578608322
topk,cms-heap-topk-fastpath-vector2d,rows=3 cols=1024,zipf,0.5,100000,56234,0.5625,0.03608439182435161
topk,cms-heap-topk-fastpath-vector2d,rows=3 cols=1024,zipf,0.5,100000,100000,0.5520833333333334,0.02755990949025615
topk,cms-heap-topk-fastpath-vector2d,rows=3 cols=1024,zipf,0.5,100000,177828,0.5729166666666666,0.02755990949025615
topk,cms-heap-topk-fastpath-vector2d,rows=3 cols=1024,zipf,0.5,100000,316228,0.5833333333333334,0.04540519732854868
topk,cms-heap-topk-fastpath-vector2d,rows=3 cols=1024,zipf,0.5,100000,562341,0.5625,0.018042195912175804
topk,cms-heap-topk-fastpath-vector2d,rows=3 cols=1024,zipf,0.5,100000,1000000,0.5729166666666666,0.010416666666666668
topk,cms-heap-topk-fastpath-vector2d,rows=3 cols=1024,zipf,0.5,100000,1778279,0.59375,0.0
topk,cms-heap-topk-fastpath-vector2d,rows=3 cols=1024,zipf,0.5,100000,3162278,0.5729166666666666,0.010416666666666668
topk,cms-heap-topk-fastpath-vector2d,rows=3 cols=1024,zipf,0.5,100000,5623413,0.5625,0.0
topk,cms-heap-topk-fastpath-vector2d,rows=3 cols=1024,zipf,0.5,100000,10000000,0.53125,0.0
topk,cms-heap-topk-fastpath-vector2d,rows=3 cols=1024,zipf,0.5,10000000,1000,0.041666666666666664,0.027559909490256152
topk,cms-heap-topk-fastpath-vector2d,rows=3 cols=1024,zipf,0.5,10000000,1778,0.03125,0.018042195912175804
topk,cms-heap-topk-fastpath-vector2d,rows=3 cols=1024,zipf,0.5,10000000,3162,0.010416666666666666,0.010416666666666668
topk,cms-heap-topk-fastpath-vector2d,rows=3 cols=1024,zipf,0.5,10000000,5623,0.010416666666666666,0.010416666666666668
topk,cms-heap-topk-fastpath-vector2d,rows=3 cols=1024,zipf,0.5,10000000,10000,0.020833333333333332,0.010416666666666668
topk,cms-heap-topk-fastpath-vector2d,rows=3 cols=1024,zipf,0.5,10000000,17783,0.0,0.0
topk,cms-heap-topk-fastpath-vector2d,rows=3 cols=1024,zipf,0.5,10000000,31623,0.0,0.0
topk,cms-heap-topk-fastpath-vector2d,rows=3 cols=1024,zipf,0.5,10000000,56234,0.020833333333333332,0.020833333333333336
topk,cms-heap-topk-fastpath-vector2d,rows=3 cols=1024,zipf,0.5,10000000,100000,0.0,0.0
topk,cms-heap-topk-fastpath-vector2d,rows=3 cols=1024,zipf,0.5,10000000,177828,0.03125,0.0
topk,cms-heap-topk-fastpath-vector2d,rows=3 cols=1024,zipf,0.5,10000000,316228,0.07291666666666667,0.010416666666666668
topk,cms-heap-topk-fastpath-vector2d,rows=3 cols=1024,zipf,0.5,10000000,562341,0.09375,0.018042195912175804
topk,cms-heap-topk-fastpath-vector2d,rows=3 cols=1024,zipf,0.5,10000000,1000000,0.14583333333333334,0.02755990949025615
topk,cms-heap-topk-fastpath-vector2d,rows=3 cols=1024,zipf,0.5,10000000,1778279,0.22916666666666666,0.03755782578608322
topk,cms-heap-topk-fastpath-vector2d,rows=3 cols=1024,zipf,0.5,10000000,3162278,0.2916666666666667,0.04540519732854868
topk,cms-heap-topk-fastpath-vector2d,rows=3 cols=1024,zipf,0.5,10000000,5623413,0.3229166666666667,0.010416666666666666
topk,cms-heap-topk-fastpath-vector2d,rows=3 cols=1024,zipf,0.5,10000000,10000000,0.3333333333333333,0.027559909490256152
topk,cms-heap-topk-fastpath-vector2d,rows=3 cols=1024,zipf,0.8,1000,1000,0.9270833333333334,0.010416666666666668
topk,cms-heap-topk-fastpath-vector2d,rows=3 cols=1024,zipf,0.8,1000,1778,0.9583333333333334,0.010416666666666668
topk,cms-heap-topk-fastpath-vector2d,rows=3 cols=1024,zipf,0.8,1000,3162,0.9791666666666666,0.010416666666666668
topk,cms-heap-topk-fastpath-vector2d,rows=3 cols=1024,zipf,0.8,1000,5623,0.9583333333333334,0.020833333333333332
topk,cms-heap-topk-fastpath-vector2d,rows=3 cols=1024,zipf,0.8,1000,10000,0.9583333333333334,0.010416666666666668
topk,cms-heap-topk-fastpath-vector2d,rows=3 cols=1024,zipf,0.8,1000,17783,0.9791666666666666,0.020833333333333332
topk,cms-heap-topk-fastpath-vector2d,rows=3 cols=1024,zipf,0.8,1000,31623,0.9895833333333334,0.010416666666666668
topk,cms-heap-topk-fastpath-vector2d,rows=3 cols=1024,zipf,0.8,1000,56234,0.9895833333333334,0.010416666666666668
topk,cms-heap-topk-fastpath-vector2d,rows=3 cols=1024,zipf,0.8,1000,100000,0.9895833333333334,0.010416666666666668
topk,cms-heap-topk-fastpath-vector2d,rows=3 cols=1024,zipf,0.8,1000,177828,1.0,0.0
topk,cms-heap-topk-fastpath-vector2d,rows=3 cols=1024,zipf,0.8,1000,316228,1.0,0.0
topk,cms-heap-topk-fastpath-vector2d,rows=3 cols=1024,zipf,0.8,1000,562341,1.0,0.0
topk,cms-heap-topk-fastpath-vector2d,rows=3 cols=1024,zipf,0.8,1000,1000000,1.0,0.0
topk,cms-heap-topk-fastpath-vector2d,rows=3 cols=1024,zipf,0.8,1000,1778279,1.0,0.0
topk,cms-heap-topk-fastpath-vector2d,rows=3 cols=1024,zipf,0.8,1000,3162278,1.0,0.0
topk,cms-heap-topk-fastpath-vector2d,rows=3 cols=1024,zipf,0.8,1000,5623413,1.0,0.0
topk,cms-heap-topk-fastpath-vector2d,rows=3 cols=1024,zipf,0.8,1000,10000000,1.0,0.0
topk,cms-heap-topk-fastpath-vector2d,rows=3 cols=1024,zipf,0.8,100000,1000,0.78125,0.018042195912175804
topk,cms-heap-topk-fastpath-vector2d,rows=3 cols=1024,zipf,0.8,100000,1778,0.8229166666666666,0.02755990949025615
topk,cms-heap-topk-fastpath-vector2d,rows=3 cols=1024,zipf,0.8,100000,3162,0.8229166666666666,0.03755782578608322
topk,cms-heap-topk-fastpath-vector2d,rows=3 cols=1024,zipf,0.8,100000,5623,0.9166666666666666,0.010416666666666668
topk,cms-heap-topk-fastpath-vector2d,rows=3 cols=1024,zipf,0.8,100000,10000,0.8854166666666666,0.03755782578608322
topk,cms-heap-topk-fastpath-vector2d,rows=3 cols=1024,zipf,0.8,100000,17783,0.90625,0.018042195912175804
topk,cms-heap-topk-fastpath-vector2d,rows=3 cols=1024,zipf,0.8,100000,31623,0.9375,0.03125
topk,cms-heap-topk-fastpath-vector2d,rows=3 cols=1024,zipf,0.8,100000,56234,0.9270833333333334,0.010416666666666668
topk,cms-heap-topk-fastpath-vector2d,rows=3 cols=1024,zipf,0.8,100000,100000,0.96875,0.0
topk,cms-heap-topk-fastpath-vector2d,rows=3 cols=1024,zipf,0.8,100000,177828,0.9375,0.018042195912175804
topk,cms-heap-topk-fastpath-vector2d,rows=3 cols=1024,zipf,0.8,100000,316228,0.9479166666666666,0.010416666666666668
topk,cms-heap-topk-fastpath-vector2d,rows=3 cols=1024,zipf,0.8,100000,562341,0.9375,0.0
topk,cms-heap-topk-fastpath-vector2d,rows=3 cols=1024,zipf,0.8,100000,1000000,0.9375,0.0
topk,cms-heap-topk-fastpath-vector2d,rows=3 cols=1024,zipf,0.8,100000,1778279,0.9375,0.018042195912175804
topk,cms-heap-topk-fastpath-vector2d,rows=3 cols=1024,zipf,0.8,100000,3162278,0.9270833333333334,0.010416666666666668
topk,cms-heap-topk-fastpath-vector2d,rows=3 cols=1024,zipf,0.8,100000,5623413,0.90625,0.018042195912175804
topk,cms-heap-topk-fastpath-vector2d,rows=3 cols=1024,zipf,0.8,100000,10000000,0.9166666666666666,0.010416666666666668
topk,cms-heap-topk-fastpath-vector2d,rows=3 cols=1024,zipf,0.8,10000000,1000,0.375,0.018042195912175804
topk,cms-heap-topk-fastpath-vector2d,rows=3 cols=1024,zipf,0.8,10000000,1778,0.3854166666666667,0.020833333333333336
topk,cms-heap-topk-fastpath-vector2d,rows=3 cols=1024,zipf,0.8,10000000,3162,0.5208333333333334,0.020833333333333332
topk,cms-heap-topk-fastpath-vector2d,rows=3 cols=1024,zipf,0.8,10000000,5623,0.6145833333333334,0.027559909490256152
topk,cms-heap-topk-fastpath-vector2d,rows=3 cols=1024,zipf,0.8,10000000,10000,0.7291666666666666,0.03755782578608322
topk,cms-heap-topk-fastpath-vector2d,rows=3 cols=1024,zipf,0.8,10000000,17783,0.8229166666666666,0.010416666666666668
topk,cms-heap-topk-fastpath-vector2d,rows=3 cols=1024,zipf,0.8,10000000,31623,0.8125,0.03608439182435161
topk,cms-heap-topk-fastpath-vector2d,rows=3 cols=1024,zipf,0.8,10000000,56234,0.8958333333333334,0.020833333333333332
topk,cms-heap-topk-fastpath-vector2d,rows=3 cols=1024,zipf,0.8,10000000,100000,0.8958333333333334,0.020833333333333332
topk,cms-heap-topk-fastpath-vector2d,rows=3 cols=1024,zipf,0.8,10000000,177828,0.9166666666666666,0.010416666666666668
topk,cms-heap-topk-fastpath-vector2d,rows=3 cols=1024,zipf,0.8,10000000,316228,0.90625,0.018042195912175804
topk,cms-heap-topk-fastpath-vector2d,rows=3 cols=1024,zipf,0.8,10000000,562341,0.8645833333333334,0.010416666666666668
topk,cms-heap-topk-fastpath-vector2d,rows=3 cols=1024,zipf,0.8,10000000,1000000,0.8645833333333334,0.03755782578608322
topk,cms-heap-topk-fastpath-vector2d,rows=3 cols=1024,zipf,0.8,10000000,1778279,0.8125,0.018042195912175804
topk,cms-heap-topk-fastpath-vector2d,rows=3 cols=1024,zipf,0.8,10000000,3162278,0.78125,0.018042195912175804
topk,cms-heap-topk-fastpath-vector2d,rows=3 cols=1024,zipf,0.8,10000000,5623413,0.7291666666666666,0.010416666666666668
topk,cms-heap-topk-fastpath-vector2d,rows=3 cols=1024,zipf,0.8,10000000,10000000,0.6875,0.0
topk,cms-heap-topk-fastpath-vector2d,rows=3 cols=1024,zipf,1.0,1000,1000,0.9583333333333334,0.02755990949025615
topk,cms-heap-topk-fastpath-vector2d,rows=3 cols=1024,zipf,1.0,1000,1778,0.9479166666666666,0.010416666666666668
topk,cms-heap-topk-fastpath-vector2d,rows=3 cols=1024,zipf,1.0,1000,3162,0.9583333333333334,0.010416666666666668
topk,cms-heap-topk-fastpath-vector2d,rows=3 cols=1024,zipf,1.0,1000,5623,0.9791666666666666,0.010416666666666668
topk,cms-heap-topk-fastpath-vector2d,rows=3 cols=1024,zipf,1.0,1000,10000,1.0,0.0
topk,cms-heap-topk-fastpath-vector2d,rows=3 cols=1024,zipf,1.0,1000,17783,0.9895833333333334,0.010416666666666668
topk,cms-heap-topk-fastpath-vector2d,rows=3 cols=1024,zipf,1.0,1000,31623,1.0,0.0
topk,cms-heap-topk-fastpath-vector2d,rows=3 cols=1024,zipf,1.0,1000,56234,1.0,0.0
topk,cms-heap-topk-fastpath-vector2d,rows=3 cols=1024,zipf,1.0,1000,100000,1.0,0.0
topk,cms-heap-topk-fastpath-vector2d,rows=3 cols=1024,zipf,1.0,1000,177828,1.0,0.0
topk,cms-heap-topk-fastpath-vector2d,rows=3 cols=1024,zipf,1.0,1000,316228,1.0,0.0
topk,cms-heap-topk-fastpath-vector2d,rows=3 cols=1024,zipf,1.0,1000,562341,1.0,0.0
topk,cms-heap-topk-fastpath-vector2d,rows=3 cols=1024,zipf,1.0,1000,1000000,1.0,0.0
topk,cms-heap-topk-fastpath-vector2d,rows=3 cols=1024,zipf,1.0,1000,1778279,1.0,0.0
topk,cms-heap-topk-fastpath-vector2d,rows=3 cols=1024,zipf,1.0,1000,3162278,1.0,0.0
topk,cms-heap-topk-fastpath-vector2d,rows=3 cols=1024,zipf,1.0,1000,5623413,1.0,0.0
topk,cms-heap-topk-fastpath-vector2d,rows=3 cols=1024,zipf,1.0,1000,10000000,1.0,0.0
topk,cms-heap-topk-fastpath-vector2d,rows=3 cols=1024,zipf,1.0,100000,1000,0.8541666666666666,0.020833333333333332
topk,cms-heap-topk-fastpath-vector2d,rows=3 cols=1024,zipf,1.0,100000,1778,0.9270833333333334,0.010416666666666668
topk,cms-heap-topk-fastpath-vector2d,rows=3 cols=1024,zipf,1.0,100000,3162,0.9375,0.018042195912175804
topk,cms-heap-topk-fastpath-vector2d,rows=3 cols=1024,zipf,1.0,100000,5623,0.96875,0.0
topk,cms-heap-topk-fastpath-vector2d,rows=3 cols=1024,zipf,1.0,100000,10000,0.9583333333333334,0.020833333333333332
topk,cms-heap-topk-fastpath-vector2d,rows=3 cols=1024,zipf,1.0,100000,17783,0.96875,0.0
topk,cms-heap-topk-fastpath-vector2d,rows=3 cols=1024,zipf,1.0,100000,31623,0.9583333333333334,0.010416666666666668
topk,cms-heap-topk-fastpath-vector2d,rows=3 cols=1024,zipf,1.0,100000,56234,0.9791666666666666,0.020833333333333332
topk,cms-heap-topk-fastpath-vector2d,rows=3 cols=1024,zipf,1.0,100000,100000,0.9791666666666666,0.010416666666666668
topk,cms-heap-topk-fastpath-vector2d,rows=3 cols=1024,zipf,1.0,100000,177828,0.9583333333333334,0.010416666666666668
topk,cms-heap-topk-fastpath-vector2d,rows=3 cols=1024,zipf,1.0,100000,316228,0.9583333333333334,0.010416666666666668
topk,cms-heap-topk-fastpath-vector2d,rows=3 cols=1024,zipf,1.0,100000,562341,0.96875,0.0
topk,cms-heap-topk-fastpath-vector2d,rows=3 cols=1024,zipf,1.0,100000,1000000,0.96875,0.0
topk,cms-heap-topk-fastpath-vector2d,rows=3 cols=1024,zipf,1.0,100000,1778279,0.96875,0.0
topk,cms-heap-topk-fastpath-vector2d,rows=3 cols=1024,zipf,1.0,100000,3162278,0.96875,0.0
topk,cms-heap-topk-fastpath-vector2d,rows=3 cols=1024,zipf,1.0,100000,5623413,0.96875,0.0
topk,cms-heap-topk-fastpath-vector2d,rows=3 cols=1024,zipf,1.0,100000,10000000,0.96875,0.0
topk,cms-heap-topk-fastpath-vector2d,rows=3 cols=1024,zipf,1.0,10000000,1000,0.8125,0.0
topk,cms-heap-topk-fastpath-vector2d,rows=3 cols=1024,zipf,1.0,10000000,1778,0.90625,0.03608439182435161
topk,cms-heap-topk-fastpath-vector2d,rows=3 cols=1024,zipf,1.0,10000000,3162,0.9166666666666666,0.02755990949025615
topk,cms-heap-topk-fastpath-vector2d,rows=3 cols=1024,zipf,1.0,10000000,5623,0.9583333333333334,0.010416666666666668
topk,cms-heap-topk-fastpath-vector2d,rows=3 cols=1024,zipf,1.0,10000000,10000,0.9583333333333334,0.010416666666666668
topk,cms-heap-topk-fastpath-vector2d,rows=3 cols=1024,zipf,1.0,10000000,17783,0.9375,0.018042195912175804
topk,cms-heap-topk-fastpath-vector2d,rows=3 cols=1024,zipf,1.0,10000000,31623,0.96875,0.0
topk,cms-heap-topk-fastpath-vector2d,rows=3 cols=1024,zipf,1.0,10000000,56234,0.96875,0.0
topk,cms-heap-topk-fastpath-vector2d,rows=3 cols=1024,zipf,1.0,10000000,100000,0.9583333333333334,0.010416666666666668
topk,cms-heap-topk-fastpath-vector2d,rows=3 cols=1024,zipf,1.0,10000000,177828,0.9375,0.03125
topk,cms-heap-topk-fastpath-vector2d,rows=3 cols=1024,zipf,1.0,10000000,316228,0.9375,0.0
topk,cms-heap-topk-fastpath-vector2d,rows=3 cols=1024,zipf,1.0,10000000,562341,0.9270833333333334,0.010416666666666668
topk,cms-heap-topk-fastpath-vector2d,rows=3 cols=1024,zipf,1.0,10000000,1000000,0.8854166666666666,0.020833333333333332
topk,cms-heap-topk-fastpath-vector2d,rows=3 cols=1024,zipf,1.0,10000000,1778279,0.875,0.0
topk,cms-heap-topk-fastpath-vector2d,rows=3 cols=1024,zipf,1.0,10000000,3162278,0.8125,0.03125
topk,cms-heap-topk-fastpath-vector2d,rows=3 cols=1024,zipf,1.0,10000000,5623413,0.7708333333333334,0.020833333333333332
topk,cms-heap-topk-fastpath-vector2d,rows=3 cols=1024,zipf,1.0,10000000,10000000,0.71875,0.018042195912175804
topk,cms-heap-topk-fastpath-vector2d,rows=3 cols=1024,zipf,1.2,1000,1000,0.96875,0.0
topk,cms-heap-topk-fastpath-vector2d,rows=3 cols=1024,zipf,1.2,1000,1778,0.9479166666666666,0.010416666666666668
topk,cms-heap-topk-fastpath-vector2d,rows=3 cols=1024,zipf,1.2,1000,3162,0.96875,0.0
topk,cms-heap-topk-fastpath-vector2d,rows=3 cols=1024,zipf,1.2,1000,5623,0.9895833333333334,0.010416666666666668
topk,cms-heap-topk-fastpath-vector2d,rows=3 cols=1024,zipf,1.2,1000,10000,0.9895833333333334,0.010416666666666668
topk,cms-heap-topk-fastpath-vector2d,rows=3 cols=1024,zipf,1.2,1000,17783,1.0,0.0
topk,cms-heap-topk-fastpath-vector2d,rows=3 cols=1024,zipf,1.2,1000,31623,1.0,0.0
topk,cms-heap-topk-fastpath-vector2d,rows=3 cols=1024,zipf,1.2,1000,56234,1.0,0.0
topk,cms-heap-topk-fastpath-vector2d,rows=3 cols=1024,zipf,1.2,1000,100000,1.0,0.0
topk,cms-heap-topk-fastpath-vector2d,rows=3 cols=1024,zipf,1.2,1000,177828,1.0,0.0
topk,cms-heap-topk-fastpath-vector2d,rows=3 cols=1024,zipf,1.2,1000,316228,1.0,0.0
topk,cms-heap-topk-fastpath-vector2d,rows=3 cols=1024,zipf,1.2,1000,562341,1.0,0.0
topk,cms-heap-topk-fastpath-vector2d,rows=3 cols=1024,zipf,1.2,1000,1000000,1.0,0.0
topk,cms-heap-topk-fastpath-vector2d,rows=3 cols=1024,zipf,1.2,1000,1778279,1.0,0.0
topk,cms-heap-topk-fastpath-vector2d,rows=3 cols=1024,zipf,1.2,1000,3162278,1.0,0.0
topk,cms-heap-topk-fastpath-vector2d,rows=3 cols=1024,zipf,1.2,1000,5623413,1.0,0.0
topk,cms-heap-topk-fastpath-vector2d,rows=3 cols=1024,zipf,1.2,1000,10000000,1.0,0.0
topk,cms-heap-topk-fastpath-vector2d,rows=3 cols=1024,zipf,1.2,100000,1000,0.9791666666666666,0.010416666666666668
topk,cms-heap-topk-fastpath-vector2d,rows=3 cols=1024,zipf,1.2,100000,1778,0.9583333333333334,0.010416666666666668
topk,cms-heap-topk-fastpath-vector2d,rows=3 cols=1024,zipf,1.2,100000,3162,0.9583333333333334,0.010416666666666668
topk,cms-heap-topk-fastpath-vector2d,rows=3 cols=1024,zipf,1.2,100000,5623,0.9791666666666666,0.010416666666666668
topk,cms-heap-topk-fastpath-vector2d,rows=3 cols=1024,zipf,1.2,100000,10000,0.9895833333333334,0.010416666666666668
topk,cms-heap-topk-fastpath-vector2d,rows=3 cols=1024,zipf,1.2,100000,17783,0.9791666666666666,0.010416666666666668
topk,cms-heap-topk-fastpath-vector2d,rows=3 cols=1024,zipf,1.2,100000,31623,0.9895833333333334,0.010416666666666668
topk,cms-heap-topk-fastpath-vector2d,rows=3 cols=1024,zipf,1.2,100000,56234,0.9895833333333334,0.010416666666666668
topk,cms-heap-topk-fastpath-vector2d,rows=3 cols=1024,zipf,1.2,100000,100000,1.0,0.0
topk,cms-heap-topk-fastpath-vector2d,rows=3 cols=1024,zipf,1.2,100000,177828,0.9791666666666666,0.010416666666666668
topk,cms-heap-topk-fastpath-vector2d,rows=3 cols=1024,zipf,1.2,100000,316228,0.9895833333333334,0.010416666666666668
topk,cms-heap-topk-fastpath-vector2d,rows=3 cols=1024,zipf,1.2,100000,562341,0.9791666666666666,0.010416666666666668
topk,cms-heap-topk-fastpath-vector2d,rows=3 cols=1024,zipf,1.2,100000,1000000,0.96875,0.0
topk,cms-heap-topk-fastpath-vector2d,rows=3 cols=1024,zipf,1.2,100000,1778279,0.96875,0.0
topk,cms-heap-topk-fastpath-vector2d,rows=3 cols=1024,zipf,1.2,100000,3162278,0.96875,0.0
topk,cms-heap-topk-fastpath-vector2d,rows=3 cols=1024,zipf,1.2,100000,5623413,0.96875,0.0
topk,cms-heap-topk-fastpath-vector2d,rows=3 cols=1024,zipf,1.2,100000,10000000,0.96875,0.0
topk,cms-heap-topk-fastpath-vector2d,rows=3 cols=1024,zipf,1.2,10000000,1000,0.9166666666666666,0.0683066512948125
topk,cms-heap-topk-fastpath-vector2d,rows=3 cols=1024,zipf,1.2,10000000,1778,0.9583333333333334,0.010416666666666668
topk,cms-heap-topk-fastpath-vector2d,rows=3 cols=1024,zipf,1.2,10000000,3162,0.9791666666666666,0.010416666666666668
topk,cms-heap-topk-fastpath-vector2d,rows=3 cols=1024,zipf,1.2,10000000,5623,0.9791666666666666,0.010416666666666668
topk,cms-heap-topk-fastpath-vector2d,rows=3 cols=1024,zipf,1.2,10000000,10000,0.9895833333333334,0.010416666666666668
topk,cms-heap-topk-fastpath-vector2d,rows=3 cols=1024,zipf,1.2,10000000,17783,0.9791666666666666,0.020833333333333332
topk,cms-heap-topk-fastpath-vector2d,rows=3 cols=1024,zipf,1.2,10000000,31623,0.9895833333333334,0.010416666666666668
topk,cms-heap-topk-fastpath-vector2d,rows=3 cols=1024,zipf,1.2,10000000,56234,0.9791666666666666,0.010416666666666668
topk,cms-heap-topk-fastpath-vector2d,rows=3 cols=1024,zipf,1.2,10000000,100000,0.9791666666666666,0.010416666666666668
topk,cms-heap-topk-fastpath-vector2d,rows=3 cols=1024,zipf,1.2,10000000,177828,1.0,0.0
topk,cms-heap-topk-fastpath-vector2d,rows=3 cols=1024,zipf,1.2,10000000,316228,0.9791666666666666,0.010416666666666668
topk,cms-heap-topk-fastpath-vector2d,rows=3 cols=1024,zipf,1.2,10000000,562341,0.9791666666666666,0.010416666666666668
topk,cms-heap-topk-fastpath-vector2d,rows=3 cols=1024,zipf,1.2,10000000,1000000,0.9583333333333334,0.010416666666666668
topk,cms-heap-topk-fastpath-vector2d,rows=3 cols=1024,zipf,1.2,10000000,1778279,0.96875,0.0
topk,cms-heap-topk-fastpath-vector2d,rows=3 cols=1024,zipf,1.2,10000000,3162278,0.9479166666666666,0.010416666666666668
topk,cms-heap-topk-fastpath-vector2d,rows=3 cols=1024,zipf,1.2,10000000,5623413,0.8958333333333334,0.02755990949025615
topk,cms-heap-topk-fastpath-vector2d,rows=3 cols=1024,zipf,1.2,10000000,10000000,0.8645833333333334,0.020833333333333332
topk,cms-heap-topk-fastpath-vector2d,rows=3 cols=1024,zipf,1.5,1000,1000,0.9375,0.018042195912175804
topk,cms-heap-topk-fastpath-vector2d,rows=3 cols=1024,zipf,1.5,1000,1778,0.96875,0.018042195912175804
topk,cms-heap-topk-fastpath-vector2d,rows=3 cols=1024,zipf,1.5,1000,3162,0.9791666666666666,0.010416666666666668
topk,cms-heap-topk-fastpath-vector2d,rows=3 cols=1024,zipf,1.5,1000,5623,1.0,0.0
topk,cms-heap-topk-fastpath-vector2d,rows=3 cols=1024,zipf,1.5,1000,10000,1.0,0.0
topk,cms-heap-topk-fastpath-vector2d,rows=3 cols=1024,zipf,1.5,1000,17783,0.9895833333333334,0.010416666666666668
topk,cms-heap-topk-fastpath-vector2d,rows=3 cols=1024,zipf,1.5,1000,31623,1.0,0.0
topk,cms-heap-topk-fastpath-vector2d,rows=3 cols=1024,zipf,1.5,1000,56234,1.0,0.0
topk,cms-heap-topk-fastpath-vector2d,rows=3 cols=1024,zipf,1.5,1000,100000,1.0,0.0
topk,cms-heap-topk-fastpath-vector2d,rows=3 cols=1024,zipf,1.5,1000,177828,1.0,0.0
topk,cms-heap-topk-fastpath-vector2d,rows=3 cols=1024,zipf,1.5,1000,316228,1.0,0.0
topk,cms-heap-topk-fastpath-vector2d,rows=3 cols=1024,zipf,1.5,1000,562341,1.0,0.0
topk,cms-heap-topk-fastpath-vector2d,rows=3 cols=1024,zipf,1.5,1000,1000000,1.0,0.0
topk,cms-heap-topk-fastpath-vector2d,rows=3 cols=1024,zipf,1.5,1000,1778279,1.0,0.0
topk,cms-heap-topk-fastpath-vector2d,rows=3 cols=1024,zipf,1.5,1000,3162278,1.0,0.0
topk,cms-heap-topk-fastpath-vector2d,rows=3 cols=1024,zipf,1.5,1000,5623413,1.0,0.0
topk,cms-heap-topk-fastpath-vector2d,rows=3 cols=1024,zipf,1.5,1000,10000000,1.0,0.0
topk,cms-heap-topk-fastpath-vector2d,rows=3 cols=1024,zipf,1.5,100000,1000,0.9583333333333334,0.04166666666666667
topk,cms-heap-topk-fastpath-vector2d,rows=3 cols=1024,zipf,1.5,100000,1778,0.96875,0.0
topk,cms-heap-topk-fastpath-vector2d,rows=3 cols=1024,zipf,1.5,100000,3162,0.9791666666666666,0.010416666666666668
topk,cms-heap-topk-fastpath-vector2d,rows=3 cols=1024,zipf,1.5,100000,5623,0.9791666666666666,0.020833333333333332
topk,cms-heap-topk-fastpath-vector2d,rows=3 cols=1024,zipf,1.5,100000,10000,0.9791666666666666,0.010416666666666668
topk,cms-heap-topk-fastpath-vector2d,rows=3 cols=1024,zipf,1.5,100000,17783,0.9895833333333334,0.010416666666666668
topk,cms-heap-topk-fastpath-vector2d,rows=3 cols=1024,zipf,1.5,100000,31623,1.0,0.0
topk,cms-heap-topk-fastpath-vector2d,rows=3 cols=1024,zipf,1.5,100000,56234,1.0,0.0
topk,cms-heap-topk-fastpath-vector2d,rows=3 cols=1024,zipf,1.5,100000,100000,1.0,0.0
topk,cms-heap-topk-fastpath-vector2d,rows=3 cols=1024,zipf,1.5,100000,177828,1.0,0.0
topk,cms-heap-topk-fastpath-vector2d,rows=3 cols=1024,zipf,1.5,100000,316228,0.9895833333333334,0.010416666666666668
topk,cms-heap-topk-fastpath-vector2d,rows=3 cols=1024,zipf,1.5,100000,562341,0.9791666666666666,0.010416666666666668
topk,cms-heap-topk-fastpath-vector2d,rows=3 cols=1024,zipf,1.5,100000,1000000,1.0,0.0
topk,cms-heap-topk-fastpath-vector2d,rows=3 cols=1024,zipf,1.5,100000,1778279,0.9791666666666666,0.010416666666666668
topk,cms-heap-topk-fastpath-vector2d,rows=3 cols=1024,zipf,1.5,100000,3162278,0.9895833333333334,0.010416666666666668
topk,cms-heap-topk-fastpath-vector2d,rows=3 cols=1024,zipf,1.5,100000,5623413,0.9791666666666666,0.010416666666666668
topk,cms-heap-topk-fastpath-vector2d,rows=3 cols=1024,zipf,1.5,100000,10000000,0.9791666666666666,0.010416666666666668
topk,cms-heap-topk-fastpath-vector2d,rows=3 cols=1024,zipf,1.5,10000000,1000,0.9479166666666666,0.010416666666666668
topk,cms-heap-topk-fastpath-vector2d,rows=3 cols=1024,zipf,1.5,10000000,1778,0.9791666666666666,0.010416666666666668
topk,cms-heap-topk-fastpath-vector2d,rows=3 cols=1024,zipf,1.5,10000000,3162,0.96875,0.018042195912175804
topk,cms-heap-topk-fastpath-vector2d,rows=3 cols=1024,zipf,1.5,10000000,5623,0.9895833333333334,0.010416666666666668
topk,cms-heap-topk-fastpath-vector2d,rows=3 cols=1024,zipf,1.5,10000000,10000,0.9895833333333334,0.010416666666666668
topk,cms-heap-topk-fastpath-vector2d,rows=3 cols=1024,zipf,1.5,10000000,17783,1.0,0.0
topk,cms-heap-topk-fastpath-vector2d,rows=3 cols=1024,zipf,1.5,10000000,31623,1.0,0.0
topk,cms-heap-topk-fastpath-vector2d,rows=3 cols=1024,zipf,1.5,10000000,56234,1.0,0.0
topk,cms-heap-topk-fastpath-vector2d,rows=3 cols=1024,zipf,1.5,10000000,100000,1.0,0.0
topk,cms-heap-topk-fastpath-vector2d,rows=3 cols=1024,zipf,1.5,10000000,177828,1.0,0.0
topk,cms-heap-topk-fastpath-vector2d,rows=3 cols=1024,zipf,1.5,10000000,316228,1.0,0.0
topk,cms-heap-topk-fastpath-vector2d,rows=3 cols=1024,zipf,1.5,10000000,562341,0.9895833333333334,0.010416666666666668
topk,cms-heap-topk-fastpath-vector2d,rows=3 cols=1024,zipf,1.5,10000000,1000000,1.0,0.0
topk,cms-heap-topk-fastpath-vector2d,rows=3 cols=1024,zipf,1.5,10000000,1778279,0.9895833333333334,0.010416666666666668
topk,cms-heap-topk-fastpath-vector2d,rows=3 cols=1024,zipf,1.5,10000000,3162278,0.9895833333333334,0.010416666666666668
topk,cms-heap-topk-fastpath-vector2d,rows=3 cols=1024,zipf,1.5,10000000,5623413,0.9583333333333334,0.010416666666666668
topk,cms-heap-topk-fastpath-vector2d,rows=3 cols=1024,zipf,1.5,10000000,10000000,0.9479166666666666,0.010416666666666668
topk,cms-heap-topk-fastpath-vector2d,rows=3 cols=1024,zipf,2.0,1000,1000,0.875,0.018042195912175804
topk,cms-heap-topk-fastpath-vector2d,rows=3 cols=1024,zipf,2.0,1000,1778,0.90625,0.03125
topk,cms-heap-topk-fastpath-vector2d,rows=3 cols=1024,zipf,2.0,1000,3162,0.9375,0.018042195912175804
topk,cms-heap-topk-fastpath-vector2d,rows=3 cols=1024,zipf,2.0,1000,5623,0.9791666666666666,0.010416666666666668
topk,cms-heap-topk-fastpath-vector2d,rows=3 cols=1024,zipf,2.0,1000,10000,1.0,0.0
topk,cms-heap-topk-fastpath-vector2d,rows=3 cols=1024,zipf,2.0,1000,17783,0.9791666666666666,0.010416666666666668
topk,cms-heap-topk-fastpath-vector2d,rows=3 cols=1024,zipf,2.0,1000,31623,1.0,0.0
topk,cms-heap-topk-fastpath-vector2d,rows=3 cols=1024,zipf,2.0,1000,56234,1.0,0.0
topk,cms-heap-topk-fastpath-vector2d,rows=3 cols=1024,zipf,2.0,1000,100000,1.0,0.0
topk,cms-heap-topk-fastpath-vector2d,rows=3 cols=1024,zipf,2.0,1000,177828,1.0,0.0
topk,cms-heap-topk-fastpath-vector2d,rows=3 cols=1024,zipf,2.0,1000,316228,1.0,0.0
topk,cms-heap-topk-fastpath-vector2d,rows=3 cols=1024,zipf,2.0,1000,562341,1.0,0.0
topk,cms-heap-topk-fastpath-vector2d,rows=3 cols=1024,zipf,2.0,1000,1000000,1.0,0.0
topk,cms-heap-topk-fastpath-vector2d,rows=3 cols=1024,zipf,2.0,1000,1778279,1.0,0.0
topk,cms-heap-topk-fastpath-vector2d,rows=3 cols=1024,zipf,2.0,1000,3162278,1.0,0.0
topk,cms-heap-topk-fastpath-vector2d,rows=3 cols=1024,zipf,2.0,1000,5623413,1.0,0.0
topk,cms-heap-topk-fastpath-vector2d,rows=3 cols=1024,zipf,2.0,1000,10000000,1.0,0.0
topk,cms-heap-topk-fastpath-vector2d,rows=3 cols=1024,zipf,2.0,100000,1000,0.8645833333333334,0.02755990949025615
topk,cms-heap-topk-fastpath-vector2d,rows=3 cols=1024,zipf,2.0,100000,1778,0.8958333333333334,0.010416666666666668
topk,cms-heap-topk-fastpath-vector2d,rows=3 cols=1024,zipf,2.0,100000,3162,0.9479166666666666,0.010416666666666668
topk,cms-heap-topk-fastpath-vector2d,rows=3 cols=1024,zipf,2.0,100000,5623,1.0,0.0
topk,cms-heap-topk-fastpath-vector2d,rows=3 cols=1024,zipf,2.0,100000,10000,0.9791666666666666,0.010416666666666668
topk,cms-heap-topk-fastpath-vector2d,rows=3 cols=1024,zipf,2.0,100000,17783,0.9895833333333334,0.010416666666666668
topk,cms-heap-topk-fastpath-vector2d,rows=3 cols=1024,zipf,2.0,100000,31623,1.0,0.0
topk,cms-heap-topk-fastpath-vector2d,rows=3 cols=1024,zipf,2.0,100000,56234,1.0,0.0
topk,cms-heap-topk-fastpath-vector2d,rows=3 cols=1024,zipf,2.0,100000,100000,1.0,0.0
topk,cms-heap-topk-fastpath-vector2d,rows=3 cols=1024,zipf,2.0,100000,177828,1.0,0.0
topk,cms-heap-topk-fastpath-vector2d,rows=3 cols=1024,zipf,2.0,100000,316228,1.0,0.0
topk,cms-heap-topk-fastpath-vector2d,rows=3 cols=1024,zipf,2.0,100000,562341,1.0,0.0
topk,cms-heap-topk-fastpath-vector2d,rows=3 cols=1024,zipf,2.0,100000,1000000,1.0,0.0
topk,cms-heap-topk-fastpath-vector2d,rows=3 cols=1024,zipf,2.0,100000,1778279,1.0,0.0
topk,cms-heap-topk-fastpath-vector2d,rows=3 cols=1024,zipf,2.0,100000,3162278,1.0,0.0
topk,cms-heap-topk-fastpath-vector2d,rows=3 cols=1024,zipf,2.0,100000,5623413,1.0,0.0
topk,cms-heap-topk-fastpath-vector2d,rows=3 cols=1024,zipf,2.0,100000,10000000,0.9895833333333334,0.010416666666666668
topk,cms-heap-topk-fastpath-vector2d,rows=3 cols=1024,zipf,2.0,10000000,1000,0.8645833333333334,0.02755990949025615
topk,cms-heap-topk-fastpath-vector2d,rows=3 cols=1024,zipf,2.0,10000000,1778,0.8958333333333334,0.010416666666666668
topk,cms-heap-topk-fastpath-vector2d,rows=3 cols=1024,zipf,2.0,10000000,3162,0.9375,0.018042195912175804
topk,cms-heap-topk-fastpath-vector2d,rows=3 cols=1024,zipf,2.0,10000000,5623,1.0,0.0
topk,cms-heap-topk-fastpath-vector2d,rows=3 cols=1024,zipf,2.0,10000000,10000,0.96875,0.0
topk,cms-heap-topk-fastpath-vector2d,rows=3 cols=1024,zipf,2.0,10000000,17783,0.9791666666666666,0.010416666666666668
topk,cms-heap-topk-fastpath-vector2d,rows=3 cols=1024,zipf,2.0,10000000,31623,1.0,0.0
topk,cms-heap-topk-fastpath-vector2d,rows=3 cols=1024,zipf,2.0,10000000,56234,1.0,0.0
topk,cms-heap-topk-fastpath-vector2d,rows=3 cols=1024,zipf,2.0,10000000,100000,1.0,0.0
topk,cms-heap-topk-fastpath-vector2d,rows=3 cols=1024,zipf,2.0,10000000,177828,1.0,0.0
topk,cms-heap-topk-fastpath-vector2d,rows=3 cols=1024,zipf,2.0,10000000,316228,1.0,0.0
topk,cms-heap-topk-fastpath-vector2d,rows=3 cols=1024,zipf,2.0,10000000,562341,1.0,0.0
topk,cms-heap-topk-fastpath-vector2d,rows=3 cols=1024,zipf,2.0,10000000,1000000,1.0,0.0
topk,cms-heap-topk-fastpath-vector2d,rows=3 cols=1024,zipf,2.0,10000000,1778279,1.0,0.0
topk,cms-heap-topk-fastpath-vector2d,rows=3 cols=1024,zipf,2.0,10000000,3162278,1.0,0.0
topk,cms-heap-topk-fastpath-vector2d,rows=3 cols=1024,zipf,2.0,10000000,5623413,1.0,0.0
topk,cms-heap-topk-fastpath-vector2d,rows=3 cols=1024,zipf,2.0,10000000,10000000,1.0,0.0
topk,cms-heap-topk-fastpath-vector2d,rows=3 cols=1024,zipf,1.1,10000,1000,0.9375,0.018042195912175804
topk,cms-heap-topk-fastpath-vector2d,rows=3 cols=1024,zipf,1.1,10000,1778,0.9791666666666666,0.010416666666666668
topk,cms-heap-topk-fastpath-vector2d,rows=3 cols=1024,zipf,1.1,10000,3162,0.96875,0.0
topk,cms-heap-topk-fastpath-vector2d,rows=3 cols=1024,zipf,1.1,10000,5623,0.9895833333333334,0.010416666666666668
topk,cms-heap-topk-fastpath-vector2d,rows=3 cols=1024,zipf,1.1,10000,10000,0.9895833333333334,0.010416666666666668
topk,cms-heap-topk-fastpath-vector2d,rows=3 cols=1024,zipf,1.1,10000,17783,0.9895833333333334,0.010416666666666668
topk,cms-heap-topk-fastpath-vector2d,rows=3 cols=1024,zipf,1.1,10000,31623,1.0,0.0
topk,cms-heap-topk-fastpath-vector2d,rows=3 cols=1024,zipf,1.1,10000,56234,0.9791666666666666,0.010416666666666668
topk,cms-heap-topk-fastpath-vector2d,rows=3 cols=1024,zipf,1.1,10000,100000,0.9895833333333334,0.010416666666666668
topk,cms-heap-topk-fastpath-vector2d,rows=3 cols=1024,zipf,1.1,10000,177828,0.9791666666666666,0.010416666666666668
topk,cms-heap-topk-fastpath-vector2d,rows=3 cols=1024,zipf,1.1,10000,316228,0.9895833333333334,0.010416666666666668
topk,cms-heap-topk-fastpath-vector2d,rows=3 cols=1024,zipf,1.1,10000,562341,0.96875,0.0
topk,cms-heap-topk-fastpath-vector2d,rows=3 cols=1024,zipf,1.1,10000,1000000,0.96875,0.0
topk,cms-heap-topk-fastpath-vector2d,rows=3 cols=1024,zipf,1.1,10000,1778279,0.96875,0.0
topk,cms-heap-topk-fastpath-vector2d,rows=3 cols=1024,zipf,1.1,10000,3162278,0.96875,0.0
topk,cms-heap-topk-fastpath-vector2d,rows=3 cols=1024,zipf,1.1,10000,5623413,0.96875,0.0
topk,cms-heap-topk-fastpath-vector2d,rows=3 cols=1024,zipf,1.1,10000,10000000,0.96875,0.0
topk,cms-heap-topk-fastpath-vector2d,rows=3 cols=4096,zipf,0.0,1000,1000,0.6666666666666666,0.020833333333333332
topk,cms-heap-topk-fastpath-vector2d,rows=3 cols=4096,zipf,0.0,1000,1778,0.9270833333333334,0.027559909490256152
topk,cms-heap-topk-fastpath-vector2d,rows=3 cols=4096,zipf,0.0,1000,3162,0.7604166666666666,0.03755782578608322
topk,cms-heap-topk-fastpath-vector2d,rows=3 cols=4096,zipf,0.0,1000,5623,0.9270833333333334,0.020833333333333332
topk,cms-heap-topk-fastpath-vector2d,rows=3 cols=4096,zipf,0.0,1000,10000,0.7916666666666666,0.027559909490256152
topk,cms-heap-topk-fastpath-vector2d,rows=3 cols=4096,zipf,0.0,1000,17783,0.6770833333333334,0.010416666666666668
topk,cms-heap-topk-fastpath-vector2d,rows=3 cols=4096,zipf,0.0,1000,31623,0.6458333333333334,0.010416666666666668
topk,cms-heap-topk-fastpath-vector2d,rows=3 cols=4096,zipf,0.0,1000,56234,0.6354166666666666,0.010416666666666668
topk,cms-heap-topk-fastpath-vector2d,rows=3 cols=4096,zipf,0.0,1000,100000,0.6354166666666666,0.010416666666666668
topk,cms-heap-topk-fastpath-vector2d,rows=3 cols=4096,zipf,0.0,1000,177828,0.6354166666666666,0.010416666666666668
topk,cms-heap-topk-fastpath-vector2d,rows=3 cols=4096,zipf,0.0,1000,316228,0.6354166666666666,0.010416666666666668
topk,cms-heap-topk-fastpath-vector2d,rows=3 cols=4096,zipf,0.0,1000,562341,0.6458333333333334,0.010416666666666668
topk,cms-heap-topk-fastpath-vector2d,rows=3 cols=4096,zipf,0.0,1000,1000000,0.65625,0.018042195912175804
topk,cms-heap-topk-fastpath-vector2d,rows=3 cols=4096,zipf,0.0,1000,1778279,0.6354166666666666,0.010416666666666668
topk,cms-heap-topk-fastpath-vector2d,rows=3 cols=4096,zipf,0.0,1000,3162278,0.6354166666666666,0.010416666666666668
topk,cms-heap-topk-fastpath-vector2d,rows=3 cols=4096,zipf,0.0,1000,5623413,0.6458333333333334,0.010416666666666668
topk,cms-heap-topk-fastpath-vector2d,rows=3 cols=4096,zipf,0.0,1000,10000000,0.6354166666666666,0.010416666666666668
topk,cms-heap-topk-fastpath-vector2d,rows=3 cols=4096,zipf,0.0,100000,1000,0.20833333333333334,0.03755782578608322
topk,cms-heap-topk-fastpath-vector2d,rows=3 cols=4096,zipf,0.0,100000,1778,0.4791666666666667,0.07511565157216644
topk,cms-heap-topk-fastpath-vector2d,rows=3 cols=4096,zipf,0.0,100000,3162,0.2708333333333333,0.027559909490256152
topk,cms-heap-topk-fastpath-vector2d,rows=3 cols=4096,zipf,0.0,100000,5623,0.125,0.0
topk,cms-heap-topk-fastpath-vector2d,rows=3 cols=4096,zipf,0.0,100000,10000,0.125,0.03125
topk,cms-heap-topk-fastpath-vector2d,rows=3 cols=4096,zipf,0.0,100000,17783,0.07291666666666667,0.02755990949025615
topk,cms-heap-topk-fastpath-vector2d,rows=3 cols=4096,zipf,0.0,100000,31623,0.041666666666666664,0.010416666666666666
topk,cms-heap-topk-fastpath-vector2d,rows=3 cols=4096,zipf,0.0,100000,56234,0.041666666666666664,0.02755990949025615
topk,cms-heap-topk-fastpath-vector2d,rows=3 cols=4096,zipf,0.0,100000,100000,0.03125,0.018042195912175804
topk,cms-heap-topk-fastpath-vector2d,rows=3 cols=4096,zipf,0.0,100000,177828,0.0,0.0
topk,cms-heap-topk-fastpath-vector2d,rows=3 cols=4096,zipf,0.0,100000,316228,0.0,0.0
topk,cms-heap-topk-fastpath-vector2d,rows=3 cols=4096,zipf,0.0,100000,562341,0.0,0.0
topk,cms-heap-topk-fastpath-vector2d,rows=3 cols=4096,zipf,0.0,100000,1000000,0.0,0.0
topk,cms-heap-topk-fastpath-vector2d,rows=3 cols=4096,zipf,0.0,100000,1778279,0.0,0.0
topk,cms-heap-topk-fastpath-vector2d,rows=3 cols=4096,zipf,0.0,100000,3162278,0.0,0.0
topk,cms-heap-topk-fastpath-vector2d,rows=3 cols=4096,zipf,0.0,100000,5623413,0.010416666666666666,0.010416666666666668
topk,cms-heap-topk-fastpath-vector2d,rows=3 cols=4096,zipf,0.0,100000,10000000,0.0,0.0
topk,cms-heap-topk-fastpath-vector2d,rows=3 cols=4096,zipf,0.0,10000000,1000,0.020833333333333332,0.010416666666666668
topk,cms-heap-topk-fastpath-vector2d,rows=3 cols=4096,zipf,0.0,10000000,1778,0.020833333333333332,0.020833333333333336
topk,cms-heap-topk-fastpath-vector2d,rows=3 cols=4096,zipf,0.0,10000000,3162,0.020833333333333332,0.020833333333333336
topk,cms-heap-topk-fastpath-vector2d,rows=3 cols=4096,zipf,0.0,10000000,5623,0.010416666666666666,0.010416666666666668
topk,cms-heap-topk-fastpath-vector2d,rows=3 cols=4096,zipf,0.0,10000000,10000,0.020833333333333332,0.010416666666666668
topk,cms-heap-topk-fastpath-vector2d,rows=3 cols=4096,zipf,0.0,10000000,17783,0.0,0.0
topk,cms-heap-topk-fastpath-vector2d,rows=3 cols=4096,zipf,0.0,10000000,31623,0.010416666666666666,0.010416666666666668
topk,cms-heap-topk-fastpath-vector2d,rows=3 cols=4096,zipf,0.0,10000000,56234,0.0,0.0
topk,cms-heap-topk-fastpath-vector2d,rows=3 cols=4096,zipf,0.0,10000000,100000,0.0,0.0
topk,cms-heap-topk-fastpath-vector2d,rows=3 cols=4096,zipf,0.0,10000000,177828,0.0,0.0
topk,cms-heap-topk-fastpath-vector2d,rows=3 cols=4096,zipf,0.0,10000000,316228,0.010416666666666666,0.010416666666666668
topk,cms-heap-topk-fastpath-vector2d,rows=3 cols=4096,zipf,0.0,10000000,562341,0.0,0.0
topk,cms-heap-topk-fastpath-vector2d,rows=3 cols=4096,zipf,0.0,10000000,1000000,0.0,0.0
topk,cms-heap-topk-fastpath-vector2d,rows=3 cols=4096,zipf,0.0,10000000,1778279,0.0,0.0
topk,cms-heap-topk-fastpath-vector2d,rows=3 cols=4096,zipf,0.0,10000000,3162278,0.0,0.0
topk,cms-heap-topk-fastpath-vector2d,rows=3 cols=4096,zipf,0.0,10000000,5623413,0.0,0.0
topk,cms-heap-topk-fastpath-vector2d,rows=3 cols=4096,zipf,0.0,10000000,10000000,0.0,0.0
topk,cms-heap-topk-fastpath-vector2d,rows=3 cols=4096,zipf,0.5,1000,1000,0.8854166666666666,0.02755990949025615
topk,cms-heap-topk-fastpath-vector2d,rows=3 cols=4096,zipf,0.5,1000,1778,0.9375,0.03608439182435161
topk,cms-heap-topk-fastpath-vector2d,rows=3 cols=4096,zipf,0.5,1000,3162,1.0,0.0
topk,cms-heap-topk-fastpath-vector2d,rows=3 cols=4096,zipf,0.5,1000,5623,0.9583333333333334,0.010416666666666668
topk,cms-heap-topk-fastpath-vector2d,rows=3 cols=4096,zipf,0.5,1000,10000,0.9895833333333334,0.010416666666666668
topk,cms-heap-topk-fastpath-vector2d,rows=3 cols=4096,zipf,0.5,1000,17783,1.0,0.0
topk,cms-heap-topk-fastpath-vector2d,rows=3 cols=4096,zipf,0.5,1000,31623,0.9895833333333334,0.010416666666666668
topk,cms-heap-topk-fastpath-vector2d,rows=3 cols=4096,zipf,0.5,1000,56234,1.0,0.0
topk,cms-heap-topk-fastpath-vector2d,rows=3 cols=4096,zipf,0.5,1000,100000,0.9895833333333334,0.010416666666666668
topk,cms-heap-topk-fastpath-vector2d,rows=3 cols=4096,zipf,0.5,1000,177828,0.9791666666666666,0.010416666666666668
topk,cms-heap-topk-fastpath-vector2d,rows=3 cols=4096,zipf,0.5,1000,316228,1.0,0.0
topk,cms-heap-topk-fastpath-vector2d,rows=3 cols=4096,zipf,0.5,1000,562341,1.0,0.0
topk,cms-heap-topk-fastpath-vector2d,rows=3 cols=4096,zipf,0.5,1000,1000000,1.0,0.0
topk,cms-heap-topk-fastpath-vector2d,rows=3 cols=4096,zipf,0.5,1000,1778279,1.0,0.0
topk,cms-heap-topk-fastpath-vector2d,rows=3 cols=4096,zipf,0.5,1000,3162278,1.0,0.0
topk,cms-heap-topk-fastpath-vector2d,rows=3 cols=4096,zipf,0.5,1000,5623413,1.0,0.0
topk,cms-heap-topk-fastpath-vector2d,rows=3 cols=4096,zipf,0.5,1000,10000000,1.0,0.0
topk,cms-heap-topk-fastpath-vector2d,rows=3 cols=4096,zipf,0.5,100000,1000,0.4166666666666667,0.010416666666666666
topk,cms-heap-topk-fastpath-vector2d,rows=3 cols=4096,zipf,0.5,100000,1778,0.6666666666666666,0.055119818980512304
topk,cms-heap-topk-fastpath-vector2d,rows=3 cols=4096,zipf,0.5,100000,3162,0.4583333333333333,0.04540519732854868
topk,cms-heap-topk-fastpath-vector2d,rows=3 cols=4096,zipf,0.5,100000,5623,0.5520833333333334,0.02755990949025615
topk,cms-heap-topk-fastpath-vector2d,rows=3 cols=4096,zipf,0.5,100000,10000,0.65625,0.047735163489123336
topk,cms-heap-topk-fastpath-vector2d,rows=3 cols=4096,zipf,0.5,100000,17783,0.6875,0.047735163489123336
topk,cms-heap-topk-fastpath-vector2d,rows=3 cols=4096,zipf,0.5,100000,31623,0.6979166666666666,0.03755782578608322
topk,cms-heap-topk-fastpath-vector2d,rows=3 cols=4096,zipf,0.5,100000,56234,0.8020833333333334,0.027559909490256152
topk,cms-heap-topk-fastpath-vector2d,rows=3 cols=4096,zipf,0.5,100000,100000,0.84375,0.0
topk,cms-heap-topk-fastpath-vector2d,rows=3 cols=4096,zipf,0.5,100000,177828,0.8229166666666666,0.02755990949025615
topk,cms-heap-topk-fastpath-vector2d,rows=3 cols=4096,zipf,0.5,100000,316228,0.84375,0.018042195912175804
topk,cms-heap-topk-fastpath-vector2d,rows=3 cols=4096,zipf,0.5,100000,562341,0.8645833333333334,0.020833333333333332
topk,cms-heap-topk-fastpath-vector2d,rows=3 cols=4096,zipf,0.5,100000,1000000,0.8229166666666666,0.027559909490256152
topk,cms-heap-topk-fastpath-vector2d,rows=3 cols=4096,zipf,0.5,100000,1778279,0.8229166666666666,0.010416666666666668
topk,cms-heap-topk-fastpath-vector2d,rows=3 cols=4096,zipf,0.5,100000,3162278,0.8229166666666666,0.010416666666666668
topk,cms-heap-topk-fastpath-vector2d,rows=3 cols=4096,zipf,0.5,100000,5623413,0.8229166666666666,0.010416666666666668
topk,cms-heap-topk-fastpath-vector2d,rows=3 cols=4096,zipf,0.5,100000,10000000,0.8125,0.0
topk,cms-heap-topk-fastpath-vector2d,rows=3 cols=4096,zipf,0.5,10000000,1000,0.020833333333333332,0.010416666666666668
topk,cms-heap-topk-fastpath-vector2d,rows=3 cols=4096,zipf,0.5,10000000,1778,0.010416666666666666,0.010416666666666668
topk,cms-heap-topk-fastpath-vector2d,rows=3 cols=4096,zipf,0.5,10000000,3162,0.020833333333333332,0.010416666666666668
topk,cms-heap-topk-fastpath-vector2d,rows=3 cols=4096,zipf,0.5,10000000,5623,0.020833333333333332,0.020833333333333336
topk,cms-heap-topk-fastpath-vector2d,rows=3 cols=4096,zipf,0.5,10000000,10000,0.03125,0.018042195912175804
topk,cms-heap-topk-fastpath-vector2d,rows=3 cols=4096,zipf,0.5,10000000,17783,0.07291666666666667,0.02755990949025615
topk,cms-heap-topk-fastpath-vector2d,rows=3 cols=4096,zipf,0.5,10000000,31623,0.052083333333333336,0.010416666666666666
topk,cms-heap-topk-fastpath-vector2d,rows=3 cols=4096,zipf,0.5,10000000,56234,0.07291666666666667,0.010416666666666668
topk,cms-heap-topk-fastpath-vector2d,rows=3 cols=4096,zipf,0.5,10000000,100000,0.08333333333333333,0.03755782578608322
topk,cms-heap-topk-fastpath-vector2d,rows=3 cols=4096,zipf,0.5,10000000,177828,0.1875,0.018042195912175804
topk,cms-heap-topk-fastpath-vector2d,rows=3 cols=4096,zipf,0.5,10000000,316228,0.28125,0.0
topk,cms-heap-topk-fastpath-vector2d,rows=3 cols=4096,zipf,0.5,10000000,562341,0.3854166666666667,0.04166666666666667
topk,cms-heap-topk-fastpath-vector2d,rows=3 cols=4096,zipf,0.5,10000000,1000000,0.4479166666666667,0.03755782578608322
topk,cms-heap-topk-fastpath-vector2d,rows=3 cols=4096,zipf,0.5,10000000,1778279,0.5625,0.018042195912175804
topk,cms-heap-topk-fastpath-vector2d,rows=3 cols=4096,zipf,0.5,10000000,3162278,0.65625,0.0
topk,cms-heap-topk-fastpath-vector2d,rows=3 cols=4096,zipf,0.5,10000000,5623413,0.7083333333333334,0.02755990949025615
topk,cms-heap-topk-fastpath-vector2d,rows=3 cols=4096,zipf,0.5,10000000,10000000,0.7395833333333334,0.020833333333333332
topk,cms-heap-topk-fastpath-vector2d,rows=3 cols=4096,zipf,0.8,1000,1000,0.9270833333333334,0.010416666666666668
topk,cms-heap-topk-fastpath-vector2d,rows=3 cols=4096,zipf,0.8,1000,1778,0.9895833333333334,0.010416666666666668
topk,cms-heap-topk-fastpath-vector2d,rows=3 cols=4096,zipf,0.8,1000,3162,0.9895833333333334,0.010416666666666668
topk,cms-heap-topk-fastpath-vector2d,rows=3 cols=4096,zipf,0.8,1000,5623,1.0,0.0
topk,cms-heap-topk-fastpath-vector2d,rows=3 cols=4096,zipf,0.8,1000,10000,0.9895833333333334,0.010416666666666668
topk,cms-heap-topk-fastpath-vector2d,rows=3 cols=4096,zipf,0.8,1000,17783,1.0,0.0
topk,cms-heap-topk-fastpath-vector2d,rows=3 cols=4096,zipf,0.8,1000,31623,1.0,0.0
topk,cms-heap-topk-fastpath-vector2d,rows=3 cols=4096,zipf,0.8,1000,56234,0.9895833333333334,0.010416666666666668
topk,cms-heap-topk-fastpath-vector2d,rows=3 cols=4096,zipf,0.8,1000,100000,1.0,0.0
topk,cms-heap-topk-fastpath-vector2d,rows=3 cols=4096,zipf,0.8,1000,177828,1.0,0.0
topk,cms-heap-topk-fastpath-vector2d,rows=3 cols=4096,zipf,0.8,1000,316228,1.0,0.0
topk,cms-heap-topk-fastpath-vector2d,rows=3 cols=4096,zipf,0.8,1000,562341,1.0,0.0
topk,cms-heap-topk-fastpath-vector2d,rows=3 cols=4096,zipf,0.8,1000,1000000,1.0,0.0
topk,cms-heap-topk-fastpath-vector2d,rows=3 cols=4096,zipf,0.8,1000,1778279,1.0,0.0
topk,cms-heap-topk-fastpath-vector2d,rows=3 cols=4096,zipf,0.8,1000,3162278,1.0,0.0
topk,cms-heap-topk-fastpath-vector2d,rows=3 cols=4096,zipf,0.8,1000,5623413,1.0,0.0
topk,cms-heap-topk-fastpath-vector2d,rows=3 cols=4096,zipf,0.8,1000,10000000,1.0,0.0
topk,cms-heap-topk-fastpath-vector2d,rows=3 cols=4096,zipf,0.8,100000,1000,0.8229166666666666,0.010416666666666668
topk,cms-heap-topk-fastpath-vector2d,rows=3 cols=4096,zipf,0.8,100000,1778,0.8958333333333334,0.04540519732854868
topk,cms-heap-topk-fastpath-vector2d,rows=3 cols=4096,zipf,0.8,100000,3162,0.96875,0.018042195912175804
topk,cms-heap-topk-fastpath-vector2d,rows=3 cols=4096,zipf,0.8,100000,5623,0.9583333333333334,0.010416666666666668
topk,cms-heap-topk-fastpath-vector2d,rows=3 cols=4096,zipf,0.8,100000,10000,0.9583333333333334,0.010416666666666668
topk,cms-heap-topk-fastpath-vector2d,rows=3 cols=4096,zipf,0.8,100000,17783,0.9583333333333334,0.010416666666666668
topk,cms-heap-topk-fastpath-vector2d,rows=3 cols=4096,zipf,0.8,100000,31623,1.0,0.0
topk,cms-heap-topk-fastpath-vector2d,rows=3 cols=4096,zipf,0.8,100000,56234,0.9895833333333334,0.010416666666666668
topk,cms-heap-topk-fastpath-vector2d,rows=3 cols=4096,zipf,0.8,100000,100000,0.96875,0.0
topk,cms-heap-topk-fastpath-vector2d,rows=3 cols=4096,zipf,0.8,100000,177828,0.9895833333333334,0.010416666666666668
topk,cms-heap-topk-fastpath-vector2d,rows=3 cols=4096,zipf,0.8,100000,316228,1.0,0.0
topk,cms-heap-topk-fastpath-vector2d,rows=3 cols=4096,zipf,0.8,100000,562341,0.9895833333333334,0.010416666666666668
topk,cms-heap-topk-fastpath-vector2d,rows=3 cols=4096,zipf,0.8,100000,1000000,1.0,0.0
topk,cms-heap-topk-fastpath-vector2d,rows=3 cols=4096,zipf,0.8,100000,1778279,1.0,0.0
topk,cms-heap-topk-fastpath-vector2d,rows=3 cols=4096,zipf,0.8,100000,3162278,1.0,0.0
topk,cms-heap-topk-fastpath-vector2d,rows=3 cols=4096,zipf,0.8,100000,5623413,1.0,0.0
topk,cms-heap-topk-fastpath-vector2d,rows=3 cols=4096,zipf,0.8,100000,10000000,1.0,0.0
topk,cms-heap-topk-fastpath-vector2d,rows=3 cols=4096,zipf,0.8,10000000,1000,0.5104166666666666,0.04540519732854868
topk,cms-heap-topk-fastpath-vector2d,rows=3 cols=4096,zipf,0.8,10000000,1778,0.6979166666666666,0.03755782578608322
topk,cms-heap-topk-fastpath-vector2d,rows=3 cols=4096,zipf,0.8,10000000,3162,0.8541666666666666,0.010416666666666668
topk,cms-heap-topk-fastpath-vector2d,rows=3 cols=4096,zipf,0.8,10000000,5623,0.8854166666666666,0.027559909490256152
topk,cms-heap-topk-fastpath-vector2d,rows=3 cols=4096,zipf,0.8,10000000,10000,0.90625,0.018042195912175804
topk,cms-heap-topk-fastpath-vector2d,rows=3 cols=4096,zipf,0.8,10000000,17783,0.9166666666666666,0.010416666666666668
topk,cms-heap-topk-fastpath-vector2d,rows=3 cols=4096,zipf,0.8,10000000,31623,0.9375,0.03125
topk,cms-heap-topk-fastpath-vector2d,rows=3 cols=4096,zipf,0.8,10000000,56234,0.9479166666666666,0.010416666666666668
topk,cms-heap-topk-fastpath-vector2d,rows=3 cols=4096,zipf,0.8,10000000,100000,0.9583333333333334,0.02755990949025615
topk,cms-heap-topk-fastpath-vector2d,rows=3 cols=4096,zipf,0.8,10000000,177828,0.9791666666666666,0.020833333333333332
topk,cms-heap-topk-fastpath-vector2d,rows=3 cols=4096,zipf,0.8,10000000,316228,0.96875,0.018042195912175804
topk,cms-heap-topk-fastpath-vector2d,rows=3 cols=4096,zipf,0.8,10000000,562341,0.9583333333333334,0.010416666666666668
topk,cms-heap-topk-fastpath-vector2d,rows=3 cols=4096,zipf,0.8,10000000,1000000,0.9479166666666666,0.010416666666666668
topk,cms-heap-topk-fastpath-vector2d,rows=3 cols=4096,zipf,0.8,10000000,1778279,0.9895833333333334,0.010416666666666668
topk,cms-heap-topk-fastpath-vector2d,rows=3 cols=4096,zipf,0.8,10000000,3162278,0.9895833333333334,0.010416666666666668
topk,cms-heap-topk-fastpath-vector2d,rows=3 cols=4096,zipf,0.8,10000000,5623413,0.9583333333333334,0.027559909490256152
topk,cms-heap-topk-fastpath-vector2d,rows=3 cols=4096,zipf,0.8,10000000,10000000,0.9791666666666666,0.010416666666666668
topk,cms-heap-topk-fastpath-vector2d,rows=3 cols=4096,zipf,1.0,1000,1000,0.9583333333333334,0.02755990949025615
topk,cms-heap-topk-fastpath-vector2d,rows=3 cols=4096,zipf,1.0,1000,1778,0.9583333333333334,0.010416666666666668
topk,cms-heap-topk-fastpath-vector2d,rows=3 cols=4096,zipf,1.0,1000,3162,0.96875,0.018042195912175804
topk,cms-heap-topk-fastpath-vector2d,rows=3 cols=4096,zipf,1.0,1000,5623,0.9895833333333334,0.010416666666666668
topk,cms-heap-topk-fastpath-vector2d,rows=3 cols=4096,zipf,1.0,1000,10000,1.0,0.0
topk,cms-heap-topk-fastpath-vector2d,rows=3 cols=4096,zipf,1.0,1000,17783,0.9895833333333334,0.010416666666666668
topk,cms-heap-topk-fastpath-vector2d,rows=3 cols=4096,zipf,1.0,1000,31623,1.0,0.0
topk,cms-heap-topk-fastpath-vector2d,rows=3 cols=4096,zipf,1.0,1000,56234,1.0,0.0
topk,cms-heap-topk-fastpath-vector2d,rows=3 cols=4096,zipf,1.0,1000,100000,1.0,0.0
topk,cms-heap-topk-fastpath-vector2d,rows=3 cols=4096,zipf,1.0,1000,177828,1.0,0.0
topk,cms-heap-topk-fastpath-vector2d,rows=3 cols=4096,zipf,1.0,1000,316228,1.0,0.0
topk,cms-heap-topk-fastpath-vector2d,rows=3 cols=4096,zipf,1.0,1000,562341,1.0,0.0
topk,cms-heap-topk-fastpath-vector2d,rows=3 cols=4096,zipf,1.0,1000,1000000,1.0,0.0
topk,cms-heap-topk-fastpath-vector2d,rows=3 cols=4096,zipf,1.0,1000,1778279,1.0,0.0
topk,cms-heap-topk-fastpath-vector2d,rows=3 cols=4096,zipf,1.0,1000,3162278,1.0,0.0
topk,cms-heap-topk-fastpath-vector2d,rows=3 cols=4096,zipf,1.0,1000,5623413,1.0,0.0
topk,cms-heap-topk-fastpath-vector2d,rows=3 cols=4096,zipf,1.0,1000,10000000,1.0,0.0
topk,cms-heap-topk-fastpath-vector2d,rows=3 cols=4096,zipf,1.0,100000,1000,0.8854166666666666,0.010416666666666668
topk,cms-heap-topk-fastpath-vector2d,rows=3 cols=4096,zipf,1.0,100000,1778,0.9479166666666666,0.010416666666666668
topk,cms-heap-topk-fastpath-vector2d,rows=3 cols=4096,zipf,1.0,100000,3162,0.9583333333333334,0.02755990949025615
topk,cms-heap-topk-fastpath-vector2d,rows=3 cols=4096,zipf,1.0,100000,5623,0.96875,0.018042195912175804
topk,cms-heap-topk-fastpath-vector2d,rows=3 cols=4096,zipf,1.0,100000,10000,0.9791666666666666,0.010416666666666668
topk,cms-heap-topk-fastpath-vector2d,rows=3 cols=4096,zipf,1.0,100000,17783,1.0,0.0
topk,cms-heap-topk-fastpath-vector2d,rows=3 cols=4096,zipf,1.0,100000,31623,1.0,0.0
topk,cms-heap-topk-fastpath-vector2d,rows=3 cols=4096,zipf,1.0,100000,56234,0.9895833333333334,0.010416666666666668
topk,cms-heap-topk-fastpath-vector2d,rows=3 cols=4096,zipf,1.0,100000,100000,1.0,0.0
topk,cms-heap-topk-fastpath-vector2d,rows=3 cols=4096,zipf,1.0,100000,177828,1.0,0.0
topk,cms-heap-topk-fastpath-vector2d,rows=3 cols=4096,zipf,1.0,100000,316228,0.9895833333333334,0.010416666666666668
topk,cms-heap-topk-fastpath-vector2d,rows=3 cols=4096,zipf,1.0,100000,562341,1.0,0.0
topk,cms-heap-topk-fastpath-vector2d,rows=3 cols=4096,zipf,1.0,100000,1000000,1.0,0.0
topk,cms-heap-topk-fastpath-vector2d,rows=3 cols=4096,zipf,1.0,100000,1778279,1.0,0.0
topk,cms-heap-topk-fastpath-vector2d,rows=3 cols=4096,zipf,1.0,100000,3162278,1.0,0.0
topk,cms-heap-topk-fastpath-vector2d,rows=3 cols=4096,zipf,1.0,100000,5623413,1.0,0.0
topk,cms-heap-topk-fastpath-vector2d,rows=3 cols=4096,zipf,1.0,100000,10000000,1.0,0.0
topk,cms-heap-topk-fastpath-vector2d,rows=3 cols=4096,zipf,1.0,10000000,1000,0.84375,0.018042195912175804
topk,cms-heap-topk-fastpath-vector2d,rows=3 cols=4096,zipf,1.0,10000000,1778,0.9166666666666666,0.02755990949025615
topk,cms-heap-topk-fastpath-vector2d,rows=3 cols=4096,zipf,1.0,10000000,3162,0.9270833333333334,0.02755990949025615
topk,cms-heap-topk-fastpath-vector2d,rows=3 cols=4096,zipf,1.0,10000000,5623,0.9791666666666666,0.010416666666666668
topk,cms-heap-topk-fastpath-vector2d,rows=3 cols=4096,zipf,1.0,10000000,10000,0.9791666666666666,0.010416666666666668
topk,cms-heap-topk-fastpath-vector2d,rows=3 cols=4096,zipf,1.0,10000000,17783,0.96875,0.0
topk,cms-heap-topk-fastpath-vector2d,rows=3 cols=4096,zipf,1.0,10000000,31623,0.9895833333333334,0.010416666666666668
topk,cms-heap-topk-fastpath-vector2d,rows=3 cols=4096,zipf,1.0,10000000,56234,1.0,0.0
topk,cms-heap-topk-fastpath-vector2d,rows=3 cols=4096,zipf,1.0,10000000,100000,1.0,0.0
topk,cms-heap-topk-fastpath-vector2d,rows=3 cols=4096,zipf,1.0,10000000,177828,0.9895833333333334,0.010416666666666668
topk,cms-heap-topk-fastpath-vector2d,rows=3 cols=4096,zipf,1.0,10000000,316228,0.9895833333333334,0.010416666666666668
topk,cms-heap-topk-fastpath-vector2d,rows=3 cols=4096,zipf,1.0,10000000,562341,0.9791666666666666,0.010416666666666668
topk,cms-heap-topk-fastpath-vector2d,rows=3 cols=4096,zipf,1.0,10000000,1000000,0.9791666666666666,0.010416666666666668
topk,cms-heap-topk-fastpath-vector2d,rows=3 cols=4096,zipf,1.0,10000000,1778279,0.9895833333333334,0.010416666666666668
topk,cms-heap-topk-fastpath-vector2d,rows=3 cols=4096,zipf,1.0,10000000,3162278,0.9791666666666666,0.020833333333333332
topk,cms-heap-topk-fastpath-vector2d,rows=3 cols=4096,zipf,1.0,10000000,5623413,0.9895833333333334,0.010416666666666668
topk,cms-heap-topk-fastpath-vector2d,rows=3 cols=4096,zipf,1.0,10000000,10000000,0.9895833333333334,0.010416666666666668
topk,cms-heap-topk-fastpath-vector2d,rows=3 cols=4096,zipf,1.2,1000,1000,0.96875,0.0
topk,cms-heap-topk-fastpath-vector2d,rows=3 cols=4096,zipf,1.2,1000,1778,0.9479166666666666,0.010416666666666668
topk,cms-heap-topk-fastpath-vector2d,rows=3 cols=4096,zipf,1.2,1000,3162,0.96875,0.0
topk,cms-heap-topk-fastpath-vector2d,rows=3 cols=4096,zipf,1.2,1000,5623,0.9895833333333334,0.010416666666666668
topk,cms-heap-topk-fastpath-vector2d,rows=3 cols=4096,zipf,1.2,1000,10000,1.0,0.0
topk,cms-heap-topk-fastpath-vector2d,rows=3 cols=4096,zipf,1.2,1000,17783,1.0,0.0
topk,cms-heap-topk-fastpath-vector2d,rows=3 cols=4096,zipf,1.2,1000,31623,1.0,0.0
topk,cms-heap-topk-fastpath-vector2d,rows=3 cols=4096,zipf,1.2,1000,56234,1.0,0.0
topk,cms-heap-topk-fastpath-vector2d,rows=3 cols=4096,zipf,1.2,1000,100000,1.0,0.0
topk,cms-heap-topk-fastpath-vector2d,rows=3 cols=4096,zipf,1.2,1000,177828,1.0,0.0
topk,cms-heap-topk-fastpath-vector2d,rows=3 cols=4096,zipf,1.2,1000,316228,1.0,0.0
topk,cms-heap-topk-fastpath-vector2d,rows=3 cols=4096,zipf,1.2,1000,562341,1.0,0.0
topk,cms-heap-topk-fastpath-vector2d,rows=3 cols=4096,zipf,1.2,1000,1000000,1.0,0.0
topk,cms-heap-topk-fastpath-vector2d,rows=3 cols=4096,zipf,1.2,1000,1778279,1.0,0.0
topk,cms-heap-topk-fastpath-vector2d,rows=3 cols=4096,zipf,1.2,1000,3162278,1.0,0.0
topk,cms-heap-topk-fastpath-vector2d,rows=3 cols=4096,zipf,1.2,1000,5623413,1.0,0.0
topk,cms-heap-topk-fastpath-vector2d,rows=3 cols=4096,zipf,1.2,1000,10000000,1.0,0.0
topk,cms-heap-topk-fastpath-vector2d,rows=3 cols=4096,zipf,1.2,100000,1000,0.9791666666666666,0.010416666666666668
topk,cms-heap-topk-fastpath-vector2d,rows=3 cols=4096,zipf,1.2,100000,1778,0.96875,0.0
topk,cms-heap-topk-fastpath-vector2d,rows=3 cols=4096,zipf,1.2,100000,3162,0.9791666666666666,0.010416666666666668
topk,cms-heap-topk-fastpath-vector2d,rows=3 cols=4096,zipf,1.2,100000,5623,0.9895833333333334,0.010416666666666668
topk,cms-heap-topk-fastpath-vector2d,rows=3 cols=4096,zipf,1.2,100000,10000,0.9895833333333334,0.010416666666666668
topk,cms-heap-topk-fastpath-vector2d,rows=3 cols=4096,zipf,1.2,100000,17783,1.0,0.0
topk,cms-heap-topk-fastpath-vector2d,rows=3 cols=4096,zipf,1.2,100000,31623,0.9895833333333334,0.010416666666666668
topk,cms-heap-topk-fastpath-vector2d,rows=3 cols=4096,zipf,1.2,100000,56234,1.0,0.0
topk,cms-heap-topk-fastpath-vector2d,rows=3 cols=4096,zipf,1.2,100000,100000,0.9895833333333334,0.010416666666666668
topk,cms-heap-topk-fastpath-vector2d,rows=3 cols=4096,zipf,1.2,100000,177828,1.0,0.0
topk,cms-heap-topk-fastpath-vector2d,rows=3 cols=4096,zipf,1.2,100000,316228,1.0,0.0
topk,cms-heap-topk-fastpath-vector2d,rows=3 cols=4096,zipf,1.2,100000,562341,1.0,0.0
topk,cms-heap-topk-fastpath-vector2d,rows=3 cols=4096,zipf,1.2,100000,1000000,1.0,0.0
topk,cms-heap-topk-fastpath-vector2d,rows=3 cols=4096,zipf,1.2,100000,1778279,1.0,0.0
topk,cms-heap-topk-fastpath-vector2d,rows=3 cols=4096,zipf,1.2,100000,3162278,1.0,0.0
topk,cms-heap-topk-fastpath-vector2d,rows=3 cols=4096,zipf,1.2,100000,5623413,1.0,0.0
topk,cms-heap-topk-fastpath-vector2d,rows=3 cols=4096,zipf,1.2,100000,10000000,1.0,0.0
topk,cms-heap-topk-fastpath-vector2d,rows=3 cols=4096,zipf,1.2,10000000,1000,0.9270833333333334,0.05799754544614606
topk,cms-heap-topk-fastpath-vector2d,rows=3 cols=4096,zipf,1.2,10000000,1778,0.9583333333333334,0.010416666666666668
topk,cms-heap-topk-fastpath-vector2d,rows=3 cols=4096,zipf,1.2,10000000,3162,0.9791666666666666,0.010416666666666668
topk,cms-heap-topk-fastpath-vector2d,rows=3 cols=4096,zipf,1.2,10000000,5623,0.9791666666666666,0.010416666666666668
topk,cms-heap-topk-fastpath-vector2d,rows=3 cols=4096,zipf,1.2,10000000,10000,0.9895833333333334,0.010416666666666668
topk,cms-heap-topk-fastpath-vector2d,rows=3 cols=4096,zipf,1.2,10000000,17783,1.0,0.0
topk,cms-heap-topk-fastpath-vector2d,rows=3 cols=4096,zipf,1.2,10000000,31623,0.9895833333333334,0.010416666666666668
topk,cms-heap-topk-fastpath-vector2d,rows=3 cols=4096,zipf,1.2,10000000,56234,1.0,0.0
topk,cms-heap-topk-fastpath-vector2d,rows=3 cols=4096,zipf,1.2,10000000,100000,1.0,0.0
topk,cms-heap-topk-fastpath-vector2d,rows=3 cols=4096,zipf,1.2,10000000,177828,0.9895833333333334,0.010416666666666668
topk,cms-heap-topk-fastpath-vector2d,rows=3 cols=4096,zipf,1.2,10000000,316228,1.0,0.0
topk,cms-heap-topk-fastpath-vector2d,rows=3 cols=4096,zipf,1.2,10000000,562341,0.9895833333333334,0.010416666666666668
topk,cms-heap-topk-fastpath-vector2d,rows=3 cols=4096,zipf,1.2,10000000,1000000,1.0,0.0
topk,cms-heap-topk-fastpath-vector2d,rows=3 cols=4096,zipf,1.2,10000000,1778279,1.0,0.0
topk,cms-heap-topk-fastpath-vector2d,rows=3 cols=4096,zipf,1.2,10000000,3162278,1.0,0.0
topk,cms-heap-topk-fastpath-vector2d,rows=3 cols=4096,zipf,1.2,10000000,5623413,1.0,0.0
topk,cms-heap-topk-fastpath-vector2d,rows=3 cols=4096,zipf,1.2,10000000,10000000,0.9791666666666666,0.010416666666666668
topk,cms-heap-topk-fastpath-vector2d,rows=3 cols=4096,zipf,1.5,1000,1000,0.9375,0.018042195912175804
topk,cms-heap-topk-fastpath-vector2d,rows=3 cols=4096,zipf,1.5,1000,1778,0.96875,0.018042195912175804
topk,cms-heap-topk-fastpath-vector2d,rows=3 cols=4096,zipf,1.5,1000,3162,0.9791666666666666,0.010416666666666668
topk,cms-heap-topk-fastpath-vector2d,rows=3 cols=4096,zipf,1.5,1000,5623,1.0,0.0
topk,cms-heap-topk-fastpath-vector2d,rows=3 cols=4096,zipf,1.5,1000,10000,1.0,0.0
topk,cms-heap-topk-fastpath-vector2d,rows=3 cols=4096,zipf,1.5,1000,17783,0.9895833333333334,0.010416666666666668
topk,cms-heap-topk-fastpath-vector2d,rows=3 cols=4096,zipf,1.5,1000,31623,1.0,0.0
topk,cms-heap-topk-fastpath-vector2d,rows=3 cols=4096,zipf,1.5,1000,56234,1.0,0.0
topk,cms-heap-topk-fastpath-vector2d,rows=3 cols=4096,zipf,1.5,1000,100000,1.0,0.0
topk,cms-heap-topk-fastpath-vector2d,rows=3 cols=4096,zipf,1.5,1000,177828,1.0,0.0
topk,cms-heap-topk-fastpath-vector2d,rows=3 cols=4096,zipf,1.5,1000,316228,1.0,0.0
topk,cms-heap-topk-fastpath-vector2d,rows=3 cols=4096,zipf,1.5,1000,562341,1.0,0.0
topk,cms-heap-topk-fastpath-vector2d,rows=3 cols=4096,zipf,1.5,1000,1000000,1.0,0.0
topk,cms-heap-topk-fastpath-vector2d,rows=3 cols=4096,zipf,1.5,1000,1778279,1.0,0.0
topk,cms-heap-topk-fastpath-vector2d,rows=3 cols=4096,zipf,1.5,1000,3162278,1.0,0.0
topk,cms-heap-topk-fastpath-vector2d,rows=3 cols=4096,zipf,1.5,1000,5623413,1.0,0.0
topk,cms-heap-topk-fastpath-vector2d,rows=3 cols=4096,zipf,1.5,1000,10000000,1.0,0.0
topk,cms-heap-topk-fastpath-vector2d,rows=3 cols=4096,zipf,1.5,100000,1000,0.96875,0.03125
topk,cms-heap-topk-fastpath-vector2d,rows=3 cols=4096,zipf,1.5,100000,1778,0.96875,0.0
topk,cms-heap-topk-fastpath-vector2d,rows=3 cols=4096,zipf,1.5,100000,3162,0.9895833333333334,0.010416666666666668
topk,cms-heap-topk-fastpath-vector2d,rows=3 cols=4096,zipf,1.5,100000,5623,0.9791666666666666,0.020833333333333332
topk,cms-heap-topk-fastpath-vector2d,rows=3 cols=4096,zipf,1.5,100000,10000,0.9791666666666666,0.010416666666666668
topk,cms-heap-topk-fastpath-vector2d,rows=3 cols=4096,zipf,1.5,100000,17783,0.9895833333333334,0.010416666666666668
topk,cms-heap-topk-fastpath-vector2d,rows=3 cols=4096,zipf,1.5,100000,31623,1.0,0.0
topk,cms-heap-topk-fastpath-vector2d,rows=3 cols=4096,zipf,1.5,100000,56234,0.9895833333333334,0.010416666666666668
topk,cms-heap-topk-fastpath-vector2d,rows=3 cols=4096,zipf,1.5,100000,100000,1.0,0.0
topk,cms-heap-topk-fastpath-vector2d,rows=3 cols=4096,zipf,1.5,100000,177828,1.0,0.0
topk,cms-heap-topk-fastpath-vector2d,rows=3 cols=4096,zipf,1.5,100000,316228,1.0,0.0
topk,cms-heap-topk-fastpath-vector2d,rows=3 cols=4096,zipf,1.5,100000,562341,1.0,0.0
topk,cms-heap-topk-fastpath-vector2d,rows=3 cols=4096,zipf,1.5,100000,1000000,1.0,0.0
topk,cms-heap-topk-fastpath-vector2d,rows=3 cols=4096,zipf,1.5,100000,1778279,1.0,0.0
topk,cms-heap-topk-fastpath-vector2d,rows=3 cols=4096,zipf,1.5,100000,3162278,1.0,0.0
topk,cms-heap-topk-fastpath-vector2d,rows=3 cols=4096,zipf,1.5,100000,5623413,1.0,0.0
topk,cms-heap-topk-fastpath-vector2d,rows=3 cols=4096,zipf,1.5,100000,10000000,1.0,0.0
topk,cms-heap-topk-fastpath-vector2d,rows=3 cols=4096,zipf,1.5,10000000,1000,0.9479166666666666,0.010416666666666668
topk,cms-heap-topk-fastpath-vector2d,rows=3 cols=4096,zipf,1.5,10000000,1778,0.9791666666666666,0.010416666666666668
topk,cms-heap-topk-fastpath-vector2d,rows=3 cols=4096,zipf,1.5,10000000,3162,0.96875,0.018042195912175804
topk,cms-heap-topk-fastpath-vector2d,rows=3 cols=4096,zipf,1.5,10000000,5623,0.9895833333333334,0.010416666666666668
topk,cms-heap-topk-fastpath-vector2d,rows=3 cols=4096,zipf,1.5,10000000,10000,0.9895833333333334,0.010416666666666668
topk,cms-heap-topk-fastpath-vector2d,rows=3 cols=4096,zipf,1.5,10000000,17783,1.0,0.0
topk,cms-heap-topk-fastpath-vector2d,rows=3 cols=4096,zipf,1.5,10000000,31623,1.0,0.0
topk,cms-heap-topk-fastpath-vector2d,rows=3 cols=4096,zipf,1.5,10000000,56234,1.0,0.0
topk,cms-heap-topk-fastpath-vector2d,rows=3 cols=4096,zipf,1.5,10000000,100000,1.0,0.0
topk,cms-heap-topk-fastpath-vector2d,rows=3 cols=4096,zipf,1.5,10000000,177828,1.0,0.0
topk,cms-heap-topk-fastpath-vector2d,rows=3 cols=4096,zipf,1.5,10000000,316228,1.0,0.0
topk,cms-heap-topk-fastpath-vector2d,rows=3 cols=4096,zipf,1.5,10000000,562341,1.0,0.0
topk,cms-heap-topk-fastpath-vector2d,rows=3 cols=4096,zipf,1.5,10000000,1000000,1.0,0.0
topk,cms-heap-topk-fastpath-vector2d,rows=3 cols=4096,zipf,1.5,10000000,1778279,1.0,0.0
topk,cms-heap-topk-fastpath-vector2d,rows=3 cols=4096,zipf,1.5,10000000,3162278,1.0,0.0
topk,cms-heap-topk-fastpath-vector2d,rows=3 cols=4096,zipf,1.5,10000000,5623413,1.0,0.0
topk,cms-heap-topk-fastpath-vector2d,rows=3 cols=4096,zipf,1.5,10000000,10000000,1.0,0.0
topk,cms-heap-topk-fastpath-vector2d,rows=3 cols=4096,zipf,2.0,1000,1000,0.875,0.018042195912175804
topk,cms-heap-topk-fastpath-vector2d,rows=3 cols=4096,zipf,2.0,1000,1778,0.90625,0.03125
topk,cms-heap-topk-fastpath-vector2d,rows=3 cols=4096,zipf,2.0,1000,3162,0.9375,0.018042195912175804
topk,cms-heap-topk-fastpath-vector2d,rows=3 cols=4096,zipf,2.0,1000,5623,0.9791666666666666,0.010416666666666668
topk,cms-heap-topk-fastpath-vector2d,rows=3 cols=4096,zipf,2.0,1000,10000,1.0,0.0
topk,cms-heap-topk-fastpath-vector2d,rows=3 cols=4096,zipf,2.0,1000,17783,0.9791666666666666,0.010416666666666668
topk,cms-heap-topk-fastpath-vector2d,rows=3 cols=4096,zipf,2.0,1000,31623,1.0,0.0
topk,cms-heap-topk-fastpath-vector2d,rows=3 cols=4096,zipf,2.0,1000,56234,1.0,0.0
topk,cms-heap-topk-fastpath-vector2d,rows=3 cols=4096,zipf,2.0,1000,100000,1.0,0.0
topk,cms-heap-topk-fastpath-vector2d,rows=3 cols=4096,zipf,2.0,1000,177828,1.0,0.0
topk,cms-heap-topk-fastpath-vector2d,rows=3 cols=4096,zipf,2.0,1000,316228,1.0,0.0
topk,cms-heap-topk-fastpath-vector2d,rows=3 cols=4096,zipf,2.0,1000,562341,1.0,0.0
topk,cms-heap-topk-fastpath-vector2d,rows=3 cols=4096,zipf,2.0,1000,1000000,1.0,0.0
topk,cms-heap-topk-fastpath-vector2d,rows=3 cols=4096,zipf,2.0,1000,1778279,1.0,0.0
topk,cms-heap-topk-fastpath-vector2d,rows=3 cols=4096,zipf,2.0,1000,3162278,1.0,0.0
topk,cms-heap-topk-fastpath-vector2d,rows=3 cols=4096,zipf,2.0,1000,5623413,1.0,0.0
topk,cms-heap-topk-fastpath-vector2d,rows=3 cols=4096,zipf,2.0,1000,10000000,1.0,0.0
topk,cms-heap-topk-fastpath-vector2d,rows=3 cols=4096,zipf,2.0,100000,1000,0.8645833333333334,0.02755990949025615
topk,cms-heap-topk-fastpath-vector2d,rows=3 cols=4096,zipf,2.0,100000,1778,0.8958333333333334,0.010416666666666668
topk,cms-heap-topk-fastpath-vector2d,rows=3 cols=4096,zipf,2.0,100000,3162,0.9479166666666666,0.010416666666666668
topk,cms-heap-topk-fastpath-vector2d,rows=3 cols=4096,zipf,2.0,100000,5623,1.0,0.0
topk,cms-heap-topk-fastpath-vector2d,rows=3 cols=4096,zipf,2.0,100000,10000,0.9791666666666666,0.010416666666666668
topk,cms-heap-topk-fastpath-vector2d,rows=3 cols=4096,zipf,2.0,100000,17783,0.9895833333333334,0.010416666666666668
topk,cms-heap-topk-fastpath-vector2d,rows=3 cols=4096,zipf,2.0,100000,31623,1.0,0.0
topk,cms-heap-topk-fastpath-vector2d,rows=3 cols=4096,zipf,2.0,100000,56234,1.0,0.0
topk,cms-heap-topk-fastpath-vector2d,rows=3 cols=4096,zipf,2.0,100000,100000,1.0,0.0
topk,cms-heap-topk-fastpath-vector2d,rows=3 cols=4096,zipf,2.0,100000,177828,1.0,0.0
topk,cms-heap-topk-fastpath-vector2d,rows=3 cols=4096,zipf,2.0,100000,316228,1.0,0.0
topk,cms-heap-topk-fastpath-vector2d,rows=3 cols=4096,zipf,2.0,100000,562341,1.0,0.0
topk,cms-heap-topk-fastpath-vector2d,rows=3 cols=4096,zipf,2.0,100000,1000000,1.0,0.0
topk,cms-heap-topk-fastpath-vector2d,rows=3 cols=4096,zipf,2.0,100000,1778279,1.0,0.0
topk,cms-heap-topk-fastpath-vector2d,rows=3 cols=4096,zipf,2.0,100000,3162278,1.0,0.0
topk,cms-heap-topk-fastpath-vector2d,rows=3 cols=4096,zipf,2.0,100000,5623413,1.0,0.0
topk,cms-heap-topk-fastpath-vector2d,rows=3 cols=4096,zipf,2.0,100000,10000000,1.0,0.0
topk,cms-heap-topk-fastpath-vector2d,rows=3 cols=4096,zipf,2.0,10000000,1000,0.8645833333333334,0.02755990949025615
topk,cms-heap-topk-fastpath-vector2d,rows=3 cols=4096,zipf,2.0,10000000,1778,0.8958333333333334,0.010416666666666668
topk,cms-heap-topk-fastpath-vector2d,rows=3 cols=4096,zipf,2.0,10000000,3162,0.9375,0.018042195912175804
topk,cms-heap-topk-fastpath-vector2d,rows=3 cols=4096,zipf,2.0,10000000,5623,1.0,0.0
topk,cms-heap-topk-fastpath-vector2d,rows=3 cols=4096,zipf,2.0,10000000,10000,0.96875,0.0
topk,cms-heap-topk-fastpath-vector2d,rows=3 cols=4096,zipf,2.0,10000000,17783,0.9791666666666666,0.010416666666666668
topk,cms-heap-topk-fastpath-vector2d,rows=3 cols=4096,zipf,2.0,10000000,31623,1.0,0.0
topk,cms-heap-topk-fastpath-vector2d,rows=3 cols=4096,zipf,2.0,10000000,56234,1.0,0.0
topk,cms-heap-topk-fastpath-vector2d,rows=3 cols=4096,zipf,2.0,10000000,100000,1.0,0.0
topk,cms-heap-topk-fastpath-vector2d,rows=3 cols=4096,zipf,2.0,10000000,177828,1.0,0.0
topk,cms-heap-topk-fastpath-vector2d,rows=3 cols=4096,zipf,2.0,10000000,316228,1.0,0.0
topk,cms-heap-topk-fastpath-vector2d,rows=3 cols=4096,zipf,2.0,10000000,562341,1.0,0.0
topk,cms-heap-topk-fastpath-vector2d,rows=3 cols=4096,zipf,2.0,10000000,1000000,1.0,0.0
topk,cms-heap-topk-fastpath-vector2d,rows=3 cols=4096,zipf,2.0,10000000,1778279,1.0,0.0
topk,cms-heap-topk-fastpath-vector2d,rows=3 cols=4096,zipf,2.0,10000000,3162278,1.0,0.0
topk,cms-heap-topk-fastpath-vector2d,rows=3 cols=4096,zipf,2.0,10000000,5623413,1.0,0.0
topk,cms-heap-topk-fastpath-vector2d,rows=3 cols=4096,zipf,2.0,10000000,10000000,1.0,0.0
topk,cms-heap-topk-fastpath-vector2d,rows=3 cols=4096,zipf,1.1,10000,1000,0.9479166666666666,0.010416666666666668
topk,cms-heap-topk-fastpath-vector2d,rows=3 cols=4096,zipf,1.1,10000,1778,0.9791666666666666,0.010416666666666668
topk,cms-heap-topk-fastpath-vector2d,rows=3 cols=4096,zipf,1.1,10000,3162,0.9791666666666666,0.010416666666666668
topk,cms-heap-topk-fastpath-vector2d,rows=3 cols=4096,zipf,1.1,10000,5623,0.9895833333333334,0.010416666666666668
topk,cms-heap-topk-fastpath-vector2d,rows=3 cols=4096,zipf,1.1,10000,10000,0.9895833333333334,0.010416666666666668
topk,cms-heap-topk-fastpath-vector2d,rows=3 cols=4096,zipf,1.1,10000,17783,1.0,0.0
topk,cms-heap-topk-fastpath-vector2d,rows=3 cols=4096,zipf,1.1,10000,31623,0.9895833333333334,0.010416666666666668
topk,cms-heap-topk-fastpath-vector2d,rows=3 cols=4096,zipf,1.1,10000,56234,1.0,0.0
topk,cms-heap-topk-fastpath-vector2d,rows=3 cols=4096,zipf,1.1,10000,100000,0.9895833333333334,0.010416666666666668
topk,cms-heap-topk-fastpath-vector2d,rows=3 cols=4096,zipf,1.1,10000,177828,1.0,0.0
topk,cms-heap-topk-fastpath-vector2d,rows=3 cols=4096,zipf,1.1,10000,316228,1.0,0.0
topk,cms-heap-topk-fastpath-vector2d,rows=3 cols=4096,zipf,1.1,10000,562341,1.0,0.0
topk,cms-heap-topk-fastpath-vector2d,rows=3 cols=4096,zipf,1.1,10000,1000000,1.0,0.0
topk,cms-heap-topk-fastpath-vector2d,rows=3 cols=4096,zipf,1.1,10000,1778279,1.0,0.0
topk,cms-heap-topk-fastpath-vector2d,rows=3 cols=4096,zipf,1.1,10000,3162278,1.0,0.0
topk,cms-heap-topk-fastpath-vector2d,rows=3 cols=4096,zipf,1.1,10000,5623413,1.0,0.0
topk,cms-heap-topk-fastpath-vector2d,rows=3 cols=4096,zipf,1.1,10000,10000000,1.0,0.0
topk,cms-heap-topk-fastpath-vector2d,rows=3 cols=16384,zipf,0.0,1000,1000,0.6666666666666666,0.020833333333333332
topk,cms-heap-topk-fastpath-vector2d,rows=3 cols=16384,zipf,0.0,1000,1778,0.9375,0.03125
topk,cms-heap-topk-fastpath-vector2d,rows=3 cols=16384,zipf,0.0,1000,3162,0.78125,0.018042195912175804
topk,cms-heap-topk-fastpath-vector2d,rows=3 cols=16384,zipf,0.0,1000,5623,0.9791666666666666,0.020833333333333332
topk,cms-heap-topk-fastpath-vector2d,rows=3 cols=16384,zipf,0.0,1000,10000,0.90625,0.03125
topk,cms-heap-topk-fastpath-vector2d,rows=3 cols=16384,zipf,0.0,1000,17783,0.9479166666666666,0.02755990949025615
topk,cms-heap-topk-fastpath-vector2d,rows=3 cols=16384,zipf,0.0,1000,31623,0.9583333333333334,0.010416666666666668
topk,cms-heap-topk-fastpath-vector2d,rows=3 cols=16384,zipf,0.0,1000,56234,0.9375,0.03125
topk,cms-heap-topk-fastpath-vector2d,rows=3 cols=16384,zipf,0.0,1000,100000,0.9895833333333334,0.010416666666666668
topk,cms-heap-topk-fastpath-vector2d,rows=3 cols=16384,zipf,0.0,1000,177828,0.96875,0.018042195912175804
topk,cms-heap-topk-fastpath-vector2d,rows=3 cols=16384,zipf,0.0,1000,316228,0.9583333333333334,0.010416666666666668
topk,cms-heap-topk-fastpath-vector2d,rows=3 cols=16384,zipf,0.0,1000,562341,1.0,0.0
topk,cms-heap-topk-fastpath-vector2d,rows=3 cols=16384,zipf,0.0,1000,1000000,0.9791666666666666,0.010416666666666668
topk,cms-heap-topk-fastpath-vector2d,rows=3 cols=16384,zipf,0.0,1000,1778279,0.9791666666666666,0.010416666666666668
topk,cms-heap-topk-fastpath-vector2d,rows=3 cols=16384,zipf,0.0,1000,3162278,0.9895833333333334,0.010416666666666668
topk,cms-heap-topk-fastpath-vector2d,rows=3 cols=16384,zipf,0.0,1000,5623413,0.9791666666666666,0.010416666666666668
topk,cms-heap-topk-fastpath-vector2d,rows=3 cols=16384,zipf,0.0,1000,10000000,1.0,0.0
topk,cms-heap-topk-fastpath-vector2d,rows=3 cols=16384,zipf,0.0,100000,1000,0.20833333333333334,0.03755782578608322
topk,cms-heap-topk-fastpath-vector2d,rows=3 cols=16384,zipf,0.0,100000,1778,0.5208333333333334,0.07291666666666667
topk,cms-heap-topk-fastpath-vector2d,rows=3 cols=16384,zipf,0.0,100000,3162,0.6458333333333334,0.07511565157216644
topk,cms-heap-topk-fastpath-vector2d,rows=3 cols=16384,zipf,0.0,100000,5623,0.23958333333333334,0.0551198189805123
topk,cms-heap-topk-fastpath-vector2d,rows=3 cols=16384,zipf,0.0,100000,10000,0.4583333333333333,0.027559909490256152
topk,cms-heap-topk-fastpath-vector2d,rows=3 cols=16384,zipf,0.0,100000,17783,0.28125,0.018042195912175804
topk,cms-heap-topk-fastpath-vector2d,rows=3 cols=16384,zipf,0.0,100000,31623,0.28125,0.0
topk,cms-heap-topk-fastpath-vector2d,rows=3 cols=16384,zipf,0.0,100000,56234,0.11458333333333333,0.02755990949025615
topk,cms-heap-topk-fastpath-vector2d,rows=3 cols=16384,zipf,0.0,100000,100000,0.08333333333333333,0.02755990949025615
topk,cms-heap-topk-fastpath-vector2d,rows=3 cols=16384,zipf,0.0,100000,177828,0.052083333333333336,0.010416666666666666
topk,cms-heap-topk-fastpath-vector2d,rows=3 cols=16384,zipf,0.0,100000,316228,0.0,0.0
topk,cms-heap-topk-fastpath-vector2d,rows=3 cols=16384,zipf,0.0,100000,562341,0.020833333333333332,0.010416666666666668
topk,cms-heap-topk-fastpath-vector2d,rows=3 cols=16384,zipf,0.0,100000,1000000,0.0,0.0
topk,cms-heap-topk-fastpath-vector2d,rows=3 cols=16384,zipf,0.0,100000,1778279,0.0,0.0
topk,cms-heap-topk-fastpath-vector2d,rows=3 cols=16384,zipf,0.0,100000,3162278,0.0,0.0
topk,cms-heap-topk-fastpath-vector2d,rows=3 cols=16384,zipf,0.0,100000,5623413,0.0,0.0
topk,cms-heap-topk-fastpath-vector2d,rows=3 cols=16384,zipf,0.0,100000,10000000,0.0,0.0
topk,cms-heap-topk-fastpath-vector2d,rows=3 cols=16384,zipf,0.0,10000000,1000,0.020833333333333332,0.010416666666666668
topk,cms-heap-topk-fastpath-vector2d,rows=3 cols=16384,zipf,0.0,10000000,1778,0.010416666666666666,0.010416666666666668
topk,cms-heap-topk-fastpath-vector2d,rows=3 cols=16384,zipf,0.0,10000000,3162,0.020833333333333332,0.010416666666666668
topk,cms-heap-topk-fastpath-vector2d,rows=3 cols=16384,zipf,0.0,10000000,5623,0.020833333333333332,0.020833333333333336
topk,cms-heap-topk-fastpath-vector2d,rows=3 cols=16384,zipf,0.0,10000000,10000,0.03125,0.018042195912175804
topk,cms-heap-topk-fastpath-vector2d,rows=3 cols=16384,zipf,0.0,10000000,17783,0.052083333333333336,0.020833333333333336
topk,cms-heap-topk-fastpath-vector2d,rows=3 cols=16384,zipf,0.0,10000000,31623,0.020833333333333332,0.020833333333333336
topk,cms-heap-topk-fastpath-vector2d,rows=3 cols=16384,zipf,0.0,10000000,56234,0.020833333333333332,0.020833333333333336
topk,cms-heap-topk-fastpath-vector2d,rows=3 cols=16384,zipf,0.0,10000000,100000,0.0,0.0
topk,cms-heap-topk-fastpath-vector2d,rows=3 cols=16384,zipf,0.0,10000000,177828,0.0,0.0
topk,cms-heap-topk-fastpath-vector2d,rows=3 cols=16384,zipf,0.0,10000000,316228,0.0,0.0
topk,cms-heap-topk-fastpath-vector2d,rows=3 cols=16384,zipf,0.0,10000000,562341,0.010416666666666666,0.010416666666666668
topk,cms-heap-topk-fastpath-vector2d,rows=3 cols=16384,zipf,0.0,10000000,1000000,0.0,0.0
topk,cms-heap-topk-fastpath-vector2d,rows=3 cols=16384,zipf,0.0,10000000,1778279,0.0,0.0
topk,cms-heap-topk-fastpath-vector2d,rows=3 cols=16384,zipf,0.0,10000000,3162278,0.010416666666666666,0.010416666666666668
topk,cms-heap-topk-fastpath-vector2d,rows=3 cols=16384,zipf,0.0,10000000,5623413,0.0,0.0
topk,cms-heap-topk-fastpath-vector2d,rows=3 cols=16384,zipf,0.0,10000000,10000000,0.0,0.0
topk,cms-heap-topk-fastpath-vector2d,rows=3 cols=16384,zipf,0.5,1000,1000,0.8854166666666666,0.02755990949025615
topk,cms-heap-topk-fastpath-vector2d,rows=3 cols=16384,zipf,0.5,1000,1778,0.9375,0.03608439182435161
topk,cms-heap-topk-fastpath-vector2d,rows=3 cols=16384,zipf,0.5,1000,3162,1.0,0.0
topk,cms-heap-topk-fastpath-vector2d,rows=3 cols=16384,zipf,0.5,1000,5623,0.9583333333333334,0.010416666666666668
topk,cms-heap-topk-fastpath-vector2d,rows=3 cols=16384,zipf,0.5,1000,10000,1.0,0.0
topk,cms-heap-topk-fastpath-vector2d,rows=3 cols=16384,zipf,0.5,1000,17783,1.0,0.0
topk,cms-heap-topk-fastpath-vector2d,rows=3 cols=16384,zipf,0.5,1000,31623,0.9895833333333334,0.010416666666666668
topk,cms-heap-topk-fastpath-vector2d,rows=3 cols=16384,zipf,0.5,1000,56234,1.0,0.0
topk,cms-heap-topk-fastpath-vector2d,rows=3 cols=16384,zipf,0.5,1000,100000,1.0,0.0
topk,cms-heap-topk-fastpath-vector2d,rows=3 cols=16384,zipf,0.5,1000,177828,0.9895833333333334,0.010416666666666668
topk,cms-heap-topk-fastpath-vector2d,rows=3 cols=16384,zipf,0.5,1000,316228,1.0,0.0
topk,cms-heap-topk-fastpath-vector2d,rows=3 cols=16384,zipf,0.5,1000,562341,1.0,0.0
topk,cms-heap-topk-fastpath-vector2d,rows=3 cols=16384,zipf,0.5,1000,1000000,1.0,0.0
topk,cms-heap-topk-fastpath-vector2d,rows=3 cols=16384,zipf,0.5,1000,1778279,1.0,0.0
topk,cms-heap-topk-fastpath-vector2d,rows=3 cols=16384,zipf,0.5,1000,3162278,1.0,0.0
topk,cms-heap-topk-fastpath-vector2d,rows=3 cols=16384,zipf,0.5,1000,5623413,1.0,0.0
topk,cms-heap-topk-fastpath-vector2d,rows=3 cols=16384,zipf,0.5,1000,10000000,1.0,0.0
topk,cms-heap-topk-fastpath-vector2d,rows=3 cols=16384,zipf,0.5,100000,1000,0.4270833333333333,0.020833333333333336
topk,cms-heap-topk-fastpath-vector2d,rows=3 cols=16384,zipf,0.5,100000,1778,0.8125,0.05412658773652741
topk,cms-heap-topk-fastpath-vector2d,rows=3 cols=16384,zipf,0.5,100000,3162,0.53125,0.0625
topk,cms-heap-topk-fastpath-vector2d,rows=3 cols=16384,zipf,0.5,100000,5623,0.8229166666666666,0.02755990949025615
topk,cms-heap-topk-fastpath-vector2d,rows=3 cols=16384,zipf,0.5,100000,10000,0.8958333333333334,0.010416666666666668
topk,cms-heap-topk-fastpath-vector2d,rows=3 cols=16384,zipf,0.5,100000,17783,0.8854166666666666,0.010416666666666668
topk,cms-heap-topk-fastpath-vector2d,rows=3 cols=16384,zipf,0.5,100000,31623,0.875,0.0
topk,cms-heap-topk-fastpath-vector2d,rows=3 cols=16384,zipf,0.5,100000,56234,0.9479166666666666,0.010416666666666668
topk,cms-heap-topk-fastpath-vector2d,rows=3 cols=16384,zipf,0.5,100000,100000,0.9375,0.018042195912175804
topk,cms-heap-topk-fastpath-vector2d,rows=3 cols=16384,zipf,0.5,100000,177828,0.8854166666666666,0.010416666666666668
topk,cms-heap-topk-fastpath-vector2d,rows=3 cols=16384,zipf,0.5,100000,316228,0.9479166666666666,0.010416666666666668
topk,cms-heap-topk-fastpath-vector2d,rows=3 cols=16384,zipf,0.5,100000,562341,0.9583333333333334,0.02755990949025615
topk,cms-heap-topk-fastpath-vector2d,rows=3 cols=16384,zipf,0.5,100000,1000000,0.9375,0.0
topk,cms-heap-topk-fastpath-vector2d,rows=3 cols=16384,zipf,0.5,100000,1778279,0.9583333333333334,0.010416666666666668
topk,cms-heap-topk-fastpath-vector2d,rows=3 cols=16384,zipf,0.5,100000,3162278,0.96875,0.018042195912175804
topk,cms-heap-topk-fastpath-vector2d,rows=3 cols=16384,zipf,0.5,100000,5623413,0.9791666666666666,0.010416666666666668
topk,cms-heap-topk-fastpath-vector2d,rows=3 cols=16384,zipf,0.5,100000,10000000,0.9895833333333334,0.010416666666666668
topk,cms-heap-topk-fastpath-vector2d,rows=3 cols=16384,zipf,0.5,10000000,1000,0.020833333333333332,0.010416666666666668
topk,cms-heap-topk-fastpath-vector2d,rows=3 cols=16384,zipf,0.5,10000000,1778,0.010416666666666666,0.010416666666666668
topk,cms-heap-topk-fastpath-vector2d,rows=3 cols=16384,zipf,0.5,10000000,3162,0.03125,0.018042195912175804
topk,cms-heap-topk-fastpath-vector2d,rows=3 cols=16384,zipf,0.5,10000000,5623,0.07291666666666667,0.03755782578608322
topk,cms-heap-topk-fastpath-vector2d,rows=3 cols=16384,zipf,0.5,10000000,10000,0.08333333333333333,0.04540519732854868
topk,cms-heap-topk-fastpath-vector2d,rows=3 cols=16384,zipf,0.5,10000000,17783,0.11458333333333333,0.02755990949025615
topk,cms-heap-topk-fastpath-vector2d,rows=3 cols=16384,zipf,0.5,10000000,31623,0.125,0.018042195912175804
topk,cms-heap-topk-fastpath-vector2d,rows=3 cols=16384,zipf,0.5,10000000,56234,0.22916666666666666,0.04540519732854868
topk,cms-heap-topk-fastpath-vector2d,rows=3 cols=16384,zipf,0.5,10000000,100000,0.2708333333333333,0.027559909490256152
topk,cms-heap-topk-fastpath-vector2d,rows=3 cols=16384,zipf,0.5,10000000,177828,0.46875,0.03125
topk,cms-heap-topk-fastpath-vector2d,rows=3 cols=16384,zipf,0.5,10000000,316228,0.6041666666666666,0.05799754544614606
topk,cms-heap-topk-fastpath-vector2d,rows=3 cols=16384,zipf,0.5,10000000,562341,0.7395833333333334,0.020833333333333332
topk,cms-heap-topk-fastpath-vector2d,rows=3 cols=16384,zipf,0.5,10000000,1000000,0.8020833333333334,0.010416666666666668
topk,cms-heap-topk-fastpath-vector2d,rows=3 cols=16384,zipf,0.5,10000000,1778279,0.8333333333333334,0.027559909490256152
topk,cms-heap-topk-fastpath-vector2d,rows=3 cols=16384,zipf,0.5,10000000,3162278,0.8854166666666666,0.02755990949025615
topk,cms-heap-topk-fastpath-vector2d,rows=3 cols=16384,zipf,0.5,10000000,5623413,0.8958333333333334,0.020833333333333332
topk,cms-heap-topk-fastpath-vector2d,rows=3 cols=16384,zipf,0.5,10000000,10000000,0.8958333333333334,0.02755990949025615
topk,cms-heap-topk-fastpath-vector2d,rows=3 cols=16384,zipf,0.8,1000,1000,0.9270833333333334,0.010416666666666668
topk,cms-heap-topk-fastpath-vector2d,rows=3 cols=16384,zipf,0.8,1000,1778,0.9895833333333334,0.010416666666666668
topk,cms-heap-topk-fastpath-vector2d,rows=3 cols=16384,zipf,0.8,1000,3162,0.9895833333333334,0.010416666666666668
topk,cms-heap-topk-fastpath-vector2d,rows=3 cols=16384,zipf,0.8,1000,5623,1.0,0.0
topk,cms-heap-topk-fastpath-vector2d,rows=3 cols=16384,zipf,0.8,1000,10000,0.9895833333333334,0.010416666666666668
topk,cms-heap-topk-fastpath-vector2d,rows=3 cols=16384,zipf,0.8,1000,17783,1.0,0.0
topk,cms-heap-topk-fastpath-vector2d,rows=3 cols=16384,zipf,0.8,1000,31623,1.0,0.0
topk,cms-heap-topk-fastpath-vector2d,rows=3 cols=16384,zipf,0.8,1000,56234,0.9895833333333334,0.010416666666666668
topk,cms-heap-topk-fastpath-vector2d,rows=3 cols=16384,zipf,0.8,1000,100000,1.0,0.0
topk,cms-heap-topk-fastpath-vector2d,rows=3 cols=16384,zipf,0.8,1000,177828,1.0,0.0
topk,cms-heap-topk-fastpath-vector2d,rows=3 cols=16384,zipf,0.8,1000,316228,1.0,0.0
topk,cms-heap-topk-fastpath-vector2d,rows=3 cols=16384,zipf,0.8,1000,562341,1.0,0.0
topk,cms-heap-topk-fastpath-vector2d,rows=3 cols=16384,zipf,0.8,1000,1000000,1.0,0.0
topk,cms-heap-topk-fastpath-vector2d,rows=3 cols=16384,zipf,0.8,1000,1778279,1.0,0.0
topk,cms-heap-topk-fastpath-vector2d,rows=3 cols=16384,zipf,0.8,1000,3162278,1.0,0.0
topk,cms-heap-topk-fastpath-vector2d,rows=3 cols=16384,zipf,0.8,1000,5623413,1.0,0.0
topk,cms-heap-topk-fastpath-vector2d,rows=3 cols=16384,zipf,0.8,1000,10000000,1.0,0.0
topk,cms-heap-topk-fastpath-vector2d,rows=3 cols=16384,zipf,0.8,100000,1000,0.8229166666666666,0.010416666666666668
topk,cms-heap-topk-fastpath-vector2d,rows=3 cols=16384,zipf,0.8,100000,1778,0.8958333333333334,0.04540519732854868
topk,cms-heap-topk-fastpath-vector2d,rows=3 cols=16384,zipf,0.8,100000,3162,0.9791666666666666,0.020833333333333332
topk,cms-heap-topk-fastpath-vector2d,rows=3 cols=16384,zipf,0.8,100000,5623,0.96875,0.018042195912175804
topk,cms-heap-topk-fastpath-vector2d,rows=3 cols=16384,zipf,0.8,100000,10000,0.9791666666666666,0.010416666666666668
topk,cms-heap-topk-fastpath-vector2d,rows=3 cols=16384,zipf,0.8,100000,17783,0.9791666666666666,0.010416666666666668
topk,cms-heap-topk-fastpath-vector2d,rows=3 cols=16384,zipf,0.8,100000,31623,1.0,0.0
topk,cms-heap-topk-fastpath-vector2d,rows=3 cols=16384,zipf,0.8,100000,56234,0.9895833333333334,0.010416666666666668
topk,cms-heap-topk-fastpath-vector2d,rows=3 cols=16384,zipf,0.8,100000,100000,0.9895833333333334,0.010416666666666668
topk,cms-heap-topk-fastpath-vector2d,rows=3 cols=16384,zipf,0.8,100000,177828,1.0,0.0
topk,cms-heap-topk-fastpath-vector2d,rows=3 cols=16384,zipf,0.8,100000,316228,1.0,0.0
topk,cms-heap-topk-fastpath-vector2d,rows=3 cols=16384,zipf,0.8,100000,562341,0.9895833333333334,0.010416666666666668
topk,cms-heap-topk-fastpath-vector2d,rows=3 cols=16384,zipf,0.8,100000,1000000,1.0,0.0
topk,cms-heap-topk-fastpath-vector2d,rows=3 cols=16384,zipf,0.8,100000,1778279,1.0,0.0
topk,cms-heap-topk-fastpath-vector2d,rows=3 cols=16384,zipf,0.8,100000,3162278,1.0,0.0
topk,cms-heap-topk-fastpath-vector2d,rows=3 cols=16384,zipf,0.8,100000,5623413,1.0,0.0
topk,cms-heap-topk-fastpath-vector2d,rows=3 cols=16384,zipf,0.8,100000,10000000,1.0,0.0
topk,cms-heap-topk-fastpath-vector2d,rows=3 cols=16384,zipf,0.8,10000000,1000,0.5104166666666666,0.04540519732854868
topk,cms-heap-topk-fastpath-vector2d,rows=3 cols=16384,zipf,0.8,10000000,1778,0.8541666666666666,0.027559909490256152
topk,cms-heap-topk-fastpath-vector2d,rows=3 cols=16384,zipf,0.8,10000000,3162,0.8645833333333334,0.010416666666666668
topk,cms-heap-topk-fastpath-vector2d,rows=3 cols=16384,zipf,0.8,10000000,5623,0.9479166666666666,0.010416666666666668
topk,cms-heap-topk-fastpath-vector2d,rows=3 cols=16384,zipf,0.8,10000000,10000,0.9479166666666666,0.010416666666666668
topk,cms-heap-topk-fastpath-vector2d,rows=3 cols=16384,zipf,0.8,10000000,17783,0.9479166666666666,0.020833333333333332
topk,cms-heap-topk-fastpath-vector2d,rows=3 cols=16384,zipf,0.8,10000000,31623,0.9583333333333334,0.010416666666666668
topk,cms-heap-topk-fastpath-vector2d,rows=3 cols=16384,zipf,0.8,10000000,56234,0.9791666666666666,0.010416666666666668
topk,cms-heap-topk-fastpath-vector2d,rows=3 cols=16384,zipf,0.8,10000000,100000,0.9895833333333334,0.010416666666666668
topk,cms-heap-topk-fastpath-vector2d,rows=3 cols=16384,zipf,0.8,10000000,177828,0.9791666666666666,0.010416666666666668
topk,cms-heap-topk-fastpath-vector2d,rows=3 cols=16384,zipf,0.8,10000000,316228,0.9895833333333334,0.010416666666666668
topk,cms-heap-topk-fastpath-vector2d,rows=3 cols=16384,zipf,0.8,10000000,562341,0.9791666666666666,0.010416666666666668
topk,cms-heap-topk-fastpath-vector2d,rows=3 cols=16384,zipf,0.8,10000000,1000000,0.9791666666666666,0.010416666666666668
topk,cms-heap-topk-fastpath-vector2d,rows=3 cols=16384,zipf,0.8,10000000,1778279,1.0,0.0
topk,cms-heap-topk-fastpath-vector2d,rows=3 cols=16384,zipf,0.8,10000000,3162278,1.0,0.0
topk,cms-heap-topk-fastpath-vector2d,rows=3 cols=16384,zipf,0.8,10000000,5623413,0.9895833333333334,0.010416666666666668
topk,cms-heap-topk-fastpath-vector2d,rows=3 cols=16384,zipf,0.8,10000000,10000000,1.0,0.0
topk,cms-heap-topk-fastpath-vector2d,rows=3 cols=16384,zipf,1.0,1000,1000,0.9583333333333334,0.02755990949025615
topk,cms-heap-topk-fastpath-vector2d,rows=3 cols=16384,zipf,1.0,1000,1778,0.9583333333333334,0.010416666666666668
topk,cms-heap-topk-fastpath-vector2d,rows=3 cols=16384,zipf,1.0,1000,3162,0.96875,0.018042195912175804
topk,cms-heap-topk-fastpath-vector2d,rows=3 cols=16384,zipf,1.0,1000,5623,0.9895833333333334,0.010416666666666668
topk,cms-heap-topk-fastpath-vector2d,rows=3 cols=16384,zipf,1.0,1000,10000,1.0,0.0
topk,cms-heap-topk-fastpath-vector2d,rows=3 cols=16384,zipf,1.0,1000,17783,0.9895833333333334,0.010416666666666668
topk,cms-heap-topk-fastpath-vector2d,rows=3 cols=16384,zipf,1.0,1000,31623,1.0,0.0
topk,cms-heap-topk-fastpath-vector2d,rows=3 cols=16384,zipf,1.0,1000,56234,1.0,0.0
topk,cms-heap-topk-fastpath-vector2d,rows=3 cols=16384,zipf,1.0,1000,100000,1.0,0.0
topk,cms-heap-topk-fastpath-vector2d,rows=3 cols=16384,zipf,1.0,1000,177828,1.0,0.0
topk,cms-heap-topk-fastpath-vector2d,rows=3 cols=16384,zipf,1.0,1000,316228,1.0,0.0
topk,cms-heap-topk-fastpath-vector2d,rows=3 cols=16384,zipf,1.0,1000,562341,1.0,0.0
topk,cms-heap-topk-fastpath-vector2d,rows=3 cols=16384,zipf,1.0,1000,1000000,1.0,0.0
topk,cms-heap-topk-fastpath-vector2d,rows=3 cols=16384,zipf,1.0,1000,1778279,1.0,0.0
topk,cms-heap-topk-fastpath-vector2d,rows=3 cols=16384,zipf,1.0,1000,3162278,1.0,0.0
topk,cms-heap-topk-fastpath-vector2d,rows=3 cols=16384,zipf,1.0,1000,5623413,1.0,0.0
topk,cms-heap-topk-fastpath-vector2d,rows=3 cols=16384,zipf,1.0,1000,10000000,1.0,0.0
topk,cms-heap-topk-fastpath-vector2d,rows=3 cols=16384,zipf,1.0,100000,1000,0.8854166666666666,0.010416666666666668
topk,cms-heap-topk-fastpath-vector2d,rows=3 cols=16384,zipf,1.0,100000,1778,0.9479166666666666,0.010416666666666668
topk,cms-heap-topk-fastpath-vector2d,rows=3 cols=16384,zipf,1.0,100000,3162,0.9583333333333334,0.02755990949025615
topk,cms-heap-topk-fastpath-vector2d,rows=3 cols=16384,zipf,1.0,100000,5623,0.9895833333333334,0.010416666666666668
topk,cms-heap-topk-fastpath-vector2d,rows=3 cols=16384,zipf,1.0,100000,10000,0.9895833333333334,0.010416666666666668
topk,cms-heap-topk-fastpath-vector2d,rows=3 cols=16384,zipf,1.0,100000,17783,1.0,0.0
topk,cms-heap-topk-fastpath-vector2d,rows=3 cols=16384,zipf,1.0,100000,31623,0.9895833333333334,0.010416666666666668
topk,cms-heap-topk-fastpath-vector2d,rows=3 cols=16384,zipf,1.0,100000,56234,0.9895833333333334,0.010416666666666668
topk,cms-heap-topk-fastpath-vector2d,rows=3 cols=16384,zipf,1.0,100000,100000,1.0,0.0
topk,cms-heap-topk-fastpath-vector2d,rows=3 cols=16384,zipf,1.0,100000,177828,1.0,0.0
topk,cms-heap-topk-fastpath-vector2d,rows=3 cols=16384,zipf,1.0,100000,316228,1.0,0.0
topk,cms-heap-topk-fastpath-vector2d,rows=3 cols=16384,zipf,1.0,100000,562341,1.0,0.0
topk,cms-heap-topk-fastpath-vector2d,rows=3 cols=16384,zipf,1.0,100000,1000000,1.0,0.0
topk,cms-heap-topk-fastpath-vector2d,rows=3 cols=16384,zipf,1.0,100000,1778279,1.0,0.0
topk,cms-heap-topk-fastpath-vector2d,rows=3 cols=16384,zipf,1.0,100000,3162278,1.0,0.0
topk,cms-heap-topk-fastpath-vector2d,rows=3 cols=16384,zipf,1.0,100000,5623413,1.0,0.0
topk,cms-heap-topk-fastpath-vector2d,rows=3 cols=16384,zipf,1.0,100000,10000000,1.0,0.0
topk,cms-heap-topk-fastpath-vector2d,rows=3 cols=16384,zipf,1.0,10000000,1000,0.84375,0.018042195912175804
topk,cms-heap-topk-fastpath-vector2d,rows=3 cols=16384,zipf,1.0,10000000,1778,0.9166666666666666,0.02755990949025615
topk,cms-heap-topk-fastpath-vector2d,rows=3 cols=16384,zipf,1.0,10000000,3162,0.9375,0.018042195912175804
topk,cms-heap-topk-fastpath-vector2d,rows=3 cols=16384,zipf,1.0,10000000,5623,0.9895833333333334,0.010416666666666668
topk,cms-heap-topk-fastpath-vector2d,rows=3 cols=16384,zipf,1.0,10000000,10000,0.9791666666666666,0.010416666666666668
topk,cms-heap-topk-fastpath-vector2d,rows=3 cols=16384,zipf,1.0,10000000,17783,1.0,0.0
topk,cms-heap-topk-fastpath-vector2d,rows=3 cols=16384,zipf,1.0,10000000,31623,1.0,0.0
topk,cms-heap-topk-fastpath-vector2d,rows=3 cols=16384,zipf,1.0,10000000,56234,1.0,0.0
topk,cms-heap-topk-fastpath-vector2d,rows=3 cols=16384,zipf,1.0,10000000,100000,1.0,0.0
topk,cms-heap-topk-fastpath-vector2d,rows=3 cols=16384,zipf,1.0,10000000,177828,1.0,0.0
topk,cms-heap-topk-fastpath-vector2d,rows=3 cols=16384,zipf,1.0,10000000,316228,1.0,0.0
topk,cms-heap-topk-fastpath-vector2d,rows=3 cols=16384,zipf,1.0,10000000,562341,0.9895833333333334,0.010416666666666668
topk,cms-heap-topk-fastpath-vector2d,rows=3 cols=16384,zipf,1.0,10000000,1000000,1.0,0.0
topk,cms-heap-topk-fastpath-vector2d,rows=3 cols=16384,zipf,1.0,10000000,1778279,1.0,0.0
topk,cms-heap-topk-fastpath-vector2d,rows=3 cols=16384,zipf,1.0,10000000,3162278,1.0,0.0
topk,cms-heap-topk-fastpath-vector2d,rows=3 cols=16384,zipf,1.0,10000000,5623413,1.0,0.0
topk,cms-heap-topk-fastpath-vector2d,rows=3 cols=16384,zipf,1.0,10000000,10000000,1.0,0.0
topk,cms-heap-topk-fastpath-vector2d,rows=3 cols=16384,zipf,1.2,1000,1000,0.96875,0.0
topk,cms-heap-topk-fastpath-vector2d,rows=3 cols=16384,zipf,1.2,1000,1778,0.9479166666666666,0.010416666666666668
topk,cms-heap-topk-fastpath-vector2d,rows=3 cols=16384,zipf,1.2,1000,3162,0.96875,0.0
topk,cms-heap-topk-fastpath-vector2d,rows=3 cols=16384,zipf,1.2,1000,5623,0.9895833333333334,0.010416666666666668
topk,cms-heap-topk-fastpath-vector2d,rows=3 cols=16384,zipf,1.2,1000,10000,1.0,0.0
topk,cms-heap-topk-fastpath-vector2d,rows=3 cols=16384,zipf,1.2,1000,17783,1.0,0.0
topk,cms-heap-topk-fastpath-vector2d,rows=3 cols=16384,zipf,1.2,1000,31623,1.0,0.0
topk,cms-heap-topk-fastpath-vector2d,rows=3 cols=16384,zipf,1.2,1000,56234,1.0,0.0
topk,cms-heap-topk-fastpath-vector2d,rows=3 cols=16384,zipf,1.2,1000,100000,1.0,0.0
topk,cms-heap-topk-fastpath-vector2d,rows=3 cols=16384,zipf,1.2,1000,177828,1.0,0.0
topk,cms-heap-topk-fastpath-vector2d,rows=3 cols=16384,zipf,1.2,1000,316228,1.0,0.0
topk,cms-heap-topk-fastpath-vector2d,rows=3 cols=16384,zipf,1.2,1000,562341,1.0,0.0
topk,cms-heap-topk-fastpath-vector2d,rows=3 cols=16384,zipf,1.2,1000,1000000,1.0,0.0
topk,cms-heap-topk-fastpath-vector2d,rows=3 cols=16384,zipf,1.2,1000,1778279,1.0,0.0
topk,cms-heap-topk-fastpath-vector2d,rows=3 cols=16384,zipf,1.2,1000,3162278,1.0,0.0
topk,cms-heap-topk-fastpath-vector2d,rows=3 cols=16384,zipf,1.2,1000,5623413,1.0,0.0
topk,cms-heap-topk-fastpath-vector2d,rows=3 cols=16384,zipf,1.2,1000,10000000,1.0,0.0
topk,cms-heap-topk-fastpath-vector2d,rows=3 cols=16384,zipf,1.2,100000,1000,0.9791666666666666,0.010416666666666668
topk,cms-heap-topk-fastpath-vector2d,rows=3 cols=16384,zipf,1.2,100000,1778,0.96875,0.0
topk,cms-heap-topk-fastpath-vector2d,rows=3 cols=16384,zipf,1.2,100000,3162,0.9791666666666666,0.010416666666666668
topk,cms-heap-topk-fastpath-vector2d,rows=3 cols=16384,zipf,1.2,100000,5623,0.9895833333333334,0.010416666666666668
topk,cms-heap-topk-fastpath-vector2d,rows=3 cols=16384,zipf,1.2,100000,10000,0.9895833333333334,0.010416666666666668
topk,cms-heap-topk-fastpath-vector2d,rows=3 cols=16384,zipf,1.2,100000,17783,1.0,0.0
topk,cms-heap-topk-fastpath-vector2d,rows=3 cols=16384,zipf,1.2,100000,31623,1.0,0.0
topk,cms-heap-topk-fastpath-vector2d,rows=3 cols=16384,zipf,1.2,100000,56234,1.0,0.0
topk,cms-heap-topk-fastpath-vector2d,rows=3 cols=16384,zipf,1.2,100000,100000,1.0,0.0
topk,cms-heap-topk-fastpath-vector2d,rows=3 cols=16384,zipf,1.2,100000,177828,0.9895833333333334,0.010416666666666668
topk,cms-heap-topk-fastpath-vector2d,rows=3 cols=16384,zipf,1.2,100000,316228,1.0,0.0
topk,cms-heap-topk-fastpath-vector2d,rows=3 cols=16384,zipf,1.2,100000,562341,1.0,0.0
topk,cms-heap-topk-fastpath-vector2d,rows=3 cols=16384,zipf,1.2,100000,1000000,1.0,0.0
topk,cms-heap-topk-fastpath-vector2d,rows=3 cols=16384,zipf,1.2,100000,1778279,1.0,0.0
topk,cms-heap-topk-fastpath-vector2d,rows=3 cols=16384,zipf,1.2,100000,3162278,1.0,0.0
topk,cms-heap-topk-fastpath-vector2d,rows=3 cols=16384,zipf,1.2,100000,5623413,1.0,0.0
topk,cms-heap-topk-fastpath-vector2d,rows=3 cols=16384,zipf,1.2,100000,10000000,1.0,0.0
topk,cms-heap-topk-fastpath-vector2d,rows=3 cols=16384,zipf,1.2,10000000,1000,0.9270833333333334,0.05799754544614606
topk,cms-heap-topk-fastpath-vector2d,rows=3 cols=16384,zipf,1.2,10000000,1778,0.9583333333333334,0.010416666666666668
topk,cms-heap-topk-fastpath-vector2d,rows=3 cols=16384,zipf,1.2,10000000,3162,0.9791666666666666,0.010416666666666668
topk,cms-heap-topk-fastpath-vector2d,rows=3 cols=16384,zipf,1.2,10000000,5623,0.9791666666666666,0.010416666666666668
topk,cms-heap-topk-fastpath-vector2d,rows=3 cols=16384,zipf,1.2,10000000,10000,0.9895833333333334,0.010416666666666668
topk,cms-heap-topk-fastpath-vector2d,rows=3 cols=16384,zipf,1.2,10000000,17783,1.0,0.0
topk,cms-heap-topk-fastpath-vector2d,rows=3 cols=16384,zipf,1.2,10000000,31623,1.0,0.0
topk,cms-heap-topk-fastpath-vector2d,rows=3 cols=16384,zipf,1.2,10000000,56234,1.0,0.0
topk,cms-heap-topk-fastpath-vector2d,rows=3 cols=16384,zipf,1.2,10000000,100000,1.0,0.0
topk,cms-heap-topk-fastpath-vector2d,rows=3 cols=16384,zipf,1.2,10000000,177828,0.9895833333333334,0.010416666666666668
topk,cms-heap-topk-fastpath-vector2d,rows=3 cols=16384,zipf,1.2,10000000,316228,1.0,0.0
topk,cms-heap-topk-fastpath-vector2d,rows=3 cols=16384,zipf,1.2,10000000,562341,1.0,0.0
topk,cms-heap-topk-fastpath-vector2d,rows=3 cols=16384,zipf,1.2,10000000,1000000,1.0,0.0
topk,cms-heap-topk-fastpath-vector2d,rows=3 cols=16384,zipf,1.2,10000000,1778279,1.0,0.0
topk,cms-heap-topk-fastpath-vector2d,rows=3 cols=16384,zipf,1.2,10000000,3162278,1.0,0.0
topk,cms-heap-topk-fastpath-vector2d,rows=3 cols=16384,zipf,1.2,10000000,5623413,1.0,0.0
topk,cms-heap-topk-fastpath-vector2d,rows=3 cols=16384,zipf,1.2,10000000,10000000,1.0,0.0
topk,cms-heap-topk-fastpath-vector2d,rows=3 cols=16384,zipf,1.5,1000,1000,0.9375,0.018042195912175804
topk,cms-heap-topk-fastpath-vector2d,rows=3 cols=16384,zipf,1.5,1000,1778,0.96875,0.018042195912175804
topk,cms-heap-topk-fastpath-vector2d,rows=3 cols=16384,zipf,1.5,1000,3162,0.9791666666666666,0.010416666666666668
topk,cms-heap-topk-fastpath-vector2d,rows=3 cols=16384,zipf,1.5,1000,5623,1.0,0.0
topk,cms-heap-topk-fastpath-vector2d,rows=3 cols=16384,zipf,1.5,1000,10000,1.0,0.0
topk,cms-heap-topk-fastpath-vector2d,rows=3 cols=16384,zipf,1.5,1000,17783,0.9895833333333334,0.010416666666666668
topk,cms-heap-topk-fastpath-vector2d,rows=3 cols=16384,zipf,1.5,1000,31623,1.0,0.0
topk,cms-heap-topk-fastpath-vector2d,rows=3 cols=16384,zipf,1.5,1000,56234,1.0,0.0
topk,cms-heap-topk-fastpath-vector2d,rows=3 cols=16384,zipf,1.5,1000,100000,1.0,0.0
topk,cms-heap-topk-fastpath-vector2d,rows=3 cols=16384,zipf,1.5,1000,177828,1.0,0.0
topk,cms-heap-topk-fastpath-vector2d,rows=3 cols=16384,zipf,1.5,1000,316228,1.0,0.0
topk,cms-heap-topk-fastpath-vector2d,rows=3 cols=16384,zipf,1.5,1000,562341,1.0,0.0
topk,cms-heap-topk-fastpath-vector2d,rows=3 cols=16384,zipf,1.5,1000,1000000,1.0,0.0
topk,cms-heap-topk-fastpath-vector2d,rows=3 cols=16384,zipf,1.5,1000,1778279,1.0,0.0
topk,cms-heap-topk-fastpath-vector2d,rows=3 cols=16384,zipf,1.5,1000,3162278,1.0,0.0
topk,cms-heap-topk-fastpath-vector2d,rows=3 cols=16384,zipf,1.5,1000,5623413,1.0,0.0
topk,cms-heap-topk-fastpath-vector2d,rows=3 cols=16384,zipf,1.5,1000,10000000,1.0,0.0
topk,cms-heap-topk-fastpath-vector2d,rows=3 cols=16384,zipf,1.5,100000,1000,0.96875,0.03125
topk,cms-heap-topk-fastpath-vector2d,rows=3 cols=16384,zipf,1.5,100000,1778,0.96875,0.0
topk,cms-heap-topk-fastpath-vector2d,rows=3 cols=16384,zipf,1.5,100000,3162,0.9895833333333334,0.010416666666666668
topk,cms-heap-topk-fastpath-vector2d,rows=3 cols=16384,zipf,1.5,100000,5623,0.9791666666666666,0.020833333333333332
topk,cms-heap-topk-fastpath-vector2d,rows=3 cols=16384,zipf,1.5,100000,10000,0.9791666666666666,0.010416666666666668
topk,cms-heap-topk-fastpath-vector2d,rows=3 cols=16384,zipf,1.5,100000,17783,0.9895833333333334,0.010416666666666668
topk,cms-heap-topk-fastpath-vector2d,rows=3 cols=16384,zipf,1.5,100000,31623,1.0,0.0
topk,cms-heap-topk-fastpath-vector2d,rows=3 cols=16384,zipf,1.5,100000,56234,1.0,0.0
topk,cms-heap-topk-fastpath-vector2d,rows=3 cols=16384,zipf,1.5,100000,100000,1.0,0.0
topk,cms-heap-topk-fastpath-vector2d,rows=3 cols=16384,zipf,1.5,100000,177828,1.0,0.0
topk,cms-heap-topk-fastpath-vector2d,rows=3 cols=16384,zipf,1.5,100000,316228,1.0,0.0
topk,cms-heap-topk-fastpath-vector2d,rows=3 cols=16384,zipf,1.5,100000,562341,1.0,0.0
topk,cms-heap-topk-fastpath-vector2d,rows=3 cols=16384,zipf,1.5,100000,1000000,1.0,0.0
topk,cms-heap-topk-fastpath-vector2d,rows=3 cols=16384,zipf,1.5,100000,1778279,1.0,0.0
topk,cms-heap-topk-fastpath-vector2d,rows=3 cols=16384,zipf,1.5,100000,3162278,1.0,0.0
topk,cms-heap-topk-fastpath-vector2d,rows=3 cols=16384,zipf,1.5,100000,5623413,1.0,0.0
topk,cms-heap-topk-fastpath-vector2d,rows=3 cols=16384,zipf,1.5,100000,10000000,1.0,0.0
topk,cms-heap-topk-fastpath-vector2d,rows=3 cols=16384,zipf,1.5,10000000,1000,0.9479166666666666,0.010416666666666668
topk,cms-heap-topk-fastpath-vector2d,rows=3 cols=16384,zipf,1.5,10000000,1778,0.9791666666666666,0.010416666666666668
topk,cms-heap-topk-fastpath-vector2d,rows=3 cols=16384,zipf,1.5,10000000,3162,0.96875,0.018042195912175804
topk,cms-heap-topk-fastpath-vector2d,rows=3 cols=16384,zipf,1.5,10000000,5623,0.9895833333333334,0.010416666666666668
topk,cms-heap-topk-fastpath-vector2d,rows=3 cols=16384,zipf,1.5,10000000,10000,0.9895833333333334,0.010416666666666668
topk,cms-heap-topk-fastpath-vector2d,rows=3 cols=16384,zipf,1.5,10000000,17783,1.0,0.0
topk,cms-heap-topk-fastpath-vector2d,rows=3 cols=16384,zipf,1.5,10000000,31623,1.0,0.0
topk,cms-heap-topk-fastpath-vector2d,rows=3 cols=16384,zipf,1.5,10000000,56234,1.0,0.0
topk,cms-heap-topk-fastpath-vector2d,rows=3 cols=16384,zipf,1.5,10000000,100000,1.0,0.0
topk,cms-heap-topk-fastpath-vector2d,rows=3 cols=16384,zipf,1.5,10000000,177828,1.0,0.0
topk,cms-heap-topk-fastpath-vector2d,rows=3 cols=16384,zipf,1.5,10000000,316228,1.0,0.0
topk,cms-heap-topk-fastpath-vector2d,rows=3 cols=16384,zipf,1.5,10000000,562341,1.0,0.0
topk,cms-heap-topk-fastpath-vector2d,rows=3 cols=16384,zipf,1.5,10000000,1000000,1.0,0.0
topk,cms-heap-topk-fastpath-vector2d,rows=3 cols=16384,zipf,1.5,10000000,1778279,1.0,0.0
topk,cms-heap-topk-fastpath-vector2d,rows=3 cols=16384,zipf,1.5,10000000,3162278,1.0,0.0
topk,cms-heap-topk-fastpath-vector2d,rows=3 cols=16384,zipf,1.5,10000000,5623413,1.0,0.0
topk,cms-heap-topk-fastpath-vector2d,rows=3 cols=16384,zipf,1.5,10000000,10000000,1.0,0.0
topk,cms-heap-topk-fastpath-vector2d,rows=3 cols=16384,zipf,2.0,1000,1000,0.875,0.018042195912175804
topk,cms-heap-topk-fastpath-vector2d,rows=3 cols=16384,zipf,2.0,1000,1778,0.90625,0.03125
topk,cms-heap-topk-fastpath-vector2d,rows=3 cols=16384,zipf,2.0,1000,3162,0.9375,0.018042195912175804
topk,cms-heap-topk-fastpath-vector2d,rows=3 cols=16384,zipf,2.0,1000,5623,0.9791666666666666,0.010416666666666668
topk,cms-heap-topk-fastpath-vector2d,rows=3 cols=16384,zipf,2.0,1000,10000,1.0,0.0
topk,cms-heap-topk-fastpath-vector2d,rows=3 cols=16384,zipf,2.0,1000,17783,0.9791666666666666,0.010416666666666668
topk,cms-heap-topk-fastpath-vector2d,rows=3 cols=16384,zipf,2.0,1000,31623,1.0,0.0
topk,cms-heap-topk-fastpath-vector2d,rows=3 cols=16384,zipf,2.0,1000,56234,1.0,0.0
topk,cms-heap-topk-fastpath-vector2d,rows=3 cols=16384,zipf,2.0,1000,100000,1.0,0.0
topk,cms-heap-topk-fastpath-vector2d,rows=3 cols=16384,zipf,2.0,1000,177828,1.0,0.0
topk,cms-heap-topk-fastpath-vector2d,rows=3 cols=16384,zipf,2.0,1000,316228,1.0,0.0
topk,cms-heap-topk-fastpath-vector2d,rows=3 cols=16384,zipf,2.0,1000,562341,1.0,0.0
topk,cms-heap-topk-fastpath-vector2d,rows=3 cols=16384,zipf,2.0,1000,1000000,1.0,0.0
topk,cms-heap-topk-fastpath-vector2d,rows=3 cols=16384,zipf,2.0,1000,1778279,1.0,0.0
topk,cms-heap-topk-fastpath-vector2d,rows=3 cols=16384,zipf,2.0,1000,3162278,1.0,0.0
topk,cms-heap-topk-fastpath-vector2d,rows=3 cols=16384,zipf,2.0,1000,5623413,1.0,0.0
topk,cms-heap-topk-fastpath-vector2d,rows=3 cols=16384,zipf,2.0,1000,10000000,1.0,0.0
topk,cms-heap-topk-fastpath-vector2d,rows=3 cols=16384,zipf,2.0,100000,1000,0.8645833333333334,0.02755990949025615
topk,cms-heap-topk-fastpath-vector2d,rows=3 cols=16384,zipf,2.0,100000,1778,0.8958333333333334,0.010416666666666668
topk,cms-heap-topk-fastpath-vector2d,rows=3 cols=16384,zipf,2.0,100000,3162,0.9479166666666666,0.010416666666666668
topk,cms-heap-topk-fastpath-vector2d,rows=3 cols=16384,zipf,2.0,100000,5623,1.0,0.0
topk,cms-heap-topk-fastpath-vector2d,rows=3 cols=16384,zipf,2.0,100000,10000,0.9791666666666666,0.010416666666666668
topk,cms-heap-topk-fastpath-vector2d,rows=3 cols=16384,zipf,2.0,100000,17783,0.9895833333333334,0.010416666666666668
topk,cms-heap-topk-fastpath-vector2d,rows=3 cols=16384,zipf,2.0,100000,31623,1.0,0.0
topk,cms-heap-topk-fastpath-vector2d,rows=3 cols=16384,zipf,2.0,100000,56234,1.0,0.0
topk,cms-heap-topk-fastpath-vector2d,rows=3 cols=16384,zipf,2.0,100000,100000,1.0,0.0
topk,cms-heap-topk-fastpath-vector2d,rows=3 cols=16384,zipf,2.0,100000,177828,1.0,0.0
topk,cms-heap-topk-fastpath-vector2d,rows=3 cols=16384,zipf,2.0,100000,316228,1.0,0.0
topk,cms-heap-topk-fastpath-vector2d,rows=3 cols=16384,zipf,2.0,100000,562341,1.0,0.0
topk,cms-heap-topk-fastpath-vector2d,rows=3 cols=16384,zipf,2.0,100000,1000000,1.0,0.0
topk,cms-heap-topk-fastpath-vector2d,rows=3 cols=16384,zipf,2.0,100000,1778279,1.0,0.0
topk,cms-heap-topk-fastpath-vector2d,rows=3 cols=16384,zipf,2.0,100000,3162278,1.0,0.0
topk,cms-heap-topk-fastpath-vector2d,rows=3 cols=16384,zipf,2.0,100000,5623413,1.0,0.0
topk,cms-heap-topk-fastpath-vector2d,rows=3 cols=16384,zipf,2.0,100000,10000000,1.0,0.0
topk,cms-heap-topk-fastpath-vector2d,rows=3 cols=16384,zipf,2.0,10000000,1000,0.8645833333333334,0.02755990949025615
topk,cms-heap-topk-fastpath-vector2d,rows=3 cols=16384,zipf,2.0,10000000,1778,0.8958333333333334,0.010416666666666668
topk,cms-heap-topk-fastpath-vector2d,rows=3 cols=16384,zipf,2.0,10000000,3162,0.9375,0.018042195912175804
topk,cms-heap-topk-fastpath-vector2d,rows=3 cols=16384,zipf,2.0,10000000,5623,1.0,0.0
topk,cms-heap-topk-fastpath-vector2d,rows=3 cols=16384,zipf,2.0,10000000,10000,0.96875,0.0
topk,cms-heap-topk-fastpath-vector2d,rows=3 cols=16384,zipf,2.0,10000000,17783,0.9791666666666666,0.010416666666666668
topk,cms-heap-topk-fastpath-vector2d,rows=3 cols=16384,zipf,2.0,10000000,31623,1.0,0.0
topk,cms-heap-topk-fastpath-vector2d,rows=3 cols=16384,zipf,2.0,10000000,56234,1.0,0.0
topk,cms-heap-topk-fastpath-vector2d,rows=3 cols=16384,zipf,2.0,10000000,100000,1.0,0.0
topk,cms-heap-topk-fastpath-vector2d,rows=3 cols=16384,zipf,2.0,10000000,177828,1.0,0.0
topk,cms-heap-topk-fastpath-vector2d,rows=3 cols=16384,zipf,2.0,10000000,316228,1.0,0.0
topk,cms-heap-topk-fastpath-vector2d,rows=3 cols=16384,zipf,2.0,10000000,562341,1.0,0.0
topk,cms-heap-topk-fastpath-vector2d,rows=3 cols=16384,zipf,2.0,10000000,1000000,1.0,0.0
topk,cms-heap-topk-fastpath-vector2d,rows=3 cols=16384,zipf,2.0,10000000,1778279,1.0,0.0
topk,cms-heap-topk-fastpath-vector2d,rows=3 cols=16384,zipf,2.0,10000000,3162278,1.0,0.0
topk,cms-heap-topk-fastpath-vector2d,rows=3 cols=16384,zipf,2.0,10000000,5623413,1.0,0.0
topk,cms-heap-topk-fastpath-vector2d,rows=3 cols=16384,zipf,2.0,10000000,10000000,1.0,0.0
topk,cms-heap-topk-fastpath-vector2d,rows=3 cols=16384,zipf,1.1,10000,1000,0.9479166666666666,0.010416666666666668
topk,cms-heap-topk-fastpath-vector2d,rows=3 cols=16384,zipf,1.1,10000,1778,0.9791666666666666,0.010416666666666668
topk,cms-heap-topk-fastpath-vector2d,rows=3 cols=16384,zipf,1.1,10000,3162,0.9791666666666666,0.010416666666666668
topk,cms-heap-topk-fastpath-vector2d,rows=3 cols=16384,zipf,1.1,10000,5623,0.9895833333333334,0.010416666666666668
topk,cms-heap-topk-fastpath-vector2d,rows=3 cols=16384,zipf,1.1,10000,10000,0.9895833333333334,0.010416666666666668
topk,cms-heap-topk-fastpath-vector2d,rows=3 cols=16384,zipf,1.1,10000,17783,1.0,0.0
topk,cms-heap-topk-fastpath-vector2d,rows=3 cols=16384,zipf,1.1,10000,31623,1.0,0.0
topk,cms-heap-topk-fastpath-vector2d,rows=3 cols=16384,zipf,1.1,10000,56234,1.0,0.0
topk,cms-heap-topk-fastpath-vector2d,rows=3 cols=16384,zipf,1.1,10000,100000,0.9895833333333334,0.010416666666666668
topk,cms-heap-topk-fastpath-vector2d,rows=3 cols=16384,zipf,1.1,10000,177828,1.0,0.0
topk,cms-heap-topk-fastpath-vector2d,rows=3 cols=16384,zipf,1.1,10000,316228,1.0,0.0
topk,cms-heap-topk-fastpath-vector2d,rows=3 cols=16384,zipf,1.1,10000,562341,1.0,0.0
topk,cms-heap-topk-fastpath-vector2d,rows=3 cols=16384,zipf,1.1,10000,1000000,1.0,0.0
topk,cms-heap-topk-fastpath-vector2d,rows=3 cols=16384,zipf,1.1,10000,1778279,1.0,0.0
topk,cms-heap-topk-fastpath-vector2d,rows=3 cols=16384,zipf,1.1,10000,3162278,1.0,0.0
topk,cms-heap-topk-fastpath-vector2d,rows=3 cols=16384,zipf,1.1,10000,5623413,1.0,0.0
topk,cms-heap-topk-fastpath-vector2d,rows=3 cols=16384,zipf,1.1,10000,10000000,1.0,0.0
topk,cms-heap-topk-fastpath-vector2d,rows=5 cols=256,zipf,0.0,1000,1000,0.4375,0.05412658773652741
topk,cms-heap-topk-fastpath-vector2d,rows=5 cols=256,zipf,0.0,1000,1778,0.3541666666666667,0.010416666666666666
topk,cms-heap-topk-fastpath-vector2d,rows=5 cols=256,zipf,0.0,1000,3162,0.23958333333333334,0.041666666666666664
topk,cms-heap-topk-fastpath-vector2d,rows=5 cols=256,zipf,0.0,1000,5623,0.19791666666666666,0.02755990949025615
topk,cms-heap-topk-fastpath-vector2d,rows=5 cols=256,zipf,0.0,1000,10000,0.125,0.03125
topk,cms-heap-topk-fastpath-vector2d,rows=5 cols=256,zipf,0.0,1000,17783,0.07291666666666667,0.010416666666666668
topk,cms-heap-topk-fastpath-vector2d,rows=5 cols=256,zipf,0.0,1000,31623,0.0625,0.018042195912175804
topk,cms-heap-topk-fastpath-vector2d,rows=5 cols=256,zipf,0.0,1000,56234,0.052083333333333336,0.010416666666666666
topk,cms-heap-topk-fastpath-vector2d,rows=5 cols=256,zipf,0.0,1000,100000,0.03125,0.0
topk,cms-heap-topk-fastpath-vector2d,rows=5 cols=256,zipf,0.0,1000,177828,0.052083333333333336,0.027559909490256152
topk,cms-heap-topk-fastpath-vector2d,rows=5 cols=256,zipf,0.0,1000,316228,0.020833333333333332,0.010416666666666668
topk,cms-heap-topk-fastpath-vector2d,rows=5 cols=256,zipf,0.0,1000,562341,0.03125,0.0
topk,cms-heap-topk-fastpath-vector2d,rows=5 cols=256,zipf,0.0,1000,1000000,0.08333333333333333,0.03755782578608322
topk,cms-heap-topk-fastpath-vector2d,rows=5 cols=256,zipf,0.0,1000,1778279,0.041666666666666664,0.010416666666666666
topk,cms-heap-topk-fastpath-vector2d,rows=5 cols=256,zipf,0.0,1000,3162278,0.0625,0.03608439182435161
topk,cms-heap-topk-fastpath-vector2d,rows=5 cols=256,zipf,0.0,1000,5623413,0.03125,0.018042195912175804
topk,cms-heap-topk-fastpath-vector2d,rows=5 cols=256,zipf,0.0,1000,10000000,0.03125,0.0
topk,cms-heap-topk-fastpath-vector2d,rows=5 cols=256,zipf,0.0,100000,1000,0.041666666666666664,0.010416666666666666
topk,cms-heap-topk-fastpath-vector2d,rows=5 cols=256,zipf,0.0,100000,1778,0.08333333333333333,0.03755782578608322
topk,cms-heap-topk-fastpath-vector2d,rows=5 cols=256,zipf,0.0,100000,3162,0.052083333333333336,0.020833333333333336
topk,cms-heap-topk-fastpath-vector2d,rows=5 cols=256,zipf,0.0,100000,5623,0.020833333333333332,0.010416666666666668
topk,cms-heap-topk-fastpath-vector2d,rows=5 cols=256,zipf,0.0,100000,10000,0.010416666666666666,0.010416666666666668
topk,cms-heap-topk-fastpath-vector2d,rows=5 cols=256,zipf,0.0,100000,17783,0.0,0.0
topk,cms-heap-topk-fastpath-vector2d,rows=5 cols=256,zipf,0.0,100000,31623,0.020833333333333332,0.010416666666666668
topk,cms-heap-topk-fastpath-vector2d,rows=5 cols=256,zipf,0.0,100000,56234,0.0,0.0
topk,cms-heap-topk-fastpath-vector2d,rows=5 cols=256,zipf,0.0,100000,100000,0.0,0.0
topk,cms-heap-topk-fastpath-vector2d,rows=5 cols=256,zipf,0.0,100000,177828,0.0,0.0
topk,cms-heap-topk-fastpath-vector2d,rows=5 cols=256,zipf,0.0,100000,316228,0.0,0.0
topk,cms-heap-topk-fastpath-vector2d,rows=5 cols=256,zipf,0.0,100000,562341,0.010416666666666666,0.010416666666666668
topk,cms-heap-topk-fastpath-vector2d,rows=5 cols=256,zipf,0.0,100000,1000000,0.0,0.0
topk,cms-heap-topk-fastpath-vector2d,rows=5 cols=256,zipf,0.0,100000,1778279,0.0,0.0
topk,cms-heap-topk-fastpath-vector2d,rows=5 cols=256,zipf,0.0,100000,3162278,0.0,0.0
topk,cms-heap-topk-fastpath-vector2d,rows=5 cols=256,zipf,0.0,100000,5623413,0.0,0.0
topk,cms-heap-topk-fastpath-vector2d,rows=5 cols=256,zipf,0.0,100000,10000000,0.0,0.0
topk,cms-heap-topk-fastpath-vector2d,rows=5 cols=256,zipf,0.0,10000000,1000,0.010416666666666666,0.010416666666666668
topk,cms-heap-topk-fastpath-vector2d,rows=5 cols=256,zipf,0.0,10000000,1778,0.03125,0.018042195912175804
topk,cms-heap-topk-fastpath-vector2d,rows=5 cols=256,zipf,0.0,10000000,3162,0.0,0.0
topk,cms-heap-topk-fastpath-vector2d,rows=5 cols=256,zipf,0.0,10000000,5623,0.0,0.0
topk,cms-heap-topk-fastpath-vector2d,rows=5 cols=256,zipf,0.0,10000000,10000,0.0,0.0
topk,cms-heap-topk-fastpath-vector2d,rows=5 cols=256,zipf,0.0,10000000,17783,0.0,0.0
topk,cms-heap-topk-fastpath-vector2d,rows=5 cols=256,zipf,0.0,10000000,31623,0.0,0.0
topk,cms-heap-topk-fastpath-vector2d,rows=5 cols=256,zipf,0.0,10000000,56234,0.0,0.0
topk,cms-heap-topk-fastpath-vector2d,rows=5 cols=256,zipf,0.0,10000000,100000,0.0,0.0
topk,cms-heap-topk-fastpath-vector2d,rows=5 cols=256,zipf,0.0,10000000,177828,0.0,0.0
topk,cms-heap-topk-fastpath-vector2d,rows=5 cols=256,zipf,0.0,10000000,316228,0.0,0.0
topk,cms-heap-topk-fastpath-vector2d,rows=5 cols=256,zipf,0.0,10000000,562341,0.0,0.0
topk,cms-heap-topk-fastpath-vector2d,rows=5 cols=256,zipf,0.0,10000000,1000000,0.0,0.0
topk,cms-heap-topk-fastpath-vector2d,rows=5 cols=256,zipf,0.0,10000000,1778279,0.0,0.0
topk,cms-heap-topk-fastpath-vector2d,rows=5 cols=256,zipf,0.0,10000000,3162278,0.0,0.0
topk,cms-heap-topk-fastpath-vector2d,rows=5 cols=256,zipf,0.0,10000000,5623413,0.0,0.0
topk,cms-heap-topk-fastpath-vector2d,rows=5 cols=256,zipf,0.0,10000000,10000000,0.0,0.0
topk,cms-heap-topk-fastpath-vector2d,rows=5 cols=256,zipf,0.5,1000,1000,0.6875,0.018042195912175804
topk,cms-heap-topk-fastpath-vector2d,rows=5 cols=256,zipf,0.5,1000,1778,0.7604166666666666,0.03755782578608322
topk,cms-heap-topk-fastpath-vector2d,rows=5 cols=256,zipf,0.5,1000,3162,0.6770833333333334,0.08135676745736099
topk,cms-heap-topk-fastpath-vector2d,rows=5 cols=256,zipf,0.5,1000,5623,0.6458333333333334,0.04540519732854868
topk,cms-heap-topk-fastpath-vector2d,rows=5 cols=256,zipf,0.5,1000,10000,0.6041666666666666,0.02755990949025615
topk,cms-heap-topk-fastpath-vector2d,rows=5 cols=256,zipf,0.5,1000,17783,0.5833333333333334,0.04166666666666667
topk,cms-heap-topk-fastpath-vector2d,rows=5 cols=256,zipf,0.5,1000,31623,0.6041666666666666,0.010416666666666668
topk,cms-heap-topk-fastpath-vector2d,rows=5 cols=256,zipf,0.5,1000,56234,0.5729166666666666,0.02755990949025615
topk,cms-heap-topk-fastpath-vector2d,rows=5 cols=256,zipf,0.5,1000,100000,0.6145833333333334,0.020833333333333332
topk,cms-heap-topk-fastpath-vector2d,rows=5 cols=256,zipf,0.5,1000,177828,0.625,0.018042195912175804
topk,cms-heap-topk-fastpath-vector2d,rows=5 cols=256,zipf,0.5,1000,316228,0.6041666666666666,0.010416666666666668
topk,cms-heap-topk-fastpath-vector2d,rows=5 cols=256,zipf,0.5,1000,562341,0.6041666666666666,0.010416666666666668
topk,cms-heap-topk-fastpath-vector2d,rows=5 cols=256,zipf,0.5,1000,1000000,0.6041666666666666,0.010416666666666668
topk,cms-heap-topk-fastpath-vector2d,rows=5 cols=256,zipf,0.5,1000,1778279,0.59375,0.0
topk,cms-heap-topk-fastpath-vector2d,rows=5 cols=256,zipf,0.5,1000,3162278,0.59375,0.0
topk,cms-heap-topk-fastpath-vector2d,rows=5 cols=256,zipf,0.5,1000,5623413,0.59375,0.0
topk,cms-heap-topk-fastpath-vector2d,rows=5 cols=256,zipf,0.5,1000,10000000,0.59375,0.0
topk,cms-heap-topk-fastpath-vector2d,rows=5 cols=256,zipf,0.5,100000,1000,0.14583333333333334,0.05208333333333333
topk,cms-heap-topk-fastpath-vector2d,rows=5 cols=256,zipf,0.5,100000,1778,0.13541666666666666,0.0551198189805123
topk,cms-heap-topk-fastpath-vector2d,rows=5 cols=256,zipf,0.5,100000,3162,0.13541666666666666,0.05799754544614606
topk,cms-heap-topk-fastpath-vector2d,rows=5 cols=256,zipf,0.5,100000,5623,0.15625,0.047735163489123336
topk,cms-heap-topk-fastpath-vector2d,rows=5 cols=256,zipf,0.5,100000,10000,0.22916666666666666,0.05799754544614606
topk,cms-heap-topk-fastpath-vector2d,rows=5 cols=256,zipf,0.5,100000,17783,0.22916666666666666,0.020833333333333336
topk,cms-heap-topk-fastpath-vector2d,rows=5 cols=256,zipf,0.5,100000,31623,0.22916666666666666,0.010416666666666668
topk,cms-heap-topk-fastpath-vector2d,rows=5 cols=256,zipf,0.5,100000,56234,0.2916666666666667,0.04540519732854868
topk,cms-heap-topk-fastpath-vector2d,rows=5 cols=256,zipf,0.5,100000,100000,0.3020833333333333,0.027559909490256152
topk,cms-heap-topk-fastpath-vector2d,rows=5 cols=256,zipf,0.5,100000,177828,0.3645833333333333,0.027559909490256152
topk,cms-heap-topk-fastpath-vector2d,rows=5 cols=256,zipf,0.5,100000,316228,0.3645833333333333,0.020833333333333336
topk,cms-heap-topk-fastpath-vector2d,rows=5 cols=256,zipf,0.5,100000,562341,0.3125,0.018042195912175804
topk,cms-heap-topk-fastpath-vector2d,rows=5 cols=256,zipf,0.5,100000,1000000,0.3020833333333333,0.027559909490256152
topk,cms-heap-topk-fastpath-vector2d,rows=5 cols=256,zipf,0.5,100000,1778279,0.2604166666666667,0.010416666666666666
topk,cms-heap-topk-fastpath-vector2d,rows=5 cols=256,zipf,0.5,100000,3162278,0.25,0.018042195912175804
topk,cms-heap-topk-fastpath-vector2d,rows=5 cols=256,zipf,0.5,100000,5623413,0.2604166666666667,0.010416666666666666
topk,cms-heap-topk-fastpath-vector2d,rows=5 cols=256,zipf,0.5,100000,10000000,0.25,0.0
topk,cms-heap-topk-fastpath-vector2d,rows=5 cols=256,zipf,0.5,10000000,1000,0.010416666666666666,0.010416666666666668
topk,cms-heap-topk-fastpath-vector2d,rows=5 cols=256,zipf,0.5,10000000,1778,0.010416666666666666,0.010416666666666668
topk,cms-heap-topk-fastpath-vector2d,rows=5 cols=256,zipf,0.5,10000000,3162,0.0,0.0
topk,cms-heap-topk-fastpath-vector2d,rows=5 cols=256,zipf,0.5,10000000,5623,0.010416666666666666,0.010416666666666668
topk,cms-heap-topk-fastpath-vector2d,rows=5 cols=256,zipf,0.5,10000000,10000,0.0,0.0
topk,cms-heap-topk-fastpath-vector2d,rows=5 cols=256,zipf,0.5,10000000,17783,0.0,0.0
topk,cms-heap-topk-fastpath-vector2d,rows=5 cols=256,zipf,0.5,10000000,31623,0.0,0.0
topk,cms-heap-topk-fastpath-vector2d,rows=5 cols=256,zipf,0.5,10000000,56234,0.010416666666666666,0.010416666666666668
topk,cms-heap-topk-fastpath-vector2d,rows=5 cols=256,zipf,0.5,10000000,100000,0.020833333333333332,0.010416666666666668
topk,cms-heap-topk-fastpath-vector2d,rows=5 cols=256,zipf,0.5,10000000,177828,0.010416666666666666,0.010416666666666668
topk,cms-heap-topk-fastpath-vector2d,rows=5 cols=256,zipf,0.5,10000000,316228,0.020833333333333332,0.010416666666666668
topk,cms-heap-topk-fastpath-vector2d,rows=5 cols=256,zipf,0.5,10000000,562341,0.03125,0.018042195912175804
topk,cms-heap-topk-fastpath-vector2d,rows=5 cols=256,zipf,0.5,10000000,1000000,0.0625,0.018042195912175804
topk,cms-heap-topk-fastpath-vector2d,rows=5 cols=256,zipf,0.5,10000000,1778279,0.09375,0.018042195912175804
topk,cms-heap-topk-fastpath-vector2d,rows=5 cols=256,zipf,0.5,10000000,3162278,0.15625,0.018042195912175804
topk,cms-heap-topk-fastpath-vector2d,rows=5 cols=256,zipf,0.5,10000000,5623413,0.15625,0.018042195912175804
topk,cms-heap-topk-fastpath-vector2d,rows=5 cols=256,zipf,0.5,10000000,10000000,0.14583333333333334,0.010416666666666668
topk,cms-heap-topk-fastpath-vector2d,rows=5 cols=256,zipf,0.8,1000,1000,0.84375,0.018042195912175804
topk,cms-heap-topk-fastpath-vector2d,rows=5 cols=256,zipf,0.8,1000,1778,0.8854166666666666,0.02755990949025615
topk,cms-heap-topk-fastpath-vector2d,rows=5 cols=256,zipf,0.8,1000,3162,0.9166666666666666,0.03755782578608322
topk,cms-heap-topk-fastpath-vector2d,rows=5 cols=256,zipf,0.8,1000,5623,0.90625,0.018042195912175804
topk,cms-heap-topk-fastpath-vector2d,rows=5 cols=256,zipf,0.8,1000,10000,0.8854166666666666,0.020833333333333332
topk,cms-heap-topk-fastpath-vector2d,rows=5 cols=256,zipf,0.8,1000,17783,0.8958333333333334,0.010416666666666668
topk,cms-heap-topk-fastpath-vector2d,rows=5 cols=256,zipf,0.8,1000,31623,0.8854166666666666,0.010416666666666668
topk,cms-heap-topk-fastpath-vector2d,rows=5 cols=256,zipf,0.8,1000,56234,0.8854166666666666,0.010416666666666668
topk,cms-heap-topk-fastpath-vector2d,rows=5 cols=256,zipf,0.8,1000,100000,0.875,0.0
topk,cms-heap-topk-fastpath-vector2d,rows=5 cols=256,zipf,0.8,1000,177828,0.84375,0.0
topk,cms-heap-topk-fastpath-vector2d,rows=5 cols=256,zipf,0.8,1000,316228,0.875,0.018042195912175804
topk,cms-heap-topk-fastpath-vector2d,rows=5 cols=256,zipf,0.8,1000,562341,0.875,0.0
topk,cms-heap-topk-fastpath-vector2d,rows=5 cols=256,zipf,0.8,1000,1000000,0.875,0.0
topk,cms-heap-topk-fastpath-vector2d,rows=5 cols=256,zipf,0.8,1000,1778279,0.875,0.0
topk,cms-heap-topk-fastpath-vector2d,rows=5 cols=256,zipf,0.8,1000,3162278,0.875,0.0
topk,cms-heap-topk-fastpath-vector2d,rows=5 cols=256,zipf,0.8,1000,5623413,0.875,0.0
topk,cms-heap-topk-fastpath-vector2d,rows=5 cols=256,zipf,0.8,1000,10000000,0.8645833333333334,0.010416666666666668
topk,cms-heap-topk-fastpath-vector2d,rows=5 cols=256,zipf,0.8,100000,1000,0.5208333333333334,0.020833333333333332
topk,cms-heap-topk-fastpath-vector2d,rows=5 cols=256,zipf,0.8,100000,1778,0.6458333333333334,0.03755782578608322
topk,cms-heap-topk-fastpath-vector2d,rows=5 cols=256,zipf,0.8,100000,3162,0.625,0.06505206248331664
topk,cms-heap-topk-fastpath-vector2d,rows=5 cols=256,zipf,0.8,100000,5623,0.7604166666666666,0.03755782578608322
topk,cms-heap-topk-fastpath-vector2d,rows=5 cols=256,zipf,0.8,100000,10000,0.7708333333333334,0.020833333333333332
topk,cms-heap-topk-fastpath-vector2d,rows=5 cols=256,zipf,0.8,100000,17783,0.8020833333333334,0.010416666666666668
topk,cms-heap-topk-fastpath-vector2d,rows=5 cols=256,zipf,0.8,100000,31623,0.8229166666666666,0.010416666666666668
topk,cms-heap-topk-fastpath-vector2d,rows=5 cols=256,zipf,0.8,100000,56234,0.8229166666666666,0.027559909490256152
topk,cms-heap-topk-fastpath-vector2d,rows=5 cols=256,zipf,0.8,100000,100000,0.84375,0.03125
topk,cms-heap-topk-fastpath-vector2d,rows=5 cols=256,zipf,0.8,100000,177828,0.84375,0.018042195912175804
topk,cms-heap-topk-fastpath-vector2d,rows=5 cols=256,zipf,0.8,100000,316228,0.8229166666666666,0.02755990949025615
topk,cms-heap-topk-fastpath-vector2d,rows=5 cols=256,zipf,0.8,100000,562341,0.78125,0.0
topk,cms-heap-topk-fastpath-vector2d,rows=5 cols=256,zipf,0.8,100000,1000000,0.7395833333333334,0.010416666666666668
topk,cms-heap-topk-fastpath-vector2d,rows=5 cols=256,zipf,0.8,100000,1778279,0.71875,0.0
topk,cms-heap-topk-fastpath-vector2d,rows=5 cols=256,zipf,0.8,100000,3162278,0.6875,0.0
topk,cms-heap-topk-fastpath-vector2d,rows=5 cols=256,zipf,0.8,100000,5623413,0.6875,0.0
topk,cms-heap-topk-fastpath-vector2d,rows=5 cols=256,zipf,0.8,100000,10000000,0.6875,0.0
topk,cms-heap-topk-fastpath-vector2d,rows=5 cols=256,zipf,0.8,10000000,1000,0.2708333333333333,0.027559909490256152
topk,cms-heap-topk-fastpath-vector2d,rows=5 cols=256,zipf,0.8,10000000,1778,0.3229166666666667,0.03755782578608322
topk,cms-heap-topk-fastpath-vector2d,rows=5 cols=256,zipf,0.8,10000000,3162,0.3229166666666667,0.04540519732854868
topk,cms-heap-topk-fastpath-vector2d,rows=5 cols=256,zipf,0.8,10000000,5623,0.3854166666666667,0.03755782578608322
topk,cms-heap-topk-fastpath-vector2d,rows=5 cols=256,zipf,0.8,10000000,10000,0.5208333333333334,0.020833333333333332
topk,cms-heap-topk-fastpath-vector2d,rows=5 cols=256,zipf,0.8,10000000,17783,0.59375,0.03125
topk,cms-heap-topk-fastpath-vector2d,rows=5 cols=256,zipf,0.8,10000000,31623,0.6354166666666666,0.02755990949025615
topk,cms-heap-topk-fastpath-vector2d,rows=5 cols=256,zipf,0.8,10000000,56234,0.6979166666666666,0.010416666666666668
topk,cms-heap-topk-fastpath-vector2d,rows=5 cols=256,zipf,0.8,10000000,100000,0.7916666666666666,0.010416666666666668
topk,cms-heap-topk-fastpath-vector2d,rows=5 cols=256,zipf,0.8,10000000,177828,0.7604166666666666,0.010416666666666668
topk,cms-heap-topk-fastpath-vector2d,rows=5 cols=256,zipf,0.8,10000000,316228,0.8333333333333334,0.020833333333333332
topk,cms-heap-topk-fastpath-vector2d,rows=5 cols=256,zipf,0.8,10000000,562341,0.78125,0.03125
topk,cms-heap-topk-fastpath-vector2d,rows=5 cols=256,zipf,0.8,10000000,1000000,0.7395833333333334,0.010416666666666668
topk,cms-heap-topk-fastpath-vector2d,rows=5 cols=256,zipf,0.8,10000000,1778279,0.71875,0.018042195912175804
topk,cms-heap-topk-fastpath-vector2d,rows=5 cols=256,zipf,0.8,10000000,3162278,0.6979166666666666,0.010416666666666668
topk,cms-heap-topk-fastpath-vector2d,rows=5 cols=256,zipf,0.8,10000000,5623413,0.6875,0.018042195912175804
topk,cms-heap-topk-fastpath-vector2d,rows=5 cols=256,zipf,0.8,10000000,10000000,0.6145833333333334,0.03755782578608322
topk,cms-heap-topk-fastpath-vector2d,rows=5 cols=256,zipf,1.0,1000,1000,0.9270833333333334,0.027559909490256152
topk,cms-heap-topk-fastpath-vector2d,rows=5 cols=256,zipf,1.0,1000,1778,0.9166666666666666,0.010416666666666668
topk,cms-heap-topk-fastpath-vector2d,rows=5 cols=256,zipf,1.0,1000,3162,0.9375,0.0
topk,cms-heap-topk-fastpath-vector2d,rows=5 cols=256,zipf,1.0,1000,5623,0.9583333333333334,0.010416666666666668
topk,cms-heap-topk-fastpath-vector2d,rows=5 cols=256,zipf,1.0,1000,10000,0.96875,0.0
topk,cms-heap-topk-fastpath-vector2d,rows=5 cols=256,zipf,1.0,1000,17783,0.9479166666666666,0.010416666666666668
topk,cms-heap-topk-fastpath-vector2d,rows=5 cols=256,zipf,1.0,1000,31623,0.96875,0.018042195912175804
topk,cms-heap-topk-fastpath-vector2d,rows=5 cols=256,zipf,1.0,1000,56234,0.9583333333333334,0.010416666666666668
topk,cms-heap-topk-fastpath-vector2d,rows=5 cols=256,zipf,1.0,1000,100000,0.9895833333333334,0.010416666666666668
topk,cms-heap-topk-fastpath-vector2d,rows=5 cols=256,zipf,1.0,1000,177828,0.96875,0.0
topk,cms-heap-topk-fastpath-vector2d,rows=5 cols=256,zipf,1.0,1000,316228,0.9791666666666666,0.010416666666666668
topk,cms-heap-topk-fastpath-vector2d,rows=5 cols=256,zipf,1.0,1000,562341,0.96875,0.0
topk,cms-heap-topk-fastpath-vector2d,rows=5 cols=256,zipf,1.0,1000,1000000,0.96875,0.0
topk,cms-heap-topk-fastpath-vector2d,rows=5 cols=256,zipf,1.0,1000,1778279,0.96875,0.0
topk,cms-heap-topk-fastpath-vector2d,rows=5 cols=256,zipf,1.0,1000,3162278,0.96875,0.0
topk,cms-heap-topk-fastpath-vector2d,rows=5 cols=256,zipf,1.0,1000,5623413,0.96875,0.0
topk,cms-heap-topk-fastpath-vector2d,rows=5 cols=256,zipf,1.0,1000,10000000,0.96875,0.0
topk,cms-heap-topk-fastpath-vector2d,rows=5 cols=256,zipf,1.0,100000,1000,0.7916666666666666,0.020833333333333332
topk,cms-heap-topk-fastpath-vector2d,rows=5 cols=256,zipf,1.0,100000,1778,0.90625,0.018042195912175804
topk,cms-heap-topk-fastpath-vector2d,rows=5 cols=256,zipf,1.0,100000,3162,0.90625,0.018042195912175804
topk,cms-heap-topk-fastpath-vector2d,rows=5 cols=256,zipf,1.0,100000,5623,0.9166666666666666,0.010416666666666668
topk,cms-heap-topk-fastpath-vector2d,rows=5 cols=256,zipf,1.0,100000,10000,0.9375,0.0
topk,cms-heap-topk-fastpath-vector2d,rows=5 cols=256,zipf,1.0,100000,17783,0.9375,0.018042195912175804
topk,cms-heap-topk-fastpath-vector2d,rows=5 cols=256,zipf,1.0,100000,31623,0.9479166666666666,0.010416666666666668
topk,cms-heap-topk-fastpath-vector2d,rows=5 cols=256,zipf,1.0,100000,56234,0.9166666666666666,0.010416666666666668
topk,cms-heap-topk-fastpath-vector2d,rows=5 cols=256,zipf,1.0,100000,100000,0.9479166666666666,0.020833333333333332
topk,cms-heap-topk-fastpath-vector2d,rows=5 cols=256,zipf,1.0,100000,177828,0.9375,0.0
topk,cms-heap-topk-fastpath-vector2d,rows=5 cols=256,zipf,1.0,100000,316228,0.9479166666666666,0.020833333333333332
topk,cms-heap-topk-fastpath-vector2d,rows=5 cols=256,zipf,1.0,100000,562341,0.9166666666666666,0.020833333333333332
topk,cms-heap-topk-fastpath-vector2d,rows=5 cols=256,zipf,1.0,100000,1000000,0.8854166666666666,0.010416666666666668
topk,cms-heap-topk-fastpath-vector2d,rows=5 cols=256,zipf,1.0,100000,1778279,0.8645833333333334,0.010416666666666668
topk,cms-heap-topk-fastpath-vector2d,rows=5 cols=256,zipf,1.0,100000,3162278,0.8645833333333334,0.010416666666666668
topk,cms-heap-topk-fastpath-vector2d,rows=5 cols=256,zipf,1.0,100000,5623413,0.84375,0.018042195912175804
topk,cms-heap-topk-fastpath-vector2d,rows=5 cols=256,zipf,1.0,100000,10000000,0.84375,0.0
topk,cms-heap-topk-fastpath-vector2d,rows=5 cols=256,zipf,1.0,10000000,1000,0.6666666666666666,0.010416666666666668
topk,cms-heap-topk-fastpath-vector2d,rows=5 cols=256,zipf,1.0,10000000,1778,0.7708333333333334,0.027559909490256152
topk,cms-heap-topk-fastpath-vector2d,rows=5 cols=256,zipf,1.0,10000000,3162,0.8020833333333334,0.05799754544614606
topk,cms-heap-topk-fastpath-vector2d,rows=5 cols=256,zipf,1.0,10000000,5623,0.8229166666666666,0.010416666666666668
topk,cms-heap-topk-fastpath-vector2d,rows=5 cols=256,zipf,1.0,10000000,10000,0.8854166666666666,0.010416666666666668
topk,cms-heap-topk-fastpath-vector2d,rows=5 cols=256,zipf,1.0,10000000,17783,0.8958333333333334,0.010416666666666668
topk,cms-heap-topk-fastpath-vector2d,rows=5 cols=256,zipf,1.0,10000000,31623,0.9270833333333334,0.02755990949025615
topk,cms-heap-topk-fastpath-vector2d,rows=5 cols=256,zipf,1.0,10000000,56234,0.9270833333333334,0.020833333333333332
topk,cms-heap-topk-fastpath-vector2d,rows=5 cols=256,zipf,1.0,10000000,100000,0.9375,0.0
topk,cms-heap-topk-fastpath-vector2d,rows=5 cols=256,zipf,1.0,10000000,177828,0.9479166666666666,0.010416666666666668
topk,cms-heap-topk-fastpath-vector2d,rows=5 cols=256,zipf,1.0,10000000,316228,0.9270833333333334,0.02755990949025615
topk,cms-heap-topk-fastpath-vector2d,rows=5 cols=256,zipf,1.0,10000000,562341,0.9166666666666666,0.020833333333333332
topk,cms-heap-topk-fastpath-vector2d,rows=5 cols=256,zipf,1.0,10000000,1000000,0.8645833333333334,0.02755990949025615
topk,cms-heap-topk-fastpath-vector2d,rows=5 cols=256,zipf,1.0,10000000,1778279,0.84375,0.0
topk,cms-heap-topk-fastpath-vector2d,rows=5 cols=256,zipf,1.0,10000000,3162278,0.84375,0.0
topk,cms-heap-topk-fastpath-vector2d,rows=5 cols=256,zipf,1.0,10000000,5623413,0.8125,0.018042195912175804
topk,cms-heap-topk-fastpath-vector2d,rows=5 cols=256,zipf,1.0,10000000,10000000,0.71875,0.0
topk,cms-heap-topk-fastpath-vector2d,rows=5 cols=256,zipf,1.2,1000,1000,0.96875,0.0
topk,cms-heap-topk-fastpath-vector2d,rows=5 cols=256,zipf,1.2,1000,1778,0.9479166666666666,0.027559909490256152
topk,cms-heap-topk-fastpath-vector2d,rows=5 cols=256,zipf,1.2,1000,3162,0.9583333333333334,0.010416666666666668
topk,cms-heap-topk-fastpath-vector2d,rows=5 cols=256,zipf,1.2,1000,5623,0.96875,0.0
topk,cms-heap-topk-fastpath-vector2d,rows=5 cols=256,zipf,1.2,1000,10000,0.9791666666666666,0.010416666666666668
topk,cms-heap-topk-fastpath-vector2d,rows=5 cols=256,zipf,1.2,1000,17783,0.96875,0.018042195912175804
topk,cms-heap-topk-fastpath-vector2d,rows=5 cols=256,zipf,1.2,1000,31623,0.96875,0.018042195912175804
topk,cms-heap-topk-fastpath-vector2d,rows=5 cols=256,zipf,1.2,1000,56234,0.96875,0.018042195912175804
topk,cms-heap-topk-fastpath-vector2d,rows=5 cols=256,zipf,1.2,1000,100000,0.96875,0.0
topk,cms-heap-topk-fastpath-vector2d,rows=5 cols=256,zipf,1.2,1000,177828,0.96875,0.0
topk,cms-heap-topk-fastpath-vector2d,rows=5 cols=256,zipf,1.2,1000,316228,0.96875,0.0
topk,cms-heap-topk-fastpath-vector2d,rows=5 cols=256,zipf,1.2,1000,562341,0.96875,0.0
topk,cms-heap-topk-fastpath-vector2d,rows=5 cols=256,zipf,1.2,1000,1000000,0.96875,0.0
topk,cms-heap-topk-fastpath-vector2d,rows=5 cols=256,zipf,1.2,1000,1778279,0.96875,0.0
topk,cms-heap-topk-fastpath-vector2d,rows=5 cols=256,zipf,1.2,1000,3162278,0.96875,0.0
topk,cms-heap-topk-fastpath-vector2d,rows=5 cols=256,zipf,1.2,1000,5623413,0.96875,0.0
topk,cms-heap-topk-fastpath-vector2d,rows=5 cols=256,zipf,1.2,1000,10000000,0.96875,0.0
topk,cms-heap-topk-fastpath-vector2d,rows=5 cols=256,zipf,1.2,100000,1000,0.9166666666666666,0.02755990949025615
topk,cms-heap-topk-fastpath-vector2d,rows=5 cols=256,zipf,1.2,100000,1778,0.9583333333333334,0.010416666666666668
topk,cms-heap-topk-fastpath-vector2d,rows=5 cols=256,zipf,1.2,100000,3162,0.9375,0.018042195912175804
topk,cms-heap-topk-fastpath-vector2d,rows=5 cols=256,zipf,1.2,100000,5623,0.9479166666666666,0.010416666666666668
topk,cms-heap-topk-fastpath-vector2d,rows=5 cols=256,zipf,1.2,100000,10000,0.9479166666666666,0.010416666666666668
topk,cms-heap-topk-fastpath-vector2d,rows=5 cols=256,zipf,1.2,100000,17783,0.9583333333333334,0.010416666666666668
topk,cms-heap-topk-fastpath-vector2d,rows=5 cols=256,zipf,1.2,100000,31623,0.96875,0.018042195912175804
topk,cms-heap-topk-fastpath-vector2d,rows=5 cols=256,zipf,1.2,100000,56234,0.96875,0.018042195912175804
topk,cms-heap-topk-fastpath-vector2d,rows=5 cols=256,zipf,1.2,100000,100000,0.9479166666666666,0.020833333333333332
topk,cms-heap-topk-fastpath-vector2d,rows=5 cols=256,zipf,1.2,100000,177828,0.96875,0.0
topk,cms-heap-topk-fastpath-vector2d,rows=5 cols=256,zipf,1.2,100000,316228,0.9583333333333334,0.010416666666666668
topk,cms-heap-topk-fastpath-vector2d,rows=5 cols=256,zipf,1.2,100000,562341,0.9583333333333334,0.010416666666666668
topk,cms-heap-topk-fastpath-vector2d,rows=5 cols=256,zipf,1.2,100000,1000000,0.9583333333333334,0.010416666666666668
topk,cms-heap-topk-fastpath-vector2d,rows=5 cols=256,zipf,1.2,100000,1778279,0.9375,0.0
topk,cms-heap-topk-fastpath-vector2d,rows=5 cols=256,zipf,1.2,100000,3162278,0.9479166666666666,0.010416666666666668
topk,cms-heap-topk-fastpath-vector2d,rows=5 cols=256,zipf,1.2,100000,5623413,0.90625,0.018042195912175804
topk,cms-heap-topk-fastpath-vector2d,rows=5 cols=256,zipf,1.2,100000,10000000,0.9270833333333334,0.020833333333333332
topk,cms-heap-topk-fastpath-vector2d,rows=5 cols=256,zipf,1.2,10000000,1000,0.9270833333333334,0.027559909490256152
topk,cms-heap-topk-fastpath-vector2d,rows=5 cols=256,zipf,1.2,10000000,1778,0.9270833333333334,0.020833333333333332
topk,cms-heap-topk-fastpath-vector2d,rows=5 cols=256,zipf,1.2,10000000,3162,0.9270833333333334,0.010416666666666668
topk,cms-heap-topk-fastpath-vector2d,rows=5 cols=256,zipf,1.2,10000000,5623,0.9479166666666666,0.010416666666666668
topk,cms-heap-topk-fastpath-vector2d,rows=5 cols=256,zipf,1.2,10000000,10000,0.96875,0.0
topk,cms-heap-topk-fastpath-vector2d,rows=5 cols=256,zipf,1.2,10000000,17783,0.9791666666666666,0.010416666666666668
topk,cms-heap-topk-fastpath-vector2d,rows=5 cols=256,zipf,1.2,10000000,31623,0.96875,0.018042195912175804
topk,cms-heap-topk-fastpath-vector2d,rows=5 cols=256,zipf,1.2,10000000,56234,0.9791666666666666,0.010416666666666668
topk,cms-heap-topk-fastpath-vector2d,rows=5 cols=256,zipf,1.2,10000000,100000,0.96875,0.0
topk,cms-heap-topk-fastpath-vector2d,rows=5 cols=256,zipf,1.2,10000000,177828,0.96875,0.0
topk,cms-heap-topk-fastpath-vector2d,rows=5 cols=256,zipf,1.2,10000000,316228,0.9791666666666666,0.010416666666666668
topk,cms-heap-topk-fastpath-vector2d,rows=5 cols=256,zipf,1.2,10000000,562341,0.9583333333333334,0.010416666666666668
topk,cms-heap-topk-fastpath-vector2d,rows=5 cols=256,zipf,1.2,10000000,1000000,0.9479166666666666,0.010416666666666668
topk,cms-heap-topk-fastpath-vector2d,rows=5 cols=256,zipf,1.2,10000000,1778279,0.9270833333333334,0.010416666666666668
topk,cms-heap-topk-fastpath-vector2d,rows=5 cols=256,zipf,1.2,10000000,3162278,0.8958333333333334,0.04540519732854868
topk,cms-heap-topk-fastpath-vector2d,rows=5 cols=256,zipf,1.2,10000000,5623413,0.90625,0.0
topk,cms-heap-topk-fastpath-vector2d,rows=5 cols=256,zipf,1.2,10000000,10000000,0.875,0.0
topk,cms-heap-topk-fastpath-vector2d,rows=5 cols=256,zipf,1.5,1000,1000,0.9375,0.018042195912175804
topk,cms-heap-topk-fastpath-vector2d,rows=5 cols=256,zipf,1.5,1000,1778,0.96875,0.018042195912175804
topk,cms-heap-topk-fastpath-vector2d,rows=5 cols=256,zipf,1.5,1000,3162,0.9895833333333334,0.010416666666666668
topk,cms-heap-topk-fastpath-vector2d,rows=5 cols=256,zipf,1.5,1000,5623,0.9895833333333334,0.010416666666666668
topk,cms-heap-topk-fastpath-vector2d,rows=5 cols=256,zipf,1.5,1000,10000,0.9583333333333334,0.010416666666666668
topk,cms-heap-topk-fastpath-vector2d,rows=5 cols=256,zipf,1.5,1000,17783,0.9791666666666666,0.010416666666666668
topk,cms-heap-topk-fastpath-vector2d,rows=5 cols=256,zipf,1.5,1000,31623,0.96875,0.0
topk,cms-heap-topk-fastpath-vector2d,rows=5 cols=256,zipf,1.5,1000,56234,0.9791666666666666,0.010416666666666668
topk,cms-heap-topk-fastpath-vector2d,rows=5 cols=256,zipf,1.5,1000,100000,1.0,0.0
topk,cms-heap-topk-fastpath-vector2d,rows=5 cols=256,zipf,1.5,1000,177828,1.0,0.0
topk,cms-heap-topk-fastpath-vector2d,rows=5 cols=256,zipf,1.5,1000,316228,1.0,0.0
topk,cms-heap-topk-fastpath-vector2d,rows=5 cols=256,zipf,1.5,1000,562341,1.0,0.0
topk,cms-heap-topk-fastpath-vector2d,rows=5 cols=256,zipf,1.5,1000,1000000,0.9895833333333334,0.010416666666666668
topk,cms-heap-topk-fastpath-vector2d,rows=5 cols=256,zipf,1.5,1000,1778279,1.0,0.0
topk,cms-heap-topk-fastpath-vector2d,rows=5 cols=256,zipf,1.5,1000,3162278,1.0,0.0
topk,cms-heap-topk-fastpath-vector2d,rows=5 cols=256,zipf,1.5,1000,5623413,0.9895833333333334,0.010416666666666668
topk,cms-heap-topk-fastpath-vector2d,rows=5 cols=256,zipf,1.5,1000,10000000,0.9895833333333334,0.010416666666666668
topk,cms-heap-topk-fastpath-vector2d,rows=5 cols=256,zipf,1.5,100000,1000,0.96875,0.03125
topk,cms-heap-topk-fastpath-vector2d,rows=5 cols=256,zipf,1.5,100000,1778,0.96875,0.0
topk,cms-heap-topk-fastpath-vector2d,rows=5 cols=256,zipf,1.5,100000,3162,0.9791666666666666,0.010416666666666668
topk,cms-heap-topk-fastpath-vector2d,rows=5 cols=256,zipf,1.5,100000,5623,0.96875,0.018042195912175804
topk,cms-heap-topk-fastpath-vector2d,rows=5 cols=256,zipf,1.5,100000,10000,0.9583333333333334,0.010416666666666668
topk,cms-heap-topk-fastpath-vector2d,rows=5 cols=256,zipf,1.5,100000,17783,0.9895833333333334,0.010416666666666668
topk,cms-heap-topk-fastpath-vector2d,rows=5 cols=256,zipf,1.5,100000,31623,0.9791666666666666,0.010416666666666668
topk,cms-heap-topk-fastpath-vector2d,rows=5 cols=256,zipf,1.5,100000,56234,0.9791666666666666,0.010416666666666668
topk,cms-heap-topk-fastpath-vector2d,rows=5 cols=256,zipf,1.5,100000,100000,1.0,0.0
topk,cms-heap-topk-fastpath-vector2d,rows=5 cols=256,zipf,1.5,100000,177828,1.0,0.0
topk,cms-heap-topk-fastpath-vector2d,rows=5 cols=256,zipf,1.5,100000,316228,0.9895833333333334,0.010416666666666668
topk,cms-heap-topk-fastpath-vector2d,rows=5 cols=256,zipf,1.5,100000,562341,0.9895833333333334,0.010416666666666668
topk,cms-heap-topk-fastpath-vector2d,rows=5 cols=256,zipf,1.5,100000,1000000,0.9895833333333334,0.010416666666666668
topk,cms-heap-topk-fastpath-vector2d,rows=5 cols=256,zipf,1.5,100000,1778279,0.9895833333333334,0.010416666666666668
topk,cms-heap-topk-fastpath-vector2d,rows=5 cols=256,zipf,1.5,100000,3162278,1.0,0.0
topk,cms-heap-topk-fastpath-vector2d,rows=5 cols=256,zipf,1.5,100000,5623413,1.0,0.0
topk,cms-heap-topk-fastpath-vector2d,rows=5 cols=256,zipf,1.5,100000,10000000,0.9791666666666666,0.010416666666666668
topk,cms-heap-topk-fastpath-vector2d,rows=5 cols=256,zipf,1.5,10000000,1000,0.9479166666666666,0.010416666666666668
topk,cms-heap-topk-fastpath-vector2d,rows=5 cols=256,zipf,1.5,10000000,1778,0.9791666666666666,0.010416666666666668
topk,cms-heap-topk-fastpath-vector2d,rows=5 cols=256,zipf,1.5,10000000,3162,0.9583333333333334,0.010416666666666668
topk,cms-heap-topk-fastpath-vector2d,rows=5 cols=256,zipf,1.5,10000000,5623,0.9791666666666666,0.010416666666666668
topk,cms-heap-topk-fastpath-vector2d,rows=5 cols=256,zipf,1.5,10000000,10000,0.96875,0.0
topk,cms-heap-topk-fastpath-vector2d,rows=5 cols=256,zipf,1.5,10000000,17783,0.9895833333333334,0.010416666666666668
topk,cms-heap-topk-fastpath-vector2d,rows=5 cols=256,zipf,1.5,10000000,31623,1.0,0.0
topk,cms-heap-topk-fastpath-vector2d,rows=5 cols=256,zipf,1.5,10000000,56234,0.9791666666666666,0.010416666666666668
topk,cms-heap-topk-fastpath-vector2d,rows=5 cols=256,zipf,1.5,10000000,100000,0.9895833333333334,0.010416666666666668
topk,cms-heap-topk-fastpath-vector2d,rows=5 cols=256,zipf,1.5,10000000,177828,0.9791666666666666,0.010416666666666668
topk,cms-heap-topk-fastpath-vector2d,rows=5 cols=256,zipf,1.5,10000000,316228,0.9895833333333334,0.010416666666666668
topk,cms-heap-topk-fastpath-vector2d,rows=5 cols=256,zipf,1.5,10000000,562341,1.0,0.0
topk,cms-heap-topk-fastpath-vector2d,rows=5 cols=256,zipf,1.5,10000000,1000000,1.0,0.0
topk,cms-heap-topk-fastpath-vector2d,rows=5 cols=256,zipf,1.5,10000000,1778279,0.9895833333333334,0.010416666666666668
topk,cms-heap-topk-fastpath-vector2d,rows=5 cols=256,zipf,1.5,10000000,3162278,0.9791666666666666,0.010416666666666668
topk,cms-heap-topk-fastpath-vector2d,rows=5 cols=256,zipf,1.5,10000000,5623413,0.9791666666666666,0.010416666666666668
topk,cms-heap-topk-fastpath-vector2d,rows=5 cols=256,zipf,1.5,10000000,10000000,0.9791666666666666,0.010416666666666668
topk,cms-heap-topk-fastpath-vector2d,rows=5 cols=256,zipf,2.0,1000,1000,0.875,0.018042195912175804
topk,cms-heap-topk-fastpath-vector2d,rows=5 cols=256,zipf,2.0,1000,1778,0.90625,0.03125
topk,cms-heap-topk-fastpath-vector2d,rows=5 cols=256,zipf,2.0,1000,3162,0.9375,0.018042195912175804
topk,cms-heap-topk-fastpath-vector2d,rows=5 cols=256,zipf,2.0,1000,5623,0.9791666666666666,0.010416666666666668
topk,cms-heap-topk-fastpath-vector2d,rows=5 cols=256,zipf,2.0,1000,10000,1.0,0.0
topk,cms-heap-topk-fastpath-vector2d,rows=5 cols=256,zipf,2.0,1000,17783,0.9791666666666666,0.010416666666666668
topk,cms-heap-topk-fastpath-vector2d,rows=5 cols=256,zipf,2.0,1000,31623,1.0,0.0
topk,cms-heap-topk-fastpath-vector2d,rows=5 cols=256,zipf,2.0,1000,56234,0.9895833333333334,0.010416666666666668
topk,cms-heap-topk-fastpath-vector2d,rows=5 cols=256,zipf,2.0,1000,100000,0.9895833333333334,0.010416666666666668
topk,cms-heap-topk-fastpath-vector2d,rows=5 cols=256,zipf,2.0,1000,177828,0.9791666666666666,0.010416666666666668
topk,cms-heap-topk-fastpath-vector2d,rows=5 cols=256,zipf,2.0,1000,316228,1.0,0.0
topk,cms-heap-topk-fastpath-vector2d,rows=5 cols=256,zipf,2.0,1000,562341,0.9895833333333334,0.010416666666666668
topk,cms-heap-topk-fastpath-vector2d,rows=5 cols=256,zipf,2.0,1000,1000000,1.0,0.0
topk,cms-heap-topk-fastpath-vector2d,rows=5 cols=256,zipf,2.0,1000,1778279,1.0,0.0
topk,cms-heap-topk-fastpath-vector2d,rows=5 cols=256,zipf,2.0,1000,3162278,1.0,0.0
topk,cms-heap-topk-fastpath-vector2d,rows=5 cols=256,zipf,2.0,1000,5623413,1.0,0.0
topk,cms-heap-topk-fastpath-vector2d,rows=5 cols=256,zipf,2.0,1000,10000000,1.0,0.0
topk,cms-heap-topk-fastpath-vector2d,rows=5 cols=256,zipf,2.0,100000,1000,0.8645833333333334,0.02755990949025615
topk,cms-heap-topk-fastpath-vector2d,rows=5 cols=256,zipf,2.0,100000,1778,0.8958333333333334,0.010416666666666668
topk,cms-heap-topk-fastpath-vector2d,rows=5 cols=256,zipf,2.0,100000,3162,0.9479166666666666,0.010416666666666668
topk,cms-heap-topk-fastpath-vector2d,rows=5 cols=256,zipf,2.0,100000,5623,1.0,0.0
topk,cms-heap-topk-fastpath-vector2d,rows=5 cols=256,zipf,2.0,100000,10000,0.9791666666666666,0.010416666666666668
topk,cms-heap-topk-fastpath-vector2d,rows=5 cols=256,zipf,2.0,100000,17783,1.0,0.0
topk,cms-heap-topk-fastpath-vector2d,rows=5 cols=256,zipf,2.0,100000,31623,0.9895833333333334,0.010416666666666668
topk,cms-heap-topk-fastpath-vector2d,rows=5 cols=256,zipf,2.0,100000,56234,1.0,0.0
topk,cms-heap-topk-fastpath-vector2d,rows=5 cols=256,zipf,2.0,100000,100000,1.0,0.0
topk,cms-heap-topk-fastpath-vector2d,rows=5 cols=256,zipf,2.0,100000,177828,0.9791666666666666,0.010416666666666668
topk,cms-heap-topk-fastpath-vector2d,rows=5 cols=256,zipf,2.0,100000,316228,0.9895833333333334,0.010416666666666668
topk,cms-heap-topk-fastpath-vector2d,rows=5 cols=256,zipf,2.0,100000,562341,1.0,0.0
topk,cms-heap-topk-fastpath-vector2d,rows=5 cols=256,zipf,2.0,100000,1000000,0.9791666666666666,0.010416666666666668
topk,cms-heap-topk-fastpath-vector2d,rows=5 cols=256,zipf,2.0,100000,1778279,1.0,0.0
topk,cms-heap-topk-fastpath-vector2d,rows=5 cols=256,zipf,2.0,100000,3162278,1.0,0.0
topk,cms-heap-topk-fastpath-vector2d,rows=5 cols=256,zipf,2.0,100000,5623413,1.0,0.0
topk,cms-heap-topk-fastpath-vector2d,rows=5 cols=256,zipf,2.0,100000,10000000,1.0,0.0
topk,cms-heap-topk-fastpath-vector2d,rows=5 cols=256,zipf,2.0,10000000,1000,0.8645833333333334,0.02755990949025615
topk,cms-heap-topk-fastpath-vector2d,rows=5 cols=256,zipf,2.0,10000000,1778,0.8958333333333334,0.010416666666666668
topk,cms-heap-topk-fastpath-vector2d,rows=5 cols=256,zipf,2.0,10000000,3162,0.9375,0.018042195912175804
topk,cms-heap-topk-fastpath-vector2d,rows=5 cols=256,zipf,2.0,10000000,5623,1.0,0.0
topk,cms-heap-topk-fastpath-vector2d,rows=5 cols=256,zipf,2.0,10000000,10000,0.96875,0.0
topk,cms-heap-topk-fastpath-vector2d,rows=5 cols=256,zipf,2.0,10000000,17783,0.9791666666666666,0.010416666666666668
topk,cms-heap-topk-fastpath-vector2d,rows=5 cols=256,zipf,2.0,10000000,31623,1.0,0.0
topk,cms-heap-topk-fastpath-vector2d,rows=5 cols=256,zipf,2.0,10000000,56234,1.0,0.0
topk,cms-heap-topk-fastpath-vector2d,rows=5 cols=256,zipf,2.0,10000000,100000,1.0,0.0
topk,cms-heap-topk-fastpath-vector2d,rows=5 cols=256,zipf,2.0,10000000,177828,1.0,0.0
topk,cms-heap-topk-fastpath-vector2d,rows=5 cols=256,zipf,2.0,10000000,316228,1.0,0.0
topk,cms-heap-topk-fastpath-vector2d,rows=5 cols=256,zipf,2.0,10000000,562341,1.0,0.0
topk,cms-heap-topk-fastpath-vector2d,rows=5 cols=256,zipf,2.0,10000000,1000000,1.0,0.0
topk,cms-heap-topk-fastpath-vector2d,rows=5 cols=256,zipf,2.0,10000000,1778279,1.0,0.0
topk,cms-heap-topk-fastpath-vector2d,rows=5 cols=256,zipf,2.0,10000000,3162278,1.0,0.0
topk,cms-heap-topk-fastpath-vector2d,rows=5 cols=256,zipf,2.0,10000000,5623413,1.0,0.0
topk,cms-heap-topk-fastpath-vector2d,rows=5 cols=256,zipf,2.0,10000000,10000000,1.0,0.0
topk,cms-heap-topk-fastpath-vector2d,rows=5 cols=256,zipf,1.1,10000,1000,0.875,0.047735163489123336
topk,cms-heap-topk-fastpath-vector2d,rows=5 cols=256,zipf,1.1,10000,1778,0.90625,0.018042195912175804
topk,cms-heap-topk-fastpath-vector2d,rows=5 cols=256,zipf,1.1,10000,3162,0.9375,0.018042195912175804
topk,cms-heap-topk-fastpath-vector2d,rows=5 cols=256,zipf,1.1,10000,5623,0.9270833333333334,0.010416666666666668
topk,cms-heap-topk-fastpath-vector2d,rows=5 cols=256,zipf,1.1,10000,10000,0.9270833333333334,0.027559909490256152
topk,cms-heap-topk-fastpath-vector2d,rows=5 cols=256,zipf,1.1,10000,17783,0.96875,0.0
topk,cms-heap-topk-fastpath-vector2d,rows=5 cols=256,zipf,1.1,10000,31623,0.9583333333333334,0.010416666666666668
topk,cms-heap-topk-fastpath-vector2d,rows=5 cols=256,zipf,1.1,10000,56234,0.9583333333333334,0.02755990949025615
topk,cms-heap-topk-fastpath-vector2d,rows=5 cols=256,zipf,1.1,10000,100000,0.96875,0.0
topk,cms-heap-topk-fastpath-vector2d,rows=5 cols=256,zipf,1.1,10000,177828,0.9583333333333334,0.010416666666666668
topk,cms-heap-topk-fastpath-vector2d,rows=5 cols=256,zipf,1.1,10000,316228,0.9583333333333334,0.010416666666666668
topk,cms-heap-topk-fastpath-vector2d,rows=5 cols=256,zipf,1.1,10000,562341,0.9583333333333334,0.010416666666666668
topk,cms-heap-topk-fastpath-vector2d,rows=5 cols=256,zipf,1.1,10000,1000000,0.9583333333333334,0.010416666666666668
topk,cms-heap-topk-fastpath-vector2d,rows=5 cols=256,zipf,1.1,10000,1778279,0.96875,0.0
topk,cms-heap-topk-fastpath-vector2d,rows=5 cols=256,zipf,1.1,10000,3162278,0.9583333333333334,0.010416666666666668
topk,cms-heap-topk-fastpath-vector2d,rows=5 cols=256,zipf,1.1,10000,5623413,0.96875,0.0
topk,cms-heap-topk-fastpath-vector2d,rows=5 cols=256,zipf,1.1,10000,10000000,0.9583333333333334,0.010416666666666668
topk,cms-heap-topk-fastpath-vector2d,rows=5 cols=1024,zipf,0.0,1000,1000,0.6666666666666666,0.020833333333333332
topk,cms-heap-topk-fastpath-vector2d,rows=5 cols=1024,zipf,0.0,1000,1778,0.8854166666666666,0.020833333333333332
topk,cms-heap-topk-fastpath-vector2d,rows=5 cols=1024,zipf,0.0,1000,3162,0.6875,0.03125
topk,cms-heap-topk-fastpath-vector2d,rows=5 cols=1024,zipf,0.0,1000,5623,0.5104166666666666,0.02755990949025615
topk,cms-heap-topk-fastpath-vector2d,rows=5 cols=1024,zipf,0.0,1000,10000,0.25,0.0625
topk,cms-heap-topk-fastpath-vector2d,rows=5 cols=1024,zipf,0.0,1000,17783,0.08333333333333333,0.055119818980512304
topk,cms-heap-topk-fastpath-vector2d,rows=5 cols=1024,zipf,0.0,1000,31623,0.07291666666666667,0.010416666666666668
topk,cms-heap-topk-fastpath-vector2d,rows=5 cols=1024,zipf,0.0,1000,56234,0.0625,0.018042195912175804
topk,cms-heap-topk-fastpath-vector2d,rows=5 cols=1024,zipf,0.0,1000,100000,0.07291666666666667,0.04166666666666667
topk,cms-heap-topk-fastpath-vector2d,rows=5 cols=1024,zipf,0.0,1000,177828,0.020833333333333332,0.020833333333333336
topk,cms-heap-topk-fastpath-vector2d,rows=5 cols=1024,zipf,0.0,1000,316228,0.07291666666666667,0.027559909490256152
topk,cms-heap-topk-fastpath-vector2d,rows=5 cols=1024,zipf,0.0,1000,562341,0.020833333333333332,0.010416666666666668
topk,cms-heap-topk-fastpath-vector2d,rows=5 cols=1024,zipf,0.0,1000,1000000,0.08333333333333333,0.027559909490256152
topk,cms-heap-topk-fastpath-vector2d,rows=5 cols=1024,zipf,0.0,1000,1778279,0.09375,0.03125
topk,cms-heap-topk-fastpath-vector2d,rows=5 cols=1024,zipf,0.0,1000,3162278,0.08333333333333333,0.027559909490256152
topk,cms-heap-topk-fastpath-vector2d,rows=5 cols=1024,zipf,0.0,1000,5623413,0.08333333333333333,0.020833333333333332
topk,cms-heap-topk-fastpath-vector2d,rows=5 cols=1024,zipf,0.0,1000,10000000,0.03125,0.018042195912175804
topk,cms-heap-topk-fastpath-vector2d,rows=5 cols=1024,zipf,0.0,100000,1000,0.20833333333333334,0.05208333333333333
topk,cms-heap-topk-fastpath-vector2d,rows=5 cols=1024,zipf,0.0,100000,1778,0.15625,0.018042195912175804
topk,cms-heap-topk-fastpath-vector2d,rows=5 cols=1024,zipf,0.0,100000,3162,0.07291666666666667,0.03755782578608322
topk,cms-heap-topk-fastpath-vector2d,rows=5 cols=1024,zipf,0.0,100000,5623,0.052083333333333336,0.03755782578608322
topk,cms-heap-topk-fastpath-vector2d,rows=5 cols=1024,zipf,0.0,100000,10000,0.0625,0.018042195912175804
topk,cms-heap-topk-fastpath-vector2d,rows=5 cols=1024,zipf,0.0,100000,17783,0.010416666666666666,0.010416666666666668
topk,cms-heap-topk-fastpath-vector2d,rows=5 cols=1024,zipf,0.0,100000,31623,0.0,0.0
topk,cms-heap-topk-fastpath-vector2d,rows=5 cols=1024,zipf,0.0,100000,56234,0.0,0.0
topk,cms-heap-topk-fastpath-vector2d,rows=5 cols=1024,zipf,0.0,100000,100000,0.0,0.0
topk,cms-heap-topk-fastpath-vector2d,rows=5 cols=1024,zipf,0.0,100000,177828,0.010416666666666666,0.010416666666666668
topk,cms-heap-topk-fastpath-vector2d,rows=5 cols=1024,zipf,0.0,100000,316228,0.0,0.0
topk,cms-heap-topk-fastpath-vector2d,rows=5 cols=1024,zipf,0.0,100000,562341,0.0,0.0
topk,cms-heap-topk-fastpath-vector2d,rows=5 cols=1024,zipf,0.0,100000,1000000,0.0,0.0
topk,cms-heap-topk-fastpath-vector2d,rows=5 cols=1024,zipf,0.0,100000,1778279,0.0,0.0
topk,cms-heap-topk-fastpath-vector2d,rows=5 cols=1024,zipf,0.0,100000,3162278,0.0,0.0
topk,cms-heap-topk-fastpath-vector2d,rows=5 cols=1024,zipf,0.0,100000,5623413,0.0,0.0
topk,cms-heap-topk-fastpath-vector2d,rows=5 cols=1024,zipf,0.0,100000,10000000,0.0,0.0
topk,cms-heap-topk-fastpath-vector2d,rows=5 cols=1024,zipf,0.0,10000000,1000,0.020833333333333332,0.010416666666666668
topk,cms-heap-topk-fastpath-vector2d,rows=5 cols=1024,zipf,0.0,10000000,1778,0.0,0.0
topk,cms-heap-topk-fastpath-vector2d,rows=5 cols=1024,zipf,0.0,10000000,3162,0.010416666666666666,0.010416666666666668
topk,cms-heap-topk-fastpath-vector2d,rows=5 cols=1024,zipf,0.0,10000000,5623,0.0,0.0
topk,cms-heap-topk-fastpath-vector2d,rows=5 cols=1024,zipf,0.0,10000000,10000,0.0,0.0
topk,cms-heap-topk-fastpath-vector2d,rows=5 cols=1024,zipf,0.0,10000000,17783,0.010416666666666666,0.010416666666666668
topk,cms-heap-topk-fastpath-vector2d,rows=5 cols=1024,zipf,0.0,10000000,31623,0.0,0.0
topk,cms-heap-topk-fastpath-vector2d,rows=5 cols=1024,zipf,0.0,10000000,56234,0.0,0.0
topk,cms-heap-topk-fastpath-vector2d,rows=5 cols=1024,zipf,0.0,10000000,100000,0.010416666666666666,0.010416666666666668
topk,cms-heap-topk-fastpath-vector2d,rows=5 cols=1024,zipf,0.0,10000000,177828,0.0,0.0
topk,cms-heap-topk-fastpath-vector2d,rows=5 cols=1024,zipf,0.0,10000000,316228,0.0,0.0
topk,cms-heap-topk-fastpath-vector2d,rows=5 cols=1024,zipf,0.0,10000000,562341,0.0,0.0
topk,cms-heap-topk-fastpath-vector2d,rows=5 cols=1024,zipf,0.0,10000000,1000000,0.0,0.0
topk,cms-heap-topk-fastpath-vector2d,rows=5 cols=1024,zipf,0.0,10000000,1778279,0.0,0.0
topk,cms-heap-topk-fastpath-vector2d,rows=5 cols=1024,zipf,0.0,10000000,3162278,0.0,0.0
topk,cms-heap-topk-fastpath-vector2d,rows=5 cols=1024,zipf,0.0,10000000,5623413,0.0,0.0
topk,cms-heap-topk-fastpath-vector2d,rows=5 cols=1024,zipf,0.0,10000000,10000000,0.0,0.0
topk,cms-heap-topk-fastpath-vector2d,rows=5 cols=1024,zipf,0.5,1000,1000,0.875,0.03608439182435161
topk,cms-heap-topk-fastpath-vector2d,rows=5 cols=1024,zipf,0.5,1000,1778,0.9166666666666666,0.020833333333333332
topk,cms-heap-topk-fastpath-vector2d,rows=5 cols=1024,zipf,0.5,1000,3162,0.9375,0.018042195912175804
topk,cms-heap-topk-fastpath-vector2d,rows=5 cols=1024,zipf,0.5,1000,5623,0.9583333333333334,0.010416666666666668
topk,cms-heap-topk-fastpath-vector2d,rows=5 cols=1024,zipf,0.5,1000,10000,0.96875,0.018042195912175804
topk,cms-heap-topk-fastpath-vector2d,rows=5 cols=1024,zipf,0.5,1000,17783,0.9479166666666666,0.010416666666666668
topk,cms-heap-topk-fastpath-vector2d,rows=5 cols=1024,zipf,0.5,1000,31623,0.9479166666666666,0.010416666666666668
topk,cms-heap-topk-fastpath-vector2d,rows=5 cols=1024,zipf,0.5,1000,56234,0.9583333333333334,0.010416666666666668
topk,cms-heap-topk-fastpath-vector2d,rows=5 cols=1024,zipf,0.5,1000,100000,0.9583333333333334,0.010416666666666668
topk,cms-heap-topk-fastpath-vector2d,rows=5 cols=1024,zipf,0.5,1000,177828,0.9375,0.0
topk,cms-heap-topk-fastpath-vector2d,rows=5 cols=1024,zipf,0.5,1000,316228,0.9375,0.0
topk,cms-heap-topk-fastpath-vector2d,rows=5 cols=1024,zipf,0.5,1000,562341,0.9375,0.0
topk,cms-heap-topk-fastpath-vector2d,rows=5 cols=1024,zipf,0.5,1000,1000000,0.9375,0.0
topk,cms-heap-topk-fastpath-vector2d,rows=5 cols=1024,zipf,0.5,1000,1778279,0.9375,0.0
topk,cms-heap-topk-fastpath-vector2d,rows=5 cols=1024,zipf,0.5,1000,3162278,0.9375,0.0
topk,cms-heap-topk-fastpath-vector2d,rows=5 cols=1024,zipf,0.5,1000,5623413,0.9375,0.0
topk,cms-heap-topk-fastpath-vector2d,rows=5 cols=1024,zipf,0.5,1000,10000000,0.9375,0.0
topk,cms-heap-topk-fastpath-vector2d,rows=5 cols=1024,zipf,0.5,100000,1000,0.3958333333333333,0.027559909490256152
topk,cms-heap-topk-fastpath-vector2d,rows=5 cols=1024,zipf,0.5,100000,1778,0.3125,0.047735163489123336
topk,cms-heap-topk-fastpath-vector2d,rows=5 cols=1024,zipf,0.5,100000,3162,0.23958333333333334,0.02755990949025615
topk,cms-heap-topk-fastpath-vector2d,rows=5 cols=1024,zipf,0.5,100000,5623,0.28125,0.03608439182435161
topk,cms-heap-topk-fastpath-vector2d,rows=5 cols=1024,zipf,0.5,100000,10000,0.4479166666666667,0.04540519732854868
topk,cms-heap-topk-fastpath-vector2d,rows=5 cols=1024,zipf,0.5,100000,17783,0.4270833333333333,0.027559909490256152
topk,cms-heap-topk-fastpath-vector2d,rows=5 cols=1024,zipf,0.5,100000,31623,0.5208333333333334,0.010416666666666668
topk,cms-heap-topk-fastpath-vector2d,rows=5 cols=1024,zipf,0.5,100000,56234,0.65625,0.018042195912175804
topk,cms-heap-topk-fastpath-vector2d,rows=5 cols=1024,zipf,0.5,100000,100000,0.6770833333333334,0.04540519732854868
topk,cms-heap-topk-fastpath-vector2d,rows=5 cols=1024,zipf,0.5,100000,177828,0.7291666666666666,0.04540519732854868
topk,cms-heap-topk-fastpath-vector2d,rows=5 cols=1024,zipf,0.5,100000,316228,0.75,0.018042195912175804
topk,cms-heap-topk-fastpath-vector2d,rows=5 cols=1024,zipf,0.5,100000,562341,0.7395833333333334,0.020833333333333332
topk,cms-heap-topk-fastpath-vector2d,rows=5 cols=1024,zipf,0.5,100000,1000000,0.7395833333333334,0.010416666666666668
topk,cms-heap-topk-fastpath-vector2d,rows=5 cols=1024,zipf,0.5,100000,1778279,0.75,0.0
topk,cms-heap-topk-fastpath-vector2d,rows=5 cols=1024,zipf,0.5,100000,3162278,0.7395833333333334,0.010416666666666668
topk,cms-heap-topk-fastpath-vector2d,rows=5 cols=1024,zipf,0.5,100000,5623413,0.7291666666666666,0.010416666666666668
topk,cms-heap-topk-fastpath-vector2d,rows=5 cols=1024,zipf,0.5,100000,10000000,0.7291666666666666,0.010416666666666668
topk,cms-heap-topk-fastpath-vector2d,rows=5 cols=1024,zipf,0.5,10000000,1000,0.0,0.0
topk,cms-heap-topk-fastpath-vector2d,rows=5 cols=1024,zipf,0.5,10000000,1778,0.0,0.0
topk,cms-heap-topk-fastpath-vector2d,rows=5 cols=1024,zipf,0.5,10000000,3162,0.0,0.0
topk,cms-heap-topk-fastpath-vector2d,rows=5 cols=1024,zipf,0.5,10000000,5623,0.010416666666666666,0.010416666666666668
topk,cms-heap-topk-fastpath-vector2d,rows=5 cols=1024,zipf,0.5,10000000,10000,0.0,0.0
topk,cms-heap-topk-fastpath-vector2d,rows=5 cols=1024,zipf,0.5,10000000,17783,0.020833333333333332,0.010416666666666668
topk,cms-heap-topk-fastpath-vector2d,rows=5 cols=1024,zipf,0.5,10000000,31623,0.0,0.0
topk,cms-heap-topk-fastpath-vector2d,rows=5 cols=1024,zipf,0.5,10000000,56234,0.03125,0.0
topk,cms-heap-topk-fastpath-vector2d,rows=5 cols=1024,zipf,0.5,10000000,100000,0.010416666666666666,0.010416666666666668
topk,cms-heap-topk-fastpath-vector2d,rows=5 cols=1024,zipf,0.5,10000000,177828,0.041666666666666664,0.020833333333333336
topk,cms-heap-topk-fastpath-vector2d,rows=5 cols=1024,zipf,0.5,10000000,316228,0.07291666666666667,0.010416666666666668
topk,cms-heap-topk-fastpath-vector2d,rows=5 cols=1024,zipf,0.5,10000000,562341,0.14583333333333334,0.04540519732854868
topk,cms-heap-topk-fastpath-vector2d,rows=5 cols=1024,zipf,0.5,10000000,1000000,0.2708333333333333,0.010416666666666666
topk,cms-heap-topk-fastpath-vector2d,rows=5 cols=1024,zipf,0.5,10000000,1778279,0.3020833333333333,0.05799754544614606
topk,cms-heap-topk-fastpath-vector2d,rows=5 cols=1024,zipf,0.5,10000000,3162278,0.40625,0.018042195912175804
topk,cms-heap-topk-fastpath-vector2d,rows=5 cols=1024,zipf,0.5,10000000,5623413,0.4791666666666667,0.03755782578608322
topk,cms-heap-topk-fastpath-vector2d,rows=5 cols=1024,zipf,0.5,10000000,10000000,0.59375,0.03608439182435161
topk,cms-heap-topk-fastpath-vector2d,rows=5 cols=1024,zipf,0.8,1000,1000,0.9270833333333334,0.010416666666666668
topk,cms-heap-topk-fastpath-vector2d,rows=5 cols=1024,zipf,0.8,1000,1778,0.9791666666666666,0.010416666666666668
topk,cms-heap-topk-fastpath-vector2d,rows=5 cols=1024,zipf,0.8,1000,3162,0.9895833333333334,0.010416666666666668
topk,cms-heap-topk-fastpath-vector2d,rows=5 cols=1024,zipf,0.8,1000,5623,0.9791666666666666,0.010416666666666668
topk,cms-heap-topk-fastpath-vector2d,rows=5 cols=1024,zipf,0.8,1000,10000,0.9791666666666666,0.010416666666666668
topk,cms-heap-topk-fastpath-vector2d,rows=5 cols=1024,zipf,0.8,1000,17783,0.9895833333333334,0.010416666666666668
topk,cms-heap-topk-fastpath-vector2d,rows=5 cols=1024,zipf,0.8,1000,31623,1.0,0.0
topk,cms-heap-topk-fastpath-vector2d,rows=5 cols=1024,zipf,0.8,1000,56234,0.9895833333333334,0.010416666666666668
topk,cms-heap-topk-fastpath-vector2d,rows=5 cols=1024,zipf,0.8,1000,100000,1.0,0.0
topk,cms-heap-topk-fastpath-vector2d,rows=5 cols=1024,zipf,0.8,1000,177828,1.0,0.0
topk,cms-heap-topk-fastpath-vector2d,rows=5 cols=1024,zipf,0.8,1000,316228,1.0,0.0
topk,cms-heap-topk-fastpath-vector2d,rows=5 cols=1024,zipf,0.8,1000,562341,1.0,0.0
topk,cms-heap-topk-fastpath-vector2d,rows=5 cols=1024,zipf,0.8,1000,1000000,1.0,0.0
topk,cms-heap-topk-fastpath-vector2d,rows=5 cols=1024,zipf,0.8,1000,1778279,1.0,0.0
topk,cms-heap-topk-fastpath-vector2d,rows=5 cols=1024,zipf,0.8,1000,3162278,1.0,0.0
topk,cms-heap-topk-fastpath-vector2d,rows=5 cols=1024,zipf,0.8,1000,5623413,1.0,0.0
topk,cms-heap-topk-fastpath-vector2d,rows=5 cols=1024,zipf,0.8,1000,10000000,1.0,0.0
topk,cms-heap-topk-fastpath-vector2d,rows=5 cols=1024,zipf,0.8,100000,1000,0.8020833333333334,0.010416666666666668
topk,cms-heap-topk-fastpath-vector2d,rows=5 cols=1024,zipf,0.8,100000,1778,0.8958333333333334,0.03755782578608322
topk,cms-heap-topk-fastpath-vector2d,rows=5 cols=1024,zipf,0.8,100000,3162,0.875,0.018042195912175804
topk,cms-heap-topk-fastpath-vector2d,rows=5 cols=1024,zipf,0.8,100000,5623,0.8958333333333334,0.010416666666666668
topk,cms-heap-topk-fastpath-vector2d,rows=5 cols=1024,zipf,0.8,100000,10000,0.90625,0.03608439182435161
topk,cms-heap-topk-fastpath-vector2d,rows=5 cols=1024,zipf,0.8,100000,17783,0.9270833333333334,0.010416666666666668
topk,cms-heap-topk-fastpath-vector2d,rows=5 cols=1024,zipf,0.8,100000,31623,0.9479166666666666,0.010416666666666668
topk,cms-heap-topk-fastpath-vector2d,rows=5 cols=1024,zipf,0.8,100000,56234,0.9375,0.018042195912175804
topk,cms-heap-topk-fastpath-vector2d,rows=5 cols=1024,zipf,0.8,100000,100000,0.9791666666666666,0.010416666666666668
topk,cms-heap-topk-fastpath-vector2d,rows=5 cols=1024,zipf,0.8,100000,177828,0.9791666666666666,0.010416666666666668
topk,cms-heap-topk-fastpath-vector2d,rows=5 cols=1024,zipf,0.8,100000,316228,0.9895833333333334,0.010416666666666668
topk,cms-heap-topk-fastpath-vector2d,rows=5 cols=1024,zipf,0.8,100000,562341,0.9895833333333334,0.010416666666666668
topk,cms-heap-topk-fastpath-vector2d,rows=5 cols=1024,zipf,0.8,100000,1000000,1.0,0.0
topk,cms-heap-topk-fastpath-vector2d,rows=5 cols=1024,zipf,0.8,100000,1778279,0.9895833333333334,0.010416666666666668
topk,cms-heap-topk-fastpath-vector2d,rows=5 cols=1024,zipf,0.8,100000,3162278,0.9895833333333334,0.010416666666666668
topk,cms-heap-topk-fastpath-vector2d,rows=5 cols=1024,zipf,0.8,100000,5623413,0.9895833333333334,0.010416666666666668
topk,cms-heap-topk-fastpath-vector2d,rows=5 cols=1024,zipf,0.8,100000,10000000,1.0,0.0
topk,cms-heap-topk-fastpath-vector2d,rows=5 cols=1024,zipf,0.8,10000000,1000,0.5104166666666666,0.020833333333333332
topk,cms-heap-topk-fastpath-vector2d,rows=5 cols=1024,zipf,0.8,10000000,1778,0.5416666666666666,0.010416666666666668
topk,cms-heap-topk-fastpath-vector2d,rows=5 cols=1024,zipf,0.8,10000000,3162,0.6041666666666666,0.02755990949025615
topk,cms-heap-topk-fastpath-vector2d,rows=5 cols=1024,zipf,0.8,10000000,5623,0.7604166666666666,0.010416666666666668
topk,cms-heap-topk-fastpath-vector2d,rows=5 cols=1024,zipf,0.8,10000000,10000,0.8020833333333334,0.010416666666666668
topk,cms-heap-topk-fastpath-vector2d,rows=5 cols=1024,zipf,0.8,10000000,17783,0.8645833333333334,0.02755990949025615
topk,cms-heap-topk-fastpath-vector2d,rows=5 cols=1024,zipf,0.8,10000000,31623,0.8958333333333334,0.010416666666666668
topk,cms-heap-topk-fastpath-vector2d,rows=5 cols=1024,zipf,0.8,10000000,56234,0.9166666666666666,0.020833333333333332
topk,cms-heap-topk-fastpath-vector2d,rows=5 cols=1024,zipf,0.8,10000000,100000,0.90625,0.018042195912175804
topk,cms-heap-topk-fastpath-vector2d,rows=5 cols=1024,zipf,0.8,10000000,177828,0.9270833333333334,0.010416666666666668
topk,cms-heap-topk-fastpath-vector2d,rows=5 cols=1024,zipf,0.8,10000000,316228,0.9375,0.018042195912175804
topk,cms-heap-topk-fastpath-vector2d,rows=5 cols=1024,zipf,0.8,10000000,562341,0.9166666666666666,0.010416666666666668
topk,cms-heap-topk-fastpath-vector2d,rows=5 cols=1024,zipf,0.8,10000000,1000000,0.9583333333333334,0.010416666666666668
topk,cms-heap-topk-fastpath-vector2d,rows=5 cols=1024,zipf,0.8,10000000,1778279,0.9791666666666666,0.020833333333333332
topk,cms-heap-topk-fastpath-vector2d,rows=5 cols=1024,zipf,0.8,10000000,3162278,0.9583333333333334,0.010416666666666668
topk,cms-heap-topk-fastpath-vector2d,rows=5 cols=1024,zipf,0.8,10000000,5623413,0.9895833333333334,0.010416666666666668
topk,cms-heap-topk-fastpath-vector2d,rows=5 cols=1024,zipf,0.8,10000000,10000000,0.9791666666666666,0.010416666666666668
topk,cms-heap-topk-fastpath-vector2d,rows=5 cols=1024,zipf,1.0,1000,1000,0.9583333333333334,0.02755990949025615
topk,cms-heap-topk-fastpath-vector2d,rows=5 cols=1024,zipf,1.0,1000,1778,0.9583333333333334,0.010416666666666668
topk,cms-heap-topk-fastpath-vector2d,rows=5 cols=1024,zipf,1.0,1000,3162,0.96875,0.018042195912175804
topk,cms-heap-topk-fastpath-vector2d,rows=5 cols=1024,zipf,1.0,1000,5623,0.9895833333333334,0.010416666666666668
topk,cms-heap-topk-fastpath-vector2d,rows=5 cols=1024,zipf,1.0,1000,10000,1.0,0.0
topk,cms-heap-topk-fastpath-vector2d,rows=5 cols=1024,zipf,1.0,1000,17783,0.9895833333333334,0.010416666666666668
topk,cms-heap-topk-fastpath-vector2d,rows=5 cols=1024,zipf,1.0,1000,31623,1.0,0.0
topk,cms-heap-topk-fastpath-vector2d,rows=5 cols=1024,zipf,1.0,1000,56234,1.0,0.0
topk,cms-heap-topk-fastpath-vector2d,rows=5 cols=1024,zipf,1.0,1000,100000,1.0,0.0
topk,cms-heap-topk-fastpath-vector2d,rows=5 cols=1024,zipf,1.0,1000,177828,1.0,0.0
topk,cms-heap-topk-fastpath-vector2d,rows=5 cols=1024,zipf,1.0,1000,316228,1.0,0.0
topk,cms-heap-topk-fastpath-vector2d,rows=5 cols=1024,zipf,1.0,1000,562341,1.0,0.0
topk,cms-heap-topk-fastpath-vector2d,rows=5 cols=1024,zipf,1.0,1000,1000000,1.0,0.0
topk,cms-heap-topk-fastpath-vector2d,rows=5 cols=1024,zipf,1.0,1000,1778279,1.0,0.0
topk,cms-heap-topk-fastpath-vector2d,rows=5 cols=1024,zipf,1.0,1000,3162278,1.0,0.0
topk,cms-heap-topk-fastpath-vector2d,rows=5 cols=1024,zipf,1.0,1000,5623413,1.0,0.0
topk,cms-heap-topk-fastpath-vector2d,rows=5 cols=1024,zipf,1.0,1000,10000000,1.0,0.0
topk,cms-heap-topk-fastpath-vector2d,rows=5 cols=1024,zipf,1.0,100000,1000,0.8854166666666666,0.010416666666666668
topk,cms-heap-topk-fastpath-vector2d,rows=5 cols=1024,zipf,1.0,100000,1778,0.9375,0.018042195912175804
topk,cms-heap-topk-fastpath-vector2d,rows=5 cols=1024,zipf,1.0,100000,3162,0.9479166666666666,0.020833333333333332
topk,cms-heap-topk-fastpath-vector2d,rows=5 cols=1024,zipf,1.0,100000,5623,0.96875,0.0
topk,cms-heap-topk-fastpath-vector2d,rows=5 cols=1024,zipf,1.0,100000,10000,0.9791666666666666,0.010416666666666668
topk,cms-heap-topk-fastpath-vector2d,rows=5 cols=1024,zipf,1.0,100000,17783,0.9895833333333334,0.010416666666666668
topk,cms-heap-topk-fastpath-vector2d,rows=5 cols=1024,zipf,1.0,100000,31623,0.96875,0.018042195912175804
topk,cms-heap-topk-fastpath-vector2d,rows=5 cols=1024,zipf,1.0,100000,56234,0.9791666666666666,0.020833333333333332
topk,cms-heap-topk-fastpath-vector2d,rows=5 cols=1024,zipf,1.0,100000,100000,0.9895833333333334,0.010416666666666668
topk,cms-heap-topk-fastpath-vector2d,rows=5 cols=1024,zipf,1.0,100000,177828,1.0,0.0
topk,cms-heap-topk-fastpath-vector2d,rows=5 cols=1024,zipf,1.0,100000,316228,0.9791666666666666,0.020833333333333332
topk,cms-heap-topk-fastpath-vector2d,rows=5 cols=1024,zipf,1.0,100000,562341,1.0,0.0
topk,cms-heap-topk-fastpath-vector2d,rows=5 cols=1024,zipf,1.0,100000,1000000,0.9895833333333334,0.010416666666666668
topk,cms-heap-topk-fastpath-vector2d,rows=5 cols=1024,zipf,1.0,100000,1778279,1.0,0.0
topk,cms-heap-topk-fastpath-vector2d,rows=5 cols=1024,zipf,1.0,100000,3162278,1.0,0.0
topk,cms-heap-topk-fastpath-vector2d,rows=5 cols=1024,zipf,1.0,100000,5623413,1.0,0.0
topk,cms-heap-topk-fastpath-vector2d,rows=5 cols=1024,zipf,1.0,100000,10000000,1.0,0.0
topk,cms-heap-topk-fastpath-vector2d,rows=5 cols=1024,zipf,1.0,10000000,1000,0.8333333333333334,0.020833333333333332
topk,cms-heap-topk-fastpath-vector2d,rows=5 cols=1024,zipf,1.0,10000000,1778,0.90625,0.018042195912175804
topk,cms-heap-topk-fastpath-vector2d,rows=5 cols=1024,zipf,1.0,10000000,3162,0.9375,0.018042195912175804
topk,cms-heap-topk-fastpath-vector2d,rows=5 cols=1024,zipf,1.0,10000000,5623,0.9791666666666666,0.020833333333333332
topk,cms-heap-topk-fastpath-vector2d,rows=5 cols=1024,zipf,1.0,10000000,10000,0.9583333333333334,0.020833333333333332
topk,cms-heap-topk-fastpath-vector2d,rows=5 cols=1024,zipf,1.0,10000000,17783,0.9583333333333334,0.010416666666666668
topk,cms-heap-topk-fastpath-vector2d,rows=5 cols=1024,zipf,1.0,10000000,31623,1.0,0.0
topk,cms-heap-topk-fastpath-vector2d,rows=5 cols=1024,zipf,1.0,10000000,56234,0.96875,0.018042195912175804
topk,cms-heap-topk-fastpath-vector2d,rows=5 cols=1024,zipf,1.0,10000000,100000,0.9791666666666666,0.010416666666666668
topk,cms-heap-topk-fastpath-vector2d,rows=5 cols=1024,zipf,1.0,10000000,177828,0.9895833333333334,0.010416666666666668
topk,cms-heap-topk-fastpath-vector2d,rows=5 cols=1024,zipf,1.0,10000000,316228,0.9895833333333334,0.010416666666666668
topk,cms-heap-topk-fastpath-vector2d,rows=5 cols=1024,zipf,1.0,10000000,562341,0.9895833333333334,0.010416666666666668
topk,cms-heap-topk-fastpath-vector2d,rows=5 cols=1024,zipf,1.0,10000000,1000000,1.0,0.0
topk,cms-heap-topk-fastpath-vector2d,rows=5 cols=1024,zipf,1.0,10000000,1778279,1.0,0.0
topk,cms-heap-topk-fastpath-vector2d,rows=5 cols=1024,zipf,1.0,10000000,3162278,1.0,0.0
topk,cms-heap-topk-fastpath-vector2d,rows=5 cols=1024,zipf,1.0,10000000,5623413,1.0,0.0
topk,cms-heap-topk-fastpath-vector2d,rows=5 cols=1024,zipf,1.0,10000000,10000000,1.0,0.0
topk,cms-heap-topk-fastpath-vector2d,rows=5 cols=1024,zipf,1.2,1000,1000,0.96875,0.0
topk,cms-heap-topk-fastpath-vector2d,rows=5 cols=1024,zipf,1.2,1000,1778,0.9479166666666666,0.010416666666666668
topk,cms-heap-topk-fastpath-vector2d,rows=5 cols=1024,zipf,1.2,1000,3162,0.96875,0.0
topk,cms-heap-topk-fastpath-vector2d,rows=5 cols=1024,zipf,1.2,1000,5623,0.9895833333333334,0.010416666666666668
topk,cms-heap-topk-fastpath-vector2d,rows=5 cols=1024,zipf,1.2,1000,10000,1.0,0.0
topk,cms-heap-topk-fastpath-vector2d,rows=5 cols=1024,zipf,1.2,1000,17783,1.0,0.0
topk,cms-heap-topk-fastpath-vector2d,rows=5 cols=1024,zipf,1.2,1000,31623,1.0,0.0
topk,cms-heap-topk-fastpath-vector2d,rows=5 cols=1024,zipf,1.2,1000,56234,1.0,0.0
topk,cms-heap-topk-fastpath-vector2d,rows=5 cols=1024,zipf,1.2,1000,100000,1.0,0.0
topk,cms-heap-topk-fastpath-vector2d,rows=5 cols=1024,zipf,1.2,1000,177828,1.0,0.0
topk,cms-heap-topk-fastpath-vector2d,rows=5 cols=1024,zipf,1.2,1000,316228,1.0,0.0
topk,cms-heap-topk-fastpath-vector2d,rows=5 cols=1024,zipf,1.2,1000,562341,1.0,0.0
topk,cms-heap-topk-fastpath-vector2d,rows=5 cols=1024,zipf,1.2,1000,1000000,1.0,0.0
topk,cms-heap-topk-fastpath-vector2d,rows=5 cols=1024,zipf,1.2,1000,1778279,1.0,0.0
topk,cms-heap-topk-fastpath-vector2d,rows=5 cols=1024,zipf,1.2,1000,3162278,1.0,0.0
topk,cms-heap-topk-fastpath-vector2d,rows=5 cols=1024,zipf,1.2,1000,5623413,1.0,0.0
topk,cms-heap-topk-fastpath-vector2d,rows=5 cols=1024,zipf,1.2,1000,10000000,1.0,0.0
topk,cms-heap-topk-fastpath-vector2d,rows=5 cols=1024,zipf,1.2,100000,1000,0.9791666666666666,0.010416666666666668
topk,cms-heap-topk-fastpath-vector2d,rows=5 cols=1024,zipf,1.2,100000,1778,0.96875,0.0
topk,cms-heap-topk-fastpath-vector2d,rows=5 cols=1024,zipf,1.2,100000,3162,0.9791666666666666,0.010416666666666668
topk,cms-heap-topk-fastpath-vector2d,rows=5 cols=1024,zipf,1.2,100000,5623,0.9895833333333334,0.010416666666666668
topk,cms-heap-topk-fastpath-vector2d,rows=5 cols=1024,zipf,1.2,100000,10000,1.0,0.0
topk,cms-heap-topk-fastpath-vector2d,rows=5 cols=1024,zipf,1.2,100000,17783,0.9895833333333334,0.010416666666666668
topk,cms-heap-topk-fastpath-vector2d,rows=5 cols=1024,zipf,1.2,100000,31623,0.9895833333333334,0.010416666666666668
topk,cms-heap-topk-fastpath-vector2d,rows=5 cols=1024,zipf,1.2,100000,56234,0.9791666666666666,0.020833333333333332
topk,cms-heap-topk-fastpath-vector2d,rows=5 cols=1024,zipf,1.2,100000,100000,0.9895833333333334,0.010416666666666668
topk,cms-heap-topk-fastpath-vector2d,rows=5 cols=1024,zipf,1.2,100000,177828,0.9895833333333334,0.010416666666666668
topk,cms-heap-topk-fastpath-vector2d,rows=5 cols=1024,zipf,1.2,100000,316228,1.0,0.0
topk,cms-heap-topk-fastpath-vector2d,rows=5 cols=1024,zipf,1.2,100000,562341,1.0,0.0
topk,cms-heap-topk-fastpath-vector2d,rows=5 cols=1024,zipf,1.2,100000,1000000,1.0,0.0
topk,cms-heap-topk-fastpath-vector2d,rows=5 cols=1024,zipf,1.2,100000,1778279,1.0,0.0
topk,cms-heap-topk-fastpath-vector2d,rows=5 cols=1024,zipf,1.2,100000,3162278,1.0,0.0
topk,cms-heap-topk-fastpath-vector2d,rows=5 cols=1024,zipf,1.2,100000,5623413,1.0,0.0
topk,cms-heap-topk-fastpath-vector2d,rows=5 cols=1024,zipf,1.2,100000,10000000,1.0,0.0
topk,cms-heap-topk-fastpath-vector2d,rows=5 cols=1024,zipf,1.2,10000000,1000,0.9270833333333334,0.05799754544614606
topk,cms-heap-topk-fastpath-vector2d,rows=5 cols=1024,zipf,1.2,10000000,1778,0.9583333333333334,0.010416666666666668
topk,cms-heap-topk-fastpath-vector2d,rows=5 cols=1024,zipf,1.2,10000000,3162,0.9791666666666666,0.010416666666666668
topk,cms-heap-topk-fastpath-vector2d,rows=5 cols=1024,zipf,1.2,10000000,5623,0.9895833333333334,0.010416666666666668
topk,cms-heap-topk-fastpath-vector2d,rows=5 cols=1024,zipf,1.2,10000000,10000,0.9791666666666666,0.010416666666666668
topk,cms-heap-topk-fastpath-vector2d,rows=5 cols=1024,zipf,1.2,10000000,17783,0.9895833333333334,0.010416666666666668
topk,cms-heap-topk-fastpath-vector2d,rows=5 cols=1024,zipf,1.2,10000000,31623,0.9791666666666666,0.010416666666666668
topk,cms-heap-topk-fastpath-vector2d,rows=5 cols=1024,zipf,1.2,10000000,56234,1.0,0.0
topk,cms-heap-topk-fastpath-vector2d,rows=5 cols=1024,zipf,1.2,10000000,100000,0.9895833333333334,0.010416666666666668
topk,cms-heap-topk-fastpath-vector2d,rows=5 cols=1024,zipf,1.2,10000000,177828,1.0,0.0
topk,cms-heap-topk-fastpath-vector2d,rows=5 cols=1024,zipf,1.2,10000000,316228,1.0,0.0
topk,cms-heap-topk-fastpath-vector2d,rows=5 cols=1024,zipf,1.2,10000000,562341,1.0,0.0
topk,cms-heap-topk-fastpath-vector2d,rows=5 cols=1024,zipf,1.2,10000000,1000000,1.0,0.0
topk,cms-heap-topk-fastpath-vector2d,rows=5 cols=1024,zipf,1.2,10000000,1778279,1.0,0.0
topk,cms-heap-topk-fastpath-vector2d,rows=5 cols=1024,zipf,1.2,10000000,3162278,1.0,0.0
topk,cms-heap-topk-fastpath-vector2d,rows=5 cols=1024,zipf,1.2,10000000,5623413,1.0,0.0
topk,cms-heap-topk-fastpath-vector2d,rows=5 cols=1024,zipf,1.2,10000000,10000000,1.0,0.0
topk,cms-heap-topk-fastpath-vector2d,rows=5 cols=1024,zipf,1.5,1000,1000,0.9375,0.018042195912175804
topk,cms-heap-topk-fastpath-vector2d,rows=5 cols=1024,zipf,1.5,1000,1778,0.96875,0.018042195912175804
topk,cms-heap-topk-fastpath-vector2d,rows=5 cols=1024,zipf,1.5,1000,3162,0.9791666666666666,0.010416666666666668
topk,cms-heap-topk-fastpath-vector2d,rows=5 cols=1024,zipf,1.5,1000,5623,1.0,0.0
topk,cms-heap-topk-fastpath-vector2d,rows=5 cols=1024,zipf,1.5,1000,10000,1.0,0.0
topk,cms-heap-topk-fastpath-vector2d,rows=5 cols=1024,zipf,1.5,1000,17783,0.9895833333333334,0.010416666666666668
topk,cms-heap-topk-fastpath-vector2d,rows=5 cols=1024,zipf,1.5,1000,31623,1.0,0.0
topk,cms-heap-topk-fastpath-vector2d,rows=5 cols=1024,zipf,1.5,1000,56234,1.0,0.0
topk,cms-heap-topk-fastpath-vector2d,rows=5 cols=1024,zipf,1.5,1000,100000,1.0,0.0
topk,cms-heap-topk-fastpath-vector2d,rows=5 cols=1024,zipf,1.5,1000,177828,1.0,0.0
topk,cms-heap-topk-fastpath-vector2d,rows=5 cols=1024,zipf,1.5,1000,316228,1.0,0.0
topk,cms-heap-topk-fastpath-vector2d,rows=5 cols=1024,zipf,1.5,1000,562341,1.0,0.0
topk,cms-heap-topk-fastpath-vector2d,rows=5 cols=1024,zipf,1.5,1000,1000000,1.0,0.0
topk,cms-heap-topk-fastpath-vector2d,rows=5 cols=1024,zipf,1.5,1000,1778279,1.0,0.0
topk,cms-heap-topk-fastpath-vector2d,rows=5 cols=1024,zipf,1.5,1000,3162278,1.0,0.0
topk,cms-heap-topk-fastpath-vector2d,rows=5 cols=1024,zipf,1.5,1000,5623413,1.0,0.0
topk,cms-heap-topk-fastpath-vector2d,rows=5 cols=1024,zipf,1.5,1000,10000000,1.0,0.0
topk,cms-heap-topk-fastpath-vector2d,rows=5 cols=1024,zipf,1.5,100000,1000,0.96875,0.03125
topk,cms-heap-topk-fastpath-vector2d,rows=5 cols=1024,zipf,1.5,100000,1778,0.96875,0.0
topk,cms-heap-topk-fastpath-vector2d,rows=5 cols=1024,zipf,1.5,100000,3162,0.9895833333333334,0.010416666666666668
topk,cms-heap-topk-fastpath-vector2d,rows=5 cols=1024,zipf,1.5,100000,5623,0.9791666666666666,0.020833333333333332
topk,cms-heap-topk-fastpath-vector2d,rows=5 cols=1024,zipf,1.5,100000,10000,0.9791666666666666,0.010416666666666668
topk,cms-heap-topk-fastpath-vector2d,rows=5 cols=1024,zipf,1.5,100000,17783,0.9895833333333334,0.010416666666666668
topk,cms-heap-topk-fastpath-vector2d,rows=5 cols=1024,zipf,1.5,100000,31623,1.0,0.0
topk,cms-heap-topk-fastpath-vector2d,rows=5 cols=1024,zipf,1.5,100000,56234,1.0,0.0
topk,cms-heap-topk-fastpath-vector2d,rows=5 cols=1024,zipf,1.5,100000,100000,1.0,0.0
topk,cms-heap-topk-fastpath-vector2d,rows=5 cols=1024,zipf,1.5,100000,177828,1.0,0.0
topk,cms-heap-topk-fastpath-vector2d,rows=5 cols=1024,zipf,1.5,100000,316228,1.0,0.0
topk,cms-heap-topk-fastpath-vector2d,rows=5 cols=1024,zipf,1.5,100000,562341,1.0,0.0
topk,cms-heap-topk-fastpath-vector2d,rows=5 cols=1024,zipf,1.5,100000,1000000,1.0,0.0
topk,cms-heap-topk-fastpath-vector2d,rows=5 cols=1024,zipf,1.5,100000,1778279,1.0,0.0
topk,cms-heap-topk-fastpath-vector2d,rows=5 cols=1024,zipf,1.5,100000,3162278,1.0,0.0
topk,cms-heap-topk-fastpath-vector2d,rows=5 cols=1024,zipf,1.5,100000,5623413,1.0,0.0
topk,cms-heap-topk-fastpath-vector2d,rows=5 cols=1024,zipf,1.5,100000,10000000,1.0,0.0
topk,cms-heap-topk-fastpath-vector2d,rows=5 cols=1024,zipf,1.5,10000000,1000,0.9479166666666666,0.010416666666666668
topk,cms-heap-topk-fastpath-vector2d,rows=5 cols=1024,zipf,1.5,10000000,1778,0.9791666666666666,0.010416666666666668
topk,cms-heap-topk-fastpath-vector2d,rows=5 cols=1024,zipf,1.5,10000000,3162,0.96875,0.018042195912175804
topk,cms-heap-topk-fastpath-vector2d,rows=5 cols=1024,zipf,1.5,10000000,5623,0.9895833333333334,0.010416666666666668
topk,cms-heap-topk-fastpath-vector2d,rows=5 cols=1024,zipf,1.5,10000000,10000,0.9895833333333334,0.010416666666666668
topk,cms-heap-topk-fastpath-vector2d,rows=5 cols=1024,zipf,1.5,10000000,17783,1.0,0.0
topk,cms-heap-topk-fastpath-vector2d,rows=5 cols=1024,zipf,1.5,10000000,31623,1.0,0.0
topk,cms-heap-topk-fastpath-vector2d,rows=5 cols=1024,zipf,1.5,10000000,56234,1.0,0.0
topk,cms-heap-topk-fastpath-vector2d,rows=5 cols=1024,zipf,1.5,10000000,100000,1.0,0.0
topk,cms-heap-topk-fastpath-vector2d,rows=5 cols=1024,zipf,1.5,10000000,177828,1.0,0.0
topk,cms-heap-topk-fastpath-vector2d,rows=5 cols=1024,zipf,1.5,10000000,316228,1.0,0.0
topk,cms-heap-topk-fastpath-vector2d,rows=5 cols=1024,zipf,1.5,10000000,562341,1.0,0.0
topk,cms-heap-topk-fastpath-vector2d,rows=5 cols=1024,zipf,1.5,10000000,1000000,1.0,0.0
topk,cms-heap-topk-fastpath-vector2d,rows=5 cols=1024,zipf,1.5,10000000,1778279,1.0,0.0
topk,cms-heap-topk-fastpath-vector2d,rows=5 cols=1024,zipf,1.5,10000000,3162278,1.0,0.0
topk,cms-heap-topk-fastpath-vector2d,rows=5 cols=1024,zipf,1.5,10000000,5623413,1.0,0.0
topk,cms-heap-topk-fastpath-vector2d,rows=5 cols=1024,zipf,1.5,10000000,10000000,1.0,0.0
topk,cms-heap-topk-fastpath-vector2d,rows=5 cols=1024,zipf,2.0,1000,1000,0.875,0.018042195912175804
topk,cms-heap-topk-fastpath-vector2d,rows=5 cols=1024,zipf,2.0,1000,1778,0.90625,0.03125
topk,cms-heap-topk-fastpath-vector2d,rows=5 cols=1024,zipf,2.0,1000,3162,0.9375,0.018042195912175804
topk,cms-heap-topk-fastpath-vector2d,rows=5 cols=1024,zipf,2.0,1000,5623,0.9791666666666666,0.010416666666666668
topk,cms-heap-topk-fastpath-vector2d,rows=5 cols=1024,zipf,2.0,1000,10000,1.0,0.0
topk,cms-heap-topk-fastpath-vector2d,rows=5 cols=1024,zipf,2.0,1000,17783,0.9791666666666666,0.010416666666666668
topk,cms-heap-topk-fastpath-vector2d,rows=5 cols=1024,zipf,2.0,1000,31623,1.0,0.0
topk,cms-heap-topk-fastpath-vector2d,rows=5 cols=1024,zipf,2.0,1000,56234,1.0,0.0
topk,cms-heap-topk-fastpath-vector2d,rows=5 cols=1024,zipf,2.0,1000,100000,1.0,0.0
topk,cms-heap-topk-fastpath-vector2d,rows=5 cols=1024,zipf,2.0,1000,177828,1.0,0.0
topk,cms-heap-topk-fastpath-vector2d,rows=5 cols=1024,zipf,2.0,1000,316228,1.0,0.0
topk,cms-heap-topk-fastpath-vector2d,rows=5 cols=1024,zipf,2.0,1000,562341,1.0,0.0
topk,cms-heap-topk-fastpath-vector2d,rows=5 cols=1024,zipf,2.0,1000,1000000,1.0,0.0
topk,cms-heap-topk-fastpath-vector2d,rows=5 cols=1024,zipf,2.0,1000,1778279,1.0,0.0
topk,cms-heap-topk-fastpath-vector2d,rows=5 cols=1024,zipf,2.0,1000,3162278,1.0,0.0
topk,cms-heap-topk-fastpath-vector2d,rows=5 cols=1024,zipf,2.0,1000,5623413,1.0,0.0
topk,cms-heap-topk-fastpath-vector2d,rows=5 cols=1024,zipf,2.0,1000,10000000,1.0,0.0
topk,cms-heap-topk-fastpath-vector2d,rows=5 cols=1024,zipf,2.0,100000,1000,0.8645833333333334,0.02755990949025615
topk,cms-heap-topk-fastpath-vector2d,rows=5 cols=1024,zipf,2.0,100000,1778,0.8958333333333334,0.010416666666666668
topk,cms-heap-topk-fastpath-vector2d,rows=5 cols=1024,zipf,2.0,100000,3162,0.9479166666666666,0.010416666666666668
topk,cms-heap-topk-fastpath-vector2d,rows=5 cols=1024,zipf,2.0,100000,5623,1.0,0.0
topk,cms-heap-topk-fastpath-vector2d,rows=5 cols=1024,zipf,2.0,100000,10000,0.9791666666666666,0.010416666666666668
topk,cms-heap-topk-fastpath-vector2d,rows=5 cols=1024,zipf,2.0,100000,17783,0.9895833333333334,0.010416666666666668
topk,cms-heap-topk-fastpath-vector2d,rows=5 cols=1024,zipf,2.0,100000,31623,1.0,0.0
topk,cms-heap-topk-fastpath-vector2d,rows=5 cols=1024,zipf,2.0,100000,56234,1.0,0.0
topk,cms-heap-topk-fastpath-vector2d,rows=5 cols=1024,zipf,2.0,100000,100000,1.0,0.0
topk,cms-heap-topk-fastpath-vector2d,rows=5 cols=1024,zipf,2.0,100000,177828,1.0,0.0
topk,cms-heap-topk-fastpath-vector2d,rows=5 cols=1024,zipf,2.0,100000,316228,1.0,0.0
topk,cms-heap-topk-fastpath-vector2d,rows=5 cols=1024,zipf,2.0,100000,562341,1.0,0.0
topk,cms-heap-topk-fastpath-vector2d,rows=5 cols=1024,zipf,2.0,100000,1000000,1.0,0.0
topk,cms-heap-topk-fastpath-vector2d,rows=5 cols=1024,zipf,2.0,100000,1778279,1.0,0.0
topk,cms-heap-topk-fastpath-vector2d,rows=5 cols=1024,zipf,2.0,100000,3162278,1.0,0.0
topk,cms-heap-topk-fastpath-vector2d,rows=5 cols=1024,zipf,2.0,100000,5623413,1.0,0.0
topk,cms-heap-topk-fastpath-vector2d,rows=5 cols=1024,zipf,2.0,100000,10000000,1.0,0.0
topk,cms-heap-topk-fastpath-vector2d,rows=5 cols=1024,zipf,2.0,10000000,1000,0.8645833333333334,0.02755990949025615
topk,cms-heap-topk-fastpath-vector2d,rows=5 cols=1024,zipf,2.0,10000000,1778,0.8958333333333334,0.010416666666666668
topk,cms-heap-topk-fastpath-vector2d,rows=5 cols=1024,zipf,2.0,10000000,3162,0.9375,0.018042195912175804
topk,cms-heap-topk-fastpath-vector2d,rows=5 cols=1024,zipf,2.0,10000000,5623,1.0,0.0
topk,cms-heap-topk-fastpath-vector2d,rows=5 cols=1024,zipf,2.0,10000000,10000,0.96875,0.0
topk,cms-heap-topk-fastpath-vector2d,rows=5 cols=1024,zipf,2.0,10000000,17783,0.9791666666666666,0.010416666666666668
topk,cms-heap-topk-fastpath-vector2d,rows=5 cols=1024,zipf,2.0,10000000,31623,1.0,0.0
topk,cms-heap-topk-fastpath-vector2d,rows=5 cols=1024,zipf,2.0,10000000,56234,1.0,0.0
topk,cms-heap-topk-fastpath-vector2d,rows=5 cols=1024,zipf,2.0,10000000,100000,1.0,0.0
topk,cms-heap-topk-fastpath-vector2d,rows=5 cols=1024,zipf,2.0,10000000,177828,1.0,0.0
topk,cms-heap-topk-fastpath-vector2d,rows=5 cols=1024,zipf,2.0,10000000,316228,1.0,0.0
topk,cms-heap-topk-fastpath-vector2d,rows=5 cols=1024,zipf,2.0,10000000,562341,1.0,0.0
topk,cms-heap-topk-fastpath-vector2d,rows=5 cols=1024,zipf,2.0,10000000,1000000,1.0,0.0
topk,cms-heap-topk-fastpath-vector2d,rows=5 cols=1024,zipf,2.0,10000000,1778279,1.0,0.0
topk,cms-heap-topk-fastpath-vector2d,rows=5 cols=1024,zipf,2.0,10000000,3162278,1.0,0.0
topk,cms-heap-topk-fastpath-vector2d,rows=5 cols=1024,zipf,2.0,10000000,5623413,1.0,0.0
topk,cms-heap-topk-fastpath-vector2d,rows=5 cols=1024,zipf,2.0,10000000,10000000,1.0,0.0
topk,cms-heap-topk-fastpath-vector2d,rows=5 cols=1024,zipf,1.1,10000,1000,0.9479166666666666,0.010416666666666668
topk,cms-heap-topk-fastpath-vector2d,rows=5 cols=1024,zipf,1.1,10000,1778,0.9791666666666666,0.010416666666666668
topk,cms-heap-topk-fastpath-vector2d,rows=5 cols=1024,zipf,1.1,10000,3162,0.96875,0.018042195912175804
topk,cms-heap-topk-fastpath-vector2d,rows=5 cols=1024,zipf,1.1,10000,5623,0.9895833333333334,0.010416666666666668
topk,cms-heap-topk-fastpath-vector2d,rows=5 cols=1024,zipf,1.1,10000,10000,0.9791666666666666,0.010416666666666668
topk,cms-heap-topk-fastpath-vector2d,rows=5 cols=1024,zipf,1.1,10000,17783,0.9791666666666666,0.010416666666666668
topk,cms-heap-topk-fastpath-vector2d,rows=5 cols=1024,zipf,1.1,10000,31623,0.9895833333333334,0.010416666666666668
topk,cms-heap-topk-fastpath-vector2d,rows=5 cols=1024,zipf,1.1,10000,56234,1.0,0.0
topk,cms-heap-topk-fastpath-vector2d,rows=5 cols=1024,zipf,1.1,10000,100000,0.9895833333333334,0.010416666666666668
topk,cms-heap-topk-fastpath-vector2d,rows=5 cols=1024,zipf,1.1,10000,177828,1.0,0.0
topk,cms-heap-topk-fastpath-vector2d,rows=5 cols=1024,zipf,1.1,10000,316228,1.0,0.0
topk,cms-heap-topk-fastpath-vector2d,rows=5 cols=1024,zipf,1.1,10000,562341,1.0,0.0
topk,cms-heap-topk-fastpath-vector2d,rows=5 cols=1024,zipf,1.1,10000,1000000,1.0,0.0
topk,cms-heap-topk-fastpath-vector2d,rows=5 cols=1024,zipf,1.1,10000,1778279,0.9895833333333334,0.010416666666666668
topk,cms-heap-topk-fastpath-vector2d,rows=5 cols=1024,zipf,1.1,10000,3162278,0.9895833333333334,0.010416666666666668
topk,cms-heap-topk-fastpath-vector2d,rows=5 cols=1024,zipf,1.1,10000,5623413,0.9895833333333334,0.010416666666666668
topk,cms-heap-topk-fastpath-vector2d,rows=5 cols=1024,zipf,1.1,10000,10000000,1.0,0.0
topk,cms-heap-topk-fastpath-vector2d,rows=5 cols=4096,zipf,0.0,1000,1000,0.6666666666666666,0.020833333333333332
topk,cms-heap-topk-fastpath-vector2d,rows=5 cols=4096,zipf,0.0,1000,1778,0.9375,0.03125
topk,cms-heap-topk-fastpath-vector2d,rows=5 cols=4096,zipf,0.0,1000,3162,0.78125,0.018042195912175804
topk,cms-heap-topk-fastpath-vector2d,rows=5 cols=4096,zipf,0.0,1000,5623,0.9791666666666666,0.020833333333333332
topk,cms-heap-topk-fastpath-vector2d,rows=5 cols=4096,zipf,0.0,1000,10000,0.90625,0.03125
topk,cms-heap-topk-fastpath-vector2d,rows=5 cols=4096,zipf,0.0,1000,17783,0.9479166666666666,0.02755990949025615
topk,cms-heap-topk-fastpath-vector2d,rows=5 cols=4096,zipf,0.0,1000,31623,0.9583333333333334,0.010416666666666668
topk,cms-heap-topk-fastpath-vector2d,rows=5 cols=4096,zipf,0.0,1000,56234,0.9375,0.03125
topk,cms-heap-topk-fastpath-vector2d,rows=5 cols=4096,zipf,0.0,1000,100000,0.9895833333333334,0.010416666666666668
topk,cms-heap-topk-fastpath-vector2d,rows=5 cols=4096,zipf,0.0,1000,177828,0.96875,0.018042195912175804
topk,cms-heap-topk-fastpath-vector2d,rows=5 cols=4096,zipf,0.0,1000,316228,0.9583333333333334,0.010416666666666668
topk,cms-heap-topk-fastpath-vector2d,rows=5 cols=4096,zipf,0.0,1000,562341,1.0,0.0
topk,cms-heap-topk-fastpath-vector2d,rows=5 cols=4096,zipf,0.0,1000,1000000,0.9791666666666666,0.010416666666666668
topk,cms-heap-topk-fastpath-vector2d,rows=5 cols=4096,zipf,0.0,1000,1778279,0.9791666666666666,0.010416666666666668
topk,cms-heap-topk-fastpath-vector2d,rows=5 cols=4096,zipf,0.0,1000,3162278,0.9895833333333334,0.010416666666666668
topk,cms-heap-topk-fastpath-vector2d,rows=5 cols=4096,zipf,0.0,1000,5623413,0.9791666666666666,0.010416666666666668
topk,cms-heap-topk-fastpath-vector2d,rows=5 cols=4096,zipf,0.0,1000,10000000,1.0,0.0
topk,cms-heap-topk-fastpath-vector2d,rows=5 cols=4096,zipf,0.0,100000,1000,0.20833333333333334,0.03755782578608322
topk,cms-heap-topk-fastpath-vector2d,rows=5 cols=4096,zipf,0.0,100000,1778,0.5208333333333334,0.07291666666666667
topk,cms-heap-topk-fastpath-vector2d,rows=5 cols=4096,zipf,0.0,100000,3162,0.5625,0.06505206248331664
topk,cms-heap-topk-fastpath-vector2d,rows=5 cols=4096,zipf,0.0,100000,5623,0.20833333333333334,0.02755990949025615
topk,cms-heap-topk-fastpath-vector2d,rows=5 cols=4096,zipf,0.0,100000,10000,0.15625,0.03608439182435161
topk,cms-heap-topk-fastpath-vector2d,rows=5 cols=4096,zipf,0.0,100000,17783,0.07291666666666667,0.020833333333333332
topk,cms-heap-topk-fastpath-vector2d,rows=5 cols=4096,zipf,0.0,100000,31623,0.08333333333333333,0.03755782578608322
topk,cms-heap-topk-fastpath-vector2d,rows=5 cols=4096,zipf,0.0,100000,56234,0.020833333333333332,0.010416666666666668
topk,cms-heap-topk-fastpath-vector2d,rows=5 cols=4096,zipf,0.0,100000,100000,0.03125,0.0
topk,cms-heap-topk-fastpath-vector2d,rows=5 cols=4096,zipf,0.0,100000,177828,0.010416666666666666,0.010416666666666668
topk,cms-heap-topk-fastpath-vector2d,rows=5 cols=4096,zipf,0.0,100000,316228,0.020833333333333332,0.010416666666666668
topk,cms-heap-topk-fastpath-vector2d,rows=5 cols=4096,zipf,0.0,100000,562341,0.0,0.0
topk,cms-heap-topk-fastpath-vector2d,rows=5 cols=4096,zipf,0.0,100000,1000000,0.0,0.0
topk,cms-heap-topk-fastpath-vector2d,rows=5 cols=4096,zipf,0.0,100000,1778279,0.0,0.0
topk,cms-heap-topk-fastpath-vector2d,rows=5 cols=4096,zipf,0.0,100000,3162278,0.0,0.0
topk,cms-heap-topk-fastpath-vector2d,rows=5 cols=4096,zipf,0.0,100000,5623413,0.0,0.0
topk,cms-heap-topk-fastpath-vector2d,rows=5 cols=4096,zipf,0.0,100000,10000000,0.0,0.0
topk,cms-heap-topk-fastpath-vector2d,rows=5 cols=4096,zipf,0.0,10000000,1000,0.020833333333333332,0.010416666666666668
topk,cms-heap-topk-fastpath-vector2d,rows=5 cols=4096,zipf,0.0,10000000,1778,0.010416666666666666,0.010416666666666668
topk,cms-heap-topk-fastpath-vector2d,rows=5 cols=4096,zipf,0.0,10000000,3162,0.010416666666666666,0.010416666666666668
topk,cms-heap-topk-fastpath-vector2d,rows=5 cols=4096,zipf,0.0,10000000,5623,0.010416666666666666,0.010416666666666668
topk,cms-heap-topk-fastpath-vector2d,rows=5 cols=4096,zipf,0.0,10000000,10000,0.0,0.0
topk,cms-heap-topk-fastpath-vector2d,rows=5 cols=4096,zipf,0.0,10000000,17783,0.0,0.0
topk,cms-heap-topk-fastpath-vector2d,rows=5 cols=4096,zipf,0.0,10000000,31623,0.0,0.0
topk,cms-heap-topk-fastpath-vector2d,rows=5 cols=4096,zipf,0.0,10000000,56234,0.010416666666666666,0.010416666666666668
topk,cms-heap-topk-fastpath-vector2d,rows=5 cols=4096,zipf,0.0,10000000,100000,0.010416666666666666,0.010416666666666668
topk,cms-heap-topk-fastpath-vector2d,rows=5 cols=4096,zipf,0.0,10000000,177828,0.0,0.0
topk,cms-heap-topk-fastpath-vector2d,rows=5 cols=4096,zipf,0.0,10000000,316228,0.0,0.0
topk,cms-heap-topk-fastpath-vector2d,rows=5 cols=4096,zipf,0.0,10000000,562341,0.0,0.0
topk,cms-heap-topk-fastpath-vector2d,rows=5 cols=4096,zipf,0.0,10000000,1000000,0.0,0.0
topk,cms-heap-topk-fastpath-vector2d,rows=5 cols=4096,zipf,0.0,10000000,1778279,0.0,0.0
topk,cms-heap-topk-fastpath-vector2d,rows=5 cols=4096,zipf,0.0,10000000,3162278,0.0,0.0
topk,cms-heap-topk-fastpath-vector2d,rows=5 cols=4096,zipf,0.0,10000000,5623413,0.0,0.0
topk,cms-heap-topk-fastpath-vector2d,rows=5 cols=4096,zipf,0.0,10000000,10000000,0.0,0.0
topk,cms-heap-topk-fastpath-vector2d,rows=5 cols=4096,zipf,0.5,1000,1000,0.8854166666666666,0.02755990949025615
topk,cms-heap-topk-fastpath-vector2d,rows=5 cols=4096,zipf,0.5,1000,1778,0.9375,0.03608439182435161
topk,cms-heap-topk-fastpath-vector2d,rows=5 cols=4096,zipf,0.5,1000,3162,1.0,0.0
topk,cms-heap-topk-fastpath-vector2d,rows=5 cols=4096,zipf,0.5,1000,5623,0.9583333333333334,0.010416666666666668
topk,cms-heap-topk-fastpath-vector2d,rows=5 cols=4096,zipf,0.5,1000,10000,1.0,0.0
topk,cms-heap-topk-fastpath-vector2d,rows=5 cols=4096,zipf,0.5,1000,17783,1.0,0.0
topk,cms-heap-topk-fastpath-vector2d,rows=5 cols=4096,zipf,0.5,1000,31623,0.9895833333333334,0.010416666666666668
topk,cms-heap-topk-fastpath-vector2d,rows=5 cols=4096,zipf,0.5,1000,56234,1.0,0.0
topk,cms-heap-topk-fastpath-vector2d,rows=5 cols=4096,zipf,0.5,1000,100000,1.0,0.0
topk,cms-heap-topk-fastpath-vector2d,rows=5 cols=4096,zipf,0.5,1000,177828,0.9895833333333334,0.010416666666666668
topk,cms-heap-topk-fastpath-vector2d,rows=5 cols=4096,zipf,0.5,1000,316228,1.0,0.0
topk,cms-heap-topk-fastpath-vector2d,rows=5 cols=4096,zipf,0.5,1000,562341,1.0,0.0
topk,cms-heap-topk-fastpath-vector2d,rows=5 cols=4096,zipf,0.5,1000,1000000,1.0,0.0
topk,cms-heap-topk-fastpath-vector2d,rows=5 cols=4096,zipf,0.5,1000,1778279,1.0,0.0
topk,cms-heap-topk-fastpath-vector2d,rows=5 cols=4096,zipf,0.5,1000,3162278,1.0,0.0
topk,cms-heap-topk-fastpath-vector2d,rows=5 cols=4096,zipf,0.5,1000,5623413,1.0,0.0
topk,cms-heap-topk-fastpath-vector2d,rows=5 cols=4096,zipf,0.5,1000,10000000,1.0,0.0
topk,cms-heap-topk-fastpath-vector2d,rows=5 cols=4096,zipf,0.5,100000,1000,0.4270833333333333,0.020833333333333336
topk,cms-heap-topk-fastpath-vector2d,rows=5 cols=4096,zipf,0.5,100000,1778,0.8229166666666666,0.06336210969060646
topk,cms-heap-topk-fastpath-vector2d,rows=5 cols=4096,zipf,0.5,100000,3162,0.5104166666666666,0.0683066512948125
topk,cms-heap-topk-fastpath-vector2d,rows=5 cols=4096,zipf,0.5,100000,5623,0.71875,0.05412658773652741
topk,cms-heap-topk-fastpath-vector2d,rows=5 cols=4096,zipf,0.5,100000,10000,0.7395833333333334,0.03755782578608322
topk,cms-heap-topk-fastpath-vector2d,rows=5 cols=4096,zipf,0.5,100000,17783,0.8125,0.018042195912175804
topk,cms-heap-topk-fastpath-vector2d,rows=5 cols=4096,zipf,0.5,100000,31623,0.7604166666666666,0.020833333333333332
topk,cms-heap-topk-fastpath-vector2d,rows=5 cols=4096,zipf,0.5,100000,56234,0.84375,0.03125
topk,cms-heap-topk-fastpath-vector2d,rows=5 cols=4096,zipf,0.5,100000,100000,0.8958333333333334,0.010416666666666668
topk,cms-heap-topk-fastpath-vector2d,rows=5 cols=4096,zipf,0.5,100000,177828,0.875,0.018042195912175804
topk,cms-heap-topk-fastpath-vector2d,rows=5 cols=4096,zipf,0.5,100000,316228,0.875,0.0
topk,cms-heap-topk-fastpath-vector2d,rows=5 cols=4096,zipf,0.5,100000,562341,0.8854166666666666,0.03755782578608322
topk,cms-heap-topk-fastpath-vector2d,rows=5 cols=4096,zipf,0.5,100000,1000000,0.8958333333333334,0.020833333333333332
topk,cms-heap-topk-fastpath-vector2d,rows=5 cols=4096,zipf,0.5,100000,1778279,0.875,0.018042195912175804
topk,cms-heap-topk-fastpath-vector2d,rows=5 cols=4096,zipf,0.5,100000,3162278,0.875,0.018042195912175804
topk,cms-heap-topk-fastpath-vector2d,rows=5 cols=4096,zipf,0.5,100000,5623413,0.8645833333333334,0.010416666666666668
topk,cms-heap-topk-fastpath-vector2d,rows=5 cols=4096,zipf,0.5,100000,10000000,0.8645833333333334,0.020833333333333332
topk,cms-heap-topk-fastpath-vector2d,rows=5 cols=4096,zipf,0.5,10000000,1000,0.020833333333333332,0.010416666666666668
topk,cms-heap-topk-fastpath-vector2d,rows=5 cols=4096,zipf,0.5,10000000,1778,0.020833333333333332,0.020833333333333336
topk,cms-heap-topk-fastpath-vector2d,rows=5 cols=4096,zipf,0.5,10000000,3162,0.020833333333333332,0.010416666666666668
topk,cms-heap-topk-fastpath-vector2d,rows=5 cols=4096,zipf,0.5,10000000,5623,0.010416666666666666,0.010416666666666668
topk,cms-heap-topk-fastpath-vector2d,rows=5 cols=4096,zipf,0.5,10000000,10000,0.041666666666666664,0.020833333333333336
topk,cms-heap-topk-fastpath-vector2d,rows=5 cols=4096,zipf,0.5,10000000,17783,0.08333333333333333,0.010416666666666668
topk,cms-heap-topk-fastpath-vector2d,rows=5 cols=4096,zipf,0.5,10000000,31623,0.052083333333333336,0.010416666666666666
topk,cms-heap-topk-fastpath-vector2d,rows=5 cols=4096,zipf,0.5,10000000,56234,0.13541666666666666,0.020833333333333336
topk,cms-heap-topk-fastpath-vector2d,rows=5 cols=4096,zipf,0.5,10000000,100000,0.13541666666666666,0.02755990949025615
topk,cms-heap-topk-fastpath-vector2d,rows=5 cols=4096,zipf,0.5,10000000,177828,0.17708333333333334,0.010416666666666668
topk,cms-heap-topk-fastpath-vector2d,rows=5 cols=4096,zipf,0.5,10000000,316228,0.20833333333333334,0.010416666666666668
topk,cms-heap-topk-fastpath-vector2d,rows=5 cols=4096,zipf,0.5,10000000,562341,0.40625,0.0
topk,cms-heap-topk-fastpath-vector2d,rows=5 cols=4096,zipf,0.5,10000000,1000000,0.59375,0.018042195912175804
topk,cms-heap-topk-fastpath-vector2d,rows=5 cols=4096,zipf,0.5,10000000,1778279,0.6770833333333334,0.010416666666666668
topk,cms-heap-topk-fastpath-vector2d,rows=5 cols=4096,zipf,0.5,10000000,3162278,0.71875,0.03125
topk,cms-heap-topk-fastpath-vector2d,rows=5 cols=4096,zipf,0.5,10000000,5623413,0.7291666666666666,0.010416666666666668
topk,cms-heap-topk-fastpath-vector2d,rows=5 cols=4096,zipf,0.5,10000000,10000000,0.7604166666666666,0.010416666666666668
topk,cms-heap-topk-fastpath-vector2d,rows=5 cols=4096,zipf,0.8,1000,1000,0.9270833333333334,0.010416666666666668
topk,cms-heap-topk-fastpath-vector2d,rows=5 cols=4096,zipf,0.8,1000,1778,0.9895833333333334,0.010416666666666668
topk,cms-heap-topk-fastpath-vector2d,rows=5 cols=4096,zipf,0.8,1000,3162,0.9895833333333334,0.010416666666666668
topk,cms-heap-topk-fastpath-vector2d,rows=5 cols=4096,zipf,0.8,1000,5623,1.0,0.0
topk,cms-heap-topk-fastpath-vector2d,rows=5 cols=4096,zipf,0.8,1000,10000,0.9895833333333334,0.010416666666666668
topk,cms-heap-topk-fastpath-vector2d,rows=5 cols=4096,zipf,0.8,1000,17783,1.0,0.0
topk,cms-heap-topk-fastpath-vector2d,rows=5 cols=4096,zipf,0.8,1000,31623,1.0,0.0
topk,cms-heap-topk-fastpath-vector2d,rows=5 cols=4096,zipf,0.8,1000,56234,0.9895833333333334,0.010416666666666668
topk,cms-heap-topk-fastpath-vector2d,rows=5 cols=4096,zipf,0.8,1000,100000,1.0,0.0
topk,cms-heap-topk-fastpath-vector2d,rows=5 cols=4096,zipf,0.8,1000,177828,1.0,0.0
topk,cms-heap-topk-fastpath-vector2d,rows=5 cols=4096,zipf,0.8,1000,316228,1.0,0.0
topk,cms-heap-topk-fastpath-vector2d,rows=5 cols=4096,zipf,0.8,1000,562341,1.0,0.0
topk,cms-heap-topk-fastpath-vector2d,rows=5 cols=4096,zipf,0.8,1000,1000000,1.0,0.0
topk,cms-heap-topk-fastpath-vector2d,rows=5 cols=4096,zipf,0.8,1000,1778279,1.0,0.0
topk,cms-heap-topk-fastpath-vector2d,rows=5 cols=4096,zipf,0.8,1000,3162278,1.0,0.0
topk,cms-heap-topk-fastpath-vector2d,rows=5 cols=4096,zipf,0.8,1000,5623413,1.0,0.0
topk,cms-heap-topk-fastpath-vector2d,rows=5 cols=4096,zipf,0.8,1000,10000000,1.0,0.0
topk,cms-heap-topk-fastpath-vector2d,rows=5 cols=4096,zipf,0.8,100000,1000,0.8229166666666666,0.010416666666666668
topk,cms-heap-topk-fastpath-vector2d,rows=5 cols=4096,zipf,0.8,100000,1778,0.8958333333333334,0.04540519732854868
topk,cms-heap-topk-fastpath-vector2d,rows=5 cols=4096,zipf,0.8,100000,3162,0.9791666666666666,0.020833333333333332
topk,cms-heap-topk-fastpath-vector2d,rows=5 cols=4096,zipf,0.8,100000,5623,0.96875,0.018042195912175804
topk,cms-heap-topk-fastpath-vector2d,rows=5 cols=4096,zipf,0.8,100000,10000,0.96875,0.0
topk,cms-heap-topk-fastpath-vector2d,rows=5 cols=4096,zipf,0.8,100000,17783,0.9791666666666666,0.010416666666666668
topk,cms-heap-topk-fastpath-vector2d,rows=5 cols=4096,zipf,0.8,100000,31623,1.0,0.0
topk,cms-heap-topk-fastpath-vector2d,rows=5 cols=4096,zipf,0.8,100000,56234,0.9895833333333334,0.010416666666666668
topk,cms-heap-topk-fastpath-vector2d,rows=5 cols=4096,zipf,0.8,100000,100000,0.9791666666666666,0.010416666666666668
topk,cms-heap-topk-fastpath-vector2d,rows=5 cols=4096,zipf,0.8,100000,177828,1.0,0.0
topk,cms-heap-topk-fastpath-vector2d,rows=5 cols=4096,zipf,0.8,100000,316228,0.9791666666666666,0.010416666666666668
topk,cms-heap-topk-fastpath-vector2d,rows=5 cols=4096,zipf,0.8,100000,562341,0.9895833333333334,0.010416666666666668
topk,cms-heap-topk-fastpath-vector2d,rows=5 cols=4096,zipf,0.8,100000,1000000,0.9895833333333334,0.010416666666666668
topk,cms-heap-topk-fastpath-vector2d,rows=5 cols=4096,zipf,0.8,100000,1778279,0.9895833333333334,0.010416666666666668
topk,cms-heap-topk-fastpath-vector2d,rows=5 cols=4096,zipf,0.8,100000,3162278,0.96875,0.0
topk,cms-heap-topk-fastpath-vector2d,rows=5 cols=4096,zipf,0.8,100000,5623413,0.9791666666666666,0.010416666666666668
topk,cms-heap-topk-fastpath-vector2d,rows=5 cols=4096,zipf,0.8,100000,10000000,0.9895833333333334,0.010416666666666668
topk,cms-heap-topk-fastpath-vector2d,rows=5 cols=4096,zipf,0.8,10000000,1000,0.5104166666666666,0.04540519732854868
topk,cms-heap-topk-fastpath-vector2d,rows=5 cols=4096,zipf,0.8,10000000,1778,0.8229166666666666,0.027559909490256152
topk,cms-heap-topk-fastpath-vector2d,rows=5 cols=4096,zipf,0.8,10000000,3162,0.8541666666666666,0.010416666666666668
topk,cms-heap-topk-fastpath-vector2d,rows=5 cols=4096,zipf,0.8,10000000,5623,0.9270833333333334,0.010416666666666668
topk,cms-heap-topk-fastpath-vector2d,rows=5 cols=4096,zipf,0.8,10000000,10000,0.875,0.018042195912175804
topk,cms-heap-topk-fastpath-vector2d,rows=5 cols=4096,zipf,0.8,10000000,17783,0.9270833333333334,0.02755990949025615
topk,cms-heap-topk-fastpath-vector2d,rows=5 cols=4096,zipf,0.8,10000000,31623,0.9375,0.018042195912175804
topk,cms-heap-topk-fastpath-vector2d,rows=5 cols=4096,zipf,0.8,10000000,56234,0.9375,0.018042195912175804
topk,cms-heap-topk-fastpath-vector2d,rows=5 cols=4096,zipf,0.8,10000000,100000,0.9583333333333334,0.010416666666666668
topk,cms-heap-topk-fastpath-vector2d,rows=5 cols=4096,zipf,0.8,10000000,177828,0.9791666666666666,0.010416666666666668
topk,cms-heap-topk-fastpath-vector2d,rows=5 cols=4096,zipf,0.8,10000000,316228,0.9895833333333334,0.010416666666666668
topk,cms-heap-topk-fastpath-vector2d,rows=5 cols=4096,zipf,0.8,10000000,562341,0.9791666666666666,0.010416666666666668
topk,cms-heap-topk-fastpath-vector2d,rows=5 cols=4096,zipf,0.8,10000000,1000000,0.9791666666666666,0.010416666666666668
topk,cms-heap-topk-fastpath-vector2d,rows=5 cols=4096,zipf,0.8,10000000,1778279,0.9583333333333334,0.020833333333333332
topk,cms-heap-topk-fastpath-vector2d,rows=5 cols=4096,zipf,0.8,10000000,3162278,0.96875,0.0
topk,cms-heap-topk-fastpath-vector2d,rows=5 cols=4096,zipf,0.8,10000000,5623413,0.9791666666666666,0.010416666666666668
topk,cms-heap-topk-fastpath-vector2d,rows=5 cols=4096,zipf,0.8,10000000,10000000,0.96875,0.0
topk,cms-heap-topk-fastpath-vector2d,rows=5 cols=4096,zipf,1.0,1000,1000,0.9583333333333334,0.02755990949025615
topk,cms-heap-topk-fastpath-vector2d,rows=5 cols=4096,zipf,1.0,1000,1778,0.9583333333333334,0.010416666666666668
topk,cms-heap-topk-fastpath-vector2d,rows=5 cols=4096,zipf,1.0,1000,3162,0.96875,0.018042195912175804
topk,cms-heap-topk-fastpath-vector2d,rows=5 cols=4096,zipf,1.0,1000,5623,0.9895833333333334,0.010416666666666668
topk,cms-heap-topk-fastpath-vector2d,rows=5 cols=4096,zipf,1.0,1000,10000,1.0,0.0
topk,cms-heap-topk-fastpath-vector2d,rows=5 cols=4096,zipf,1.0,1000,17783,0.9895833333333334,0.010416666666666668
topk,cms-heap-topk-fastpath-vector2d,rows=5 cols=4096,zipf,1.0,1000,31623,1.0,0.0
topk,cms-heap-topk-fastpath-vector2d,rows=5 cols=4096,zipf,1.0,1000,56234,1.0,0.0
topk,cms-heap-topk-fastpath-vector2d,rows=5 cols=4096,zipf,1.0,1000,100000,1.0,0.0
topk,cms-heap-topk-fastpath-vector2d,rows=5 cols=4096,zipf,1.0,1000,177828,1.0,0.0
topk,cms-heap-topk-fastpath-vector2d,rows=5 cols=4096,zipf,1.0,1000,316228,1.0,0.0
topk,cms-heap-topk-fastpath-vector2d,rows=5 cols=4096,zipf,1.0,1000,562341,1.0,0.0
topk,cms-heap-topk-fastpath-vector2d,rows=5 cols=4096,zipf,1.0,1000,1000000,1.0,0.0
topk,cms-heap-topk-fastpath-vector2d,rows=5 cols=4096,zipf,1.0,1000,1778279,1.0,0.0
topk,cms-heap-topk-fastpath-vector2d,rows=5 cols=4096,zipf,1.0,1000,3162278,1.0,0.0
topk,cms-heap-topk-fastpath-vector2d,rows=5 cols=4096,zipf,1.0,1000,5623413,1.0,0.0
topk,cms-heap-topk-fastpath-vector2d,rows=5 cols=4096,zipf,1.0,1000,10000000,1.0,0.0
topk,cms-heap-topk-fastpath-vector2d,rows=5 cols=4096,zipf,1.0,100000,1000,0.8854166666666666,0.010416666666666668
topk,cms-heap-topk-fastpath-vector2d,rows=5 cols=4096,zipf,1.0,100000,1778,0.9479166666666666,0.010416666666666668
topk,cms-heap-topk-fastpath-vector2d,rows=5 cols=4096,zipf,1.0,100000,3162,0.9583333333333334,0.02755990949025615
topk,cms-heap-topk-fastpath-vector2d,rows=5 cols=4096,zipf,1.0,100000,5623,0.9895833333333334,0.010416666666666668
topk,cms-heap-topk-fastpath-vector2d,rows=5 cols=4096,zipf,1.0,100000,10000,0.9895833333333334,0.010416666666666668
topk,cms-heap-topk-fastpath-vector2d,rows=5 cols=4096,zipf,1.0,100000,17783,1.0,0.0
topk,cms-heap-topk-fastpath-vector2d,rows=5 cols=4096,zipf,1.0,100000,31623,1.0,0.0
topk,cms-heap-topk-fastpath-vector2d,rows=5 cols=4096,zipf,1.0,100000,56234,0.9895833333333334,0.010416666666666668
topk,cms-heap-topk-fastpath-vector2d,rows=5 cols=4096,zipf,1.0,100000,100000,1.0,0.0
topk,cms-heap-topk-fastpath-vector2d,rows=5 cols=4096,zipf,1.0,100000,177828,1.0,0.0
topk,cms-heap-topk-fastpath-vector2d,rows=5 cols=4096,zipf,1.0,100000,316228,1.0,0.0
topk,cms-heap-topk-fastpath-vector2d,rows=5 cols=4096,zipf,1.0,100000,562341,1.0,0.0
topk,cms-heap-topk-fastpath-vector2d,rows=5 cols=4096,zipf,1.0,100000,1000000,0.9895833333333334,0.010416666666666668
topk,cms-heap-topk-fastpath-vector2d,rows=5 cols=4096,zipf,1.0,100000,1778279,1.0,0.0
topk,cms-heap-topk-fastpath-vector2d,rows=5 cols=4096,zipf,1.0,100000,3162278,1.0,0.0
topk,cms-heap-topk-fastpath-vector2d,rows=5 cols=4096,zipf,1.0,100000,5623413,1.0,0.0
topk,cms-heap-topk-fastpath-vector2d,rows=5 cols=4096,zipf,1.0,100000,10000000,1.0,0.0
topk,cms-heap-topk-fastpath-vector2d,rows=5 cols=4096,zipf,1.0,10000000,1000,0.84375,0.018042195912175804
topk,cms-heap-topk-fastpath-vector2d,rows=5 cols=4096,zipf,1.0,10000000,1778,0.9166666666666666,0.02755990949025615
topk,cms-heap-topk-fastpath-vector2d,rows=5 cols=4096,zipf,1.0,10000000,3162,0.9375,0.018042195912175804
topk,cms-heap-topk-fastpath-vector2d,rows=5 cols=4096,zipf,1.0,10000000,5623,0.9791666666666666,0.010416666666666668
topk,cms-heap-topk-fastpath-vector2d,rows=5 cols=4096,zipf,1.0,10000000,10000,0.9895833333333334,0.010416666666666668
topk,cms-heap-topk-fastpath-vector2d,rows=5 cols=4096,zipf,1.0,10000000,17783,0.9791666666666666,0.010416666666666668
topk,cms-heap-topk-fastpath-vector2d,rows=5 cols=4096,zipf,1.0,10000000,31623,1.0,0.0
topk,cms-heap-topk-fastpath-vector2d,rows=5 cols=4096,zipf,1.0,10000000,56234,0.9895833333333334,0.010416666666666668
topk,cms-heap-topk-fastpath-vector2d,rows=5 cols=4096,zipf,1.0,10000000,100000,1.0,0.0
topk,cms-heap-topk-fastpath-vector2d,rows=5 cols=4096,zipf,1.0,10000000,177828,1.0,0.0
topk,cms-heap-topk-fastpath-vector2d,rows=5 cols=4096,zipf,1.0,10000000,316228,0.9895833333333334,0.010416666666666668
topk,cms-heap-topk-fastpath-vector2d,rows=5 cols=4096,zipf,1.0,10000000,562341,1.0,0.0
topk,cms-heap-topk-fastpath-vector2d,rows=5 cols=4096,zipf,1.0,10000000,1000000,0.9895833333333334,0.010416666666666668
topk,cms-heap-topk-fastpath-vector2d,rows=5 cols=4096,zipf,1.0,10000000,1778279,1.0,0.0
topk,cms-heap-topk-fastpath-vector2d,rows=5 cols=4096,zipf,1.0,10000000,3162278,1.0,0.0
topk,cms-heap-topk-fastpath-vector2d,rows=5 cols=4096,zipf,1.0,10000000,5623413,1.0,0.0
topk,cms-heap-topk-fastpath-vector2d,rows=5 cols=4096,zipf,1.0,10000000,10000000,1.0,0.0
topk,cms-heap-topk-fastpath-vector2d,rows=5 cols=4096,zipf,1.2,1000,1000,0.96875,0.0
topk,cms-heap-topk-fastpath-vector2d,rows=5 cols=4096,zipf,1.2,1000,1778,0.9479166666666666,0.010416666666666668
topk,cms-heap-topk-fastpath-vector2d,rows=5 cols=4096,zipf,1.2,1000,3162,0.96875,0.0
topk,cms-heap-topk-fastpath-vector2d,rows=5 cols=4096,zipf,1.2,1000,5623,0.9895833333333334,0.010416666666666668
topk,cms-heap-topk-fastpath-vector2d,rows=5 cols=4096,zipf,1.2,1000,10000,1.0,0.0
topk,cms-heap-topk-fastpath-vector2d,rows=5 cols=4096,zipf,1.2,1000,17783,1.0,0.0
topk,cms-heap-topk-fastpath-vector2d,rows=5 cols=4096,zipf,1.2,1000,31623,1.0,0.0
topk,cms-heap-topk-fastpath-vector2d,rows=5 cols=4096,zipf,1.2,1000,56234,1.0,0.0
topk,cms-heap-topk-fastpath-vector2d,rows=5 cols=4096,zipf,1.2,1000,100000,1.0,0.0
topk,cms-heap-topk-fastpath-vector2d,rows=5 cols=4096,zipf,1.2,1000,177828,1.0,0.0
topk,cms-heap-topk-fastpath-vector2d,rows=5 cols=4096,zipf,1.2,1000,316228,1.0,0.0
topk,cms-heap-topk-fastpath-vector2d,rows=5 cols=4096,zipf,1.2,1000,562341,1.0,0.0
topk,cms-heap-topk-fastpath-vector2d,rows=5 cols=4096,zipf,1.2,1000,1000000,1.0,0.0
topk,cms-heap-topk-fastpath-vector2d,rows=5 cols=4096,zipf,1.2,1000,1778279,1.0,0.0
topk,cms-heap-topk-fastpath-vector2d,rows=5 cols=4096,zipf,1.2,1000,3162278,1.0,0.0
topk,cms-heap-topk-fastpath-vector2d,rows=5 cols=4096,zipf,1.2,1000,5623413,1.0,0.0
topk,cms-heap-topk-fastpath-vector2d,rows=5 cols=4096,zipf,1.2,1000,10000000,1.0,0.0
topk,cms-heap-topk-fastpath-vector2d,rows=5 cols=4096,zipf,1.2,100000,1000,0.9791666666666666,0.010416666666666668
topk,cms-heap-topk-fastpath-vector2d,rows=5 cols=4096,zipf,1.2,100000,1778,0.96875,0.0
topk,cms-heap-topk-fastpath-vector2d,rows=5 cols=4096,zipf,1.2,100000,3162,0.9791666666666666,0.010416666666666668
topk,cms-heap-topk-fastpath-vector2d,rows=5 cols=4096,zipf,1.2,100000,5623,0.9895833333333334,0.010416666666666668
topk,cms-heap-topk-fastpath-vector2d,rows=5 cols=4096,zipf,1.2,100000,10000,0.9895833333333334,0.010416666666666668
topk,cms-heap-topk-fastpath-vector2d,rows=5 cols=4096,zipf,1.2,100000,17783,1.0,0.0
topk,cms-heap-topk-fastpath-vector2d,rows=5 cols=4096,zipf,1.2,100000,31623,1.0,0.0
topk,cms-heap-topk-fastpath-vector2d,rows=5 cols=4096,zipf,1.2,100000,56234,1.0,0.0
topk,cms-heap-topk-fastpath-vector2d,rows=5 cols=4096,zipf,1.2,100000,100000,1.0,0.0
topk,cms-heap-topk-fastpath-vector2d,rows=5 cols=4096,zipf,1.2,100000,177828,0.9895833333333334,0.010416666666666668
topk,cms-heap-topk-fastpath-vector2d,rows=5 cols=4096,zipf,1.2,100000,316228,1.0,0.0
topk,cms-heap-topk-fastpath-vector2d,rows=5 cols=4096,zipf,1.2,100000,562341,1.0,0.0
topk,cms-heap-topk-fastpath-vector2d,rows=5 cols=4096,zipf,1.2,100000,1000000,1.0,0.0
topk,cms-heap-topk-fastpath-vector2d,rows=5 cols=4096,zipf,1.2,100000,1778279,1.0,0.0
topk,cms-heap-topk-fastpath-vector2d,rows=5 cols=4096,zipf,1.2,100000,3162278,1.0,0.0
topk,cms-heap-topk-fastpath-vector2d,rows=5 cols=4096,zipf,1.2,100000,5623413,1.0,0.0
topk,cms-heap-topk-fastpath-vector2d,rows=5 cols=4096,zipf,1.2,100000,10000000,1.0,0.0
topk,cms-heap-topk-fastpath-vector2d,rows=5 cols=4096,zipf,1.2,10000000,1000,0.9270833333333334,0.05799754544614606
topk,cms-heap-topk-fastpath-vector2d,rows=5 cols=4096,zipf,1.2,10000000,1778,0.9583333333333334,0.010416666666666668
topk,cms-heap-topk-fastpath-vector2d,rows=5 cols=4096,zipf,1.2,10000000,3162,0.9791666666666666,0.010416666666666668
topk,cms-heap-topk-fastpath-vector2d,rows=5 cols=4096,zipf,1.2,10000000,5623,0.9791666666666666,0.010416666666666668
topk,cms-heap-topk-fastpath-vector2d,rows=5 cols=4096,zipf,1.2,10000000,10000,0.9895833333333334,0.010416666666666668
topk,cms-heap-topk-fastpath-vector2d,rows=5 cols=4096,zipf,1.2,10000000,17783,1.0,0.0
topk,cms-heap-topk-fastpath-vector2d,rows=5 cols=4096,zipf,1.2,10000000,31623,1.0,0.0
topk,cms-heap-topk-fastpath-vector2d,rows=5 cols=4096,zipf,1.2,10000000,56234,1.0,0.0
topk,cms-heap-topk-fastpath-vector2d,rows=5 cols=4096,zipf,1.2,10000000,100000,1.0,0.0
topk,cms-heap-topk-fastpath-vector2d,rows=5 cols=4096,zipf,1.2,10000000,177828,0.9895833333333334,0.010416666666666668
topk,cms-heap-topk-fastpath-vector2d,rows=5 cols=4096,zipf,1.2,10000000,316228,1.0,0.0
topk,cms-heap-topk-fastpath-vector2d,rows=5 cols=4096,zipf,1.2,10000000,562341,1.0,0.0
topk,cms-heap-topk-fastpath-vector2d,rows=5 cols=4096,zipf,1.2,10000000,1000000,1.0,0.0
topk,cms-heap-topk-fastpath-vector2d,rows=5 cols=4096,zipf,1.2,10000000,1778279,1.0,0.0
topk,cms-heap-topk-fastpath-vector2d,rows=5 cols=4096,zipf,1.2,10000000,3162278,1.0,0.0
topk,cms-heap-topk-fastpath-vector2d,rows=5 cols=4096,zipf,1.2,10000000,5623413,1.0,0.0
topk,cms-heap-topk-fastpath-vector2d,rows=5 cols=4096,zipf,1.2,10000000,10000000,1.0,0.0
topk,cms-heap-topk-fastpath-vector2d,rows=5 cols=4096,zipf,1.5,1000,1000,0.9375,0.018042195912175804
topk,cms-heap-topk-fastpath-vector2d,rows=5 cols=4096,zipf,1.5,1000,1778,0.96875,0.018042195912175804
topk,cms-heap-topk-fastpath-vector2d,rows=5 cols=4096,zipf,1.5,1000,3162,0.9791666666666666,0.010416666666666668
topk,cms-heap-topk-fastpath-vector2d,rows=5 cols=4096,zipf,1.5,1000,5623,1.0,0.0
topk,cms-heap-topk-fastpath-vector2d,rows=5 cols=4096,zipf,1.5,1000,10000,1.0,0.0
topk,cms-heap-topk-fastpath-vector2d,rows=5 cols=4096,zipf,1.5,1000,17783,0.9895833333333334,0.010416666666666668
topk,cms-heap-topk-fastpath-vector2d,rows=5 cols=4096,zipf,1.5,1000,31623,1.0,0.0
topk,cms-heap-topk-fastpath-vector2d,rows=5 cols=4096,zipf,1.5,1000,56234,1.0,0.0
topk,cms-heap-topk-fastpath-vector2d,rows=5 cols=4096,zipf,1.5,1000,100000,1.0,0.0
topk,cms-heap-topk-fastpath-vector2d,rows=5 cols=4096,zipf,1.5,1000,177828,1.0,0.0
topk,cms-heap-topk-fastpath-vector2d,rows=5 cols=4096,zipf,1.5,1000,316228,1.0,0.0
topk,cms-heap-topk-fastpath-vector2d,rows=5 cols=4096,zipf,1.5,1000,562341,1.0,0.0
topk,cms-heap-topk-fastpath-vector2d,rows=5 cols=4096,zipf,1.5,1000,1000000,1.0,0.0
topk,cms-heap-topk-fastpath-vector2d,rows=5 cols=4096,zipf,1.5,1000,1778279,1.0,0.0
topk,cms-heap-topk-fastpath-vector2d,rows=5 cols=4096,zipf,1.5,1000,3162278,1.0,0.0
topk,cms-heap-topk-fastpath-vector2d,rows=5 cols=4096,zipf,1.5,1000,5623413,1.0,0.0
topk,cms-heap-topk-fastpath-vector2d,rows=5 cols=4096,zipf,1.5,1000,10000000,1.0,0.0
topk,cms-heap-topk-fastpath-vector2d,rows=5 cols=4096,zipf,1.5,100000,1000,0.96875,0.03125
topk,cms-heap-topk-fastpath-vector2d,rows=5 cols=4096,zipf,1.5,100000,1778,0.96875,0.0
topk,cms-heap-topk-fastpath-vector2d,rows=5 cols=4096,zipf,1.5,100000,3162,0.9895833333333334,0.010416666666666668
topk,cms-heap-topk-fastpath-vector2d,rows=5 cols=4096,zipf,1.5,100000,5623,0.9791666666666666,0.020833333333333332
topk,cms-heap-topk-fastpath-vector2d,rows=5 cols=4096,zipf,1.5,100000,10000,0.9791666666666666,0.010416666666666668
topk,cms-heap-topk-fastpath-vector2d,rows=5 cols=4096,zipf,1.5,100000,17783,0.9895833333333334,0.010416666666666668
topk,cms-heap-topk-fastpath-vector2d,rows=5 cols=4096,zipf,1.5,100000,31623,1.0,0.0
topk,cms-heap-topk-fastpath-vector2d,rows=5 cols=4096,zipf,1.5,100000,56234,1.0,0.0
topk,cms-heap-topk-fastpath-vector2d,rows=5 cols=4096,zipf,1.5,100000,100000,1.0,0.0
topk,cms-heap-topk-fastpath-vector2d,rows=5 cols=4096,zipf,1.5,100000,177828,1.0,0.0
topk,cms-heap-topk-fastpath-vector2d,rows=5 cols=4096,zipf,1.5,100000,316228,1.0,0.0
topk,cms-heap-topk-fastpath-vector2d,rows=5 cols=4096,zipf,1.5,100000,562341,1.0,0.0
topk,cms-heap-topk-fastpath-vector2d,rows=5 cols=4096,zipf,1.5,100000,1000000,1.0,0.0
topk,cms-heap-topk-fastpath-vector2d,rows=5 cols=4096,zipf,1.5,100000,1778279,1.0,0.0
topk,cms-heap-topk-fastpath-vector2d,rows=5 cols=4096,zipf,1.5,100000,3162278,1.0,0.0
topk,cms-heap-topk-fastpath-vector2d,rows=5 cols=4096,zipf,1.5,100000,5623413,1.0,0.0
topk,cms-heap-topk-fastpath-vector2d,rows=5 cols=4096,zipf,1.5,100000,10000000,1.0,0.0
topk,cms-heap-topk-fastpath-vector2d,rows=5 cols=4096,zipf,1.5,10000000,1000,0.9479166666666666,0.010416666666666668
topk,cms-heap-topk-fastpath-vector2d,rows=5 cols=4096,zipf,1.5,10000000,1778,0.9791666666666666,0.010416666666666668
topk,cms-heap-topk-fastpath-vector2d,rows=5 cols=4096,zipf,1.5,10000000,3162,0.96875,0.018042195912175804
topk,cms-heap-topk-fastpath-vector2d,rows=5 cols=4096,zipf,1.5,10000000,5623,0.9895833333333334,0.010416666666666668
topk,cms-heap-topk-fastpath-vector2d,rows=5 cols=4096,zipf,1.5,10000000,10000,0.9895833333333334,0.010416666666666668
topk,cms-heap-topk-fastpath-vector2d,rows=5 cols=4096,zipf,1.5,10000000,17783,1.0,0.0
topk,cms-heap-topk-fastpath-vector2d,rows=5 cols=4096,zipf,1.5,10000000,31623,1.0,0.0
topk,cms-heap-topk-fastpath-vector2d,rows=5 cols=4096,zipf,1.5,10000000,56234,1.0,0.0
topk,cms-heap-topk-fastpath-vector2d,rows=5 cols=4096,zipf,1.5,10000000,100000,1.0,0.0
topk,cms-heap-topk-fastpath-vector2d,rows=5 cols=4096,zipf,1.5,10000000,177828,1.0,0.0
topk,cms-heap-topk-fastpath-vector2d,rows=5 cols=4096,zipf,1.5,10000000,316228,1.0,0.0
topk,cms-heap-topk-fastpath-vector2d,rows=5 cols=4096,zipf,1.5,10000000,562341,1.0,0.0
topk,cms-heap-topk-fastpath-vector2d,rows=5 cols=4096,zipf,1.5,10000000,1000000,1.0,0.0
topk,cms-heap-topk-fastpath-vector2d,rows=5 cols=4096,zipf,1.5,10000000,1778279,1.0,0.0
topk,cms-heap-topk-fastpath-vector2d,rows=5 cols=4096,zipf,1.5,10000000,3162278,1.0,0.0
topk,cms-heap-topk-fastpath-vector2d,rows=5 cols=4096,zipf,1.5,10000000,5623413,1.0,0.0
topk,cms-heap-topk-fastpath-vector2d,rows=5 cols=4096,zipf,1.5,10000000,10000000,1.0,0.0
topk,cms-heap-topk-fastpath-vector2d,rows=5 cols=4096,zipf,2.0,1000,1000,0.875,0.018042195912175804
topk,cms-heap-topk-fastpath-vector2d,rows=5 cols=4096,zipf,2.0,1000,1778,0.90625,0.03125
topk,cms-heap-topk-fastpath-vector2d,rows=5 cols=4096,zipf,2.0,1000,3162,0.9375,0.018042195912175804
topk,cms-heap-topk-fastpath-vector2d,rows=5 cols=4096,zipf,2.0,1000,5623,0.9791666666666666,0.010416666666666668
topk,cms-heap-topk-fastpath-vector2d,rows=5 cols=4096,zipf,2.0,1000,10000,1.0,0.0
topk,cms-heap-topk-fastpath-vector2d,rows=5 cols=4096,zipf,2.0,1000,17783,0.9791666666666666,0.010416666666666668
topk,cms-heap-topk-fastpath-vector2d,rows=5 cols=4096,zipf,2.0,1000,31623,1.0,0.0
topk,cms-heap-topk-fastpath-vector2d,rows=5 cols=4096,zipf,2.0,1000,56234,1.0,0.0
topk,cms-heap-topk-fastpath-vector2d,rows=5 cols=4096,zipf,2.0,1000,100000,1.0,0.0
topk,cms-heap-topk-fastpath-vector2d,rows=5 cols=4096,zipf,2.0,1000,177828,1.0,0.0
topk,cms-heap-topk-fastpath-vector2d,rows=5 cols=4096,zipf,2.0,1000,316228,1.0,0.0
topk,cms-heap-topk-fastpath-vector2d,rows=5 cols=4096,zipf,2.0,1000,562341,1.0,0.0
topk,cms-heap-topk-fastpath-vector2d,rows=5 cols=4096,zipf,2.0,1000,1000000,1.0,0.0
topk,cms-heap-topk-fastpath-vector2d,rows=5 cols=4096,zipf,2.0,1000,1778279,1.0,0.0
topk,cms-heap-topk-fastpath-vector2d,rows=5 cols=4096,zipf,2.0,1000,3162278,1.0,0.0
topk,cms-heap-topk-fastpath-vector2d,rows=5 cols=4096,zipf,2.0,1000,5623413,1.0,0.0
topk,cms-heap-topk-fastpath-vector2d,rows=5 cols=4096,zipf,2.0,1000,10000000,1.0,0.0
topk,cms-heap-topk-fastpath-vector2d,rows=5 cols=4096,zipf,2.0,100000,1000,0.8645833333333334,0.02755990949025615
topk,cms-heap-topk-fastpath-vector2d,rows=5 cols=4096,zipf,2.0,100000,1778,0.8958333333333334,0.010416666666666668
topk,cms-heap-topk-fastpath-vector2d,rows=5 cols=4096,zipf,2.0,100000,3162,0.9479166666666666,0.010416666666666668
topk,cms-heap-topk-fastpath-vector2d,rows=5 cols=4096,zipf,2.0,100000,5623,1.0,0.0
topk,cms-heap-topk-fastpath-vector2d,rows=5 cols=4096,zipf,2.0,100000,10000,0.9791666666666666,0.010416666666666668
topk,cms-heap-topk-fastpath-vector2d,rows=5 cols=4096,zipf,2.0,100000,17783,0.9895833333333334,0.010416666666666668
topk,cms-heap-topk-fastpath-vector2d,rows=5 cols=4096,zipf,2.0,100000,31623,1.0,0.0
topk,cms-heap-topk-fastpath-vector2d,rows=5 cols=4096,zipf,2.0,100000,56234,1.0,0.0
topk,cms-heap-topk-fastpath-vector2d,rows=5 cols=4096,zipf,2.0,100000,100000,1.0,0.0
topk,cms-heap-topk-fastpath-vector2d,rows=5 cols=4096,zipf,2.0,100000,177828,1.0,0.0
topk,cms-heap-topk-fastpath-vector2d,rows=5 cols=4096,zipf,2.0,100000,316228,1.0,0.0
topk,cms-heap-topk-fastpath-vector2d,rows=5 cols=4096,zipf,2.0,100000,562341,1.0,0.0
topk,cms-heap-topk-fastpath-vector2d,rows=5 cols=4096,zipf,2.0,100000,1000000,1.0,0.0
topk,cms-heap-topk-fastpath-vector2d,rows=5 cols=4096,zipf,2.0,100000,1778279,1.0,0.0
topk,cms-heap-topk-fastpath-vector2d,rows=5 cols=4096,zipf,2.0,100000,3162278,1.0,0.0
topk,cms-heap-topk-fastpath-vector2d,rows=5 cols=4096,zipf,2.0,100000,5623413,1.0,0.0
topk,cms-heap-topk-fastpath-vector2d,rows=5 cols=4096,zipf,2.0,100000,10000000,1.0,0.0
topk,cms-heap-topk-fastpath-vector2d,rows=5 cols=4096,zipf,2.0,10000000,1000,0.8645833333333334,0.02755990949025615
topk,cms-heap-topk-fastpath-vector2d,rows=5 cols=4096,zipf,2.0,10000000,1778,0.8958333333333334,0.010416666666666668
topk,cms-heap-topk-fastpath-vector2d,rows=5 cols=4096,zipf,2.0,10000000,3162,0.9375,0.018042195912175804
topk,cms-heap-topk-fastpath-vector2d,rows=5 cols=4096,zipf,2.0,10000000,5623,1.0,0.0
topk,cms-heap-topk-fastpath-vector2d,rows=5 cols=4096,zipf,2.0,10000000,10000,0.96875,0.0
topk,cms-heap-topk-fastpath-vector2d,rows=5 cols=4096,zipf,2.0,10000000,17783,0.9791666666666666,0.010416666666666668
topk,cms-heap-topk-fastpath-vector2d,rows=5 cols=4096,zipf,2.0,10000000,31623,1.0,0.0
topk,cms-heap-topk-fastpath-vector2d,rows=5 cols=4096,zipf,2.0,10000000,56234,1.0,0.0
topk,cms-heap-topk-fastpath-vector2d,rows=5 cols=4096,zipf,2.0,10000000,100000,1.0,0.0
topk,cms-heap-topk-fastpath-vector2d,rows=5 cols=4096,zipf,2.0,10000000,177828,1.0,0.0
topk,cms-heap-topk-fastpath-vector2d,rows=5 cols=4096,zipf,2.0,10000000,316228,1.0,0.0
topk,cms-heap-topk-fastpath-vector2d,rows=5 cols=4096,zipf,2.0,10000000,562341,1.0,0.0
topk,cms-heap-topk-fastpath-vector2d,rows=5 cols=4096,zipf,2.0,10000000,1000000,1.0,0.0
topk,cms-heap-topk-fastpath-vector2d,rows=5 cols=4096,zipf,2.0,10000000,1778279,1.0,0.0
topk,cms-heap-topk-fastpath-vector2d,rows=5 cols=4096,zipf,2.0,10000000,3162278,1.0,0.0
topk,cms-heap-topk-fastpath-vector2d,rows=5 cols=4096,zipf,2.0,10000000,5623413,1.0,0.0
topk,cms-heap-topk-fastpath-vector2d,rows=5 cols=4096,zipf,2.0,10000000,10000000,1.0,0.0
topk,cms-heap-topk-fastpath-vector2d,rows=5 cols=4096,zipf,1.1,10000,1000,0.9479166666666666,0.010416666666666668
topk,cms-heap-topk-fastpath-vector2d,rows=5 cols=4096,zipf,1.1,10000,1778,0.9791666666666666,0.010416666666666668
topk,cms-heap-topk-fastpath-vector2d,rows=5 cols=4096,zipf,1.1,10000,3162,0.9791666666666666,0.010416666666666668
topk,cms-heap-topk-fastpath-vector2d,rows=5 cols=4096,zipf,1.1,10000,5623,0.9895833333333334,0.010416666666666668
topk,cms-heap-topk-fastpath-vector2d,rows=5 cols=4096,zipf,1.1,10000,10000,0.9895833333333334,0.010416666666666668
topk,cms-heap-topk-fastpath-vector2d,rows=5 cols=4096,zipf,1.1,10000,17783,1.0,0.0
topk,cms-heap-topk-fastpath-vector2d,rows=5 cols=4096,zipf,1.1,10000,31623,1.0,0.0
topk,cms-heap-topk-fastpath-vector2d,rows=5 cols=4096,zipf,1.1,10000,56234,1.0,0.0
topk,cms-heap-topk-fastpath-vector2d,rows=5 cols=4096,zipf,1.1,10000,100000,0.9791666666666666,0.010416666666666668
topk,cms-heap-topk-fastpath-vector2d,rows=5 cols=4096,zipf,1.1,10000,177828,1.0,0.0
topk,cms-heap-topk-fastpath-vector2d,rows=5 cols=4096,zipf,1.1,10000,316228,1.0,0.0
topk,cms-heap-topk-fastpath-vector2d,rows=5 cols=4096,zipf,1.1,10000,562341,1.0,0.0
topk,cms-heap-topk-fastpath-vector2d,rows=5 cols=4096,zipf,1.1,10000,1000000,1.0,0.0
topk,cms-heap-topk-fastpath-vector2d,rows=5 cols=4096,zipf,1.1,10000,1778279,1.0,0.0
topk,cms-heap-topk-fastpath-vector2d,rows=5 cols=4096,zipf,1.1,10000,3162278,1.0,0.0
topk,cms-heap-topk-fastpath-vector2d,rows=5 cols=4096,zipf,1.1,10000,5623413,1.0,0.0
topk,cms-heap-topk-fastpath-vector2d,rows=5 cols=4096,zipf,1.1,10000,10000000,1.0,0.0
topk,cms-heap-topk-fastpath-vector2d,rows=5 cols=16384,zipf,0.0,1000,1000,0.6666666666666666,0.020833333333333332
topk,cms-heap-topk-fastpath-vector2d,rows=5 cols=16384,zipf,0.0,1000,1778,0.9375,0.03125
topk,cms-heap-topk-fastpath-vector2d,rows=5 cols=16384,zipf,0.0,1000,3162,0.78125,0.018042195912175804
topk,cms-heap-topk-fastpath-vector2d,rows=5 cols=16384,zipf,0.0,1000,5623,0.9791666666666666,0.020833333333333332
topk,cms-heap-topk-fastpath-vector2d,rows=5 cols=16384,zipf,0.0,1000,10000,0.90625,0.03125
topk,cms-heap-topk-fastpath-vector2d,rows=5 cols=16384,zipf,0.0,1000,17783,0.9479166666666666,0.02755990949025615
topk,cms-heap-topk-fastpath-vector2d,rows=5 cols=16384,zipf,0.0,1000,31623,0.9583333333333334,0.010416666666666668
topk,cms-heap-topk-fastpath-vector2d,rows=5 cols=16384,zipf,0.0,1000,56234,0.9375,0.03125
topk,cms-heap-topk-fastpath-vector2d,rows=5 cols=16384,zipf,0.0,1000,100000,0.9895833333333334,0.010416666666666668
topk,cms-heap-topk-fastpath-vector2d,rows=5 cols=16384,zipf,0.0,1000,177828,0.96875,0.018042195912175804
topk,cms-heap-topk-fastpath-vector2d,rows=5 cols=16384,zipf,0.0,1000,316228,0.9583333333333334,0.010416666666666668
topk,cms-heap-topk-fastpath-vector2d,rows=5 cols=16384,zipf,0.0,1000,562341,1.0,0.0
topk,cms-heap-topk-fastpath-vector2d,rows=5 cols=16384,zipf,0.0,1000,1000000,0.9791666666666666,0.010416666666666668
topk,cms-heap-topk-fastpath-vector2d,rows=5 cols=16384,zipf,0.0,1000,1778279,0.9791666666666666,0.010416666666666668
topk,cms-heap-topk-fastpath-vector2d,rows=5 cols=16384,zipf,0.0,1000,3162278,0.9895833333333334,0.010416666666666668
topk,cms-heap-topk-fastpath-vector2d,rows=5 cols=16384,zipf,0.0,1000,5623413,0.9791666666666666,0.010416666666666668
topk,cms-heap-topk-fastpath-vector2d,rows=5 cols=16384,zipf,0.0,1000,10000000,1.0,0.0
topk,cms-heap-topk-fastpath-vector2d,rows=5 cols=16384,zipf,0.0,100000,1000,0.20833333333333334,0.03755782578608322
topk,cms-heap-topk-fastpath-vector2d,rows=5 cols=16384,zipf,0.0,100000,1778,0.5208333333333334,0.07291666666666667
topk,cms-heap-topk-fastpath-vector2d,rows=5 cols=16384,zipf,0.0,100000,3162,0.6458333333333334,0.07511565157216644
topk,cms-heap-topk-fastpath-vector2d,rows=5 cols=16384,zipf,0.0,100000,5623,0.23958333333333334,0.03755782578608322
topk,cms-heap-topk-fastpath-vector2d,rows=5 cols=16384,zipf,0.0,100000,10000,0.5,0.06505206248331664
topk,cms-heap-topk-fastpath-vector2d,rows=5 cols=16384,zipf,0.0,100000,17783,0.3645833333333333,0.03755782578608322
topk,cms-heap-topk-fastpath-vector2d,rows=5 cols=16384,zipf,0.0,100000,31623,0.4479166666666667,0.027559909490256152
topk,cms-heap-topk-fastpath-vector2d,rows=5 cols=16384,zipf,0.0,100000,56234,0.23958333333333334,0.0683066512948125
topk,cms-heap-topk-fastpath-vector2d,rows=5 cols=16384,zipf,0.0,100000,100000,0.16666666666666666,0.010416666666666668
topk,cms-heap-topk-fastpath-vector2d,rows=5 cols=16384,zipf,0.0,100000,177828,0.08333333333333333,0.02755990949025615
topk,cms-heap-topk-fastpath-vector2d,rows=5 cols=16384,zipf,0.0,100000,316228,0.03125,0.03125
topk,cms-heap-topk-fastpath-vector2d,rows=5 cols=16384,zipf,0.0,100000,562341,0.010416666666666666,0.010416666666666668
topk,cms-heap-topk-fastpath-vector2d,rows=5 cols=16384,zipf,0.0,100000,1000000,0.010416666666666666,0.010416666666666668
topk,cms-heap-topk-fastpath-vector2d,rows=5 cols=16384,zipf,0.0,100000,1778279,0.0,0.0
topk,cms-heap-topk-fastpath-vector2d,rows=5 cols=16384,zipf,0.0,100000,3162278,0.0,0.0
topk,cms-heap-topk-fastpath-vector2d,rows=5 cols=16384,zipf,0.0,100000,5623413,0.010416666666666666,0.010416666666666668
topk,cms-heap-topk-fastpath-vector2d,rows=5 cols=16384,zipf,0.0,100000,10000000,0.0,0.0
topk,cms-heap-topk-fastpath-vector2d,rows=5 cols=16384,zipf,0.0,10000000,1000,0.020833333333333332,0.010416666666666668
topk,cms-heap-topk-fastpath-vector2d,rows=5 cols=16384,zipf,0.0,10000000,1778,0.010416666666666666,0.010416666666666668
topk,cms-heap-topk-fastpath-vector2d,rows=5 cols=16384,zipf,0.0,10000000,3162,0.020833333333333332,0.010416666666666668
topk,cms-heap-topk-fastpath-vector2d,rows=5 cols=16384,zipf,0.0,10000000,5623,0.041666666666666664,0.020833333333333336
topk,cms-heap-topk-fastpath-vector2d,rows=5 cols=16384,zipf,0.0,10000000,10000,0.09375,0.047735163489123336
topk,cms-heap-topk-fastpath-vector2d,rows=5 cols=16384,zipf,0.0,10000000,17783,0.07291666666666667,0.03755782578608322
topk,cms-heap-topk-fastpath-vector2d,rows=5 cols=16384,zipf,0.0,10000000,31623,0.052083333333333336,0.020833333333333336
topk,cms-heap-topk-fastpath-vector2d,rows=5 cols=16384,zipf,0.0,10000000,56234,0.020833333333333332,0.010416666666666668
topk,cms-heap-topk-fastpath-vector2d,rows=5 cols=16384,zipf,0.0,10000000,100000,0.0,0.0
topk,cms-heap-topk-fastpath-vector2d,rows=5 cols=16384,zipf,0.0,10000000,177828,0.010416666666666666,0.010416666666666668
topk,cms-heap-topk-fastpath-vector2d,rows=5 cols=16384,zipf,0.0,10000000,316228,0.0,0.0
topk,cms-heap-topk-fastpath-vector2d,rows=5 cols=16384,zipf,0.0,10000000,562341,0.0,0.0
topk,cms-heap-topk-fastpath-vector2d,rows=5 cols=16384,zipf,0.0,10000000,1000000,0.0,0.0
topk,cms-heap-topk-fastpath-vector2d,rows=5 cols=16384,zipf,0.0,10000000,1778279,0.0,0.0
topk,cms-heap-topk-fastpath-vector2d,rows=5 cols=16384,zipf,0.0,10000000,3162278,0.0,0.0
topk,cms-heap-topk-fastpath-vector2d,rows=5 cols=16384,zipf,0.0,10000000,5623413,0.0,0.0
topk,cms-heap-topk-fastpath-vector2d,rows=5 cols=16384,zipf,0.0,10000000,10000000,0.0,0.0
topk,cms-heap-topk-fastpath-vector2d,rows=5 cols=16384,zipf,0.5,1000,1000,0.8854166666666666,0.02755990949025615
topk,cms-heap-topk-fastpath-vector2d,rows=5 cols=16384,zipf,0.5,1000,1778,0.9375,0.03608439182435161
topk,cms-heap-topk-fastpath-vector2d,rows=5 cols=16384,zipf,0.5,1000,3162,1.0,0.0
topk,cms-heap-topk-fastpath-vector2d,rows=5 cols=16384,zipf,0.5,1000,5623,0.9583333333333334,0.010416666666666668
topk,cms-heap-topk-fastpath-vector2d,rows=5 cols=16384,zipf,0.5,1000,10000,1.0,0.0
topk,cms-heap-topk-fastpath-vector2d,rows=5 cols=16384,zipf,0.5,1000,17783,1.0,0.0
topk,cms-heap-topk-fastpath-vector2d,rows=5 cols=16384,zipf,0.5,1000,31623,0.9895833333333334,0.010416666666666668
topk,cms-heap-topk-fastpath-vector2d,rows=5 cols=16384,zipf,0.5,1000,56234,1.0,0.0
topk,cms-heap-topk-fastpath-vector2d,rows=5 cols=16384,zipf,0.5,1000,100000,1.0,0.0
topk,cms-heap-topk-fastpath-vector2d,rows=5 cols=16384,zipf,0.5,1000,177828,0.9895833333333334,0.010416666666666668
topk,cms-heap-topk-fastpath-vector2d,rows=5 cols=16384,zipf,0.5,1000,316228,1.0,0.0
topk,cms-heap-topk-fastpath-vector2d,rows=5 cols=16384,zipf,0.5,1000,562341,1.0,0.0
topk,cms-heap-topk-fastpath-vector2d,rows=5 cols=16384,zipf,0.5,1000,1000000,1.0,0.0
topk,cms-heap-topk-fastpath-vector2d,rows=5 cols=16384,zipf,0.5,1000,1778279,1.0,0.0
topk,cms-heap-topk-fastpath-vector2d,rows=5 cols=16384,zipf,0.5,1000,3162278,1.0,0.0
topk,cms-heap-topk-fastpath-vector2d,rows=5 cols=16384,zipf,0.5,1000,5623413,1.0,0.0
topk,cms-heap-topk-fastpath-vector2d,rows=5 cols=16384,zipf,0.5,1000,10000000,1.0,0.0
topk,cms-heap-topk-fastpath-vector2d,rows=5 cols=16384,zipf,0.5,100000,1000,0.4270833333333333,0.020833333333333336
topk,cms-heap-topk-fastpath-vector2d,rows=5 cols=16384,zipf,0.5,100000,1778,0.8229166666666666,0.06336210969060646
topk,cms-heap-topk-fastpath-vector2d,rows=5 cols=16384,zipf,0.5,100000,3162,0.53125,0.0625
topk,cms-heap-topk-fastpath-vector2d,rows=5 cols=16384,zipf,0.5,100000,5623,0.8541666666666666,0.04166666666666667
topk,cms-heap-topk-fastpath-vector2d,rows=5 cols=16384,zipf,0.5,100000,10000,0.9375,0.03125
topk,cms-heap-topk-fastpath-vector2d,rows=5 cols=16384,zipf,0.5,100000,17783,0.9166666666666666,0.010416666666666668
topk,cms-heap-topk-fastpath-vector2d,rows=5 cols=16384,zipf,0.5,100000,31623,0.9375,0.03125
topk,cms-heap-topk-fastpath-vector2d,rows=5 cols=16384,zipf,0.5,100000,56234,0.9375,0.018042195912175804
topk,cms-heap-topk-fastpath-vector2d,rows=5 cols=16384,zipf,0.5,100000,100000,0.9270833333333334,0.010416666666666668
topk,cms-heap-topk-fastpath-vector2d,rows=5 cols=16384,zipf,0.5,100000,177828,0.9270833333333334,0.010416666666666668
topk,cms-heap-topk-fastpath-vector2d,rows=5 cols=16384,zipf,0.5,100000,316228,0.9583333333333334,0.010416666666666668
topk,cms-heap-topk-fastpath-vector2d,rows=5 cols=16384,zipf,0.5,100000,562341,0.9479166666666666,0.010416666666666668
topk,cms-heap-topk-fastpath-vector2d,rows=5 cols=16384,zipf,0.5,100000,1000000,0.96875,0.0
topk,cms-heap-topk-fastpath-vector2d,rows=5 cols=16384,zipf,0.5,100000,1778279,0.9791666666666666,0.010416666666666668
topk,cms-heap-topk-fastpath-vector2d,rows=5 cols=16384,zipf,0.5,100000,3162278,0.9895833333333334,0.010416666666666668
topk,cms-heap-topk-fastpath-vector2d,rows=5 cols=16384,zipf,0.5,100000,5623413,0.96875,0.0
topk,cms-heap-topk-fastpath-vector2d,rows=5 cols=16384,zipf,0.5,100000,10000000,0.9791666666666666,0.010416666666666668
topk,cms-heap-topk-fastpath-vector2d,rows=5 cols=16384,zipf,0.5,10000000,1000,0.020833333333333332,0.010416666666666668
topk,cms-heap-topk-fastpath-vector2d,rows=5 cols=16384,zipf,0.5,10000000,1778,0.010416666666666666,0.010416666666666668
topk,cms-heap-topk-fastpath-vector2d,rows=5 cols=16384,zipf,0.5,10000000,3162,0.03125,0.018042195912175804
topk,cms-heap-topk-fastpath-vector2d,rows=5 cols=16384,zipf,0.5,10000000,5623,0.10416666666666667,0.055119818980512304
topk,cms-heap-topk-fastpath-vector2d,rows=5 cols=16384,zipf,0.5,10000000,10000,0.3125,0.018042195912175804
topk,cms-heap-topk-fastpath-vector2d,rows=5 cols=16384,zipf,0.5,10000000,17783,0.25,0.03125
topk,cms-heap-topk-fastpath-vector2d,rows=5 cols=16384,zipf,0.5,10000000,31623,0.20833333333333334,0.08135676745736099
topk,cms-heap-topk-fastpath-vector2d,rows=5 cols=16384,zipf,0.5,10000000,56234,0.2708333333333333,0.0683066512948125
topk,cms-heap-topk-fastpath-vector2d,rows=5 cols=16384,zipf,0.5,10000000,100000,0.34375,0.09375
topk,cms-heap-topk-fastpath-vector2d,rows=5 cols=16384,zipf,0.5,10000000,177828,0.59375,0.047735163489123336
topk,cms-heap-topk-fastpath-vector2d,rows=5 cols=16384,zipf,0.5,10000000,316228,0.6875,0.047735163489123336
topk,cms-heap-topk-fastpath-vector2d,rows=5 cols=16384,zipf,0.5,10000000,562341,0.8020833333333334,0.020833333333333332
topk,cms-heap-topk-fastpath-vector2d,rows=5 cols=16384,zipf,0.5,10000000,1000000,0.8333333333333334,0.010416666666666668
topk,cms-heap-topk-fastpath-vector2d,rows=5 cols=16384,zipf,0.5,10000000,1778279,0.90625,0.018042195912175804
topk,cms-heap-topk-fastpath-vector2d,rows=5 cols=16384,zipf,0.5,10000000,3162278,0.8958333333333334,0.010416666666666668
topk,cms-heap-topk-fastpath-vector2d,rows=5 cols=16384,zipf,0.5,10000000,5623413,0.9166666666666666,0.010416666666666668
topk,cms-heap-topk-fastpath-vector2d,rows=5 cols=16384,zipf,0.5,10000000,10000000,0.9479166666666666,0.010416666666666668
topk,cms-heap-topk-fastpath-vector2d,rows=5 cols=16384,zipf,0.8,1000,1000,0.9270833333333334,0.010416666666666668
topk,cms-heap-topk-fastpath-vector2d,rows=5 cols=16384,zipf,0.8,1000,1778,0.9895833333333334,0.010416666666666668
topk,cms-heap-topk-fastpath-vector2d,rows=5 cols=16384,zipf,0.8,1000,3162,0.9895833333333334,0.010416666666666668
topk,cms-heap-topk-fastpath-vector2d,rows=5 cols=16384,zipf,0.8,1000,5623,1.0,0.0
topk,cms-heap-topk-fastpath-vector2d,rows=5 cols=16384,zipf,0.8,1000,10000,0.9895833333333334,0.010416666666666668
topk,cms-heap-topk-fastpath-vector2d,rows=5 cols=16384,zipf,0.8,1000,17783,1.0,0.0
topk,cms-heap-topk-fastpath-vector2d,rows=5 cols=16384,zipf,0.8,1000,31623,1.0,0.0
topk,cms-heap-topk-fastpath-vector2d,rows=5 cols=16384,zipf,0.8,1000,56234,0.9895833333333334,0.010416666666666668
topk,cms-heap-topk-fastpath-vector2d,rows=5 cols=16384,zipf,0.8,1000,100000,1.0,0.0
topk,cms-heap-topk-fastpath-vector2d,rows=5 cols=16384,zipf,0.8,1000,177828,1.0,0.0
topk,cms-heap-topk-fastpath-vector2d,rows=5 cols=16384,zipf,0.8,1000,316228,1.0,0.0
topk,cms-heap-topk-fastpath-vector2d,rows=5 cols=16384,zipf,0.8,1000,562341,1.0,0.0
topk,cms-heap-topk-fastpath-vector2d,rows=5 cols=16384,zipf,0.8,1000,1000000,1.0,0.0
topk,cms-heap-topk-fastpath-vector2d,rows=5 cols=16384,zipf,0.8,1000,1778279,1.0,0.0
topk,cms-heap-topk-fastpath-vector2d,rows=5 cols=16384,zipf,0.8,1000,3162278,1.0,0.0
topk,cms-heap-topk-fastpath-vector2d,rows=5 cols=16384,zipf,0.8,1000,5623413,1.0,0.0
topk,cms-heap-topk-fastpath-vector2d,rows=5 cols=16384,zipf,0.8,1000,10000000,1.0,0.0
topk,cms-heap-topk-fastpath-vector2d,rows=5 cols=16384,zipf,0.8,100000,1000,0.8229166666666666,0.010416666666666668
topk,cms-heap-topk-fastpath-vector2d,rows=5 cols=16384,zipf,0.8,100000,1778,0.8958333333333334,0.04540519732854868
topk,cms-heap-topk-fastpath-vector2d,rows=5 cols=16384,zipf,0.8,100000,3162,0.9791666666666666,0.020833333333333332
topk,cms-heap-topk-fastpath-vector2d,rows=5 cols=16384,zipf,0.8,100000,5623,0.96875,0.018042195912175804
topk,cms-heap-topk-fastpath-vector2d,rows=5 cols=16384,zipf,0.8,100000,10000,0.9791666666666666,0.010416666666666668
topk,cms-heap-topk-fastpath-vector2d,rows=5 cols=16384,zipf,0.8,100000,17783,0.9791666666666666,0.010416666666666668
topk,cms-heap-topk-fastpath-vector2d,rows=5 cols=16384,zipf,0.8,100000,31623,1.0,0.0
topk,cms-heap-topk-fastpath-vector2d,rows=5 cols=16384,zipf,0.8,100000,56234,0.96875,0.0
topk,cms-heap-topk-fastpath-vector2d,rows=5 cols=16384,zipf,0.8,100000,100000,1.0,0.0
topk,cms-heap-topk-fastpath-vector2d,rows=5 cols=16384,zipf,0.8,100000,177828,0.9895833333333334,0.010416666666666668
topk,cms-heap-topk-fastpath-vector2d,rows=5 cols=16384,zipf,0.8,100000,316228,1.0,0.0
topk,cms-heap-topk-fastpath-vector2d,rows=5 cols=16384,zipf,0.8,100000,562341,1.0,0.0
topk,cms-heap-topk-fastpath-vector2d,rows=5 cols=16384,zipf,0.8,100000,1000000,0.9895833333333334,0.010416666666666668
topk,cms-heap-topk-fastpath-vector2d,rows=5 cols=16384,zipf,0.8,100000,1778279,0.9895833333333334,0.010416666666666668
topk,cms-heap-topk-fastpath-vector2d,rows=5 cols=16384,zipf,0.8,100000,3162278,1.0,0.0
topk,cms-heap-topk-fastpath-vector2d,rows=5 cols=16384,zipf,0.8,100000,5623413,1.0,0.0
topk,cms-heap-topk-fastpath-vector2d,rows=5 cols=16384,zipf,0.8,100000,10000000,1.0,0.0
topk,cms-heap-topk-fastpath-vector2d,rows=5 cols=16384,zipf,0.8,10000000,1000,0.5104166666666666,0.04540519732854868
topk,cms-heap-topk-fastpath-vector2d,rows=5 cols=16384,zipf,0.8,10000000,1778,0.8541666666666666,0.027559909490256152
topk,cms-heap-topk-fastpath-vector2d,rows=5 cols=16384,zipf,0.8,10000000,3162,0.8645833333333334,0.010416666666666668
topk,cms-heap-topk-fastpath-vector2d,rows=5 cols=16384,zipf,0.8,10000000,5623,0.9479166666666666,0.010416666666666668
topk,cms-heap-topk-fastpath-vector2d,rows=5 cols=16384,zipf,0.8,10000000,10000,0.96875,0.0
topk,cms-heap-topk-fastpath-vector2d,rows=5 cols=16384,zipf,0.8,10000000,17783,0.9583333333333334,0.010416666666666668
topk,cms-heap-topk-fastpath-vector2d,rows=5 cols=16384,zipf,0.8,10000000,31623,0.96875,0.0
topk,cms-heap-topk-fastpath-vector2d,rows=5 cols=16384,zipf,0.8,10000000,56234,0.9895833333333334,0.010416666666666668
topk,cms-heap-topk-fastpath-vector2d,rows=5 cols=16384,zipf,0.8,10000000,100000,0.9895833333333334,0.010416666666666668
topk,cms-heap-topk-fastpath-vector2d,rows=5 cols=16384,zipf,0.8,10000000,177828,0.9791666666666666,0.010416666666666668
topk,cms-heap-topk-fastpath-vector2d,rows=5 cols=16384,zipf,0.8,10000000,316228,0.9895833333333334,0.010416666666666668
topk,cms-heap-topk-fastpath-vector2d,rows=5 cols=16384,zipf,0.8,10000000,562341,0.9791666666666666,0.010416666666666668
topk,cms-heap-topk-fastpath-vector2d,rows=5 cols=16384,zipf,0.8,10000000,1000000,0.96875,0.0
topk,cms-heap-topk-fastpath-vector2d,rows=5 cols=16384,zipf,0.8,10000000,1778279,1.0,0.0
topk,cms-heap-topk-fastpath-vector2d,rows=5 cols=16384,zipf,0.8,10000000,3162278,1.0,0.0
topk,cms-heap-topk-fastpath-vector2d,rows=5 cols=16384,zipf,0.8,10000000,5623413,1.0,0.0
topk,cms-heap-topk-fastpath-vector2d,rows=5 cols=16384,zipf,0.8,10000000,10000000,1.0,0.0
topk,cms-heap-topk-fastpath-vector2d,rows=5 cols=16384,zipf,1.0,1000,1000,0.9583333333333334,0.02755990949025615
topk,cms-heap-topk-fastpath-vector2d,rows=5 cols=16384,zipf,1.0,1000,1778,0.9583333333333334,0.010416666666666668
topk,cms-heap-topk-fastpath-vector2d,rows=5 cols=16384,zipf,1.0,1000,3162,0.96875,0.018042195912175804
topk,cms-heap-topk-fastpath-vector2d,rows=5 cols=16384,zipf,1.0,1000,5623,0.9895833333333334,0.010416666666666668
topk,cms-heap-topk-fastpath-vector2d,rows=5 cols=16384,zipf,1.0,1000,10000,1.0,0.0
topk,cms-heap-topk-fastpath-vector2d,rows=5 cols=16384,zipf,1.0,1000,17783,0.9895833333333334,0.010416666666666668
topk,cms-heap-topk-fastpath-vector2d,rows=5 cols=16384,zipf,1.0,1000,31623,1.0,0.0
topk,cms-heap-topk-fastpath-vector2d,rows=5 cols=16384,zipf,1.0,1000,56234,1.0,0.0
topk,cms-heap-topk-fastpath-vector2d,rows=5 cols=16384,zipf,1.0,1000,100000,1.0,0.0
topk,cms-heap-topk-fastpath-vector2d,rows=5 cols=16384,zipf,1.0,1000,177828,1.0,0.0
topk,cms-heap-topk-fastpath-vector2d,rows=5 cols=16384,zipf,1.0,1000,316228,1.0,0.0
topk,cms-heap-topk-fastpath-vector2d,rows=5 cols=16384,zipf,1.0,1000,562341,1.0,0.0
topk,cms-heap-topk-fastpath-vector2d,rows=5 cols=16384,zipf,1.0,1000,1000000,1.0,0.0
topk,cms-heap-topk-fastpath-vector2d,rows=5 cols=16384,zipf,1.0,1000,1778279,1.0,0.0
topk,cms-heap-topk-fastpath-vector2d,rows=5 cols=16384,zipf,1.0,1000,3162278,1.0,0.0
topk,cms-heap-topk-fastpath-vector2d,rows=5 cols=16384,zipf,1.0,1000,5623413,1.0,0.0
topk,cms-heap-topk-fastpath-vector2d,rows=5 cols=16384,zipf,1.0,1000,10000000,1.0,0.0
topk,cms-heap-topk-fastpath-vector2d,rows=5 cols=16384,zipf,1.0,100000,1000,0.8854166666666666,0.010416666666666668
topk,cms-heap-topk-fastpath-vector2d,rows=5 cols=16384,zipf,1.0,100000,1778,0.9479166666666666,0.010416666666666668
topk,cms-heap-topk-fastpath-vector2d,rows=5 cols=16384,zipf,1.0,100000,3162,0.9583333333333334,0.02755990949025615
topk,cms-heap-topk-fastpath-vector2d,rows=5 cols=16384,zipf,1.0,100000,5623,0.9895833333333334,0.010416666666666668
topk,cms-heap-topk-fastpath-vector2d,rows=5 cols=16384,zipf,1.0,100000,10000,0.9895833333333334,0.010416666666666668
topk,cms-heap-topk-fastpath-vector2d,rows=5 cols=16384,zipf,1.0,100000,17783,1.0,0.0
topk,cms-heap-topk-fastpath-vector2d,rows=5 cols=16384,zipf,1.0,100000,31623,0.9791666666666666,0.010416666666666668
topk,cms-heap-topk-fastpath-vector2d,rows=5 cols=16384,zipf,1.0,100000,56234,0.9895833333333334,0.010416666666666668
topk,cms-heap-topk-fastpath-vector2d,rows=5 cols=16384,zipf,1.0,100000,100000,0.9895833333333334,0.010416666666666668
topk,cms-heap-topk-fastpath-vector2d,rows=5 cols=16384,zipf,1.0,100000,177828,1.0,0.0
topk,cms-heap-topk-fastpath-vector2d,rows=5 cols=16384,zipf,1.0,100000,316228,1.0,0.0
topk,cms-heap-topk-fastpath-vector2d,rows=5 cols=16384,zipf,1.0,100000,562341,1.0,0.0
topk,cms-heap-topk-fastpath-vector2d,rows=5 cols=16384,zipf,1.0,100000,1000000,0.9895833333333334,0.010416666666666668
topk,cms-heap-topk-fastpath-vector2d,rows=5 cols=16384,zipf,1.0,100000,1778279,1.0,0.0
topk,cms-heap-topk-fastpath-vector2d,rows=5 cols=16384,zipf,1.0,100000,3162278,1.0,0.0
topk,cms-heap-topk-fastpath-vector2d,rows=5 cols=16384,zipf,1.0,100000,5623413,1.0,0.0
topk,cms-heap-topk-fastpath-vector2d,rows=5 cols=16384,zipf,1.0,100000,10000000,1.0,0.0
topk,cms-heap-topk-fastpath-vector2d,rows=5 cols=16384,zipf,1.0,10000000,1000,0.84375,0.018042195912175804
topk,cms-heap-topk-fastpath-vector2d,rows=5 cols=16384,zipf,1.0,10000000,1778,0.9166666666666666,0.02755990949025615
topk,cms-heap-topk-fastpath-vector2d,rows=5 cols=16384,zipf,1.0,10000000,3162,0.9375,0.018042195912175804
topk,cms-heap-topk-fastpath-vector2d,rows=5 cols=16384,zipf,1.0,10000000,5623,0.9895833333333334,0.010416666666666668
topk,cms-heap-topk-fastpath-vector2d,rows=5 cols=16384,zipf,1.0,10000000,10000,0.9791666666666666,0.010416666666666668
topk,cms-heap-topk-fastpath-vector2d,rows=5 cols=16384,zipf,1.0,10000000,17783,1.0,0.0
topk,cms-heap-topk-fastpath-vector2d,rows=5 cols=16384,zipf,1.0,10000000,31623,0.9895833333333334,0.010416666666666668
topk,cms-heap-topk-fastpath-vector2d,rows=5 cols=16384,zipf,1.0,10000000,56234,1.0,0.0
topk,cms-heap-topk-fastpath-vector2d,rows=5 cols=16384,zipf,1.0,10000000,100000,1.0,0.0
topk,cms-heap-topk-fastpath-vector2d,rows=5 cols=16384,zipf,1.0,10000000,177828,1.0,0.0
topk,cms-heap-topk-fastpath-vector2d,rows=5 cols=16384,zipf,1.0,10000000,316228,1.0,0.0
topk,cms-heap-topk-fastpath-vector2d,rows=5 cols=16384,zipf,1.0,10000000,562341,0.9895833333333334,0.010416666666666668
topk,cms-heap-topk-fastpath-vector2d,rows=5 cols=16384,zipf,1.0,10000000,1000000,1.0,0.0
topk,cms-heap-topk-fastpath-vector2d,rows=5 cols=16384,zipf,1.0,10000000,1778279,1.0,0.0
topk,cms-heap-topk-fastpath-vector2d,rows=5 cols=16384,zipf,1.0,10000000,3162278,1.0,0.0
topk,cms-heap-topk-fastpath-vector2d,rows=5 cols=16384,zipf,1.0,10000000,5623413,1.0,0.0
topk,cms-heap-topk-fastpath-vector2d,rows=5 cols=16384,zipf,1.0,10000000,10000000,1.0,0.0
topk,cms-heap-topk-fastpath-vector2d,rows=5 cols=16384,zipf,1.2,1000,1000,0.96875,0.0
topk,cms-heap-topk-fastpath-vector2d,rows=5 cols=16384,zipf,1.2,1000,1778,0.9479166666666666,0.010416666666666668
topk,cms-heap-topk-fastpath-vector2d,rows=5 cols=16384,zipf,1.2,1000,3162,0.96875,0.0
topk,cms-heap-topk-fastpath-vector2d,rows=5 cols=16384,zipf,1.2,1000,5623,0.9895833333333334,0.010416666666666668
topk,cms-heap-topk-fastpath-vector2d,rows=5 cols=16384,zipf,1.2,1000,10000,1.0,0.0
topk,cms-heap-topk-fastpath-vector2d,rows=5 cols=16384,zipf,1.2,1000,17783,1.0,0.0
topk,cms-heap-topk-fastpath-vector2d,rows=5 cols=16384,zipf,1.2,1000,31623,1.0,0.0
topk,cms-heap-topk-fastpath-vector2d,rows=5 cols=16384,zipf,1.2,1000,56234,1.0,0.0
topk,cms-heap-topk-fastpath-vector2d,rows=5 cols=16384,zipf,1.2,1000,100000,1.0,0.0
topk,cms-heap-topk-fastpath-vector2d,rows=5 cols=16384,zipf,1.2,1000,177828,1.0,0.0
topk,cms-heap-topk-fastpath-vector2d,rows=5 cols=16384,zipf,1.2,1000,316228,1.0,0.0
topk,cms-heap-topk-fastpath-vector2d,rows=5 cols=16384,zipf,1.2,1000,562341,1.0,0.0
topk,cms-heap-topk-fastpath-vector2d,rows=5 cols=16384,zipf,1.2,1000,1000000,1.0,0.0
topk,cms-heap-topk-fastpath-vector2d,rows=5 cols=16384,zipf,1.2,1000,1778279,1.0,0.0
topk,cms-heap-topk-fastpath-vector2d,rows=5 cols=16384,zipf,1.2,1000,3162278,1.0,0.0
topk,cms-heap-topk-fastpath-vector2d,rows=5 cols=16384,zipf,1.2,1000,5623413,1.0,0.0
topk,cms-heap-topk-fastpath-vector2d,rows=5 cols=16384,zipf,1.2,1000,10000000,1.0,0.0
topk,cms-heap-topk-fastpath-vector2d,rows=5 cols=16384,zipf,1.2,100000,1000,0.9791666666666666,0.010416666666666668
topk,cms-heap-topk-fastpath-vector2d,rows=5 cols=16384,zipf,1.2,100000,1778,0.96875,0.0
topk,cms-heap-topk-fastpath-vector2d,rows=5 cols=16384,zipf,1.2,100000,3162,0.9791666666666666,0.010416666666666668
topk,cms-heap-topk-fastpath-vector2d,rows=5 cols=16384,zipf,1.2,100000,5623,0.9895833333333334,0.010416666666666668
topk,cms-heap-topk-fastpath-vector2d,rows=5 cols=16384,zipf,1.2,100000,10000,0.9895833333333334,0.010416666666666668
topk,cms-heap-topk-fastpath-vector2d,rows=5 cols=16384,zipf,1.2,100000,17783,1.0,0.0
topk,cms-heap-topk-fastpath-vector2d,rows=5 cols=16384,zipf,1.2,100000,31623,1.0,0.0
topk,cms-heap-topk-fastpath-vector2d,rows=5 cols=16384,zipf,1.2,100000,56234,1.0,0.0
topk,cms-heap-topk-fastpath-vector2d,rows=5 cols=16384,zipf,1.2,100000,100000,1.0,0.0
topk,cms-heap-topk-fastpath-vector2d,rows=5 cols=16384,zipf,1.2,100000,177828,0.9895833333333334,0.010416666666666668
topk,cms-heap-topk-fastpath-vector2d,rows=5 cols=16384,zipf,1.2,100000,316228,1.0,0.0
topk,cms-heap-topk-fastpath-vector2d,rows=5 cols=16384,zipf,1.2,100000,562341,1.0,0.0
topk,cms-heap-topk-fastpath-vector2d,rows=5 cols=16384,zipf,1.2,100000,1000000,1.0,0.0
topk,cms-heap-topk-fastpath-vector2d,rows=5 cols=16384,zipf,1.2,100000,1778279,1.0,0.0
topk,cms-heap-topk-fastpath-vector2d,rows=5 cols=16384,zipf,1.2,100000,3162278,1.0,0.0
topk,cms-heap-topk-fastpath-vector2d,rows=5 cols=16384,zipf,1.2,100000,5623413,1.0,0.0
topk,cms-heap-topk-fastpath-vector2d,rows=5 cols=16384,zipf,1.2,100000,10000000,1.0,0.0
topk,cms-heap-topk-fastpath-vector2d,rows=5 cols=16384,zipf,1.2,10000000,1000,0.9270833333333334,0.05799754544614606
topk,cms-heap-topk-fastpath-vector2d,rows=5 cols=16384,zipf,1.2,10000000,1778,0.9583333333333334,0.010416666666666668
topk,cms-heap-topk-fastpath-vector2d,rows=5 cols=16384,zipf,1.2,10000000,3162,0.9791666666666666,0.010416666666666668
topk,cms-heap-topk-fastpath-vector2d,rows=5 cols=16384,zipf,1.2,10000000,5623,0.9791666666666666,0.010416666666666668
topk,cms-heap-topk-fastpath-vector2d,rows=5 cols=16384,zipf,1.2,10000000,10000,0.9895833333333334,0.010416666666666668
topk,cms-heap-topk-fastpath-vector2d,rows=5 cols=16384,zipf,1.2,10000000,17783,1.0,0.0
topk,cms-heap-topk-fastpath-vector2d,rows=5 cols=16384,zipf,1.2,10000000,31623,1.0,0.0
topk,cms-heap-topk-fastpath-vector2d,rows=5 cols=16384,zipf,1.2,10000000,56234,1.0,0.0
topk,cms-heap-topk-fastpath-vector2d,rows=5 cols=16384,zipf,1.2,10000000,100000,1.0,0.0
topk,cms-heap-topk-fastpath-vector2d,rows=5 cols=16384,zipf,1.2,10000000,177828,0.9895833333333334,0.010416666666666668
topk,cms-heap-topk-fastpath-vector2d,rows=5 cols=16384,zipf,1.2,10000000,316228,1.0,0.0
topk,cms-heap-topk-fastpath-vector2d,rows=5 cols=16384,zipf,1.2,10000000,562341,0.9895833333333334,0.010416666666666668
topk,cms-heap-topk-fastpath-vector2d,rows=5 cols=16384,zipf,1.2,10000000,1000000,1.0,0.0
topk,cms-heap-topk-fastpath-vector2d,rows=5 cols=16384,zipf,1.2,10000000,1778279,1.0,0.0
topk,cms-heap-topk-fastpath-vector2d,rows=5 cols=16384,zipf,1.2,10000000,3162278,1.0,0.0
topk,cms-heap-topk-fastpath-vector2d,rows=5 cols=16384,zipf,1.2,10000000,5623413,1.0,0.0
topk,cms-heap-topk-fastpath-vector2d,rows=5 cols=16384,zipf,1.2,10000000,10000000,1.0,0.0
topk,cms-heap-topk-fastpath-vector2d,rows=5 cols=16384,zipf,1.5,1000,1000,0.9375,0.018042195912175804
topk,cms-heap-topk-fastpath-vector2d,rows=5 cols=16384,zipf,1.5,1000,1778,0.96875,0.018042195912175804
topk,cms-heap-topk-fastpath-vector2d,rows=5 cols=16384,zipf,1.5,1000,3162,0.9791666666666666,0.010416666666666668
topk,cms-heap-topk-fastpath-vector2d,rows=5 cols=16384,zipf,1.5,1000,5623,1.0,0.0
topk,cms-heap-topk-fastpath-vector2d,rows=5 cols=16384,zipf,1.5,1000,10000,1.0,0.0
topk,cms-heap-topk-fastpath-vector2d,rows=5 cols=16384,zipf,1.5,1000,17783,0.9895833333333334,0.010416666666666668
topk,cms-heap-topk-fastpath-vector2d,rows=5 cols=16384,zipf,1.5,1000,31623,1.0,0.0
topk,cms-heap-topk-fastpath-vector2d,rows=5 cols=16384,zipf,1.5,1000,56234,1.0,0.0
topk,cms-heap-topk-fastpath-vector2d,rows=5 cols=16384,zipf,1.5,1000,100000,1.0,0.0
topk,cms-heap-topk-fastpath-vector2d,rows=5 cols=16384,zipf,1.5,1000,177828,1.0,0.0
topk,cms-heap-topk-fastpath-vector2d,rows=5 cols=16384,zipf,1.5,1000,316228,1.0,0.0
topk,cms-heap-topk-fastpath-vector2d,rows=5 cols=16384,zipf,1.5,1000,562341,1.0,0.0
topk,cms-heap-topk-fastpath-vector2d,rows=5 cols=16384,zipf,1.5,1000,1000000,1.0,0.0
topk,cms-heap-topk-fastpath-vector2d,rows=5 cols=16384,zipf,1.5,1000,1778279,1.0,0.0
topk,cms-heap-topk-fastpath-vector2d,rows=5 cols=16384,zipf,1.5,1000,3162278,1.0,0.0
topk,cms-heap-topk-fastpath-vector2d,rows=5 cols=16384,zipf,1.5,1000,5623413,1.0,0.0
topk,cms-heap-topk-fastpath-vector2d,rows=5 cols=16384,zipf,1.5,1000,10000000,1.0,0.0
topk,cms-heap-topk-fastpath-vector2d,rows=5 cols=16384,zipf,1.5,100000,1000,0.96875,0.03125
topk,cms-heap-topk-fastpath-vector2d,rows=5 cols=16384,zipf,1.5,100000,1778,0.96875,0.0
topk,cms-heap-topk-fastpath-vector2d,rows=5 cols=16384,zipf,1.5,100000,3162,0.9895833333333334,0.010416666666666668
topk,cms-heap-topk-fastpath-vector2d,rows=5 cols=16384,zipf,1.5,100000,5623,0.9791666666666666,0.020833333333333332
topk,cms-heap-topk-fastpath-vector2d,rows=5 cols=16384,zipf,1.5,100000,10000,0.9791666666666666,0.010416666666666668
topk,cms-heap-topk-fastpath-vector2d,rows=5 cols=16384,zipf,1.5,100000,17783,0.9895833333333334,0.010416666666666668
topk,cms-heap-topk-fastpath-vector2d,rows=5 cols=16384,zipf,1.5,100000,31623,1.0,0.0
topk,cms-heap-topk-fastpath-vector2d,rows=5 cols=16384,zipf,1.5,100000,56234,1.0,0.0
topk,cms-heap-topk-fastpath-vector2d,rows=5 cols=16384,zipf,1.5,100000,100000,1.0,0.0
topk,cms-heap-topk-fastpath-vector2d,rows=5 cols=16384,zipf,1.5,100000,177828,1.0,0.0
topk,cms-heap-topk-fastpath-vector2d,rows=5 cols=16384,zipf,1.5,100000,316228,1.0,0.0
topk,cms-heap-topk-fastpath-vector2d,rows=5 cols=16384,zipf,1.5,100000,562341,1.0,0.0
topk,cms-heap-topk-fastpath-vector2d,rows=5 cols=16384,zipf,1.5,100000,1000000,1.0,0.0
topk,cms-heap-topk-fastpath-vector2d,rows=5 cols=16384,zipf,1.5,100000,1778279,1.0,0.0
topk,cms-heap-topk-fastpath-vector2d,rows=5 cols=16384,zipf,1.5,100000,3162278,1.0,0.0
topk,cms-heap-topk-fastpath-vector2d,rows=5 cols=16384,zipf,1.5,100000,5623413,1.0,0.0
topk,cms-heap-topk-fastpath-vector2d,rows=5 cols=16384,zipf,1.5,100000,10000000,1.0,0.0
topk,cms-heap-topk-fastpath-vector2d,rows=5 cols=16384,zipf,1.5,10000000,1000,0.9479166666666666,0.010416666666666668
topk,cms-heap-topk-fastpath-vector2d,rows=5 cols=16384,zipf,1.5,10000000,1778,0.9791666666666666,0.010416666666666668
topk,cms-heap-topk-fastpath-vector2d,rows=5 cols=16384,zipf,1.5,10000000,3162,0.96875,0.018042195912175804
topk,cms-heap-topk-fastpath-vector2d,rows=5 cols=16384,zipf,1.5,10000000,5623,0.9895833333333334,0.010416666666666668
topk,cms-heap-topk-fastpath-vector2d,rows=5 cols=16384,zipf,1.5,10000000,10000,0.9895833333333334,0.010416666666666668
topk,cms-heap-topk-fastpath-vector2d,rows=5 cols=16384,zipf,1.5,10000000,17783,1.0,0.0
topk,cms-heap-topk-fastpath-vector2d,rows=5 cols=16384,zipf,1.5,10000000,31623,1.0,0.0
topk,cms-heap-topk-fastpath-vector2d,rows=5 cols=16384,zipf,1.5,10000000,56234,1.0,0.0
topk,cms-heap-topk-fastpath-vector2d,rows=5 cols=16384,zipf,1.5,10000000,100000,1.0,0.0
topk,cms-heap-topk-fastpath-vector2d,rows=5 cols=16384,zipf,1.5,10000000,177828,1.0,0.0
topk,cms-heap-topk-fastpath-vector2d,rows=5 cols=16384,zipf,1.5,10000000,316228,1.0,0.0
topk,cms-heap-topk-fastpath-vector2d,rows=5 cols=16384,zipf,1.5,10000000,562341,1.0,0.0
topk,cms-heap-topk-fastpath-vector2d,rows=5 cols=16384,zipf,1.5,10000000,1000000,1.0,0.0
topk,cms-heap-topk-fastpath-vector2d,rows=5 cols=16384,zipf,1.5,10000000,1778279,1.0,0.0
topk,cms-heap-topk-fastpath-vector2d,rows=5 cols=16384,zipf,1.5,10000000,3162278,1.0,0.0
topk,cms-heap-topk-fastpath-vector2d,rows=5 cols=16384,zipf,1.5,10000000,5623413,1.0,0.0
topk,cms-heap-topk-fastpath-vector2d,rows=5 cols=16384,zipf,1.5,10000000,10000000,1.0,0.0
topk,cms-heap-topk-fastpath-vector2d,rows=5 cols=16384,zipf,2.0,1000,1000,0.875,0.018042195912175804
topk,cms-heap-topk-fastpath-vector2d,rows=5 cols=16384,zipf,2.0,1000,1778,0.90625,0.03125
topk,cms-heap-topk-fastpath-vector2d,rows=5 cols=16384,zipf,2.0,1000,3162,0.9375,0.018042195912175804
topk,cms-heap-topk-fastpath-vector2d,rows=5 cols=16384,zipf,2.0,1000,5623,0.9791666666666666,0.010416666666666668
topk,cms-heap-topk-fastpath-vector2d,rows=5 cols=16384,zipf,2.0,1000,10000,1.0,0.0
topk,cms-heap-topk-fastpath-vector2d,rows=5 cols=16384,zipf,2.0,1000,17783,0.9791666666666666,0.010416666666666668
topk,cms-heap-topk-fastpath-vector2d,rows=5 cols=16384,zipf,2.0,1000,31623,1.0,0.0
topk,cms-heap-topk-fastpath-vector2d,rows=5 cols=16384,zipf,2.0,1000,56234,1.0,0.0
topk,cms-heap-topk-fastpath-vector2d,rows=5 cols=16384,zipf,2.0,1000,100000,1.0,0.0
topk,cms-heap-topk-fastpath-vector2d,rows=5 cols=16384,zipf,2.0,1000,177828,1.0,0.0
topk,cms-heap-topk-fastpath-vector2d,rows=5 cols=16384,zipf,2.0,1000,316228,1.0,0.0
topk,cms-heap-topk-fastpath-vector2d,rows=5 cols=16384,zipf,2.0,1000,562341,1.0,0.0
topk,cms-heap-topk-fastpath-vector2d,rows=5 cols=16384,zipf,2.0,1000,1000000,1.0,0.0
topk,cms-heap-topk-fastpath-vector2d,rows=5 cols=16384,zipf,2.0,1000,1778279,1.0,0.0
topk,cms-heap-topk-fastpath-vector2d,rows=5 cols=16384,zipf,2.0,1000,3162278,1.0,0.0
topk,cms-heap-topk-fastpath-vector2d,rows=5 cols=16384,zipf,2.0,1000,5623413,1.0,0.0
topk,cms-heap-topk-fastpath-vector2d,rows=5 cols=16384,zipf,2.0,1000,10000000,1.0,0.0
topk,cms-heap-topk-fastpath-vector2d,rows=5 cols=16384,zipf,2.0,100000,1000,0.8645833333333334,0.02755990949025615
topk,cms-heap-topk-fastpath-vector2d,rows=5 cols=16384,zipf,2.0,100000,1778,0.8958333333333334,0.010416666666666668
topk,cms-heap-topk-fastpath-vector2d,rows=5 cols=16384,zipf,2.0,100000,3162,0.9479166666666666,0.010416666666666668
topk,cms-heap-topk-fastpath-vector2d,rows=5 cols=16384,zipf,2.0,100000,5623,1.0,0.0
topk,cms-heap-topk-fastpath-vector2d,rows=5 cols=16384,zipf,2.0,100000,10000,0.9791666666666666,0.010416666666666668
topk,cms-heap-topk-fastpath-vector2d,rows=5 cols=16384,zipf,2.0,100000,17783,0.9895833333333334,0.010416666666666668
topk,cms-heap-topk-fastpath-vector2d,rows=5 cols=16384,zipf,2.0,100000,31623,1.0,0.0
topk,cms-heap-topk-fastpath-vector2d,rows=5 cols=16384,zipf,2.0,100000,56234,1.0,0.0
topk,cms-heap-topk-fastpath-vector2d,rows=5 cols=16384,zipf,2.0,100000,100000,1.0,0.0
topk,cms-heap-topk-fastpath-vector2d,rows=5 cols=16384,zipf,2.0,100000,177828,1.0,0.0
topk,cms-heap-topk-fastpath-vector2d,rows=5 cols=16384,zipf,2.0,100000,316228,1.0,0.0
topk,cms-heap-topk-fastpath-vector2d,rows=5 cols=16384,zipf,2.0,100000,562341,1.0,0.0
topk,cms-heap-topk-fastpath-vector2d,rows=5 cols=16384,zipf,2.0,100000,1000000,1.0,0.0
topk,cms-heap-topk-fastpath-vector2d,rows=5 cols=16384,zipf,2.0,100000,1778279,1.0,0.0
topk,cms-heap-topk-fastpath-vector2d,rows=5 cols=16384,zipf,2.0,100000,3162278,1.0,0.0
topk,cms-heap-topk-fastpath-vector2d,rows=5 cols=16384,zipf,2.0,100000,5623413,1.0,0.0
topk,cms-heap-topk-fastpath-vector2d,rows=5 cols=16384,zipf,2.0,100000,10000000,1.0,0.0
topk,cms-heap-topk-fastpath-vector2d,rows=5 cols=16384,zipf,2.0,10000000,1000,0.8645833333333334,0.02755990949025615
topk,cms-heap-topk-fastpath-vector2d,rows=5 cols=16384,zipf,2.0,10000000,1778,0.8958333333333334,0.010416666666666668
topk,cms-heap-topk-fastpath-vector2d,rows=5 cols=16384,zipf,2.0,10000000,3162,0.9375,0.018042195912175804
topk,cms-heap-topk-fastpath-vector2d,rows=5 cols=16384,zipf,2.0,10000000,5623,1.0,0.0
topk,cms-heap-topk-fastpath-vector2d,rows=5 cols=16384,zipf,2.0,10000000,10000,0.96875,0.0
topk,cms-heap-topk-fastpath-vector2d,rows=5 cols=16384,zipf,2.0,10000000,17783,0.9791666666666666,0.010416666666666668
topk,cms-heap-topk-fastpath-vector2d,rows=5 cols=16384,zipf,2.0,10000000,31623,1.0,0.0
topk,cms-heap-topk-fastpath-vector2d,rows=5 cols=16384,zipf,2.0,10000000,56234,1.0,0.0
topk,cms-heap-topk-fastpath-vector2d,rows=5 cols=16384,zipf,2.0,10000000,100000,1.0,0.0
topk,cms-heap-topk-fastpath-vector2d,rows=5 cols=16384,zipf,2.0,10000000,177828,1.0,0.0
topk,cms-heap-topk-fastpath-vector2d,rows=5 cols=16384,zipf,2.0,10000000,316228,1.0,0.0
topk,cms-heap-topk-fastpath-vector2d,rows=5 cols=16384,zipf,2.0,10000000,562341,1.0,0.0
topk,cms-heap-topk-fastpath-vector2d,rows=5 cols=16384,zipf,2.0,10000000,1000000,1.0,0.0
topk,cms-heap-topk-fastpath-vector2d,rows=5 cols=16384,zipf,2.0,10000000,1778279,1.0,0.0
topk,cms-heap-topk-fastpath-vector2d,rows=5 cols=16384,zipf,2.0,10000000,3162278,1.0,0.0
topk,cms-heap-topk-fastpath-vector2d,rows=5 cols=16384,zipf,2.0,10000000,5623413,1.0,0.0
topk,cms-heap-topk-fastpath-vector2d,rows=5 cols=16384,zipf,2.0,10000000,10000000,1.0,0.0
topk,cms-heap-topk-fastpath-vector2d,rows=5 cols=16384,zipf,1.1,10000,1000,0.9479166666666666,0.010416666666666668
topk,cms-heap-topk-fastpath-vector2d,rows=5 cols=16384,zipf,1.1,10000,1778,0.9791666666666666,0.010416666666666668
topk,cms-heap-topk-fastpath-vector2d,rows=5 cols=16384,zipf,1.1,10000,3162,0.9791666666666666,0.010416666666666668
topk,cms-heap-topk-fastpath-vector2d,rows=5 cols=16384,zipf,1.1,10000,5623,0.9895833333333334,0.010416666666666668
topk,cms-heap-topk-fastpath-vector2d,rows=5 cols=16384,zipf,1.1,10000,10000,0.9895833333333334,0.010416666666666668
topk,cms-heap-topk-fastpath-vector2d,rows=5 cols=16384,zipf,1.1,10000,17783,1.0,0.0
topk,cms-heap-topk-fastpath-vector2d,rows=5 cols=16384,zipf,1.1,10000,31623,1.0,0.0
topk,cms-heap-topk-fastpath-vector2d,rows=5 cols=16384,zipf,1.1,10000,56234,1.0,0.0
topk,cms-heap-topk-fastpath-vector2d,rows=5 cols=16384,zipf,1.1,10000,100000,0.9895833333333334,0.010416666666666668
topk,cms-heap-topk-fastpath-vector2d,rows=5 cols=16384,zipf,1.1,10000,177828,1.0,0.0
topk,cms-heap-topk-fastpath-vector2d,rows=5 cols=16384,zipf,1.1,10000,316228,1.0,0.0
topk,cms-heap-topk-fastpath-vector2d,rows=5 cols=16384,zipf,1.1,10000,562341,1.0,0.0
topk,cms-heap-topk-fastpath-vector2d,rows=5 cols=16384,zipf,1.1,10000,1000000,1.0,0.0
topk,cms-heap-topk-fastpath-vector2d,rows=5 cols=16384,zipf,1.1,10000,1778279,1.0,0.0
topk,cms-heap-topk-fastpath-vector2d,rows=5 cols=16384,zipf,1.1,10000,3162278,1.0,0.0
topk,cms-heap-topk-fastpath-vector2d,rows=5 cols=16384,zipf,1.1,10000,5623413,1.0,0.0
topk,cms-heap-topk-fastpath-vector2d,rows=5 cols=16384,zipf,1.1,10000,10000000,1.0,0.0
topk,cms-heap-topk-fastpath-vector2d,rows=3 cols=256,zipf,0.0,10000,1000,0.19791666666666666,0.03755782578608322
topk,cms-heap-topk-fastpath-vector2d,rows=3 cols=256,zipf,0.0,10000,1778,0.11458333333333333,0.010416666666666668
topk,cms-heap-topk-fastpath-vector2d,rows=3 cols=256,zipf,0.0,10000,3162,0.09375,0.03608439182435161
topk,cms-heap-topk-fastpath-vector2d,rows=3 cols=256,zipf,0.0,10000,5623,0.09375,0.03125
topk,cms-heap-topk-fastpath-vector2d,rows=3 cols=256,zipf,0.0,10000,10000,0.0,0.0
topk,cms-heap-topk-fastpath-vector2d,rows=3 cols=256,zipf,0.0,10000,17783,0.020833333333333332,0.010416666666666668
topk,cms-heap-topk-fastpath-vector2d,rows=3 cols=256,zipf,0.0,10000,31623,0.020833333333333332,0.010416666666666668
topk,cms-heap-topk-fastpath-vector2d,rows=3 cols=256,zipf,0.0,10000,56234,0.0,0.0
topk,cms-heap-topk-fastpath-vector2d,rows=3 cols=256,zipf,0.0,10000,100000,0.0,0.0
topk,cms-heap-topk-fastpath-vector2d,rows=3 cols=256,zipf,0.0,10000,177828,0.0,0.0
topk,cms-heap-topk-fastpath-vector2d,rows=3 cols=256,zipf,0.0,10000,316228,0.0,0.0
topk,cms-heap-topk-fastpath-vector2d,rows=3 cols=256,zipf,0.0,10000,562341,0.0,0.0
topk,cms-heap-topk-fastpath-vector2d,rows=3 cols=256,zipf,0.0,10000,1000000,0.010416666666666666,0.010416666666666668
topk,cms-heap-topk-fastpath-vector2d,rows=3 cols=256,zipf,0.0,10000,1778279,0.0,0.0
topk,cms-heap-topk-fastpath-vector2d,rows=3 cols=256,zipf,0.0,10000,3162278,0.0,0.0
topk,cms-heap-topk-fastpath-vector2d,rows=3 cols=256,zipf,0.0,10000,5623413,0.0,0.0
topk,cms-heap-topk-fastpath-vector2d,rows=3 cols=256,zipf,0.0,10000,10000000,0.010416666666666666,0.010416666666666668
topk,cms-heap-topk-fastpath-vector2d,rows=3 cols=256,zipf,0.5,10000,1000,0.3333333333333333,0.04540519732854868
topk,cms-heap-topk-fastpath-vector2d,rows=3 cols=256,zipf,0.5,10000,1778,0.28125,0.0
topk,cms-heap-topk-fastpath-vector2d,rows=3 cols=256,zipf,0.5,10000,3162,0.3333333333333333,0.010416666666666666
topk,cms-heap-topk-fastpath-vector2d,rows=3 cols=256,zipf,0.5,10000,5623,0.3645833333333333,0.027559909490256152
topk,cms-heap-topk-fastpath-vector2d,rows=3 cols=256,zipf,0.5,10000,10000,0.3645833333333333,0.0551198189805123
topk,cms-heap-topk-fastpath-vector2d,rows=3 cols=256,zipf,0.5,10000,17783,0.3541666666666667,0.020833333333333336
topk,cms-heap-topk-fastpath-vector2d,rows=3 cols=256,zipf,0.5,10000,31623,0.3125,0.03608439182435161
topk,cms-heap-topk-fastpath-vector2d,rows=3 cols=256,zipf,0.5,10000,56234,0.3645833333333333,0.03755782578608322
topk,cms-heap-topk-fastpath-vector2d,rows=3 cols=256,zipf,0.5,10000,100000,0.3333333333333333,0.027559909490256152
topk,cms-heap-topk-fastpath-vector2d,rows=3 cols=256,zipf,0.5,10000,177828,0.3333333333333333,0.010416666666666666
topk,cms-heap-topk-fastpath-vector2d,rows=3 cols=256,zipf,0.5,10000,316228,0.3125,0.0
topk,cms-heap-topk-fastpath-vector2d,rows=3 cols=256,zipf,0.5,10000,562341,0.3229166666666667,0.010416666666666666
topk,cms-heap-topk-fastpath-vector2d,rows=3 cols=256,zipf,0.5,10000,1000000,0.3125,0.018042195912175804
topk,cms-heap-topk-fastpath-vector2d,rows=3 cols=256,zipf,0.5,10000,1778279,0.2916666666666667,0.010416666666666666
topk,cms-heap-topk-fastpath-vector2d,rows=3 cols=256,zipf,0.5,10000,3162278,0.3020833333333333,0.010416666666666666
topk,cms-heap-topk-fastpath-vector2d,rows=3 cols=256,zipf,0.5,10000,5623413,0.2916666666666667,0.010416666666666666
topk,cms-heap-topk-fastpath-vector2d,rows=3 cols=256,zipf,0.5,10000,10000000,0.2916666666666667,0.010416666666666666
topk,cms-heap-topk-fastpath-vector2d,rows=3 cols=256,zipf,0.8,10000,1000,0.6666666666666666,0.04540519732854868
topk,cms-heap-topk-fastpath-vector2d,rows=3 cols=256,zipf,0.8,10000,1778,0.8020833333333334,0.027559909490256152
topk,cms-heap-topk-fastpath-vector2d,rows=3 cols=256,zipf,0.8,10000,3162,0.7604166666666666,0.020833333333333332
topk,cms-heap-topk-fastpath-vector2d,rows=3 cols=256,zipf,0.8,10000,5623,0.78125,0.018042195912175804
topk,cms-heap-topk-fastpath-vector2d,rows=3 cols=256,zipf,0.8,10000,10000,0.8020833333333334,0.02755990949025615
topk,cms-heap-topk-fastpath-vector2d,rows=3 cols=256,zipf,0.8,10000,17783,0.7395833333333334,0.03755782578608322
topk,cms-heap-topk-fastpath-vector2d,rows=3 cols=256,zipf,0.8,10000,31623,0.7083333333333334,0.052083333333333336
topk,cms-heap-topk-fastpath-vector2d,rows=3 cols=256,zipf,0.8,10000,56234,0.7083333333333334,0.010416666666666668
topk,cms-heap-topk-fastpath-vector2d,rows=3 cols=256,zipf,0.8,10000,100000,0.6666666666666666,0.027559909490256152
topk,cms-heap-topk-fastpath-vector2d,rows=3 cols=256,zipf,0.8,10000,177828,0.6458333333333334,0.010416666666666668
topk,cms-heap-topk-fastpath-vector2d,rows=3 cols=256,zipf,0.8,10000,316228,0.5729166666666666,0.020833333333333332
topk,cms-heap-topk-fastpath-vector2d,rows=3 cols=256,zipf,0.8,10000,562341,0.5520833333333334,0.010416666666666668
topk,cms-heap-topk-fastpath-vector2d,rows=3 cols=256,zipf,0.8,10000,1000000,0.5208333333333334,0.010416666666666668
topk,cms-heap-topk-fastpath-vector2d,rows=3 cols=256,zipf,0.8,10000,1778279,0.5104166666666666,0.010416666666666668
topk,cms-heap-topk-fastpath-vector2d,rows=3 cols=256,zipf,0.8,10000,3162278,0.5,0.0
topk,cms-heap-topk-fastpath-vector2d,rows=3 cols=256,zipf,0.8,10000,5623413,0.5,0.0
topk,cms-heap-topk-fastpath-vector2d,rows=3 cols=256,zipf,0.8,10000,10000000,0.5,0.0
topk,cms-heap-topk-fastpath-vector2d,rows=3 cols=256,zipf,1.0,10000,1000,0.8541666666666666,0.010416666666666668
topk,cms-heap-topk-fastpath-vector2d,rows=3 cols=256,zipf,1.0,10000,1778,0.8229166666666666,0.010416666666666668
topk,cms-heap-topk-fastpath-vector2d,rows=3 cols=256,zipf,1.0,10000,3162,0.8645833333333334,0.03755782578608322
topk,cms-heap-topk-fastpath-vector2d,rows=3 cols=256,zipf,1.0,10000,5623,0.8541666666666666,0.010416666666666668
topk,cms-heap-topk-fastpath-vector2d,rows=3 cols=256,zipf,1.0,10000,10000,0.875,0.03608439182435161
topk,cms-heap-topk-fastpath-vector2d,rows=3 cols=256,zipf,1.0,10000,17783,0.8541666666666666,0.02755990949025615
topk,cms-heap-topk-fastpath-vector2d,rows=3 cols=256,zipf,1.0,10000,31623,0.8229166666666666,0.02755990949025615
topk,cms-heap-topk-fastpath-vector2d,rows=3 cols=256,zipf,1.0,10000,56234,0.7708333333333334,0.010416666666666668
topk,cms-heap-topk-fastpath-vector2d,rows=3 cols=256,zipf,1.0,10000,100000,0.7604166666666666,0.010416666666666668
topk,cms-heap-topk-fastpath-vector2d,rows=3 cols=256,zipf,1.0,10000,177828,0.71875,0.03125
topk,cms-heap-topk-fastpath-vector2d,rows=3 cols=256,zipf,1.0,10000,316228,0.6979166666666666,0.010416666666666668
topk,cms-heap-topk-fastpath-vector2d,rows=3 cols=256,zipf,1.0,10000,562341,0.65625,0.0
topk,cms-heap-topk-fastpath-vector2d,rows=3 cols=256,zipf,1.0,10000,1000000,0.6354166666666666,0.010416666666666668
topk,cms-heap-topk-fastpath-vector2d,rows=3 cols=256,zipf,1.0,10000,1778279,0.625,0.0
topk,cms-heap-topk-fastpath-vector2d,rows=3 cols=256,zipf,1.0,10000,3162278,0.6145833333333334,0.010416666666666668
topk,cms-heap-topk-fastpath-vector2d,rows=3 cols=256,zipf,1.0,10000,5623413,0.625,0.0
topk,cms-heap-topk-fastpath-vector2d,rows=3 cols=256,zipf,1.0,10000,10000000,0.6041666666666666,0.010416666666666668
topk,cms-heap-topk-fastpath-vector2d,rows=3 cols=256,zipf,1.2,10000,1000,0.9166666666666666,0.010416666666666668
topk,cms-heap-topk-fastpath-vector2d,rows=3 cols=256,zipf,1.2,10000,1778,0.9270833333333334,0.027559909490256152
topk,cms-heap-topk-fastpath-vector2d,rows=3 cols=256,zipf,1.2,10000,3162,0.9375,0.0
topk,cms-heap-topk-fastpath-vector2d,rows=3 cols=256,zipf,1.2,10000,5623,0.9375,0.018042195912175804
topk,cms-heap-topk-fastpath-vector2d,rows=3 cols=256,zipf,1.2,10000,10000,0.9270833333333334,0.010416666666666668
topk,cms-heap-topk-fastpath-vector2d,rows=3 cols=256,zipf,1.2,10000,17783,0.9375,0.018042195912175804
topk,cms-heap-topk-fastpath-vector2d,rows=3 cols=256,zipf,1.2,10000,31623,0.8958333333333334,0.02755990949025615
topk,cms-heap-topk-fastpath-vector2d,rows=3 cols=256,zipf,1.2,10000,56234,0.84375,0.018042195912175804
topk,cms-heap-topk-fastpath-vector2d,rows=3 cols=256,zipf,1.2,10000,100000,0.8333333333333334,0.010416666666666668
topk,cms-heap-topk-fastpath-vector2d,rows=3 cols=256,zipf,1.2,10000,177828,0.7916666666666666,0.010416666666666668
topk,cms-heap-topk-fastpath-vector2d,rows=3 cols=256,zipf,1.2,10000,316228,0.75,0.018042195912175804
topk,cms-heap-topk-fastpath-vector2d,rows=3 cols=256,zipf,1.2,10000,562341,0.71875,0.0
topk,cms-heap-topk-fastpath-vector2d,rows=3 cols=256,zipf,1.2,10000,1000000,0.6979166666666666,0.010416666666666668
topk,cms-heap-topk-fastpath-vector2d,rows=3 cols=256,zipf,1.2,10000,1778279,0.6666666666666666,0.010416666666666668
topk,cms-heap-topk-fastpath-vector2d,rows=3 cols=256,zipf,1.2,10000,3162278,0.6770833333333334,0.010416666666666668
topk,cms-heap-topk-fastpath-vector2d,rows=3 cols=256,zipf,1.2,10000,5623413,0.65625,0.0
topk,cms-heap-topk-fastpath-vector2d,rows=3 cols=256,zipf,1.2,10000,10000000,0.65625,0.0
topk,cms-heap-topk-fastpath-vector2d,rows=3 cols=256,zipf,1.5,10000,1000,0.9583333333333334,0.010416666666666668
topk,cms-heap-topk-fastpath-vector2d,rows=3 cols=256,zipf,1.5,10000,1778,0.9583333333333334,0.010416666666666668
topk,cms-heap-topk-fastpath-vector2d,rows=3 cols=256,zipf,1.5,10000,3162,0.96875,0.018042195912175804
topk,cms-heap-topk-fastpath-vector2d,rows=3 cols=256,zipf,1.5,10000,5623,0.9583333333333334,0.020833333333333332
topk,cms-heap-topk-fastpath-vector2d,rows=3 cols=256,zipf,1.5,10000,10000,0.9791666666666666,0.020833333333333332
topk,cms-heap-topk-fastpath-vector2d,rows=3 cols=256,zipf,1.5,10000,17783,0.9583333333333334,0.010416666666666668
topk,cms-heap-topk-fastpath-vector2d,rows=3 cols=256,zipf,1.5,10000,31623,0.9270833333333334,0.010416666666666668
topk,cms-heap-topk-fastpath-vector2d,rows=3 cols=256,zipf,1.5,10000,56234,0.90625,0.03125
topk,cms-heap-topk-fastpath-vector2d,rows=3 cols=256,zipf,1.5,10000,100000,0.9166666666666666,0.010416666666666668
topk,cms-heap-topk-fastpath-vector2d,rows=3 cols=256,zipf,1.5,10000,177828,0.875,0.0
topk,cms-heap-topk-fastpath-vector2d,rows=3 cols=256,zipf,1.5,10000,316228,0.8541666666666666,0.010416666666666668
topk,cms-heap-topk-fastpath-vector2d,rows=3 cols=256,zipf,1.5,10000,562341,0.8125,0.0
topk,cms-heap-topk-fastpath-vector2d,rows=3 cols=256,zipf,1.5,10000,1000000,0.8020833333333334,0.02755990949025615
topk,cms-heap-topk-fastpath-vector2d,rows=3 cols=256,zipf,1.5,10000,1778279,0.7708333333333334,0.010416666666666668
topk,cms-heap-topk-fastpath-vector2d,rows=3 cols=256,zipf,1.5,10000,3162278,0.7395833333333334,0.010416666666666668
topk,cms-heap-topk-fastpath-vector2d,rows=3 cols=256,zipf,1.5,10000,5623413,0.7083333333333334,0.010416666666666668
topk,cms-heap-topk-fastpath-vector2d,rows=3 cols=256,zipf,1.5,10000,10000000,0.6875,0.0
topk,cms-heap-topk-fastpath-vector2d,rows=3 cols=256,zipf,2.0,10000,1000,0.8645833333333334,0.020833333333333332
topk,cms-heap-topk-fastpath-vector2d,rows=3 cols=256,zipf,2.0,10000,1778,0.90625,0.0
topk,cms-heap-topk-fastpath-vector2d,rows=3 cols=256,zipf,2.0,10000,3162,0.9270833333333334,0.020833333333333332
topk,cms-heap-topk-fastpath-vector2d,rows=3 cols=256,zipf,2.0,10000,5623,0.96875,0.018042195912175804
topk,cms-heap-topk-fastpath-vector2d,rows=3 cols=256,zipf,2.0,10000,10000,0.96875,0.0
topk,cms-heap-topk-fastpath-vector2d,rows=3 cols=256,zipf,2.0,10000,17783,0.9791666666666666,0.010416666666666668
topk,cms-heap-topk-fastpath-vector2d,rows=3 cols=256,zipf,2.0,10000,31623,0.9895833333333334,0.010416666666666668
topk,cms-heap-topk-fastpath-vector2d,rows=3 cols=256,zipf,2.0,10000,56234,0.9791666666666666,0.010416666666666668
topk,cms-heap-topk-fastpath-vector2d,rows=3 cols=256,zipf,2.0,10000,100000,0.9895833333333334,0.010416666666666668
topk,cms-heap-topk-fastpath-vector2d,rows=3 cols=256,zipf,2.0,10000,177828,0.9895833333333334,0.010416666666666668
topk,cms-heap-topk-fastpath-vector2d,rows=3 cols=256,zipf,2.0,10000,316228,0.96875,0.018042195912175804
topk,cms-heap-topk-fastpath-vector2d,rows=3 cols=256,zipf,2.0,10000,562341,0.9583333333333334,0.010416666666666668
topk,cms-heap-topk-fastpath-vector2d,rows=3 cols=256,zipf,2.0,10000,1000000,0.96875,0.018042195912175804
topk,cms-heap-topk-fastpath-vector2d,rows=3 cols=256,zipf,2.0,10000,1778279,0.9375,0.03608439182435161
topk,cms-heap-topk-fastpath-vector2d,rows=3 cols=256,zipf,2.0,10000,3162278,0.9375,0.018042195912175804
topk,cms-heap-topk-fastpath-vector2d,rows=3 cols=256,zipf,2.0,10000,5623413,0.8854166666666666,0.020833333333333332
topk,cms-heap-topk-fastpath-vector2d,rows=3 cols=256,zipf,2.0,10000,10000000,0.875,0.018042195912175804
topk,cms-heap-topk-fastpath-vector2d,rows=3 cols=256,zipf,1.1,1000,1000,0.8645833333333334,0.020833333333333332
topk,cms-heap-topk-fastpath-vector2d,rows=3 cols=256,zipf,1.1,1000,1778,0.9270833333333334,0.010416666666666668
topk,cms-heap-topk-fastpath-vector2d,rows=3 cols=256,zipf,1.1,1000,3162,0.9166666666666666,0.010416666666666668
topk,cms-heap-topk-fastpath-vector2d,rows=3 cols=256,zipf,1.1,1000,5623,0.8958333333333334,0.010416666666666668
topk,cms-heap-topk-fastpath-vector2d,rows=3 cols=256,zipf,1.1,1000,10000,0.9166666666666666,0.010416666666666668
topk,cms-heap-topk-fastpath-vector2d,rows=3 cols=256,zipf,1.1,1000,17783,0.9166666666666666,0.020833333333333332
topk,cms-heap-topk-fastpath-vector2d,rows=3 cols=256,zipf,1.1,1000,31623,0.9166666666666666,0.010416666666666668
topk,cms-heap-topk-fastpath-vector2d,rows=3 cols=256,zipf,1.1,1000,56234,0.9375,0.0
topk,cms-heap-topk-fastpath-vector2d,rows=3 cols=256,zipf,1.1,1000,100000,0.9166666666666666,0.010416666666666668
topk,cms-heap-topk-fastpath-vector2d,rows=3 cols=256,zipf,1.1,1000,177828,0.9166666666666666,0.010416666666666668
topk,cms-heap-topk-fastpath-vector2d,rows=3 cols=256,zipf,1.1,1000,316228,0.9270833333333334,0.010416666666666668
topk,cms-heap-topk-fastpath-vector2d,rows=3 cols=256,zipf,1.1,1000,562341,0.90625,0.0
topk,cms-heap-topk-fastpath-vector2d,rows=3 cols=256,zipf,1.1,1000,1000000,0.90625,0.0
topk,cms-heap-topk-fastpath-vector2d,rows=3 cols=256,zipf,1.1,1000,1778279,0.90625,0.0
topk,cms-heap-topk-fastpath-vector2d,rows=3 cols=256,zipf,1.1,1000,3162278,0.90625,0.0
topk,cms-heap-topk-fastpath-vector2d,rows=3 cols=256,zipf,1.1,1000,5623413,0.90625,0.0
topk,cms-heap-topk-fastpath-vector2d,rows=3 cols=256,zipf,1.1,1000,10000000,0.90625,0.0
topk,cms-heap-topk-fastpath-vector2d,rows=3 cols=256,zipf,1.1,100000,1000,0.8645833333333334,0.02755990949025615
topk,cms-heap-topk-fastpath-vector2d,rows=3 cols=256,zipf,1.1,100000,1778,0.8958333333333334,0.010416666666666668
topk,cms-heap-topk-fastpath-vector2d,rows=3 cols=256,zipf,1.1,100000,3162,0.8854166666666666,0.020833333333333332
topk,cms-heap-topk-fastpath-vector2d,rows=3 cols=256,zipf,1.1,100000,5623,0.875,0.018042195912175804
topk,cms-heap-topk-fastpath-vector2d,rows=3 cols=256,zipf,1.1,100000,10000,0.8541666666666666,0.010416666666666668
topk,cms-heap-topk-fastpath-vector2d,rows=3 cols=256,zipf,1.1,100000,17783,0.8645833333333334,0.010416666666666668
topk,cms-heap-topk-fastpath-vector2d,rows=3 cols=256,zipf,1.1,100000,31623,0.8333333333333334,0.02755990949025615
topk,cms-heap-topk-fastpath-vector2d,rows=3 cols=256,zipf,1.1,100000,56234,0.7708333333333334,0.010416666666666668
topk,cms-heap-topk-fastpath-vector2d,rows=3 cols=256,zipf,1.1,100000,100000,0.7395833333333334,0.020833333333333332
topk,cms-heap-topk-fastpath-vector2d,rows=3 cols=256,zipf,1.1,100000,177828,0.65625,0.0
topk,cms-heap-topk-fastpath-vector2d,rows=3 cols=256,zipf,1.1,100000,316228,0.6145833333333334,0.010416666666666668
topk,cms-heap-topk-fastpath-vector2d,rows=3 cols=256,zipf,1.1,100000,562341,0.5833333333333334,0.010416666666666668
topk,cms-heap-topk-fastpath-vector2d,rows=3 cols=256,zipf,1.1,100000,1000000,0.53125,0.0
topk,cms-heap-topk-fastpath-vector2d,rows=3 cols=256,zipf,1.1,100000,1778279,0.4791666666666667,0.010416666666666666
topk,cms-heap-topk-fastpath-vector2d,rows=3 cols=256,zipf,1.1,100000,3162278,0.4375,0.0
topk,cms-heap-topk-fastpath-vector2d,rows=3 cols=256,zipf,1.1,100000,5623413,0.4375,0.0
topk,cms-heap-topk-fastpath-vector2d,rows=3 cols=256,zipf,1.1,100000,10000000,0.40625,0.0
topk,cms-heap-topk-fastpath-vector2d,rows=3 cols=256,zipf,1.1,10000000,1000,0.78125,0.047735163489123336
topk,cms-heap-topk-fastpath-vector2d,rows=3 cols=256,zipf,1.1,10000000,1778,0.8125,0.018042195912175804
topk,cms-heap-topk-fastpath-vector2d,rows=3 cols=256,zipf,1.1,10000000,3162,0.8541666666666666,0.010416666666666668
topk,cms-heap-topk-fastpath-vector2d,rows=3 cols=256,zipf,1.1,10000000,5623,0.875,0.03608439182435161
topk,cms-heap-topk-fastpath-vector2d,rows=3 cols=256,zipf,1.1,10000000,10000,0.8958333333333334,0.020833333333333332
topk,cms-heap-topk-fastpath-vector2d,rows=3 cols=256,zipf,1.1,10000000,17783,0.875,0.018042195912175804
topk,cms-heap-topk-fastpath-vector2d,rows=3 cols=256,zipf,1.1,10000000,31623,0.8333333333333334,0.010416666666666668
topk,cms-heap-topk-fastpath-vector2d,rows=3 cols=256,zipf,1.1,10000000,56234,0.8125,0.03608439182435161
topk,cms-heap-topk-fastpath-vector2d,rows=3 cols=256,zipf,1.1,10000000,100000,0.71875,0.018042195912175804
topk,cms-heap-topk-fastpath-vector2d,rows=3 cols=256,zipf,1.1,10000000,177828,0.6145833333333334,0.020833333333333332
topk,cms-heap-topk-fastpath-vector2d,rows=3 cols=256,zipf,1.1,10000000,316228,0.5625,0.018042195912175804
topk,cms-heap-topk-fastpath-vector2d,rows=3 cols=256,zipf,1.1,10000000,562341,0.53125,0.0
topk,cms-heap-topk-fastpath-vector2d,rows=3 cols=256,zipf,1.1,10000000,1000000,0.4583333333333333,0.010416666666666666
topk,cms-heap-topk-fastpath-vector2d,rows=3 cols=256,zipf,1.1,10000000,1778279,0.4270833333333333,0.010416666666666666
topk,cms-heap-topk-fastpath-vector2d,rows=3 cols=256,zipf,1.1,10000000,3162278,0.3645833333333333,0.010416666666666666
topk,cms-heap-topk-fastpath-vector2d,rows=3 cols=256,zipf,1.1,10000000,5623413,0.3229166666666667,0.010416666666666666
topk,cms-heap-topk-fastpath-vector2d,rows=3 cols=256,zipf,1.1,10000000,10000000,0.28125,0.0
topk,cms-heap-topk-fastpath-vector2d,rows=3 cols=1024,zipf,0.0,10000,1000,0.4479166666666667,0.08900003901372429
topk,cms-heap-topk-fastpath-vector2d,rows=3 cols=1024,zipf,0.0,10000,1778,0.23958333333333334,0.02755990949025615
topk,cms-heap-topk-fastpath-vector2d,rows=3 cols=1024,zipf,0.0,10000,3162,0.2708333333333333,0.027559909490256152
topk,cms-heap-topk-fastpath-vector2d,rows=3 cols=1024,zipf,0.0,10000,5623,0.10416666666666667,0.020833333333333332
topk,cms-heap-topk-fastpath-vector2d,rows=3 cols=1024,zipf,0.0,10000,10000,0.13541666666666666,0.010416666666666668
topk,cms-heap-topk-fastpath-vector2d,rows=3 cols=1024,zipf,0.0,10000,17783,0.0625,0.0
topk,cms-heap-topk-fastpath-vector2d,rows=3 cols=1024,zipf,0.0,10000,31623,0.03125,0.018042195912175804
topk,cms-heap-topk-fastpath-vector2d,rows=3 cols=1024,zipf,0.0,10000,56234,0.0,0.0
topk,cms-heap-topk-fastpath-vector2d,rows=3 cols=1024,zipf,0.0,10000,100000,0.010416666666666666,0.010416666666666668
topk,cms-heap-topk-fastpath-vector2d,rows=3 cols=1024,zipf,0.0,10000,177828,0.020833333333333332,0.010416666666666668
topk,cms-heap-topk-fastpath-vector2d,rows=3 cols=1024,zipf,0.0,10000,316228,0.010416666666666666,0.010416666666666668
topk,cms-heap-topk-fastpath-vector2d,rows=3 cols=1024,zipf,0.0,10000,562341,0.020833333333333332,0.010416666666666668
topk,cms-heap-topk-fastpath-vector2d,rows=3 cols=1024,zipf,0.0,10000,1000000,0.010416666666666666,0.010416666666666668
topk,cms-heap-topk-fastpath-vector2d,rows=3 cols=1024,zipf,0.0,10000,1778279,0.0,0.0
topk,cms-heap-topk-fastpath-vector2d,rows=3 cols=1024,zipf,0.0,10000,3162278,0.0,0.0
topk,cms-heap-topk-fastpath-vector2d,rows=3 cols=1024,zipf,0.0,10000,5623413,0.010416666666666666,0.010416666666666668
topk,cms-heap-topk-fastpath-vector2d,rows=3 cols=1024,zipf,0.0,10000,10000000,0.0,0.0
topk,cms-heap-topk-fastpath-vector2d,rows=3 cols=1024,zipf,0.5,10000,1000,0.5729166666666666,0.04540519732854868
topk,cms-heap-topk-fastpath-vector2d,rows=3 cols=1024,zipf,0.5,10000,1778,0.6041666666666666,0.010416666666666668
topk,cms-heap-topk-fastpath-vector2d,rows=3 cols=1024,zipf,0.5,10000,3162,0.5729166666666666,0.010416666666666668
topk,cms-heap-topk-fastpath-vector2d,rows=3 cols=1024,zipf,0.5,10000,5623,0.6041666666666666,0.02755990949025615
topk,cms-heap-topk-fastpath-vector2d,rows=3 cols=1024,zipf,0.5,10000,10000,0.6875,0.03125
topk,cms-heap-topk-fastpath-vector2d,rows=3 cols=1024,zipf,0.5,10000,17783,0.75,0.0
topk,cms-heap-topk-fastpath-vector2d,rows=3 cols=1024,zipf,0.5,10000,31623,0.7083333333333334,0.027559909490256152
topk,cms-heap-topk-fastpath-vector2d,rows=3 cols=1024,zipf,0.5,10000,56234,0.7083333333333334,0.03755782578608322
topk,cms-heap-topk-fastpath-vector2d,rows=3 cols=1024,zipf,0.5,10000,100000,0.6979166666666666,0.010416666666666668
topk,cms-heap-topk-fastpath-vector2d,rows=3 cols=1024,zipf,0.5,10000,177828,0.7083333333333334,0.010416666666666668
topk,cms-heap-topk-fastpath-vector2d,rows=3 cols=1024,zipf,0.5,10000,316228,0.6770833333333334,0.03755782578608322
topk,cms-heap-topk-fastpath-vector2d,rows=3 cols=1024,zipf,0.5,10000,562341,0.65625,0.03125
topk,cms-heap-topk-fastpath-vector2d,rows=3 cols=1024,zipf,0.5,10000,1000000,0.6666666666666666,0.010416666666666668
topk,cms-heap-topk-fastpath-vector2d,rows=3 cols=1024,zipf,0.5,10000,1778279,0.65625,0.0
topk,cms-heap-topk-fastpath-vector2d,rows=3 cols=1024,zipf,0.5,10000,3162278,0.65625,0.0
topk,cms-heap-topk-fastpath-vector2d,rows=3 cols=1024,zipf,0.5,10000,5623413,0.6770833333333334,0.010416666666666668
topk,cms-heap-topk-fastpath-vector2d,rows=3 cols=1024,zipf,0.5,10000,10000000,0.6875,0.0
topk,cms-heap-topk-fastpath-vector2d,rows=3 cols=1024,zipf,0.8,10000,1000,0.8125,0.018042195912175804
topk,cms-heap-topk-fastpath-vector2d,rows=3 cols=1024,zipf,0.8,10000,1778,0.90625,0.018042195912175804
topk,cms-heap-topk-fastpath-vector2d,rows=3 cols=1024,zipf,0.8,10000,3162,0.9166666666666666,0.020833333333333332
topk,cms-heap-topk-fastpath-vector2d,rows=3 cols=1024,zipf,0.8,10000,5623,0.9375,0.018042195912175804
topk,cms-heap-topk-fastpath-vector2d,rows=3 cols=1024,zipf,0.8,10000,10000,0.9583333333333334,0.010416666666666668
topk,cms-heap-topk-fastpath-vector2d,rows=3 cols=1024,zipf,0.8,10000,17783,0.9375,0.018042195912175804
topk,cms-heap-topk-fastpath-vector2d,rows=3 cols=1024,zipf,0.8,10000,31623,0.9583333333333334,0.020833333333333332
topk,cms-heap-topk-fastpath-vector2d,rows=3 cols=1024,zipf,0.8,10000,56234,0.9166666666666666,0.02755990949025615
topk,cms-heap-topk-fastpath-vector2d,rows=3 cols=1024,zipf,0.8,10000,100000,0.9270833333333334,0.010416666666666668
topk,cms-heap-topk-fastpath-vector2d,rows=3 cols=1024,zipf,0.8,10000,177828,0.9479166666666666,0.020833333333333332
topk,cms-heap-topk-fastpath-vector2d,rows=3 cols=1024,zipf,0.8,10000,316228,0.9479166666666666,0.010416666666666668
topk,cms-heap-topk-fastpath-vector2d,rows=3 cols=1024,zipf,0.8,10000,562341,0.9375,0.0
topk,cms-heap-topk-fastpath-vector2d,rows=3 cols=1024,zipf,0.8,10000,1000000,0.9479166666666666,0.010416666666666668
topk,cms-heap-topk-fastpath-vector2d,rows=3 cols=1024,zipf,0.8,10000,1778279,0.9479166666666666,0.010416666666666668
topk,cms-heap-topk-fastpath-vector2d,rows=3 cols=1024,zipf,0.8,10000,3162278,0.9479166666666666,0.010416666666666668
topk,cms-heap-topk-fastpath-vector2d,rows=3 cols=1024,zipf,0.8,10000,5623413,0.9375,0.0
topk,cms-heap-topk-fastpath-vector2d,rows=3 cols=1024,zipf,0.8,10000,10000000,0.9375,0.0
topk,cms-heap-topk-fastpath-vector2d,rows=3 cols=1024,zipf,1.0,10000,1000,0.9166666666666666,0.04166666666666667
topk,cms-heap-topk-fastpath-vector2d,rows=3 cols=1024,zipf,1.0,10000,1778,0.9375,0.018042195912175804
topk,cms-heap-topk-fastpath-vector2d,rows=3 cols=1024,zipf,1.0,10000,3162,0.9479166666666666,0.020833333333333332
topk,cms-heap-topk-fastpath-vector2d,rows=3 cols=1024,zipf,1.0,10000,5623,0.96875,0.0
topk,cms-heap-topk-fastpath-vector2d,rows=3 cols=1024,zipf,1.0,10000,10000,0.9583333333333334,0.010416666666666668
topk,cms-heap-topk-fastpath-vector2d,rows=3 cols=1024,zipf,1.0,10000,17783,0.96875,0.0
topk,cms-heap-topk-fastpath-vector2d,rows=3 cols=1024,zipf,1.0,10000,31623,0.9791666666666666,0.010416666666666668
topk,cms-heap-topk-fastpath-vector2d,rows=3 cols=1024,zipf,1.0,10000,56234,0.96875,0.0
topk,cms-heap-topk-fastpath-vector2d,rows=3 cols=1024,zipf,1.0,10000,100000,0.9791666666666666,0.010416666666666668
topk,cms-heap-topk-fastpath-vector2d,rows=3 cols=1024,zipf,1.0,10000,177828,0.9895833333333334,0.010416666666666668
topk,cms-heap-topk-fastpath-vector2d,rows=3 cols=1024,zipf,1.0,10000,316228,0.96875,0.0
topk,cms-heap-topk-fastpath-vector2d,rows=3 cols=1024,zipf,1.0,10000,562341,0.96875,0.0
topk,cms-heap-topk-fastpath-vector2d,rows=3 cols=1024,zipf,1.0,10000,1000000,0.96875,0.0
topk,cms-heap-topk-fastpath-vector2d,rows=3 cols=1024,zipf,1.0,10000,1778279,0.96875,0.0
topk,cms-heap-topk-fastpath-vector2d,rows=3 cols=1024,zipf,1.0,10000,3162278,0.96875,0.0
topk,cms-heap-topk-fastpath-vector2d,rows=3 cols=1024,zipf,1.0,10000,5623413,0.96875,0.0
topk,cms-heap-topk-fastpath-vector2d,rows=3 cols=1024,zipf,1.0,10000,10000000,0.96875,0.0
topk,cms-heap-topk-fastpath-vector2d,rows=3 cols=1024,zipf,1.2,10000,1000,0.9479166666666666,0.027559909490256152
topk,cms-heap-topk-fastpath-vector2d,rows=3 cols=1024,zipf,1.2,10000,1778,0.9479166666666666,0.010416666666666668
topk,cms-heap-topk-fastpath-vector2d,rows=3 cols=1024,zipf,1.2,10000,3162,0.9583333333333334,0.010416666666666668
topk,cms-heap-topk-fastpath-vector2d,rows=3 cols=1024,zipf,1.2,10000,5623,0.96875,0.0
topk,cms-heap-topk-fastpath-vector2d,rows=3 cols=1024,zipf,1.2,10000,10000,0.9895833333333334,0.010416666666666668
topk,cms-heap-topk-fastpath-vector2d,rows=3 cols=1024,zipf,1.2,10000,17783,0.9895833333333334,0.010416666666666668
topk,cms-heap-topk-fastpath-vector2d,rows=3 cols=1024,zipf,1.2,10000,31623,0.9895833333333334,0.010416666666666668
topk,cms-heap-topk-fastpath-vector2d,rows=3 cols=1024,zipf,1.2,10000,56234,1.0,0.0
topk,cms-heap-topk-fastpath-vector2d,rows=3 cols=1024,zipf,1.2,10000,100000,0.9895833333333334,0.010416666666666668
topk,cms-heap-topk-fastpath-vector2d,rows=3 cols=1024,zipf,1.2,10000,177828,0.9895833333333334,0.010416666666666668
topk,cms-heap-topk-fastpath-vector2d,rows=3 cols=1024,zipf,1.2,10000,316228,1.0,0.0
topk,cms-heap-topk-fastpath-vector2d,rows=3 cols=1024,zipf,1.2,10000,562341,0.9791666666666666,0.010416666666666668
topk,cms-heap-topk-fastpath-vector2d,rows=3 cols=1024,zipf,1.2,10000,1000000,0.96875,0.0
topk,cms-heap-topk-fastpath-vector2d,rows=3 cols=1024,zipf,1.2,10000,1778279,0.96875,0.0
topk,cms-heap-topk-fastpath-vector2d,rows=3 cols=1024,zipf,1.2,10000,3162278,0.96875,0.0
topk,cms-heap-topk-fastpath-vector2d,rows=3 cols=1024,zipf,1.2,10000,5623413,0.96875,0.0
topk,cms-heap-topk-fastpath-vector2d,rows=3 cols=1024,zipf,1.2,10000,10000000,0.96875,0.0
topk,cms-heap-topk-fastpath-vector2d,rows=3 cols=1024,zipf,1.5,10000,1000,0.96875,0.0
topk,cms-heap-topk-fastpath-vector2d,rows=3 cols=1024,zipf,1.5,10000,1778,0.96875,0.0
topk,cms-heap-topk-fastpath-vector2d,rows=3 cols=1024,zipf,1.5,10000,3162,0.9895833333333334,0.010416666666666668
topk,cms-heap-topk-fastpath-vector2d,rows=3 cols=1024,zipf,1.5,10000,5623,0.9895833333333334,0.010416666666666668
topk,cms-heap-topk-fastpath-vector2d,rows=3 cols=1024,zipf,1.5,10000,10000,0.9791666666666666,0.010416666666666668
topk,cms-heap-topk-fastpath-vector2d,rows=3 cols=1024,zipf,1.5,10000,17783,0.9895833333333334,0.010416666666666668
topk,cms-heap-topk-fastpath-vector2d,rows=3 cols=1024,zipf,1.5,10000,31623,1.0,0.0
topk,cms-heap-topk-fastpath-vector2d,rows=3 cols=1024,zipf,1.5,10000,56234,0.9895833333333334,0.010416666666666668
topk,cms-heap-topk-fastpath-vector2d,rows=3 cols=1024,zipf,1.5,10000,100000,1.0,0.0
topk,cms-heap-topk-fastpath-vector2d,rows=3 cols=1024,zipf,1.5,10000,177828,0.9895833333333334,0.010416666666666668
topk,cms-heap-topk-fastpath-vector2d,rows=3 cols=1024,zipf,1.5,10000,316228,0.9895833333333334,0.010416666666666668
topk,cms-heap-topk-fastpath-vector2d,rows=3 cols=1024,zipf,1.5,10000,562341,1.0,0.0
topk,cms-heap-topk-fastpath-vector2d,rows=3 cols=1024,zipf,1.5,10000,1000000,1.0,0.0
topk,cms-heap-topk-fastpath-vector2d,rows=3 cols=1024,zipf,1.5,10000,1778279,0.9895833333333334,0.010416666666666668
topk,cms-heap-topk-fastpath-vector2d,rows=3 cols=1024,zipf,1.5,10000,3162278,0.96875,0.0
topk,cms-heap-topk-fastpath-vector2d,rows=3 cols=1024,zipf,1.5,10000,5623413,0.9791666666666666,0.010416666666666668
topk,cms-heap-topk-fastpath-vector2d,rows=3 cols=1024,zipf,1.5,10000,10000000,0.96875,0.0
topk,cms-heap-topk-fastpath-vector2d,rows=3 cols=1024,zipf,2.0,10000,1000,0.8645833333333334,0.020833333333333332
topk,cms-heap-topk-fastpath-vector2d,rows=3 cols=1024,zipf,2.0,10000,1778,0.90625,0.0
topk,cms-heap-topk-fastpath-vector2d,rows=3 cols=1024,zipf,2.0,10000,3162,0.9270833333333334,0.020833333333333332
topk,cms-heap-topk-fastpath-vector2d,rows=3 cols=1024,zipf,2.0,10000,5623,0.9583333333333334,0.010416666666666668
topk,cms-heap-topk-fastpath-vector2d,rows=3 cols=1024,zipf,2.0,10000,10000,0.96875,0.0
topk,cms-heap-topk-fastpath-vector2d,rows=3 cols=1024,zipf,2.0,10000,17783,0.9895833333333334,0.010416666666666668
topk,cms-heap-topk-fastpath-vector2d,rows=3 cols=1024,zipf,2.0,10000,31623,1.0,0.0
topk,cms-heap-topk-fastpath-vector2d,rows=3 cols=1024,zipf,2.0,10000,56234,1.0,0.0
topk,cms-heap-topk-fastpath-vector2d,rows=3 cols=1024,zipf,2.0,10000,100000,1.0,0.0
topk,cms-heap-topk-fastpath-vector2d,rows=3 cols=1024,zipf,2.0,10000,177828,1.0,0.0
topk,cms-heap-topk-fastpath-vector2d,rows=3 cols=1024,zipf,2.0,10000,316228,1.0,0.0
topk,cms-heap-topk-fastpath-vector2d,rows=3 cols=1024,zipf,2.0,10000,562341,1.0,0.0
topk,cms-heap-topk-fastpath-vector2d,rows=3 cols=1024,zipf,2.0,10000,1000000,1.0,0.0
topk,cms-heap-topk-fastpath-vector2d,rows=3 cols=1024,zipf,2.0,10000,1778279,1.0,0.0
topk,cms-heap-topk-fastpath-vector2d,rows=3 cols=1024,zipf,2.0,10000,3162278,1.0,0.0
topk,cms-heap-topk-fastpath-vector2d,rows=3 cols=1024,zipf,2.0,10000,5623413,1.0,0.0
topk,cms-heap-topk-fastpath-vector2d,rows=3 cols=1024,zipf,2.0,10000,10000000,1.0,0.0
topk,cms-heap-topk-fastpath-vector2d,rows=3 cols=1024,zipf,1.1,1000,1000,0.9375,0.018042195912175804
topk,cms-heap-topk-fastpath-vector2d,rows=3 cols=1024,zipf,1.1,1000,1778,0.96875,0.0
topk,cms-heap-topk-fastpath-vector2d,rows=3 cols=1024,zipf,1.1,1000,3162,0.96875,0.018042195912175804
topk,cms-heap-topk-fastpath-vector2d,rows=3 cols=1024,zipf,1.1,1000,5623,0.9895833333333334,0.010416666666666668
topk,cms-heap-topk-fastpath-vector2d,rows=3 cols=1024,zipf,1.1,1000,10000,1.0,0.0
topk,cms-heap-topk-fastpath-vector2d,rows=3 cols=1024,zipf,1.1,1000,17783,1.0,0.0
topk,cms-heap-topk-fastpath-vector2d,rows=3 cols=1024,zipf,1.1,1000,31623,1.0,0.0
topk,cms-heap-topk-fastpath-vector2d,rows=3 cols=1024,zipf,1.1,1000,56234,1.0,0.0
topk,cms-heap-topk-fastpath-vector2d,rows=3 cols=1024,zipf,1.1,1000,100000,1.0,0.0
topk,cms-heap-topk-fastpath-vector2d,rows=3 cols=1024,zipf,1.1,1000,177828,1.0,0.0
topk,cms-heap-topk-fastpath-vector2d,rows=3 cols=1024,zipf,1.1,1000,316228,1.0,0.0
topk,cms-heap-topk-fastpath-vector2d,rows=3 cols=1024,zipf,1.1,1000,562341,1.0,0.0
topk,cms-heap-topk-fastpath-vector2d,rows=3 cols=1024,zipf,1.1,1000,1000000,1.0,0.0
topk,cms-heap-topk-fastpath-vector2d,rows=3 cols=1024,zipf,1.1,1000,1778279,1.0,0.0
topk,cms-heap-topk-fastpath-vector2d,rows=3 cols=1024,zipf,1.1,1000,3162278,1.0,0.0
topk,cms-heap-topk-fastpath-vector2d,rows=3 cols=1024,zipf,1.1,1000,5623413,1.0,0.0
topk,cms-heap-topk-fastpath-vector2d,rows=3 cols=1024,zipf,1.1,1000,10000000,1.0,0.0
topk,cms-heap-topk-fastpath-vector2d,rows=3 cols=1024,zipf,1.1,100000,1000,0.90625,0.018042195912175804
topk,cms-heap-topk-fastpath-vector2d,rows=3 cols=1024,zipf,1.1,100000,1778,0.96875,0.0
topk,cms-heap-topk-fastpath-vector2d,rows=3 cols=1024,zipf,1.1,100000,3162,0.9791666666666666,0.010416666666666668
topk,cms-heap-topk-fastpath-vector2d,rows=3 cols=1024,zipf,1.1,100000,5623,0.9583333333333334,0.010416666666666668
topk,cms-heap-topk-fastpath-vector2d,rows=3 cols=1024,zipf,1.1,100000,10000,0.9583333333333334,0.010416666666666668
topk,cms-heap-topk-fastpath-vector2d,rows=3 cols=1024,zipf,1.1,100000,17783,0.96875,0.0
topk,cms-heap-topk-fastpath-vector2d,rows=3 cols=1024,zipf,1.1,100000,31623,0.9791666666666666,0.010416666666666668
topk,cms-heap-topk-fastpath-vector2d,rows=3 cols=1024,zipf,1.1,100000,56234,0.96875,0.0
topk,cms-heap-topk-fastpath-vector2d,rows=3 cols=1024,zipf,1.1,100000,100000,0.9895833333333334,0.010416666666666668
topk,cms-heap-topk-fastpath-vector2d,rows=3 cols=1024,zipf,1.1,100000,177828,0.9791666666666666,0.010416666666666668
topk,cms-heap-topk-fastpath-vector2d,rows=3 cols=1024,zipf,1.1,100000,316228,0.96875,0.0
topk,cms-heap-topk-fastpath-vector2d,rows=3 cols=1024,zipf,1.1,100000,562341,0.9791666666666666,0.010416666666666668
topk,cms-heap-topk-fastpath-vector2d,rows=3 cols=1024,zipf,1.1,100000,1000000,0.96875,0.0
topk,cms-heap-topk-fastpath-vector2d,rows=3 cols=1024,zipf,1.1,100000,1778279,0.96875,0.0
topk,cms-heap-topk-fastpath-vector2d,rows=3 cols=1024,zipf,1.1,100000,3162278,0.96875,0.0
topk,cms-heap-topk-fastpath-vector2d,rows=3 cols=1024,zipf,1.1,100000,5623413,0.96875,0.0
topk,cms-heap-topk-fastpath-vector2d,rows=3 cols=1024,zipf,1.1,100000,10000000,0.96875,0.0
topk,cms-heap-topk-fastpath-vector2d,rows=3 cols=1024,zipf,1.1,10000000,1000,0.9166666666666666,0.020833333333333332
topk,cms-heap-topk-fastpath-vector2d,rows=3 cols=1024,zipf,1.1,10000000,1778,0.9583333333333334,0.010416666666666668
topk,cms-heap-topk-fastpath-vector2d,rows=3 cols=1024,zipf,1.1,10000000,3162,0.9479166666666666,0.020833333333333332
topk,cms-heap-topk-fastpath-vector2d,rows=3 cols=1024,zipf,1.1,10000000,5623,0.96875,0.018042195912175804
topk,cms-heap-topk-fastpath-vector2d,rows=3 cols=1024,zipf,1.1,10000000,10000,0.9583333333333334,0.010416666666666668
topk,cms-heap-topk-fastpath-vector2d,rows=3 cols=1024,zipf,1.1,10000000,17783,0.9791666666666666,0.020833333333333332
topk,cms-heap-topk-fastpath-vector2d,rows=3 cols=1024,zipf,1.1,10000000,31623,0.9791666666666666,0.020833333333333332
topk,cms-heap-topk-fastpath-vector2d,rows=3 cols=1024,zipf,1.1,10000000,56234,1.0,0.0
topk,cms-heap-topk-fastpath-vector2d,rows=3 cols=1024,zipf,1.1,10000000,100000,0.9895833333333334,0.010416666666666668
topk,cms-heap-topk-fastpath-vector2d,rows=3 cols=1024,zipf,1.1,10000000,177828,0.9791666666666666,0.020833333333333332
topk,cms-heap-topk-fastpath-vector2d,rows=3 cols=1024,zipf,1.1,10000000,316228,0.9479166666666666,0.020833333333333332
topk,cms-heap-topk-fastpath-vector2d,rows=3 cols=1024,zipf,1.1,10000000,562341,0.9895833333333334,0.010416666666666668
topk,cms-heap-topk-fastpath-vector2d,rows=3 cols=1024,zipf,1.1,10000000,1000000,0.9583333333333334,0.010416666666666668
topk,cms-heap-topk-fastpath-vector2d,rows=3 cols=1024,zipf,1.1,10000000,1778279,0.9166666666666666,0.010416666666666668
topk,cms-heap-topk-fastpath-vector2d,rows=3 cols=1024,zipf,1.1,10000000,3162278,0.90625,0.0
topk,cms-heap-topk-fastpath-vector2d,rows=3 cols=1024,zipf,1.1,10000000,5623413,0.84375,0.03125
topk,cms-heap-topk-fastpath-vector2d,rows=3 cols=1024,zipf,1.1,10000000,10000000,0.8020833333333334,0.010416666666666668
topk,cms-heap-topk-fastpath-vector2d,rows=3 cols=4096,zipf,0.0,10000,1000,0.5729166666666666,0.05799754544614606
topk,cms-heap-topk-fastpath-vector2d,rows=3 cols=4096,zipf,0.0,10000,1778,0.4479166666666667,0.05799754544614606
topk,cms-heap-topk-fastpath-vector2d,rows=3 cols=4096,zipf,0.0,10000,3162,0.5416666666666666,0.03755782578608322
topk,cms-heap-topk-fastpath-vector2d,rows=3 cols=4096,zipf,0.0,10000,5623,0.4479166666666667,0.06336210969060645
topk,cms-heap-topk-fastpath-vector2d,rows=3 cols=4096,zipf,0.0,10000,10000,0.3020833333333333,0.03755782578608322
topk,cms-heap-topk-fastpath-vector2d,rows=3 cols=4096,zipf,0.0,10000,17783,0.17708333333333334,0.03755782578608322
topk,cms-heap-topk-fastpath-vector2d,rows=3 cols=4096,zipf,0.0,10000,31623,0.125,0.047735163489123336
topk,cms-heap-topk-fastpath-vector2d,rows=3 cols=4096,zipf,0.0,10000,56234,0.052083333333333336,0.010416666666666666
topk,cms-heap-topk-fastpath-vector2d,rows=3 cols=4096,zipf,0.0,10000,100000,0.020833333333333332,0.020833333333333336
topk,cms-heap-topk-fastpath-vector2d,rows=3 cols=4096,zipf,0.0,10000,177828,0.03125,0.018042195912175804
topk,cms-heap-topk-fastpath-vector2d,rows=3 cols=4096,zipf,0.0,10000,316228,0.010416666666666666,0.010416666666666668
topk,cms-heap-topk-fastpath-vector2d,rows=3 cols=4096,zipf,0.0,10000,562341,0.0,0.0
topk,cms-heap-topk-fastpath-vector2d,rows=3 cols=4096,zipf,0.0,10000,1000000,0.0,0.0
topk,cms-heap-topk-fastpath-vector2d,rows=3 cols=4096,zipf,0.0,10000,1778279,0.0,0.0
topk,cms-heap-topk-fastpath-vector2d,rows=3 cols=4096,zipf,0.0,10000,3162278,0.010416666666666666,0.010416666666666668
topk,cms-heap-topk-fastpath-vector2d,rows=3 cols=4096,zipf,0.0,10000,5623413,0.020833333333333332,0.010416666666666668
topk,cms-heap-topk-fastpath-vector2d,rows=3 cols=4096,zipf,0.0,10000,10000000,0.0,0.0
topk,cms-heap-topk-fastpath-vector2d,rows=3 cols=4096,zipf,0.5,10000,1000,0.5729166666666666,0.010416666666666668
topk,cms-heap-topk-fastpath-vector2d,rows=3 cols=4096,zipf,0.5,10000,1778,0.8333333333333334,0.010416666666666668
topk,cms-heap-topk-fastpath-vector2d,rows=3 cols=4096,zipf,0.5,10000,3162,0.7916666666666666,0.02755990949025615
topk,cms-heap-topk-fastpath-vector2d,rows=3 cols=4096,zipf,0.5,10000,5623,0.90625,0.0
topk,cms-heap-topk-fastpath-vector2d,rows=3 cols=4096,zipf,0.5,10000,10000,0.8854166666666666,0.020833333333333332
topk,cms-heap-topk-fastpath-vector2d,rows=3 cols=4096,zipf,0.5,10000,17783,0.8854166666666666,0.027559909490256152
topk,cms-heap-topk-fastpath-vector2d,rows=3 cols=4096,zipf,0.5,10000,31623,0.8645833333333334,0.010416666666666668
topk,cms-heap-topk-fastpath-vector2d,rows=3 cols=4096,zipf,0.5,10000,56234,0.875,0.03125
topk,cms-heap-topk-fastpath-vector2d,rows=3 cols=4096,zipf,0.5,10000,100000,0.8958333333333334,0.010416666666666668
topk,cms-heap-topk-fastpath-vector2d,rows=3 cols=4096,zipf,0.5,10000,177828,0.90625,0.0
topk,cms-heap-topk-fastpath-vector2d,rows=3 cols=4096,zipf,0.5,10000,316228,0.8854166666666666,0.020833333333333332
topk,cms-heap-topk-fastpath-vector2d,rows=3 cols=4096,zipf,0.5,10000,562341,0.90625,0.018042195912175804
topk,cms-heap-topk-fastpath-vector2d,rows=3 cols=4096,zipf,0.5,10000,1000000,0.9375,0.0
topk,cms-heap-topk-fastpath-vector2d,rows=3 cols=4096,zipf,0.5,10000,1778279,0.9270833333333334,0.010416666666666668
topk,cms-heap-topk-fastpath-vector2d,rows=3 cols=4096,zipf,0.5,10000,3162278,0.9270833333333334,0.010416666666666668
topk,cms-heap-topk-fastpath-vector2d,rows=3 cols=4096,zipf,0.5,10000,5623413,0.9270833333333334,0.010416666666666668
topk,cms-heap-topk-fastpath-vector2d,rows=3 cols=4096,zipf,0.5,10000,10000000,0.9270833333333334,0.010416666666666668
topk,cms-heap-topk-fastpath-vector2d,rows=3 cols=4096,zipf,0.8,10000,1000,0.90625,0.018042195912175804
topk,cms-heap-topk-fastpath-vector2d,rows=3 cols=4096,zipf,0.8,10000,1778,0.9583333333333334,0.027559909490256152
topk,cms-heap-topk-fastpath-vector2d,rows=3 cols=4096,zipf,0.8,10000,3162,0.96875,0.018042195912175804
topk,cms-heap-topk-fastpath-vector2d,rows=3 cols=4096,zipf,0.8,10000,5623,0.9895833333333334,0.010416666666666668
topk,cms-heap-topk-fastpath-vector2d,rows=3 cols=4096,zipf,0.8,10000,10000,0.9791666666666666,0.010416666666666668
topk,cms-heap-topk-fastpath-vector2d,rows=3 cols=4096,zipf,0.8,10000,17783,0.9895833333333334,0.010416666666666668
topk,cms-heap-topk-fastpath-vector2d,rows=3 cols=4096,zipf,0.8,10000,31623,1.0,0.0
topk,cms-heap-topk-fastpath-vector2d,rows=3 cols=4096,zipf,0.8,10000,56234,0.9895833333333334,0.010416666666666668
topk,cms-heap-topk-fastpath-vector2d,rows=3 cols=4096,zipf,0.8,10000,100000,0.9895833333333334,0.010416666666666668
topk,cms-heap-topk-fastpath-vector2d,rows=3 cols=4096,zipf,0.8,10000,177828,0.9895833333333334,0.010416666666666668
topk,cms-heap-topk-fastpath-vector2d,rows=3 cols=4096,zipf,0.8,10000,316228,1.0,0.0
topk,cms-heap-topk-fastpath-vector2d,rows=3 cols=4096,zipf,0.8,10000,562341,0.9895833333333334,0.010416666666666668
topk,cms-heap-topk-fastpath-vector2d,rows=3 cols=4096,zipf,0.8,10000,1000000,0.9895833333333334,0.010416666666666668
topk,cms-heap-topk-fastpath-vector2d,rows=3 cols=4096,zipf,0.8,10000,1778279,1.0,0.0
topk,cms-heap-topk-fastpath-vector2d,rows=3 cols=4096,zipf,0.8,10000,3162278,1.0,0.0
topk,cms-heap-topk-fastpath-vector2d,rows=3 cols=4096,zipf,0.8,10000,5623413,1.0,0.0
topk,cms-heap-topk-fastpath-vector2d,rows=3 cols=4096,zipf,0.8,10000,10000000,1.0,0.0
topk,cms-heap-topk-fastpath-vector2d,rows=3 cols=4096,zipf,1.0,10000,1000,0.9375,0.03608439182435161
topk,cms-heap-topk-fastpath-vector2d,rows=3 cols=4096,zipf,1.0,10000,1778,0.9479166666666666,0.020833333333333332
topk,cms-heap-topk-fastpath-vector2d,rows=3 cols=4096,zipf,1.0,10000,3162,0.96875,0.018042195912175804
topk,cms-heap-topk-fastpath-vector2d,rows=3 cols=4096,zipf,1.0,10000,5623,0.9791666666666666,0.010416666666666668
topk,cms-heap-topk-fastpath-vector2d,rows=3 cols=4096,zipf,1.0,10000,10000,0.9791666666666666,0.010416666666666668
topk,cms-heap-topk-fastpath-vector2d,rows=3 cols=4096,zipf,1.0,10000,17783,1.0,0.0
topk,cms-heap-topk-fastpath-vector2d,rows=3 cols=4096,zipf,1.0,10000,31623,1.0,0.0
topk,cms-heap-topk-fastpath-vector2d,rows=3 cols=4096,zipf,1.0,10000,56234,1.0,0.0
topk,cms-heap-topk-fastpath-vector2d,rows=3 cols=4096,zipf,1.0,10000,100000,1.0,0.0
topk,cms-heap-topk-fastpath-vector2d,rows=3 cols=4096,zipf,1.0,10000,177828,1.0,0.0
topk,cms-heap-topk-fastpath-vector2d,rows=3 cols=4096,zipf,1.0,10000,316228,1.0,0.0
topk,cms-heap-topk-fastpath-vector2d,rows=3 cols=4096,zipf,1.0,10000,562341,0.9895833333333334,0.010416666666666668
topk,cms-heap-topk-fastpath-vector2d,rows=3 cols=4096,zipf,1.0,10000,1000000,1.0,0.0
topk,cms-heap-topk-fastpath-vector2d,rows=3 cols=4096,zipf,1.0,10000,1778279,0.9895833333333334,0.010416666666666668
topk,cms-heap-topk-fastpath-vector2d,rows=3 cols=4096,zipf,1.0,10000,3162278,1.0,0.0
topk,cms-heap-topk-fastpath-vector2d,rows=3 cols=4096,zipf,1.0,10000,5623413,1.0,0.0
topk,cms-heap-topk-fastpath-vector2d,rows=3 cols=4096,zipf,1.0,10000,10000000,1.0,0.0
topk,cms-heap-topk-fastpath-vector2d,rows=3 cols=4096,zipf,1.2,10000,1000,0.9479166666666666,0.027559909490256152
topk,cms-heap-topk-fastpath-vector2d,rows=3 cols=4096,zipf,1.2,10000,1778,0.9479166666666666,0.010416666666666668
topk,cms-heap-topk-fastpath-vector2d,rows=3 cols=4096,zipf,1.2,10000,3162,0.96875,0.0
topk,cms-heap-topk-fastpath-vector2d,rows=3 cols=4096,zipf,1.2,10000,5623,0.9791666666666666,0.010416666666666668
topk,cms-heap-topk-fastpath-vector2d,rows=3 cols=4096,zipf,1.2,10000,10000,0.9895833333333334,0.010416666666666668
topk,cms-heap-topk-fastpath-vector2d,rows=3 cols=4096,zipf,1.2,10000,17783,0.9895833333333334,0.010416666666666668
topk,cms-heap-topk-fastpath-vector2d,rows=3 cols=4096,zipf,1.2,10000,31623,1.0,0.0
topk,cms-heap-topk-fastpath-vector2d,rows=3 cols=4096,zipf,1.2,10000,56234,0.9895833333333334,0.010416666666666668
topk,cms-heap-topk-fastpath-vector2d,rows=3 cols=4096,zipf,1.2,10000,100000,0.9895833333333334,0.010416666666666668
topk,cms-heap-topk-fastpath-vector2d,rows=3 cols=4096,zipf,1.2,10000,177828,1.0,0.0
topk,cms-heap-topk-fastpath-vector2d,rows=3 cols=4096,zipf,1.2,10000,316228,1.0,0.0
topk,cms-heap-topk-fastpath-vector2d,rows=3 cols=4096,zipf,1.2,10000,562341,1.0,0.0
topk,cms-heap-topk-fastpath-vector2d,rows=3 cols=4096,zipf,1.2,10000,1000000,1.0,0.0
topk,cms-heap-topk-fastpath-vector2d,rows=3 cols=4096,zipf,1.2,10000,1778279,1.0,0.0
topk,cms-heap-topk-fastpath-vector2d,rows=3 cols=4096,zipf,1.2,10000,3162278,1.0,0.0
topk,cms-heap-topk-fastpath-vector2d,rows=3 cols=4096,zipf,1.2,10000,5623413,1.0,0.0
topk,cms-heap-topk-fastpath-vector2d,rows=3 cols=4096,zipf,1.2,10000,10000000,1.0,0.0
topk,cms-heap-topk-fastpath-vector2d,rows=3 cols=4096,zipf,1.5,10000,1000,0.96875,0.0
topk,cms-heap-topk-fastpath-vector2d,rows=3 cols=4096,zipf,1.5,10000,1778,0.96875,0.0
topk,cms-heap-topk-fastpath-vector2d,rows=3 cols=4096,zipf,1.5,10000,3162,0.9895833333333334,0.010416666666666668
topk,cms-heap-topk-fastpath-vector2d,rows=3 cols=4096,zipf,1.5,10000,5623,0.9895833333333334,0.010416666666666668
topk,cms-heap-topk-fastpath-vector2d,rows=3 cols=4096,zipf,1.5,10000,10000,0.9791666666666666,0.010416666666666668
topk,cms-heap-topk-fastpath-vector2d,rows=3 cols=4096,zipf,1.5,10000,17783,0.9895833333333334,0.010416666666666668
topk,cms-heap-topk-fastpath-vector2d,rows=3 cols=4096,zipf,1.5,10000,31623,1.0,0.0
topk,cms-heap-topk-fastpath-vector2d,rows=3 cols=4096,zipf,1.5,10000,56234,1.0,0.0
topk,cms-heap-topk-fastpath-vector2d,rows=3 cols=4096,zipf,1.5,10000,100000,1.0,0.0
topk,cms-heap-topk-fastpath-vector2d,rows=3 cols=4096,zipf,1.5,10000,177828,0.9895833333333334,0.010416666666666668
topk,cms-heap-topk-fastpath-vector2d,rows=3 cols=4096,zipf,1.5,10000,316228,1.0,0.0
topk,cms-heap-topk-fastpath-vector2d,rows=3 cols=4096,zipf,1.5,10000,562341,1.0,0.0
topk,cms-heap-topk-fastpath-vector2d,rows=3 cols=4096,zipf,1.5,10000,1000000,1.0,0.0
topk,cms-heap-topk-fastpath-vector2d,rows=3 cols=4096,zipf,1.5,10000,1778279,1.0,0.0
topk,cms-heap-topk-fastpath-vector2d,rows=3 cols=4096,zipf,1.5,10000,3162278,1.0,0.0
topk,cms-heap-topk-fastpath-vector2d,rows=3 cols=4096,zipf,1.5,10000,5623413,1.0,0.0
topk,cms-heap-topk-fastpath-vector2d,rows=3 cols=4096,zipf,1.5,10000,10000000,1.0,0.0
topk,cms-heap-topk-fastpath-vector2d,rows=3 cols=4096,zipf,2.0,10000,1000,0.8645833333333334,0.020833333333333332
topk,cms-heap-topk-fastpath-vector2d,rows=3 cols=4096,zipf,2.0,10000,1778,0.90625,0.0
topk,cms-heap-topk-fastpath-vector2d,rows=3 cols=4096,zipf,2.0,10000,3162,0.9270833333333334,0.020833333333333332
topk,cms-heap-topk-fastpath-vector2d,rows=3 cols=4096,zipf,2.0,10000,5623,0.9583333333333334,0.010416666666666668
topk,cms-heap-topk-fastpath-vector2d,rows=3 cols=4096,zipf,2.0,10000,10000,0.96875,0.0
topk,cms-heap-topk-fastpath-vector2d,rows=3 cols=4096,zipf,2.0,10000,17783,0.9895833333333334,0.010416666666666668
topk,cms-heap-topk-fastpath-vector2d,rows=3 cols=4096,zipf,2.0,10000,31623,1.0,0.0
topk,cms-heap-topk-fastpath-vector2d,rows=3 cols=4096,zipf,2.0,10000,56234,1.0,0.0
topk,cms-heap-topk-fastpath-vector2d,rows=3 cols=4096,zipf,2.0,10000,100000,1.0,0.0
topk,cms-heap-topk-fastpath-vector2d,rows=3 cols=4096,zipf,2.0,10000,177828,1.0,0.0
topk,cms-heap-topk-fastpath-vector2d,rows=3 cols=4096,zipf,2.0,10000,316228,1.0,0.0
topk,cms-heap-topk-fastpath-vector2d,rows=3 cols=4096,zipf,2.0,10000,562341,1.0,0.0
topk,cms-heap-topk-fastpath-vector2d,rows=3 cols=4096,zipf,2.0,10000,1000000,1.0,0.0
topk,cms-heap-topk-fastpath-vector2d,rows=3 cols=4096,zipf,2.0,10000,1778279,1.0,0.0
topk,cms-heap-topk-fastpath-vector2d,rows=3 cols=4096,zipf,2.0,10000,3162278,1.0,0.0
topk,cms-heap-topk-fastpath-vector2d,rows=3 cols=4096,zipf,2.0,10000,5623413,1.0,0.0
topk,cms-heap-topk-fastpath-vector2d,rows=3 cols=4096,zipf,2.0,10000,10000000,1.0,0.0
topk,cms-heap-topk-fastpath-vector2d,rows=3 cols=4096,zipf,1.1,1000,1000,0.9375,0.018042195912175804
topk,cms-heap-topk-fastpath-vector2d,rows=3 cols=4096,zipf,1.1,1000,1778,0.96875,0.0
topk,cms-heap-topk-fastpath-vector2d,rows=3 cols=4096,zipf,1.1,1000,3162,0.96875,0.018042195912175804
topk,cms-heap-topk-fastpath-vector2d,rows=3 cols=4096,zipf,1.1,1000,5623,1.0,0.0
topk,cms-heap-topk-fastpath-vector2d,rows=3 cols=4096,zipf,1.1,1000,10000,0.9895833333333334,0.010416666666666668
topk,cms-heap-topk-fastpath-vector2d,rows=3 cols=4096,zipf,1.1,1000,17783,1.0,0.0
topk,cms-heap-topk-fastpath-vector2d,rows=3 cols=4096,zipf,1.1,1000,31623,1.0,0.0
topk,cms-heap-topk-fastpath-vector2d,rows=3 cols=4096,zipf,1.1,1000,56234,1.0,0.0
topk,cms-heap-topk-fastpath-vector2d,rows=3 cols=4096,zipf,1.1,1000,100000,1.0,0.0
topk,cms-heap-topk-fastpath-vector2d,rows=3 cols=4096,zipf,1.1,1000,177828,1.0,0.0
topk,cms-heap-topk-fastpath-vector2d,rows=3 cols=4096,zipf,1.1,1000,316228,1.0,0.0
topk,cms-heap-topk-fastpath-vector2d,rows=3 cols=4096,zipf,1.1,1000,562341,1.0,0.0
topk,cms-heap-topk-fastpath-vector2d,rows=3 cols=4096,zipf,1.1,1000,1000000,1.0,0.0
topk,cms-heap-topk-fastpath-vector2d,rows=3 cols=4096,zipf,1.1,1000,1778279,1.0,0.0
topk,cms-heap-topk-fastpath-vector2d,rows=3 cols=4096,zipf,1.1,1000,3162278,1.0,0.0
topk,cms-heap-topk-fastpath-vector2d,rows=3 cols=4096,zipf,1.1,1000,5623413,1.0,0.0
topk,cms-heap-topk-fastpath-vector2d,rows=3 cols=4096,zipf,1.1,1000,10000000,1.0,0.0
topk,cms-heap-topk-fastpath-vector2d,rows=3 cols=4096,zipf,1.1,100000,1000,0.9166666666666666,0.020833333333333332
topk,cms-heap-topk-fastpath-vector2d,rows=3 cols=4096,zipf,1.1,100000,1778,0.96875,0.0
topk,cms-heap-topk-fastpath-vector2d,rows=3 cols=4096,zipf,1.1,100000,3162,0.9895833333333334,0.010416666666666668
topk,cms-heap-topk-fastpath-vector2d,rows=3 cols=4096,zipf,1.1,100000,5623,0.9895833333333334,0.010416666666666668
topk,cms-heap-topk-fastpath-vector2d,rows=3 cols=4096,zipf,1.1,100000,10000,0.9895833333333334,0.010416666666666668
topk,cms-heap-topk-fastpath-vector2d,rows=3 cols=4096,zipf,1.1,100000,17783,0.9895833333333334,0.010416666666666668
topk,cms-heap-topk-fastpath-vector2d,rows=3 cols=4096,zipf,1.1,100000,31623,1.0,0.0
topk,cms-heap-topk-fastpath-vector2d,rows=3 cols=4096,zipf,1.1,100000,56234,1.0,0.0
topk,cms-heap-topk-fastpath-vector2d,rows=3 cols=4096,zipf,1.1,100000,100000,1.0,0.0
topk,cms-heap-topk-fastpath-vector2d,rows=3 cols=4096,zipf,1.1,100000,177828,1.0,0.0
topk,cms-heap-topk-fastpath-vector2d,rows=3 cols=4096,zipf,1.1,100000,316228,1.0,0.0
topk,cms-heap-topk-fastpath-vector2d,rows=3 cols=4096,zipf,1.1,100000,562341,1.0,0.0
topk,cms-heap-topk-fastpath-vector2d,rows=3 cols=4096,zipf,1.1,100000,1000000,1.0,0.0
topk,cms-heap-topk-fastpath-vector2d,rows=3 cols=4096,zipf,1.1,100000,1778279,1.0,0.0
topk,cms-heap-topk-fastpath-vector2d,rows=3 cols=4096,zipf,1.1,100000,3162278,1.0,0.0
topk,cms-heap-topk-fastpath-vector2d,rows=3 cols=4096,zipf,1.1,100000,5623413,1.0,0.0
topk,cms-heap-topk-fastpath-vector2d,rows=3 cols=4096,zipf,1.1,100000,10000000,1.0,0.0
topk,cms-heap-topk-fastpath-vector2d,rows=3 cols=4096,zipf,1.1,10000000,1000,0.9270833333333334,0.010416666666666668
topk,cms-heap-topk-fastpath-vector2d,rows=3 cols=4096,zipf,1.1,10000000,1778,0.9479166666666666,0.02755990949025615
topk,cms-heap-topk-fastpath-vector2d,rows=3 cols=4096,zipf,1.1,10000000,3162,0.9583333333333334,0.02755990949025615
topk,cms-heap-topk-fastpath-vector2d,rows=3 cols=4096,zipf,1.1,10000000,5623,0.9895833333333334,0.010416666666666668
topk,cms-heap-topk-fastpath-vector2d,rows=3 cols=4096,zipf,1.1,10000000,10000,0.9791666666666666,0.010416666666666668
topk,cms-heap-topk-fastpath-vector2d,rows=3 cols=4096,zipf,1.1,10000000,17783,1.0,0.0
topk,cms-heap-topk-fastpath-vector2d,rows=3 cols=4096,zipf,1.1,10000000,31623,0.9895833333333334,0.010416666666666668
topk,cms-heap-topk-fastpath-vector2d,rows=3 cols=4096,zipf,1.1,10000000,56234,1.0,0.0
topk,cms-heap-topk-fastpath-vector2d,rows=3 cols=4096,zipf,1.1,10000000,100000,1.0,0.0
topk,cms-heap-topk-fastpath-vector2d,rows=3 cols=4096,zipf,1.1,10000000,177828,0.9791666666666666,0.010416666666666668
topk,cms-heap-topk-fastpath-vector2d,rows=3 cols=4096,zipf,1.1,10000000,316228,1.0,0.0
topk,cms-heap-topk-fastpath-vector2d,rows=3 cols=4096,zipf,1.1,10000000,562341,0.9895833333333334,0.010416666666666668
topk,cms-heap-topk-fastpath-vector2d,rows=3 cols=4096,zipf,1.1,10000000,1000000,1.0,0.0
topk,cms-heap-topk-fastpath-vector2d,rows=3 cols=4096,zipf,1.1,10000000,1778279,1.0,0.0
topk,cms-heap-topk-fastpath-vector2d,rows=3 cols=4096,zipf,1.1,10000000,3162278,1.0,0.0
topk,cms-heap-topk-fastpath-vector2d,rows=3 cols=4096,zipf,1.1,10000000,5623413,0.9479166666666666,0.02755990949025615
topk,cms-heap-topk-fastpath-vector2d,rows=3 cols=4096,zipf,1.1,10000000,10000000,0.9895833333333334,0.010416666666666668
topk,cms-heap-topk-fastpath-vector2d,rows=3 cols=16384,zipf,0.0,10000,1000,0.5625,0.06505206248331664
topk,cms-heap-topk-fastpath-vector2d,rows=3 cols=16384,zipf,0.0,10000,1778,0.4583333333333333,0.05208333333333333
topk,cms-heap-topk-fastpath-vector2d,rows=3 cols=16384,zipf,0.0,10000,3162,0.71875,0.10825317547305482
topk,cms-heap-topk-fastpath-vector2d,rows=3 cols=16384,zipf,0.0,10000,5623,0.6979166666666666,0.10416666666666666
topk,cms-heap-topk-fastpath-vector2d,rows=3 cols=16384,zipf,0.0,10000,10000,0.8125,0.047735163489123336
topk,cms-heap-topk-fastpath-vector2d,rows=3 cols=16384,zipf,0.0,10000,17783,0.6875,0.047735163489123336
topk,cms-heap-topk-fastpath-vector2d,rows=3 cols=16384,zipf,0.0,10000,31623,0.40625,0.06505206248331664
topk,cms-heap-topk-fastpath-vector2d,rows=3 cols=16384,zipf,0.0,10000,56234,0.17708333333333334,0.04540519732854868
topk,cms-heap-topk-fastpath-vector2d,rows=3 cols=16384,zipf,0.0,10000,100000,0.09375,0.018042195912175804
topk,cms-heap-topk-fastpath-vector2d,rows=3 cols=16384,zipf,0.0,10000,177828,0.07291666666666667,0.010416666666666668
topk,cms-heap-topk-fastpath-vector2d,rows=3 cols=16384,zipf,0.0,10000,316228,0.052083333333333336,0.027559909490256152
topk,cms-heap-topk-fastpath-vector2d,rows=3 cols=16384,zipf,0.0,10000,562341,0.03125,0.018042195912175804
topk,cms-heap-topk-fastpath-vector2d,rows=3 cols=16384,zipf,0.0,10000,1000000,0.07291666666666667,0.010416666666666668
topk,cms-heap-topk-fastpath-vector2d,rows=3 cols=16384,zipf,0.0,10000,1778279,0.07291666666666667,0.020833333333333332
topk,cms-heap-topk-fastpath-vector2d,rows=3 cols=16384,zipf,0.0,10000,3162278,0.020833333333333332,0.010416666666666668
topk,cms-heap-topk-fastpath-vector2d,rows=3 cols=16384,zipf,0.0,10000,5623413,0.041666666666666664,0.010416666666666666
topk,cms-heap-topk-fastpath-vector2d,rows=3 cols=16384,zipf,0.0,10000,10000000,0.020833333333333332,0.010416666666666668
topk,cms-heap-topk-fastpath-vector2d,rows=3 cols=16384,zipf,0.5,10000,1000,0.5729166666666666,0.010416666666666668
topk,cms-heap-topk-fastpath-vector2d,rows=3 cols=16384,zipf,0.5,10000,1778,0.875,0.03125
topk,cms-heap-topk-fastpath-vector2d,rows=3 cols=16384,zipf,0.5,10000,3162,0.8645833333333334,0.04166666666666667
topk,cms-heap-topk-fastpath-vector2d,rows=3 cols=16384,zipf,0.5,10000,5623,0.9166666666666666,0.020833333333333332
topk,cms-heap-topk-fastpath-vector2d,rows=3 cols=16384,zipf,0.5,10000,10000,0.96875,0.0
topk,cms-heap-topk-fastpath-vector2d,rows=3 cols=16384,zipf,0.5,10000,17783,0.9791666666666666,0.010416666666666668
topk,cms-heap-topk-fastpath-vector2d,rows=3 cols=16384,zipf,0.5,10000,31623,0.9583333333333334,0.010416666666666668
topk,cms-heap-topk-fastpath-vector2d,rows=3 cols=16384,zipf,0.5,10000,56234,0.9895833333333334,0.010416666666666668
topk,cms-heap-topk-fastpath-vector2d,rows=3 cols=16384,zipf,0.5,10000,100000,1.0,0.0
topk,cms-heap-topk-fastpath-vector2d,rows=3 cols=16384,zipf,0.5,10000,177828,0.9791666666666666,0.010416666666666668
topk,cms-heap-topk-fastpath-vector2d,rows=3 cols=16384,zipf,0.5,10000,316228,0.9791666666666666,0.010416666666666668
topk,cms-heap-topk-fastpath-vector2d,rows=3 cols=16384,zipf,0.5,10000,562341,0.9895833333333334,0.010416666666666668
topk,cms-heap-topk-fastpath-vector2d,rows=3 cols=16384,zipf,0.5,10000,1000000,0.9895833333333334,0.010416666666666668
topk,cms-heap-topk-fastpath-vector2d,rows=3 cols=16384,zipf,0.5,10000,1778279,0.9895833333333334,0.010416666666666668
topk,cms-heap-topk-fastpath-vector2d,rows=3 cols=16384,zipf,0.5,10000,3162278,1.0,0.0
topk,cms-heap-topk-fastpath-vector2d,rows=3 cols=16384,zipf,0.5,10000,5623413,1.0,0.0
topk,cms-heap-topk-fastpath-vector2d,rows=3 cols=16384,zipf,0.5,10000,10000000,1.0,0.0
topk,cms-heap-topk-fastpath-vector2d,rows=3 cols=16384,zipf,0.8,10000,1000,0.9166666666666666,0.02755990949025615
topk,cms-heap-topk-fastpath-vector2d,rows=3 cols=16384,zipf,0.8,10000,1778,0.9583333333333334,0.027559909490256152
topk,cms-heap-topk-fastpath-vector2d,rows=3 cols=16384,zipf,0.8,10000,3162,0.9791666666666666,0.010416666666666668
topk,cms-heap-topk-fastpath-vector2d,rows=3 cols=16384,zipf,0.8,10000,5623,1.0,0.0
topk,cms-heap-topk-fastpath-vector2d,rows=3 cols=16384,zipf,0.8,10000,10000,0.9791666666666666,0.010416666666666668
topk,cms-heap-topk-fastpath-vector2d,rows=3 cols=16384,zipf,0.8,10000,17783,0.9895833333333334,0.010416666666666668
topk,cms-heap-topk-fastpath-vector2d,rows=3 cols=16384,zipf,0.8,10000,31623,1.0,0.0
topk,cms-heap-topk-fastpath-vector2d,rows=3 cols=16384,zipf,0.8,10000,56234,0.9895833333333334,0.010416666666666668
topk,cms-heap-topk-fastpath-vector2d,rows=3 cols=16384,zipf,0.8,10000,100000,0.9895833333333334,0.010416666666666668
topk,cms-heap-topk-fastpath-vector2d,rows=3 cols=16384,zipf,0.8,10000,177828,1.0,0.0
topk,cms-heap-topk-fastpath-vector2d,rows=3 cols=16384,zipf,0.8,10000,316228,1.0,0.0
topk,cms-heap-topk-fastpath-vector2d,rows=3 cols=16384,zipf,0.8,10000,562341,1.0,0.0
topk,cms-heap-topk-fastpath-vector2d,rows=3 cols=16384,zipf,0.8,10000,1000000,1.0,0.0
topk,cms-heap-topk-fastpath-vector2d,rows=3 cols=16384,zipf,0.8,10000,1778279,1.0,0.0
topk,cms-heap-topk-fastpath-vector2d,rows=3 cols=16384,zipf,0.8,10000,3162278,1.0,0.0
topk,cms-heap-topk-fastpath-vector2d,rows=3 cols=16384,zipf,0.8,10000,5623413,1.0,0.0
topk,cms-heap-topk-fastpath-vector2d,rows=3 cols=16384,zipf,0.8,10000,10000000,1.0,0.0
topk,cms-heap-topk-fastpath-vector2d,rows=3 cols=16384,zipf,1.0,10000,1000,0.9375,0.03608439182435161
topk,cms-heap-topk-fastpath-vector2d,rows=3 cols=16384,zipf,1.0,10000,1778,0.9479166666666666,0.020833333333333332
topk,cms-heap-topk-fastpath-vector2d,rows=3 cols=16384,zipf,1.0,10000,3162,0.96875,0.018042195912175804
topk,cms-heap-topk-fastpath-vector2d,rows=3 cols=16384,zipf,1.0,10000,5623,0.9791666666666666,0.010416666666666668
topk,cms-heap-topk-fastpath-vector2d,rows=3 cols=16384,zipf,1.0,10000,10000,0.9791666666666666,0.010416666666666668
topk,cms-heap-topk-fastpath-vector2d,rows=3 cols=16384,zipf,1.0,10000,17783,1.0,0.0
topk,cms-heap-topk-fastpath-vector2d,rows=3 cols=16384,zipf,1.0,10000,31623,1.0,0.0
topk,cms-heap-topk-fastpath-vector2d,rows=3 cols=16384,zipf,1.0,10000,56234,0.9895833333333334,0.010416666666666668
topk,cms-heap-topk-fastpath-vector2d,rows=3 cols=16384,zipf,1.0,10000,100000,1.0,0.0
topk,cms-heap-topk-fastpath-vector2d,rows=3 cols=16384,zipf,1.0,10000,177828,1.0,0.0
topk,cms-heap-topk-fastpath-vector2d,rows=3 cols=16384,zipf,1.0,10000,316228,1.0,0.0
topk,cms-heap-topk-fastpath-vector2d,rows=3 cols=16384,zipf,1.0,10000,562341,1.0,0.0
topk,cms-heap-topk-fastpath-vector2d,rows=3 cols=16384,zipf,1.0,10000,1000000,1.0,0.0
topk,cms-heap-topk-fastpath-vector2d,rows=3 cols=16384,zipf,1.0,10000,1778279,1.0,0.0
topk,cms-heap-topk-fastpath-vector2d,rows=3 cols=16384,zipf,1.0,10000,3162278,1.0,0.0
topk,cms-heap-topk-fastpath-vector2d,rows=3 cols=16384,zipf,1.0,10000,5623413,1.0,0.0
topk,cms-heap-topk-fastpath-vector2d,rows=3 cols=16384,zipf,1.0,10000,10000000,1.0,0.0
topk,cms-heap-topk-fastpath-vector2d,rows=3 cols=16384,zipf,1.2,10000,1000,0.9479166666666666,0.027559909490256152
topk,cms-heap-topk-fastpath-vector2d,rows=3 cols=16384,zipf,1.2,10000,1778,0.9479166666666666,0.010416666666666668
topk,cms-heap-topk-fastpath-vector2d,rows=3 cols=16384,zipf,1.2,10000,3162,0.96875,0.0
topk,cms-heap-topk-fastpath-vector2d,rows=3 cols=16384,zipf,1.2,10000,5623,0.9791666666666666,0.010416666666666668
topk,cms-heap-topk-fastpath-vector2d,rows=3 cols=16384,zipf,1.2,10000,10000,0.9895833333333334,0.010416666666666668
topk,cms-heap-topk-fastpath-vector2d,rows=3 cols=16384,zipf,1.2,10000,17783,1.0,0.0
topk,cms-heap-topk-fastpath-vector2d,rows=3 cols=16384,zipf,1.2,10000,31623,1.0,0.0
topk,cms-heap-topk-fastpath-vector2d,rows=3 cols=16384,zipf,1.2,10000,56234,0.9895833333333334,0.010416666666666668
topk,cms-heap-topk-fastpath-vector2d,rows=3 cols=16384,zipf,1.2,10000,100000,1.0,0.0
topk,cms-heap-topk-fastpath-vector2d,rows=3 cols=16384,zipf,1.2,10000,177828,1.0,0.0
topk,cms-heap-topk-fastpath-vector2d,rows=3 cols=16384,zipf,1.2,10000,316228,1.0,0.0
topk,cms-heap-topk-fastpath-vector2d,rows=3 cols=16384,zipf,1.2,10000,562341,1.0,0.0
topk,cms-heap-topk-fastpath-vector2d,rows=3 cols=16384,zipf,1.2,10000,1000000,1.0,0.0
topk,cms-heap-topk-fastpath-vector2d,rows=3 cols=16384,zipf,1.2,10000,1778279,1.0,0.0
topk,cms-heap-topk-fastpath-vector2d,rows=3 cols=16384,zipf,1.2,10000,3162278,1.0,0.0
topk,cms-heap-topk-fastpath-vector2d,rows=3 cols=16384,zipf,1.2,10000,5623413,1.0,0.0
topk,cms-heap-topk-fastpath-vector2d,rows=3 cols=16384,zipf,1.2,10000,10000000,1.0,0.0
topk,cms-heap-topk-fastpath-vector2d,rows=3 cols=16384,zipf,1.5,10000,1000,0.96875,0.0
topk,cms-heap-topk-fastpath-vector2d,rows=3 cols=16384,zipf,1.5,10000,1778,0.96875,0.0
topk,cms-heap-topk-fastpath-vector2d,rows=3 cols=16384,zipf,1.5,10000,3162,0.9895833333333334,0.010416666666666668
topk,cms-heap-topk-fastpath-vector2d,rows=3 cols=16384,zipf,1.5,10000,5623,0.9895833333333334,0.010416666666666668
topk,cms-heap-topk-fastpath-vector2d,rows=3 cols=16384,zipf,1.5,10000,10000,0.9791666666666666,0.010416666666666668
topk,cms-heap-topk-fastpath-vector2d,rows=3 cols=16384,zipf,1.5,10000,17783,0.9895833333333334,0.010416666666666668
topk,cms-heap-topk-fastpath-vector2d,rows=3 cols=16384,zipf,1.5,10000,31623,1.0,0.0
topk,cms-heap-topk-fastpath-vector2d,rows=3 cols=16384,zipf,1.5,10000,56234,1.0,0.0
topk,cms-heap-topk-fastpath-vector2d,rows=3 cols=16384,zipf,1.5,10000,100000,1.0,0.0
topk,cms-heap-topk-fastpath-vector2d,rows=3 cols=16384,zipf,1.5,10000,177828,1.0,0.0
topk,cms-heap-topk-fastpath-vector2d,rows=3 cols=16384,zipf,1.5,10000,316228,1.0,0.0
topk,cms-heap-topk-fastpath-vector2d,rows=3 cols=16384,zipf,1.5,10000,562341,1.0,0.0
topk,cms-heap-topk-fastpath-vector2d,rows=3 cols=16384,zipf,1.5,10000,1000000,1.0,0.0
topk,cms-heap-topk-fastpath-vector2d,rows=3 cols=16384,zipf,1.5,10000,1778279,1.0,0.0
topk,cms-heap-topk-fastpath-vector2d,rows=3 cols=16384,zipf,1.5,10000,3162278,1.0,0.0
topk,cms-heap-topk-fastpath-vector2d,rows=3 cols=16384,zipf,1.5,10000,5623413,1.0,0.0
topk,cms-heap-topk-fastpath-vector2d,rows=3 cols=16384,zipf,1.5,10000,10000000,1.0,0.0
topk,cms-heap-topk-fastpath-vector2d,rows=3 cols=16384,zipf,2.0,10000,1000,0.8645833333333334,0.020833333333333332
topk,cms-heap-topk-fastpath-vector2d,rows=3 cols=16384,zipf,2.0,10000,1778,0.90625,0.0
topk,cms-heap-topk-fastpath-vector2d,rows=3 cols=16384,zipf,2.0,10000,3162,0.9270833333333334,0.020833333333333332
topk,cms-heap-topk-fastpath-vector2d,rows=3 cols=16384,zipf,2.0,10000,5623,0.9583333333333334,0.010416666666666668
topk,cms-heap-topk-fastpath-vector2d,rows=3 cols=16384,zipf,2.0,10000,10000,0.96875,0.0
topk,cms-heap-topk-fastpath-vector2d,rows=3 cols=16384,zipf,2.0,10000,17783,0.9895833333333334,0.010416666666666668
topk,cms-heap-topk-fastpath-vector2d,rows=3 cols=16384,zipf,2.0,10000,31623,1.0,0.0
topk,cms-heap-topk-fastpath-vector2d,rows=3 cols=16384,zipf,2.0,10000,56234,1.0,0.0
topk,cms-heap-topk-fastpath-vector2d,rows=3 cols=16384,zipf,2.0,10000,100000,1.0,0.0
topk,cms-heap-topk-fastpath-vector2d,rows=3 cols=16384,zipf,2.0,10000,177828,1.0,0.0
topk,cms-heap-topk-fastpath-vector2d,rows=3 cols=16384,zipf,2.0,10000,316228,1.0,0.0
topk,cms-heap-topk-fastpath-vector2d,rows=3 cols=16384,zipf,2.0,10000,562341,1.0,0.0
topk,cms-heap-topk-fastpath-vector2d,rows=3 cols=16384,zipf,2.0,10000,1000000,1.0,0.0
topk,cms-heap-topk-fastpath-vector2d,rows=3 cols=16384,zipf,2.0,10000,1778279,1.0,0.0
topk,cms-heap-topk-fastpath-vector2d,rows=3 cols=16384,zipf,2.0,10000,3162278,1.0,0.0
topk,cms-heap-topk-fastpath-vector2d,rows=3 cols=16384,zipf,2.0,10000,5623413,1.0,0.0
topk,cms-heap-topk-fastpath-vector2d,rows=3 cols=16384,zipf,2.0,10000,10000000,1.0,0.0
topk,cms-heap-topk-fastpath-vector2d,rows=3 cols=16384,zipf,1.1,1000,1000,0.9375,0.018042195912175804
topk,cms-heap-topk-fastpath-vector2d,rows=3 cols=16384,zipf,1.1,1000,1778,0.96875,0.0
topk,cms-heap-topk-fastpath-vector2d,rows=3 cols=16384,zipf,1.1,1000,3162,0.96875,0.018042195912175804
topk,cms-heap-topk-fastpath-vector2d,rows=3 cols=16384,zipf,1.1,1000,5623,1.0,0.0
topk,cms-heap-topk-fastpath-vector2d,rows=3 cols=16384,zipf,1.1,1000,10000,0.9895833333333334,0.010416666666666668
topk,cms-heap-topk-fastpath-vector2d,rows=3 cols=16384,zipf,1.1,1000,17783,1.0,0.0
topk,cms-heap-topk-fastpath-vector2d,rows=3 cols=16384,zipf,1.1,1000,31623,1.0,0.0
topk,cms-heap-topk-fastpath-vector2d,rows=3 cols=16384,zipf,1.1,1000,56234,1.0,0.0
topk,cms-heap-topk-fastpath-vector2d,rows=3 cols=16384,zipf,1.1,1000,100000,1.0,0.0
topk,cms-heap-topk-fastpath-vector2d,rows=3 cols=16384,zipf,1.1,1000,177828,1.0,0.0
topk,cms-heap-topk-fastpath-vector2d,rows=3 cols=16384,zipf,1.1,1000,316228,1.0,0.0
topk,cms-heap-topk-fastpath-vector2d,rows=3 cols=16384,zipf,1.1,1000,562341,1.0,0.0
topk,cms-heap-topk-fastpath-vector2d,rows=3 cols=16384,zipf,1.1,1000,1000000,1.0,0.0
topk,cms-heap-topk-fastpath-vector2d,rows=3 cols=16384,zipf,1.1,1000,1778279,1.0,0.0
topk,cms-heap-topk-fastpath-vector2d,rows=3 cols=16384,zipf,1.1,1000,3162278,1.0,0.0
topk,cms-heap-topk-fastpath-vector2d,rows=3 cols=16384,zipf,1.1,1000,5623413,1.0,0.0
topk,cms-heap-topk-fastpath-vector2d,rows=3 cols=16384,zipf,1.1,1000,10000000,1.0,0.0
topk,cms-heap-topk-fastpath-vector2d,rows=3 cols=16384,zipf,1.1,100000,1000,0.9166666666666666,0.020833333333333332
topk,cms-heap-topk-fastpath-vector2d,rows=3 cols=16384,zipf,1.1,100000,1778,0.96875,0.0
topk,cms-heap-topk-fastpath-vector2d,rows=3 cols=16384,zipf,1.1,100000,3162,0.9895833333333334,0.010416666666666668
topk,cms-heap-topk-fastpath-vector2d,rows=3 cols=16384,zipf,1.1,100000,5623,0.9895833333333334,0.010416666666666668
topk,cms-heap-topk-fastpath-vector2d,rows=3 cols=16384,zipf,1.1,100000,10000,1.0,0.0
topk,cms-heap-topk-fastpath-vector2d,rows=3 cols=16384,zipf,1.1,100000,17783,1.0,0.0
topk,cms-heap-topk-fastpath-vector2d,rows=3 cols=16384,zipf,1.1,100000,31623,1.0,0.0
topk,cms-heap-topk-fastpath-vector2d,rows=3 cols=16384,zipf,1.1,100000,56234,1.0,0.0
topk,cms-heap-topk-fastpath-vector2d,rows=3 cols=16384,zipf,1.1,100000,100000,1.0,0.0
topk,cms-heap-topk-fastpath-vector2d,rows=3 cols=16384,zipf,1.1,100000,177828,1.0,0.0
topk,cms-heap-topk-fastpath-vector2d,rows=3 cols=16384,zipf,1.1,100000,316228,1.0,0.0
topk,cms-heap-topk-fastpath-vector2d,rows=3 cols=16384,zipf,1.1,100000,562341,1.0,0.0
topk,cms-heap-topk-fastpath-vector2d,rows=3 cols=16384,zipf,1.1,100000,1000000,1.0,0.0
topk,cms-heap-topk-fastpath-vector2d,rows=3 cols=16384,zipf,1.1,100000,1778279,1.0,0.0
topk,cms-heap-topk-fastpath-vector2d,rows=3 cols=16384,zipf,1.1,100000,3162278,1.0,0.0
topk,cms-heap-topk-fastpath-vector2d,rows=3 cols=16384,zipf,1.1,100000,5623413,1.0,0.0
topk,cms-heap-topk-fastpath-vector2d,rows=3 cols=16384,zipf,1.1,100000,10000000,1.0,0.0
topk,cms-heap-topk-fastpath-vector2d,rows=3 cols=16384,zipf,1.1,10000000,1000,0.9270833333333334,0.010416666666666668
topk,cms-heap-topk-fastpath-vector2d,rows=3 cols=16384,zipf,1.1,10000000,1778,0.9479166666666666,0.02755990949025615
topk,cms-heap-topk-fastpath-vector2d,rows=3 cols=16384,zipf,1.1,10000000,3162,0.9583333333333334,0.02755990949025615
topk,cms-heap-topk-fastpath-vector2d,rows=3 cols=16384,zipf,1.1,10000000,5623,0.9895833333333334,0.010416666666666668
topk,cms-heap-topk-fastpath-vector2d,rows=3 cols=16384,zipf,1.1,10000000,10000,0.9791666666666666,0.010416666666666668
topk,cms-heap-topk-fastpath-vector2d,rows=3 cols=16384,zipf,1.1,10000000,17783,1.0,0.0
topk,cms-heap-topk-fastpath-vector2d,rows=3 cols=16384,zipf,1.1,10000000,31623,1.0,0.0
topk,cms-heap-topk-fastpath-vector2d,rows=3 cols=16384,zipf,1.1,10000000,56234,1.0,0.0
topk,cms-heap-topk-fastpath-vector2d,rows=3 cols=16384,zipf,1.1,10000000,100000,1.0,0.0
topk,cms-heap-topk-fastpath-vector2d,rows=3 cols=16384,zipf,1.1,10000000,177828,1.0,0.0
topk,cms-heap-topk-fastpath-vector2d,rows=3 cols=16384,zipf,1.1,10000000,316228,1.0,0.0
topk,cms-heap-topk-fastpath-vector2d,rows=3 cols=16384,zipf,1.1,10000000,562341,1.0,0.0
topk,cms-heap-topk-fastpath-vector2d,rows=3 cols=16384,zipf,1.1,10000000,1000000,1.0,0.0
topk,cms-heap-topk-fastpath-vector2d,rows=3 cols=16384,zipf,1.1,10000000,1778279,1.0,0.0
topk,cms-heap-topk-fastpath-vector2d,rows=3 cols=16384,zipf,1.1,10000000,3162278,1.0,0.0
topk,cms-heap-topk-fastpath-vector2d,rows=3 cols=16384,zipf,1.1,10000000,5623413,1.0,0.0
topk,cms-heap-topk-fastpath-vector2d,rows=3 cols=16384,zipf,1.1,10000000,10000000,1.0,0.0
topk,cms-heap-topk-fastpath-vector2d,rows=5 cols=256,zipf,0.0,10000,1000,0.2604166666666667,0.020833333333333336
topk,cms-heap-topk-fastpath-vector2d,rows=5 cols=256,zipf,0.0,10000,1778,0.13541666666666666,0.020833333333333336
topk,cms-heap-topk-fastpath-vector2d,rows=5 cols=256,zipf,0.0,10000,3162,0.1875,0.03608439182435161
topk,cms-heap-topk-fastpath-vector2d,rows=5 cols=256,zipf,0.0,10000,5623,0.0625,0.03125
topk,cms-heap-topk-fastpath-vector2d,rows=5 cols=256,zipf,0.0,10000,10000,0.03125,0.018042195912175804
topk,cms-heap-topk-fastpath-vector2d,rows=5 cols=256,zipf,0.0,10000,17783,0.041666666666666664,0.010416666666666666
topk,cms-heap-topk-fastpath-vector2d,rows=5 cols=256,zipf,0.0,10000,31623,0.020833333333333332,0.020833333333333336
topk,cms-heap-topk-fastpath-vector2d,rows=5 cols=256,zipf,0.0,10000,56234,0.020833333333333332,0.010416666666666668
topk,cms-heap-topk-fastpath-vector2d,rows=5 cols=256,zipf,0.0,10000,100000,0.010416666666666666,0.010416666666666668
topk,cms-heap-topk-fastpath-vector2d,rows=5 cols=256,zipf,0.0,10000,177828,0.03125,0.018042195912175804
topk,cms-heap-topk-fastpath-vector2d,rows=5 cols=256,zipf,0.0,10000,316228,0.010416666666666666,0.010416666666666668
topk,cms-heap-topk-fastpath-vector2d,rows=5 cols=256,zipf,0.0,10000,562341,0.0,0.0
topk,cms-heap-topk-fastpath-vector2d,rows=5 cols=256,zipf,0.0,10000,1000000,0.0,0.0
topk,cms-heap-topk-fastpath-vector2d,rows=5 cols=256,zipf,0.0,10000,1778279,0.0,0.0
topk,cms-heap-topk-fastpath-vector2d,rows=5 cols=256,zipf,0.0,10000,3162278,0.0,0.0
topk,cms-heap-topk-fastpath-vector2d,rows=5 cols=256,zipf,0.0,10000,5623413,0.010416666666666666,0.010416666666666668
topk,cms-heap-topk-fastpath-vector2d,rows=5 cols=256,zipf,0.0,10000,10000000,0.020833333333333332,0.020833333333333336
topk,cms-heap-topk-fastpath-vector2d,rows=5 cols=256,zipf,0.5,10000,1000,0.3541666666666667,0.020833333333333336
topk,cms-heap-topk-fastpath-vector2d,rows=5 cols=256,zipf,0.5,10000,1778,0.34375,0.05412658773652741
topk,cms-heap-topk-fastpath-vector2d,rows=5 cols=256,zipf,0.5,10000,3162,0.40625,0.018042195912175804
topk,cms-heap-topk-fastpath-vector2d,rows=5 cols=256,zipf,0.5,10000,5623,0.4270833333333333,0.020833333333333336
topk,cms-heap-topk-fastpath-vector2d,rows=5 cols=256,zipf,0.5,10000,10000,0.53125,0.03608439182435161
topk,cms-heap-topk-fastpath-vector2d,rows=5 cols=256,zipf,0.5,10000,17783,0.5,0.018042195912175804
topk,cms-heap-topk-fastpath-vector2d,rows=5 cols=256,zipf,0.5,10000,31623,0.46875,0.047735163489123336
topk,cms-heap-topk-fastpath-vector2d,rows=5 cols=256,zipf,0.5,10000,56234,0.5208333333333334,0.04540519732854868
topk,cms-heap-topk-fastpath-vector2d,rows=5 cols=256,zipf,0.5,10000,100000,0.4375,0.0
topk,cms-heap-topk-fastpath-vector2d,rows=5 cols=256,zipf,0.5,10000,177828,0.46875,0.0
topk,cms-heap-topk-fastpath-vector2d,rows=5 cols=256,zipf,0.5,10000,316228,0.46875,0.018042195912175804
topk,cms-heap-topk-fastpath-vector2d,rows=5 cols=256,zipf,0.5,10000,562341,0.4375,0.018042195912175804
topk,cms-heap-topk-fastpath-vector2d,rows=5 cols=256,zipf,0.5,10000,1000000,0.40625,0.0
topk,cms-heap-topk-fastpath-vector2d,rows=5 cols=256,zipf,0.5,10000,1778279,0.40625,0.018042195912175804
topk,cms-heap-topk-fastpath-vector2d,rows=5 cols=256,zipf,0.5,10000,3162278,0.3958333333333333,0.010416666666666666
topk,cms-heap-topk-fastpath-vector2d,rows=5 cols=256,zipf,0.5,10000,5623413,0.3854166666666667,0.010416666666666666
topk,cms-heap-topk-fastpath-vector2d,rows=5 cols=256,zipf,0.5,10000,10000000,0.3854166666666667,0.010416666666666666
topk,cms-heap-topk-fastpath-vector2d,rows=5 cols=256,zipf,0.8,10000,1000,0.78125,0.0
topk,cms-heap-topk-fastpath-vector2d,rows=5 cols=256,zipf,0.8,10000,1778,0.8125,0.018042195912175804
topk,cms-heap-topk-fastpath-vector2d,rows=5 cols=256,zipf,0.8,10000,3162,0.8333333333333334,0.02755990949025615
topk,cms-heap-topk-fastpath-vector2d,rows=5 cols=256,zipf,0.8,10000,5623,0.8541666666666666,0.010416666666666668
topk,cms-heap-topk-fastpath-vector2d,rows=5 cols=256,zipf,0.8,10000,10000,0.8541666666666666,0.027559909490256152
topk,cms-heap-topk-fastpath-vector2d,rows=5 cols=256,zipf,0.8,10000,17783,0.8541666666666666,0.027559909490256152
topk,cms-heap-topk-fastpath-vector2d,rows=5 cols=256,zipf,0.8,10000,31623,0.8645833333333334,0.027559909490256152
topk,cms-heap-topk-fastpath-vector2d,rows=5 cols=256,zipf,0.8,10000,56234,0.8645833333333334,0.020833333333333332
topk,cms-heap-topk-fastpath-vector2d,rows=5 cols=256,zipf,0.8,10000,100000,0.8333333333333334,0.027559909490256152
topk,cms-heap-topk-fastpath-vector2d,rows=5 cols=256,zipf,0.8,10000,177828,0.8333333333333334,0.020833333333333332
topk,cms-heap-topk-fastpath-vector2d,rows=5 cols=256,zipf,0.8,10000,316228,0.7916666666666666,0.010416666666666668
topk,cms-heap-topk-fastpath-vector2d,rows=5 cols=256,zipf,0.8,10000,562341,0.78125,0.018042195912175804
topk,cms-heap-topk-fastpath-vector2d,rows=5 cols=256,zipf,0.8,10000,1000000,0.7604166666666666,0.010416666666666668
topk,cms-heap-topk-fastpath-vector2d,rows=5 cols=256,zipf,0.8,10000,1778279,0.75,0.0
topk,cms-heap-topk-fastpath-vector2d,rows=5 cols=256,zipf,0.8,10000,3162278,0.75,0.0
topk,cms-heap-topk-fastpath-vector2d,rows=5 cols=256,zipf,0.8,10000,5623413,0.75,0.0
topk,cms-heap-topk-fastpath-vector2d,rows=5 cols=256,zipf,0.8,10000,10000000,0.75,0.0
topk,cms-heap-topk-fastpath-vector2d,rows=5 cols=256,zipf,1.0,10000,1000,0.8645833333333334,0.02755990949025615
topk,cms-heap-topk-fastpath-vector2d,rows=5 cols=256,zipf,1.0,10000,1778,0.90625,0.018042195912175804
topk,cms-heap-topk-fastpath-vector2d,rows=5 cols=256,zipf,1.0,10000,3162,0.9270833333333334,0.010416666666666668
topk,cms-heap-topk-fastpath-vector2d,rows=5 cols=256,zipf,1.0,10000,5623,0.9375,0.018042195912175804
topk,cms-heap-topk-fastpath-vector2d,rows=5 cols=256,zipf,1.0,10000,10000,0.9375,0.018042195912175804
topk,cms-heap-topk-fastpath-vector2d,rows=5 cols=256,zipf,1.0,10000,17783,0.9270833333333334,0.020833333333333332
topk,cms-heap-topk-fastpath-vector2d,rows=5 cols=256,zipf,1.0,10000,31623,0.9479166666666666,0.010416666666666668
topk,cms-heap-topk-fastpath-vector2d,rows=5 cols=256,zipf,1.0,10000,56234,0.96875,0.0
topk,cms-heap-topk-fastpath-vector2d,rows=5 cols=256,zipf,1.0,10000,100000,0.9791666666666666,0.010416666666666668
topk,cms-heap-topk-fastpath-vector2d,rows=5 cols=256,zipf,1.0,10000,177828,0.9479166666666666,0.010416666666666668
topk,cms-heap-topk-fastpath-vector2d,rows=5 cols=256,zipf,1.0,10000,316228,0.9583333333333334,0.010416666666666668
topk,cms-heap-topk-fastpath-vector2d,rows=5 cols=256,zipf,1.0,10000,562341,0.9583333333333334,0.010416666666666668
topk,cms-heap-topk-fastpath-vector2d,rows=5 cols=256,zipf,1.0,10000,1000000,0.9375,0.018042195912175804
topk,cms-heap-topk-fastpath-vector2d,rows=5 cols=256,zipf,1.0,10000,1778279,0.9375,0.0
topk,cms-heap-topk-fastpath-vector2d,rows=5 cols=256,zipf,1.0,10000,3162278,0.9375,0.0
topk,cms-heap-topk-fastpath-vector2d,rows=5 cols=256,zipf,1.0,10000,5623413,0.9375,0.0
topk,cms-heap-topk-fastpath-vector2d,rows=5 cols=256,zipf,1.0,10000,10000000,0.9375,0.0
topk,cms-heap-topk-fastpath-vector2d,rows=5 cols=256,zipf,1.2,10000,1000,0.9479166666666666,0.010416666666666668
topk,cms-heap-topk-fastpath-vector2d,rows=5 cols=256,zipf,1.2,10000,1778,0.9583333333333334,0.010416666666666668
topk,cms-heap-topk-fastpath-vector2d,rows=5 cols=256,zipf,1.2,10000,3162,0.9479166666666666,0.010416666666666668
topk,cms-heap-topk-fastpath-vector2d,rows=5 cols=256,zipf,1.2,10000,5623,0.9583333333333334,0.010416666666666668
topk,cms-heap-topk-fastpath-vector2d,rows=5 cols=256,zipf,1.2,10000,10000,0.9583333333333334,0.010416666666666668
topk,cms-heap-topk-fastpath-vector2d,rows=5 cols=256,zipf,1.2,10000,17783,0.9479166666666666,0.010416666666666668
topk,cms-heap-topk-fastpath-vector2d,rows=5 cols=256,zipf,1.2,10000,31623,0.9791666666666666,0.010416666666666668
topk,cms-heap-topk-fastpath-vector2d,rows=5 cols=256,zipf,1.2,10000,56234,0.96875,0.0
topk,cms-heap-topk-fastpath-vector2d,rows=5 cols=256,zipf,1.2,10000,100000,0.96875,0.018042195912175804
topk,cms-heap-topk-fastpath-vector2d,rows=5 cols=256,zipf,1.2,10000,177828,0.9583333333333334,0.010416666666666668
topk,cms-heap-topk-fastpath-vector2d,rows=5 cols=256,zipf,1.2,10000,316228,0.96875,0.0
topk,cms-heap-topk-fastpath-vector2d,rows=5 cols=256,zipf,1.2,10000,562341,0.9583333333333334,0.010416666666666668
topk,cms-heap-topk-fastpath-vector2d,rows=5 cols=256,zipf,1.2,10000,1000000,0.96875,0.0
topk,cms-heap-topk-fastpath-vector2d,rows=5 cols=256,zipf,1.2,10000,1778279,0.96875,0.0
topk,cms-heap-topk-fastpath-vector2d,rows=5 cols=256,zipf,1.2,10000,3162278,0.96875,0.0
topk,cms-heap-topk-fastpath-vector2d,rows=5 cols=256,zipf,1.2,10000,5623413,0.96875,0.0
topk,cms-heap-topk-fastpath-vector2d,rows=5 cols=256,zipf,1.2,10000,10000000,0.96875,0.0
topk,cms-heap-topk-fastpath-vector2d,rows=5 cols=256,zipf,1.5,10000,1000,0.96875,0.0
topk,cms-heap-topk-fastpath-vector2d,rows=5 cols=256,zipf,1.5,10000,1778,0.96875,0.0
topk,cms-heap-topk-fastpath-vector2d,rows=5 cols=256,zipf,1.5,10000,3162,0.9791666666666666,0.010416666666666668
topk,cms-heap-topk-fastpath-vector2d,rows=5 cols=256,zipf,1.5,10000,5623,0.9791666666666666,0.010416666666666668
topk,cms-heap-topk-fastpath-vector2d,rows=5 cols=256,zipf,1.5,10000,10000,0.9791666666666666,0.010416666666666668
topk,cms-heap-topk-fastpath-vector2d,rows=5 cols=256,zipf,1.5,10000,17783,0.9791666666666666,0.010416666666666668
topk,cms-heap-topk-fastpath-vector2d,rows=5 cols=256,zipf,1.5,10000,31623,0.9791666666666666,0.010416666666666668
topk,cms-heap-topk-fastpath-vector2d,rows=5 cols=256,zipf,1.5,10000,56234,0.9895833333333334,0.010416666666666668
topk,cms-heap-topk-fastpath-vector2d,rows=5 cols=256,zipf,1.5,10000,100000,0.9895833333333334,0.010416666666666668
topk,cms-heap-topk-fastpath-vector2d,rows=5 cols=256,zipf,1.5,10000,177828,0.9791666666666666,0.010416666666666668
topk,cms-heap-topk-fastpath-vector2d,rows=5 cols=256,zipf,1.5,10000,316228,0.9791666666666666,0.010416666666666668
topk,cms-heap-topk-fastpath-vector2d,rows=5 cols=256,zipf,1.5,10000,562341,0.9895833333333334,0.010416666666666668
topk,cms-heap-topk-fastpath-vector2d,rows=5 cols=256,zipf,1.5,10000,1000000,0.9895833333333334,0.010416666666666668
topk,cms-heap-topk-fastpath-vector2d,rows=5 cols=256,zipf,1.5,10000,1778279,0.9791666666666666,0.010416666666666668
topk,cms-heap-topk-fastpath-vector2d,rows=5 cols=256,zipf,1.5,10000,3162278,0.96875,0.0
topk,cms-heap-topk-fastpath-vector2d,rows=5 cols=256,zipf,1.5,10000,5623413,0.96875,0.0
topk,cms-heap-topk-fastpath-vector2d,rows=5 cols=256,zipf,1.5,10000,10000000,0.96875,0.0
topk,cms-heap-topk-fastpath-vector2d,rows=5 cols=256,zipf,2.0,10000,1000,0.8645833333333334,0.020833333333333332
topk,cms-heap-topk-fastpath-vector2d,rows=5 cols=256,zipf,2.0,10000,1778,0.90625,0.0
topk,cms-heap-topk-fastpath-vector2d,rows=5 cols=256,zipf,2.0,10000,3162,0.9270833333333334,0.020833333333333332
topk,cms-heap-topk-fastpath-vector2d,rows=5 cols=256,zipf,2.0,10000,5623,0.9583333333333334,0.010416666666666668
topk,cms-heap-topk-fastpath-vector2d,rows=5 cols=256,zipf,2.0,10000,10000,0.96875,0.0
topk,cms-heap-topk-fastpath-vector2d,rows=5 cols=256,zipf,2.0,10000,17783,0.9791666666666666,0.010416666666666668
topk,cms-heap-topk-fastpath-vector2d,rows=5 cols=256,zipf,2.0,10000,31623,0.9895833333333334,0.010416666666666668
topk,cms-heap-topk-fastpath-vector2d,rows=5 cols=256,zipf,2.0,10000,56234,0.9895833333333334,0.010416666666666668
topk,cms-heap-topk-fastpath-vector2d,rows=5 cols=256,zipf,2.0,10000,100000,1.0,0.0
topk,cms-heap-topk-fastpath-vector2d,rows=5 cols=256,zipf,2.0,10000,177828,1.0,0.0
topk,cms-heap-topk-fastpath-vector2d,rows=5 cols=256,zipf,2.0,10000,316228,1.0,0.0
topk,cms-heap-topk-fastpath-vector2d,rows=5 cols=256,zipf,2.0,10000,562341,1.0,0.0
topk,cms-heap-topk-fastpath-vector2d,rows=5 cols=256,zipf,2.0,10000,1000000,1.0,0.0
topk,cms-heap-topk-fastpath-vector2d,rows=5 cols=256,zipf,2.0,10000,1778279,1.0,0.0
topk,cms-heap-topk-fastpath-vector2d,rows=5 cols=256,zipf,2.0,10000,3162278,1.0,0.0
topk,cms-heap-topk-fastpath-vector2d,rows=5 cols=256,zipf,2.0,10000,5623413,1.0,0.0
topk,cms-heap-topk-fastpath-vector2d,rows=5 cols=256,zipf,2.0,10000,10000000,1.0,0.0
topk,cms-heap-topk-fastpath-vector2d,rows=5 cols=256,zipf,1.1,1000,1000,0.9479166666666666,0.020833333333333332
topk,cms-heap-topk-fastpath-vector2d,rows=5 cols=256,zipf,1.1,1000,1778,0.9583333333333334,0.010416666666666668
topk,cms-heap-topk-fastpath-vector2d,rows=5 cols=256,zipf,1.1,1000,3162,0.9583333333333334,0.010416666666666668
topk,cms-heap-topk-fastpath-vector2d,rows=5 cols=256,zipf,1.1,1000,5623,0.9375,0.0
topk,cms-heap-topk-fastpath-vector2d,rows=5 cols=256,zipf,1.1,1000,10000,0.96875,0.018042195912175804
topk,cms-heap-topk-fastpath-vector2d,rows=5 cols=256,zipf,1.1,1000,17783,0.9583333333333334,0.010416666666666668
topk,cms-heap-topk-fastpath-vector2d,rows=5 cols=256,zipf,1.1,1000,31623,0.96875,0.0
topk,cms-heap-topk-fastpath-vector2d,rows=5 cols=256,zipf,1.1,1000,56234,0.9895833333333334,0.010416666666666668
topk,cms-heap-topk-fastpath-vector2d,rows=5 cols=256,zipf,1.1,1000,100000,0.9583333333333334,0.010416666666666668
topk,cms-heap-topk-fastpath-vector2d,rows=5 cols=256,zipf,1.1,1000,177828,0.96875,0.0
topk,cms-heap-topk-fastpath-vector2d,rows=5 cols=256,zipf,1.1,1000,316228,0.96875,0.0
topk,cms-heap-topk-fastpath-vector2d,rows=5 cols=256,zipf,1.1,1000,562341,0.96875,0.0
topk,cms-heap-topk-fastpath-vector2d,rows=5 cols=256,zipf,1.1,1000,1000000,0.96875,0.0
topk,cms-heap-topk-fastpath-vector2d,rows=5 cols=256,zipf,1.1,1000,1778279,0.96875,0.0
topk,cms-heap-topk-fastpath-vector2d,rows=5 cols=256,zipf,1.1,1000,3162278,0.96875,0.0
topk,cms-heap-topk-fastpath-vector2d,rows=5 cols=256,zipf,1.1,1000,5623413,0.96875,0.0
topk,cms-heap-topk-fastpath-vector2d,rows=5 cols=256,zipf,1.1,1000,10000000,0.96875,0.0
topk,cms-heap-topk-fastpath-vector2d,rows=5 cols=256,zipf,1.1,100000,1000,0.8645833333333334,0.010416666666666668
topk,cms-heap-topk-fastpath-vector2d,rows=5 cols=256,zipf,1.1,100000,1778,0.9479166666666666,0.010416666666666668
topk,cms-heap-topk-fastpath-vector2d,rows=5 cols=256,zipf,1.1,100000,3162,0.9375,0.018042195912175804
topk,cms-heap-topk-fastpath-vector2d,rows=5 cols=256,zipf,1.1,100000,5623,0.9375,0.0
topk,cms-heap-topk-fastpath-vector2d,rows=5 cols=256,zipf,1.1,100000,10000,0.9375,0.018042195912175804
topk,cms-heap-topk-fastpath-vector2d,rows=5 cols=256,zipf,1.1,100000,17783,0.9375,0.0
topk,cms-heap-topk-fastpath-vector2d,rows=5 cols=256,zipf,1.1,100000,31623,0.9791666666666666,0.010416666666666668
topk,cms-heap-topk-fastpath-vector2d,rows=5 cols=256,zipf,1.1,100000,56234,0.9583333333333334,0.010416666666666668
topk,cms-heap-topk-fastpath-vector2d,rows=5 cols=256,zipf,1.1,100000,100000,0.9479166666666666,0.020833333333333332
topk,cms-heap-topk-fastpath-vector2d,rows=5 cols=256,zipf,1.1,100000,177828,0.9583333333333334,0.010416666666666668
topk,cms-heap-topk-fastpath-vector2d,rows=5 cols=256,zipf,1.1,100000,316228,0.9479166666666666,0.010416666666666668
topk,cms-heap-topk-fastpath-vector2d,rows=5 cols=256,zipf,1.1,100000,562341,0.9479166666666666,0.010416666666666668
topk,cms-heap-topk-fastpath-vector2d,rows=5 cols=256,zipf,1.1,100000,1000000,0.96875,0.0
topk,cms-heap-topk-fastpath-vector2d,rows=5 cols=256,zipf,1.1,100000,1778279,0.9166666666666666,0.010416666666666668
topk,cms-heap-topk-fastpath-vector2d,rows=5 cols=256,zipf,1.1,100000,3162278,0.9375,0.018042195912175804
topk,cms-heap-topk-fastpath-vector2d,rows=5 cols=256,zipf,1.1,100000,5623413,0.9166666666666666,0.010416666666666668
topk,cms-heap-topk-fastpath-vector2d,rows=5 cols=256,zipf,1.1,100000,10000000,0.875,0.0
topk,cms-heap-topk-fastpath-vector2d,rows=5 cols=256,zipf,1.1,10000000,1000,0.8645833333333334,0.02755990949025615
topk,cms-heap-topk-fastpath-vector2d,rows=5 cols=256,zipf,1.1,10000000,1778,0.9166666666666666,0.020833333333333332
topk,cms-heap-topk-fastpath-vector2d,rows=5 cols=256,zipf,1.1,10000000,3162,0.90625,0.018042195912175804
topk,cms-heap-topk-fastpath-vector2d,rows=5 cols=256,zipf,1.1,10000000,5623,0.9270833333333334,0.010416666666666668
topk,cms-heap-topk-fastpath-vector2d,rows=5 cols=256,zipf,1.1,10000000,10000,0.9270833333333334,0.010416666666666668
topk,cms-heap-topk-fastpath-vector2d,rows=5 cols=256,zipf,1.1,10000000,17783,0.9583333333333334,0.010416666666666668
topk,cms-heap-topk-fastpath-vector2d,rows=5 cols=256,zipf,1.1,10000000,31623,0.96875,0.0
topk,cms-heap-topk-fastpath-vector2d,rows=5 cols=256,zipf,1.1,10000000,56234,0.9583333333333334,0.010416666666666668
topk,cms-heap-topk-fastpath-vector2d,rows=5 cols=256,zipf,1.1,10000000,100000,0.9583333333333334,0.010416666666666668
topk,cms-heap-topk-fastpath-vector2d,rows=5 cols=256,zipf,1.1,10000000,177828,0.9583333333333334,0.010416666666666668
topk,cms-heap-topk-fastpath-vector2d,rows=5 cols=256,zipf,1.1,10000000,316228,0.96875,0.0
topk,cms-heap-topk-fastpath-vector2d,rows=5 cols=256,zipf,1.1,10000000,562341,0.9583333333333334,0.010416666666666668
topk,cms-heap-topk-fastpath-vector2d,rows=5 cols=256,zipf,1.1,10000000,1000000,0.9375,0.018042195912175804
topk,cms-heap-topk-fastpath-vector2d,rows=5 cols=256,zipf,1.1,10000000,1778279,0.8645833333333334,0.010416666666666668
topk,cms-heap-topk-fastpath-vector2d,rows=5 cols=256,zipf,1.1,10000000,3162278,0.8541666666666666,0.020833333333333332
topk,cms-heap-topk-fastpath-vector2d,rows=5 cols=256,zipf,1.1,10000000,5623413,0.875,0.0
topk,cms-heap-topk-fastpath-vector2d,rows=5 cols=256,zipf,1.1,10000000,10000000,0.8125,0.0
topk,cms-heap-topk-fastpath-vector2d,rows=5 cols=1024,zipf,0.0,10000,1000,0.4895833333333333,0.09081039465709737
topk,cms-heap-topk-fastpath-vector2d,rows=5 cols=1024,zipf,0.0,10000,1778,0.34375,0.03125
topk,cms-heap-topk-fastpath-vector2d,rows=5 cols=1024,zipf,0.0,10000,3162,0.3020833333333333,0.03755782578608322
topk,cms-heap-topk-fastpath-vector2d,rows=5 cols=1024,zipf,0.0,10000,5623,0.20833333333333334,0.041666666666666664
topk,cms-heap-topk-fastpath-vector2d,rows=5 cols=1024,zipf,0.0,10000,10000,0.125,0.03125
topk,cms-heap-topk-fastpath-vector2d,rows=5 cols=1024,zipf,0.0,10000,17783,0.052083333333333336,0.010416666666666666
topk,cms-heap-topk-fastpath-vector2d,rows=5 cols=1024,zipf,0.0,10000,31623,0.0625,0.018042195912175804
topk,cms-heap-topk-fastpath-vector2d,rows=5 cols=1024,zipf,0.0,10000,56234,0.020833333333333332,0.010416666666666668
topk,cms-heap-topk-fastpath-vector2d,rows=5 cols=1024,zipf,0.0,10000,100000,0.020833333333333332,0.010416666666666668
topk,cms-heap-topk-fastpath-vector2d,rows=5 cols=1024,zipf,0.0,10000,177828,0.010416666666666666,0.010416666666666668
topk,cms-heap-topk-fastpath-vector2d,rows=5 cols=1024,zipf,0.0,10000,316228,0.010416666666666666,0.010416666666666668
topk,cms-heap-topk-fastpath-vector2d,rows=5 cols=1024,zipf,0.0,10000,562341,0.010416666666666666,0.010416666666666668
topk,cms-heap-topk-fastpath-vector2d,rows=5 cols=1024,zipf,0.0,10000,1000000,0.010416666666666666,0.010416666666666668
topk,cms-heap-topk-fastpath-vector2d,rows=5 cols=1024,zipf,0.0,10000,1778279,0.010416666666666666,0.010416666666666668
topk,cms-heap-topk-fastpath-vector2d,rows=5 cols=1024,zipf,0.0,10000,3162278,0.010416666666666666,0.010416666666666668
topk,cms-heap-topk-fastpath-vector2d,rows=5 cols=1024,zipf,0.0,10000,5623413,0.020833333333333332,0.010416666666666668
topk,cms-heap-topk-fastpath-vector2d,rows=5 cols=1024,zipf,0.0,10000,10000000,0.0,0.0
topk,cms-heap-topk-fastpath-vector2d,rows=5 cols=1024,zipf,0.5,10000,1000,0.6041666666666666,0.020833333333333332
topk,cms-heap-topk-fastpath-vector2d,rows=5 cols=1024,zipf,0.5,10000,1778,0.71875,0.018042195912175804
topk,cms-heap-topk-fastpath-vector2d,rows=5 cols=1024,zipf,0.5,10000,3162,0.6666666666666666,0.020833333333333332
topk,cms-heap-topk-fastpath-vector2d,rows=5 cols=1024,zipf,0.5,10000,5623,0.75,0.018042195912175804
topk,cms-heap-topk-fastpath-vector2d,rows=5 cols=1024,zipf,0.5,10000,10000,0.7708333333333334,0.03755782578608322
topk,cms-heap-topk-fastpath-vector2d,rows=5 cols=1024,zipf,0.5,10000,17783,0.8541666666666666,0.020833333333333332
topk,cms-heap-topk-fastpath-vector2d,rows=5 cols=1024,zipf,0.5,10000,31623,0.8020833333333334,0.02755990949025615
topk,cms-heap-topk-fastpath-vector2d,rows=5 cols=1024,zipf,0.5,10000,56234,0.7916666666666666,0.027559909490256152
topk,cms-heap-topk-fastpath-vector2d,rows=5 cols=1024,zipf,0.5,10000,100000,0.7916666666666666,0.010416666666666668
topk,cms-heap-topk-fastpath-vector2d,rows=5 cols=1024,zipf,0.5,10000,177828,0.78125,0.03125
topk,cms-heap-topk-fastpath-vector2d,rows=5 cols=1024,zipf,0.5,10000,316228,0.8020833333333334,0.010416666666666668
topk,cms-heap-topk-fastpath-vector2d,rows=5 cols=1024,zipf,0.5,10000,562341,0.78125,0.0
topk,cms-heap-topk-fastpath-vector2d,rows=5 cols=1024,zipf,0.5,10000,1000000,0.7708333333333334,0.010416666666666668
topk,cms-heap-topk-fastpath-vector2d,rows=5 cols=1024,zipf,0.5,10000,1778279,0.78125,0.018042195912175804
topk,cms-heap-topk-fastpath-vector2d,rows=5 cols=1024,zipf,0.5,10000,3162278,0.7604166666666666,0.010416666666666668
topk,cms-heap-topk-fastpath-vector2d,rows=5 cols=1024,zipf,0.5,10000,5623413,0.78125,0.018042195912175804
topk,cms-heap-topk-fastpath-vector2d,rows=5 cols=1024,zipf,0.5,10000,10000000,0.7708333333333334,0.010416666666666668
topk,cms-heap-topk-fastpath-vector2d,rows=5 cols=1024,zipf,0.8,10000,1000,0.9166666666666666,0.02755990949025615
topk,cms-heap-topk-fastpath-vector2d,rows=5 cols=1024,zipf,0.8,10000,1778,0.9583333333333334,0.020833333333333332
topk,cms-heap-topk-fastpath-vector2d,rows=5 cols=1024,zipf,0.8,10000,3162,0.9583333333333334,0.020833333333333332
topk,cms-heap-topk-fastpath-vector2d,rows=5 cols=1024,zipf,0.8,10000,5623,0.96875,0.0
topk,cms-heap-topk-fastpath-vector2d,rows=5 cols=1024,zipf,0.8,10000,10000,0.9791666666666666,0.010416666666666668
topk,cms-heap-topk-fastpath-vector2d,rows=5 cols=1024,zipf,0.8,10000,17783,0.9479166666666666,0.020833333333333332
topk,cms-heap-topk-fastpath-vector2d,rows=5 cols=1024,zipf,0.8,10000,31623,0.9375,0.018042195912175804
topk,cms-heap-topk-fastpath-vector2d,rows=5 cols=1024,zipf,0.8,10000,56234,0.9479166666666666,0.010416666666666668
topk,cms-heap-topk-fastpath-vector2d,rows=5 cols=1024,zipf,0.8,10000,100000,0.9375,0.018042195912175804
topk,cms-heap-topk-fastpath-vector2d,rows=5 cols=1024,zipf,0.8,10000,177828,0.9791666666666666,0.010416666666666668
topk,cms-heap-topk-fastpath-vector2d,rows=5 cols=1024,zipf,0.8,10000,316228,0.9791666666666666,0.010416666666666668
topk,cms-heap-topk-fastpath-vector2d,rows=5 cols=1024,zipf,0.8,10000,562341,0.96875,0.018042195912175804
topk,cms-heap-topk-fastpath-vector2d,rows=5 cols=1024,zipf,0.8,10000,1000000,0.96875,0.018042195912175804
topk,cms-heap-topk-fastpath-vector2d,rows=5 cols=1024,zipf,0.8,10000,1778279,0.96875,0.0
topk,cms-heap-topk-fastpath-vector2d,rows=5 cols=1024,zipf,0.8,10000,3162278,0.96875,0.0
topk,cms-heap-topk-fastpath-vector2d,rows=5 cols=1024,zipf,0.8,10000,5623413,0.96875,0.0
topk,cms-heap-topk-fastpath-vector2d,rows=5 cols=1024,zipf,0.8,10000,10000000,0.96875,0.0
topk,cms-heap-topk-fastpath-vector2d,rows=5 cols=1024,zipf,1.0,10000,1000,0.9375,0.03608439182435161
topk,cms-heap-topk-fastpath-vector2d,rows=5 cols=1024,zipf,1.0,10000,1778,0.9479166666666666,0.020833333333333332
topk,cms-heap-topk-fastpath-vector2d,rows=5 cols=1024,zipf,1.0,10000,3162,0.96875,0.018042195912175804
topk,cms-heap-topk-fastpath-vector2d,rows=5 cols=1024,zipf,1.0,10000,5623,0.96875,0.0
topk,cms-heap-topk-fastpath-vector2d,rows=5 cols=1024,zipf,1.0,10000,10000,0.9791666666666666,0.010416666666666668
topk,cms-heap-topk-fastpath-vector2d,rows=5 cols=1024,zipf,1.0,10000,17783,0.96875,0.0
topk,cms-heap-topk-fastpath-vector2d,rows=5 cols=1024,zipf,1.0,10000,31623,0.9791666666666666,0.010416666666666668
topk,cms-heap-topk-fastpath-vector2d,rows=5 cols=1024,zipf,1.0,10000,56234,1.0,0.0
topk,cms-heap-topk-fastpath-vector2d,rows=5 cols=1024,zipf,1.0,10000,100000,1.0,0.0
topk,cms-heap-topk-fastpath-vector2d,rows=5 cols=1024,zipf,1.0,10000,177828,1.0,0.0
topk,cms-heap-topk-fastpath-vector2d,rows=5 cols=1024,zipf,1.0,10000,316228,1.0,0.0
topk,cms-heap-topk-fastpath-vector2d,rows=5 cols=1024,zipf,1.0,10000,562341,1.0,0.0
topk,cms-heap-topk-fastpath-vector2d,rows=5 cols=1024,zipf,1.0,10000,1000000,0.9791666666666666,0.010416666666666668
topk,cms-heap-topk-fastpath-vector2d,rows=5 cols=1024,zipf,1.0,10000,1778279,0.9791666666666666,0.010416666666666668
topk,cms-heap-topk-fastpath-vector2d,rows=5 cols=1024,zipf,1.0,10000,3162278,0.96875,0.0
topk,cms-heap-topk-fastpath-vector2d,rows=5 cols=1024,zipf,1.0,10000,5623413,0.96875,0.0
topk,cms-heap-topk-fastpath-vector2d,rows=5 cols=1024,zipf,1.0,10000,10000000,0.9895833333333334,0.010416666666666668
topk,cms-heap-topk-fastpath-vector2d,rows=5 cols=1024,zipf,1.2,10000,1000,0.9479166666666666,0.027559909490256152
topk,cms-heap-topk-fastpath-vector2d,rows=5 cols=1024,zipf,1.2,10000,1778,0.9479166666666666,0.010416666666666668
topk,cms-heap-topk-fastpath-vector2d,rows=5 cols=1024,zipf,1.2,10000,3162,0.96875,0.0
topk,cms-heap-topk-fastpath-vector2d,rows=5 cols=1024,zipf,1.2,10000,5623,0.9791666666666666,0.010416666666666668
topk,cms-heap-topk-fastpath-vector2d,rows=5 cols=1024,zipf,1.2,10000,10000,0.9895833333333334,0.010416666666666668
topk,cms-heap-topk-fastpath-vector2d,rows=5 cols=1024,zipf,1.2,10000,17783,1.0,0.0
topk,cms-heap-topk-fastpath-vector2d,rows=5 cols=1024,zipf,1.2,10000,31623,0.9895833333333334,0.010416666666666668
topk,cms-heap-topk-fastpath-vector2d,rows=5 cols=1024,zipf,1.2,10000,56234,1.0,0.0
topk,cms-heap-topk-fastpath-vector2d,rows=5 cols=1024,zipf,1.2,10000,100000,0.9895833333333334,0.010416666666666668
topk,cms-heap-topk-fastpath-vector2d,rows=5 cols=1024,zipf,1.2,10000,177828,1.0,0.0
topk,cms-heap-topk-fastpath-vector2d,rows=5 cols=1024,zipf,1.2,10000,316228,1.0,0.0
topk,cms-heap-topk-fastpath-vector2d,rows=5 cols=1024,zipf,1.2,10000,562341,1.0,0.0
topk,cms-heap-topk-fastpath-vector2d,rows=5 cols=1024,zipf,1.2,10000,1000000,1.0,0.0
topk,cms-heap-topk-fastpath-vector2d,rows=5 cols=1024,zipf,1.2,10000,1778279,1.0,0.0
topk,cms-heap-topk-fastpath-vector2d,rows=5 cols=1024,zipf,1.2,10000,3162278,1.0,0.0
topk,cms-heap-topk-fastpath-vector2d,rows=5 cols=1024,zipf,1.2,10000,5623413,1.0,0.0
topk,cms-heap-topk-fastpath-vector2d,rows=5 cols=1024,zipf,1.2,10000,10000000,1.0,0.0
topk,cms-heap-topk-fastpath-vector2d,rows=5 cols=1024,zipf,1.5,10000,1000,0.96875,0.0
topk,cms-heap-topk-fastpath-vector2d,rows=5 cols=1024,zipf,1.5,10000,1778,0.96875,0.0
topk,cms-heap-topk-fastpath-vector2d,rows=5 cols=1024,zipf,1.5,10000,3162,0.9895833333333334,0.010416666666666668
topk,cms-heap-topk-fastpath-vector2d,rows=5 cols=1024,zipf,1.5,10000,5623,0.9895833333333334,0.010416666666666668
topk,cms-heap-topk-fastpath-vector2d,rows=5 cols=1024,zipf,1.5,10000,10000,0.9791666666666666,0.010416666666666668
topk,cms-heap-topk-fastpath-vector2d,rows=5 cols=1024,zipf,1.5,10000,17783,0.9895833333333334,0.010416666666666668
topk,cms-heap-topk-fastpath-vector2d,rows=5 cols=1024,zipf,1.5,10000,31623,1.0,0.0
topk,cms-heap-topk-fastpath-vector2d,rows=5 cols=1024,zipf,1.5,10000,56234,1.0,0.0
topk,cms-heap-topk-fastpath-vector2d,rows=5 cols=1024,zipf,1.5,10000,100000,1.0,0.0
topk,cms-heap-topk-fastpath-vector2d,rows=5 cols=1024,zipf,1.5,10000,177828,1.0,0.0
topk,cms-heap-topk-fastpath-vector2d,rows=5 cols=1024,zipf,1.5,10000,316228,0.9895833333333334,0.010416666666666668
topk,cms-heap-topk-fastpath-vector2d,rows=5 cols=1024,zipf,1.5,10000,562341,1.0,0.0
topk,cms-heap-topk-fastpath-vector2d,rows=5 cols=1024,zipf,1.5,10000,1000000,1.0,0.0
topk,cms-heap-topk-fastpath-vector2d,rows=5 cols=1024,zipf,1.5,10000,1778279,1.0,0.0
topk,cms-heap-topk-fastpath-vector2d,rows=5 cols=1024,zipf,1.5,10000,3162278,1.0,0.0
topk,cms-heap-topk-fastpath-vector2d,rows=5 cols=1024,zipf,1.5,10000,5623413,1.0,0.0
topk,cms-heap-topk-fastpath-vector2d,rows=5 cols=1024,zipf,1.5,10000,10000000,1.0,0.0
topk,cms-heap-topk-fastpath-vector2d,rows=5 cols=1024,zipf,2.0,10000,1000,0.8645833333333334,0.020833333333333332
topk,cms-heap-topk-fastpath-vector2d,rows=5 cols=1024,zipf,2.0,10000,1778,0.90625,0.0
topk,cms-heap-topk-fastpath-vector2d,rows=5 cols=1024,zipf,2.0,10000,3162,0.9270833333333334,0.020833333333333332
topk,cms-heap-topk-fastpath-vector2d,rows=5 cols=1024,zipf,2.0,10000,5623,0.9583333333333334,0.010416666666666668
topk,cms-heap-topk-fastpath-vector2d,rows=5 cols=1024,zipf,2.0,10000,10000,0.96875,0.0
topk,cms-heap-topk-fastpath-vector2d,rows=5 cols=1024,zipf,2.0,10000,17783,0.9895833333333334,0.010416666666666668
topk,cms-heap-topk-fastpath-vector2d,rows=5 cols=1024,zipf,2.0,10000,31623,1.0,0.0
topk,cms-heap-topk-fastpath-vector2d,rows=5 cols=1024,zipf,2.0,10000,56234,1.0,0.0
topk,cms-heap-topk-fastpath-vector2d,rows=5 cols=1024,zipf,2.0,10000,100000,1.0,0.0
topk,cms-heap-topk-fastpath-vector2d,rows=5 cols=1024,zipf,2.0,10000,177828,1.0,0.0
topk,cms-heap-topk-fastpath-vector2d,rows=5 cols=1024,zipf,2.0,10000,316228,1.0,0.0
topk,cms-heap-topk-fastpath-vector2d,rows=5 cols=1024,zipf,2.0,10000,562341,1.0,0.0
topk,cms-heap-topk-fastpath-vector2d,rows=5 cols=1024,zipf,2.0,10000,1000000,1.0,0.0
topk,cms-heap-topk-fastpath-vector2d,rows=5 cols=1024,zipf,2.0,10000,1778279,1.0,0.0
topk,cms-heap-topk-fastpath-vector2d,rows=5 cols=1024,zipf,2.0,10000,3162278,1.0,0.0
topk,cms-heap-topk-fastpath-vector2d,rows=5 cols=1024,zipf,2.0,10000,5623413,1.0,0.0
topk,cms-heap-topk-fastpath-vector2d,rows=5 cols=1024,zipf,2.0,10000,10000000,1.0,0.0
topk,cms-heap-topk-fastpath-vector2d,rows=5 cols=1024,zipf,1.1,1000,1000,0.9375,0.018042195912175804
topk,cms-heap-topk-fastpath-vector2d,rows=5 cols=1024,zipf,1.1,1000,1778,0.96875,0.0
topk,cms-heap-topk-fastpath-vector2d,rows=5 cols=1024,zipf,1.1,1000,3162,0.96875,0.018042195912175804
topk,cms-heap-topk-fastpath-vector2d,rows=5 cols=1024,zipf,1.1,1000,5623,0.9895833333333334,0.010416666666666668
topk,cms-heap-topk-fastpath-vector2d,rows=5 cols=1024,zipf,1.1,1000,10000,0.9895833333333334,0.010416666666666668
topk,cms-heap-topk-fastpath-vector2d,rows=5 cols=1024,zipf,1.1,1000,17783,1.0,0.0
topk,cms-heap-topk-fastpath-vector2d,rows=5 cols=1024,zipf,1.1,1000,31623,1.0,0.0
topk,cms-heap-topk-fastpath-vector2d,rows=5 cols=1024,zipf,1.1,1000,56234,1.0,0.0
topk,cms-heap-topk-fastpath-vector2d,rows=5 cols=1024,zipf,1.1,1000,100000,1.0,0.0
topk,cms-heap-topk-fastpath-vector2d,rows=5 cols=1024,zipf,1.1,1000,177828,1.0,0.0
topk,cms-heap-topk-fastpath-vector2d,rows=5 cols=1024,zipf,1.1,1000,316228,1.0,0.0
topk,cms-heap-topk-fastpath-vector2d,rows=5 cols=1024,zipf,1.1,1000,562341,1.0,0.0
topk,cms-heap-topk-fastpath-vector2d,rows=5 cols=1024,zipf,1.1,1000,1000000,1.0,0.0
topk,cms-heap-topk-fastpath-vector2d,rows=5 cols=1024,zipf,1.1,1000,1778279,1.0,0.0
topk,cms-heap-topk-fastpath-vector2d,rows=5 cols=1024,zipf,1.1,1000,3162278,1.0,0.0
topk,cms-heap-topk-fastpath-vector2d,rows=5 cols=1024,zipf,1.1,1000,5623413,1.0,0.0
topk,cms-heap-topk-fastpath-vector2d,rows=5 cols=1024,zipf,1.1,1000,10000000,1.0,0.0
topk,cms-heap-topk-fastpath-vector2d,rows=5 cols=1024,zipf,1.1,100000,1000,0.9166666666666666,0.020833333333333332
topk,cms-heap-topk-fastpath-vector2d,rows=5 cols=1024,zipf,1.1,100000,1778,0.9791666666666666,0.010416666666666668
topk,cms-heap-topk-fastpath-vector2d,rows=5 cols=1024,zipf,1.1,100000,3162,0.9791666666666666,0.010416666666666668
topk,cms-heap-topk-fastpath-vector2d,rows=5 cols=1024,zipf,1.1,100000,5623,0.9583333333333334,0.020833333333333332
topk,cms-heap-topk-fastpath-vector2d,rows=5 cols=1024,zipf,1.1,100000,10000,0.9791666666666666,0.010416666666666668
topk,cms-heap-topk-fastpath-vector2d,rows=5 cols=1024,zipf,1.1,100000,17783,0.96875,0.0
topk,cms-heap-topk-fastpath-vector2d,rows=5 cols=1024,zipf,1.1,100000,31623,0.9791666666666666,0.010416666666666668
topk,cms-heap-topk-fastpath-vector2d,rows=5 cols=1024,zipf,1.1,100000,56234,1.0,0.0
topk,cms-heap-topk-fastpath-vector2d,rows=5 cols=1024,zipf,1.1,100000,100000,0.9895833333333334,0.010416666666666668
topk,cms-heap-topk-fastpath-vector2d,rows=5 cols=1024,zipf,1.1,100000,177828,0.9895833333333334,0.010416666666666668
topk,cms-heap-topk-fastpath-vector2d,rows=5 cols=1024,zipf,1.1,100000,316228,1.0,0.0
topk,cms-heap-topk-fastpath-vector2d,rows=5 cols=1024,zipf,1.1,100000,562341,1.0,0.0
topk,cms-heap-topk-fastpath-vector2d,rows=5 cols=1024,zipf,1.1,100000,1000000,1.0,0.0
topk,cms-heap-topk-fastpath-vector2d,rows=5 cols=1024,zipf,1.1,100000,1778279,1.0,0.0
topk,cms-heap-topk-fastpath-vector2d,rows=5 cols=1024,zipf,1.1,100000,3162278,1.0,0.0
topk,cms-heap-topk-fastpath-vector2d,rows=5 cols=1024,zipf,1.1,100000,5623413,1.0,0.0
topk,cms-heap-topk-fastpath-vector2d,rows=5 cols=1024,zipf,1.1,100000,10000000,1.0,0.0
topk,cms-heap-topk-fastpath-vector2d,rows=5 cols=1024,zipf,1.1,10000000,1000,0.9270833333333334,0.010416666666666668
topk,cms-heap-topk-fastpath-vector2d,rows=5 cols=1024,zipf,1.1,10000000,1778,0.9375,0.018042195912175804
topk,cms-heap-topk-fastpath-vector2d,rows=5 cols=1024,zipf,1.1,10000000,3162,0.9479166666666666,0.020833333333333332
topk,cms-heap-topk-fastpath-vector2d,rows=5 cols=1024,zipf,1.1,10000000,5623,0.96875,0.018042195912175804
topk,cms-heap-topk-fastpath-vector2d,rows=5 cols=1024,zipf,1.1,10000000,10000,0.96875,0.018042195912175804
topk,cms-heap-topk-fastpath-vector2d,rows=5 cols=1024,zipf,1.1,10000000,17783,0.9791666666666666,0.020833333333333332
topk,cms-heap-topk-fastpath-vector2d,rows=5 cols=1024,zipf,1.1,10000000,31623,0.9791666666666666,0.010416666666666668
topk,cms-heap-topk-fastpath-vector2d,rows=5 cols=1024,zipf,1.1,10000000,56234,1.0,0.0
topk,cms-heap-topk-fastpath-vector2d,rows=5 cols=1024,zipf,1.1,10000000,100000,1.0,0.0
topk,cms-heap-topk-fastpath-vector2d,rows=5 cols=1024,zipf,1.1,10000000,177828,1.0,0.0
topk,cms-heap-topk-fastpath-vector2d,rows=5 cols=1024,zipf,1.1,10000000,316228,1.0,0.0
topk,cms-heap-topk-fastpath-vector2d,rows=5 cols=1024,zipf,1.1,10000000,562341,0.9895833333333334,0.010416666666666668
topk,cms-heap-topk-fastpath-vector2d,rows=5 cols=1024,zipf,1.1,10000000,1000000,0.9895833333333334,0.010416666666666668
topk,cms-heap-topk-fastpath-vector2d,rows=5 cols=1024,zipf,1.1,10000000,1778279,0.9895833333333334,0.010416666666666668
topk,cms-heap-topk-fastpath-vector2d,rows=5 cols=1024,zipf,1.1,10000000,3162278,1.0,0.0
topk,cms-heap-topk-fastpath-vector2d,rows=5 cols=1024,zipf,1.1,10000000,5623413,1.0,0.0
topk,cms-heap-topk-fastpath-vector2d,rows=5 cols=1024,zipf,1.1,10000000,10000000,1.0,0.0
topk,cms-heap-topk-fastpath-vector2d,rows=5 cols=4096,zipf,0.0,10000,1000,0.5625,0.06505206248331664
topk,cms-heap-topk-fastpath-vector2d,rows=5 cols=4096,zipf,0.0,10000,1778,0.4583333333333333,0.05208333333333333
topk,cms-heap-topk-fastpath-vector2d,rows=5 cols=4096,zipf,0.0,10000,3162,0.6770833333333334,0.09081039465709737
topk,cms-heap-topk-fastpath-vector2d,rows=5 cols=4096,zipf,0.0,10000,5623,0.6041666666666666,0.010416666666666668
topk,cms-heap-topk-fastpath-vector2d,rows=5 cols=4096,zipf,0.0,10000,10000,0.46875,0.03608439182435161
topk,cms-heap-topk-fastpath-vector2d,rows=5 cols=4096,zipf,0.0,10000,17783,0.2708333333333333,0.03755782578608322
topk,cms-heap-topk-fastpath-vector2d,rows=5 cols=4096,zipf,0.0,10000,31623,0.13541666666666666,0.055119818980512304
topk,cms-heap-topk-fastpath-vector2d,rows=5 cols=4096,zipf,0.0,10000,56234,0.07291666666666667,0.04166666666666667
topk,cms-heap-topk-fastpath-vector2d,rows=5 cols=4096,zipf,0.0,10000,100000,0.041666666666666664,0.010416666666666666
topk,cms-heap-topk-fastpath-vector2d,rows=5 cols=4096,zipf,0.0,10000,177828,0.020833333333333332,0.010416666666666668
topk,cms-heap-topk-fastpath-vector2d,rows=5 cols=4096,zipf,0.0,10000,316228,0.0,0.0
topk,cms-heap-topk-fastpath-vector2d,rows=5 cols=4096,zipf,0.0,10000,562341,0.010416666666666666,0.010416666666666668
topk,cms-heap-topk-fastpath-vector2d,rows=5 cols=4096,zipf,0.0,10000,1000000,0.010416666666666666,0.010416666666666668
topk,cms-heap-topk-fastpath-vector2d,rows=5 cols=4096,zipf,0.0,10000,1778279,0.0,0.0
topk,cms-heap-topk-fastpath-vector2d,rows=5 cols=4096,zipf,0.0,10000,3162278,0.010416666666666666,0.010416666666666668
topk,cms-heap-topk-fastpath-vector2d,rows=5 cols=4096,zipf,0.0,10000,5623413,0.010416666666666666,0.010416666666666668
topk,cms-heap-topk-fastpath-vector2d,rows=5 cols=4096,zipf,0.0,10000,10000000,0.010416666666666666,0.010416666666666668
topk,cms-heap-topk-fastpath-vector2d,rows=5 cols=4096,zipf,0.5,10000,1000,0.5729166666666666,0.010416666666666668
topk,cms-heap-topk-fastpath-vector2d,rows=5 cols=4096,zipf,0.5,10000,1778,0.875,0.03125
topk,cms-heap-topk-fastpath-vector2d,rows=5 cols=4096,zipf,0.5,10000,3162,0.8854166666666666,0.03755782578608322
topk,cms-heap-topk-fastpath-vector2d,rows=5 cols=4096,zipf,0.5,10000,5623,0.9166666666666666,0.020833333333333332
topk,cms-heap-topk-fastpath-vector2d,rows=5 cols=4096,zipf,0.5,10000,10000,0.9583333333333334,0.010416666666666668
topk,cms-heap-topk-fastpath-vector2d,rows=5 cols=4096,zipf,0.5,10000,17783,0.9375,0.018042195912175804
topk,cms-heap-topk-fastpath-vector2d,rows=5 cols=4096,zipf,0.5,10000,31623,0.9375,0.018042195912175804
topk,cms-heap-topk-fastpath-vector2d,rows=5 cols=4096,zipf,0.5,10000,56234,0.9270833333333334,0.010416666666666668
topk,cms-heap-topk-fastpath-vector2d,rows=5 cols=4096,zipf,0.5,10000,100000,0.9479166666666666,0.020833333333333332
topk,cms-heap-topk-fastpath-vector2d,rows=5 cols=4096,zipf,0.5,10000,177828,0.9166666666666666,0.020833333333333332
topk,cms-heap-topk-fastpath-vector2d,rows=5 cols=4096,zipf,0.5,10000,316228,0.9375,0.0
topk,cms-heap-topk-fastpath-vector2d,rows=5 cols=4096,zipf,0.5,10000,562341,0.8958333333333334,0.010416666666666668
topk,cms-heap-topk-fastpath-vector2d,rows=5 cols=4096,zipf,0.5,10000,1000000,0.9166666666666666,0.010416666666666668
topk,cms-heap-topk-fastpath-vector2d,rows=5 cols=4096,zipf,0.5,10000,1778279,0.9166666666666666,0.010416666666666668
topk,cms-heap-topk-fastpath-vector2d,rows=5 cols=4096,zipf,0.5,10000,3162278,0.9166666666666666,0.010416666666666668
topk,cms-heap-topk-fastpath-vector2d,rows=5 cols=4096,zipf,0.5,10000,5623413,0.90625,0.0
topk,cms-heap-topk-fastpath-vector2d,rows=5 cols=4096,zipf,0.5,10000,10000000,0.90625,0.0
topk,cms-heap-topk-fastpath-vector2d,rows=5 cols=4096,zipf,0.8,10000,1000,0.9166666666666666,0.02755990949025615
topk,cms-heap-topk-fastpath-vector2d,rows=5 cols=4096,zipf,0.8,10000,1778,0.9583333333333334,0.027559909490256152
topk,cms-heap-topk-fastpath-vector2d,rows=5 cols=4096,zipf,0.8,10000,3162,0.9791666666666666,0.010416666666666668
topk,cms-heap-topk-fastpath-vector2d,rows=5 cols=4096,zipf,0.8,10000,5623,1.0,0.0
topk,cms-heap-topk-fastpath-vector2d,rows=5 cols=4096,zipf,0.8,10000,10000,0.96875,0.0
topk,cms-heap-topk-fastpath-vector2d,rows=5 cols=4096,zipf,0.8,10000,17783,1.0,0.0
topk,cms-heap-topk-fastpath-vector2d,rows=5 cols=4096,zipf,0.8,10000,31623,1.0,0.0
topk,cms-heap-topk-fastpath-vector2d,rows=5 cols=4096,zipf,0.8,10000,56234,0.9791666666666666,0.010416666666666668
topk,cms-heap-topk-fastpath-vector2d,rows=5 cols=4096,zipf,0.8,10000,100000,1.0,0.0
topk,cms-heap-topk-fastpath-vector2d,rows=5 cols=4096,zipf,0.8,10000,177828,0.9895833333333334,0.010416666666666668
topk,cms-heap-topk-fastpath-vector2d,rows=5 cols=4096,zipf,0.8,10000,316228,0.9895833333333334,0.010416666666666668
topk,cms-heap-topk-fastpath-vector2d,rows=5 cols=4096,zipf,0.8,10000,562341,0.9895833333333334,0.010416666666666668
topk,cms-heap-topk-fastpath-vector2d,rows=5 cols=4096,zipf,0.8,10000,1000000,0.9895833333333334,0.010416666666666668
topk,cms-heap-topk-fastpath-vector2d,rows=5 cols=4096,zipf,0.8,10000,1778279,0.9895833333333334,0.010416666666666668
topk,cms-heap-topk-fastpath-vector2d,rows=5 cols=4096,zipf,0.8,10000,3162278,1.0,0.0
topk,cms-heap-topk-fastpath-vector2d,rows=5 cols=4096,zipf,0.8,10000,5623413,0.9895833333333334,0.010416666666666668
topk,cms-heap-topk-fastpath-vector2d,rows=5 cols=4096,zipf,0.8,10000,10000000,1.0,0.0
topk,cms-heap-topk-fastpath-vector2d,rows=5 cols=4096,zipf,1.0,10000,1000,0.9375,0.03608439182435161
topk,cms-heap-topk-fastpath-vector2d,rows=5 cols=4096,zipf,1.0,10000,1778,0.9479166666666666,0.020833333333333332
topk,cms-heap-topk-fastpath-vector2d,rows=5 cols=4096,zipf,1.0,10000,3162,0.96875,0.018042195912175804
topk,cms-heap-topk-fastpath-vector2d,rows=5 cols=4096,zipf,1.0,10000,5623,0.9791666666666666,0.010416666666666668
topk,cms-heap-topk-fastpath-vector2d,rows=5 cols=4096,zipf,1.0,10000,10000,0.9791666666666666,0.010416666666666668
topk,cms-heap-topk-fastpath-vector2d,rows=5 cols=4096,zipf,1.0,10000,17783,1.0,0.0
topk,cms-heap-topk-fastpath-vector2d,rows=5 cols=4096,zipf,1.0,10000,31623,0.9895833333333334,0.010416666666666668
topk,cms-heap-topk-fastpath-vector2d,rows=5 cols=4096,zipf,1.0,10000,56234,0.9895833333333334,0.010416666666666668
topk,cms-heap-topk-fastpath-vector2d,rows=5 cols=4096,zipf,1.0,10000,100000,1.0,0.0
topk,cms-heap-topk-fastpath-vector2d,rows=5 cols=4096,zipf,1.0,10000,177828,1.0,0.0
topk,cms-heap-topk-fastpath-vector2d,rows=5 cols=4096,zipf,1.0,10000,316228,1.0,0.0
topk,cms-heap-topk-fastpath-vector2d,rows=5 cols=4096,zipf,1.0,10000,562341,1.0,0.0
topk,cms-heap-topk-fastpath-vector2d,rows=5 cols=4096,zipf,1.0,10000,1000000,0.9895833333333334,0.010416666666666668
topk,cms-heap-topk-fastpath-vector2d,rows=5 cols=4096,zipf,1.0,10000,1778279,1.0,0.0
topk,cms-heap-topk-fastpath-vector2d,rows=5 cols=4096,zipf,1.0,10000,3162278,0.9895833333333334,0.010416666666666668
topk,cms-heap-topk-fastpath-vector2d,rows=5 cols=4096,zipf,1.0,10000,5623413,1.0,0.0
topk,cms-heap-topk-fastpath-vector2d,rows=5 cols=4096,zipf,1.0,10000,10000000,1.0,0.0
topk,cms-heap-topk-fastpath-vector2d,rows=5 cols=4096,zipf,1.2,10000,1000,0.9479166666666666,0.027559909490256152
topk,cms-heap-topk-fastpath-vector2d,rows=5 cols=4096,zipf,1.2,10000,1778,0.9479166666666666,0.010416666666666668
topk,cms-heap-topk-fastpath-vector2d,rows=5 cols=4096,zipf,1.2,10000,3162,0.96875,0.0
topk,cms-heap-topk-fastpath-vector2d,rows=5 cols=4096,zipf,1.2,10000,5623,0.9791666666666666,0.010416666666666668
topk,cms-heap-topk-fastpath-vector2d,rows=5 cols=4096,zipf,1.2,10000,10000,0.9895833333333334,0.010416666666666668
topk,cms-heap-topk-fastpath-vector2d,rows=5 cols=4096,zipf,1.2,10000,17783,1.0,0.0
topk,cms-heap-topk-fastpath-vector2d,rows=5 cols=4096,zipf,1.2,10000,31623,1.0,0.0
topk,cms-heap-topk-fastpath-vector2d,rows=5 cols=4096,zipf,1.2,10000,56234,0.9895833333333334,0.010416666666666668
topk,cms-heap-topk-fastpath-vector2d,rows=5 cols=4096,zipf,1.2,10000,100000,1.0,0.0
topk,cms-heap-topk-fastpath-vector2d,rows=5 cols=4096,zipf,1.2,10000,177828,1.0,0.0
topk,cms-heap-topk-fastpath-vector2d,rows=5 cols=4096,zipf,1.2,10000,316228,1.0,0.0
topk,cms-heap-topk-fastpath-vector2d,rows=5 cols=4096,zipf,1.2,10000,562341,1.0,0.0
topk,cms-heap-topk-fastpath-vector2d,rows=5 cols=4096,zipf,1.2,10000,1000000,1.0,0.0
topk,cms-heap-topk-fastpath-vector2d,rows=5 cols=4096,zipf,1.2,10000,1778279,1.0,0.0
topk,cms-heap-topk-fastpath-vector2d,rows=5 cols=4096,zipf,1.2,10000,3162278,1.0,0.0
topk,cms-heap-topk-fastpath-vector2d,rows=5 cols=4096,zipf,1.2,10000,5623413,1.0,0.0
topk,cms-heap-topk-fastpath-vector2d,rows=5 cols=4096,zipf,1.2,10000,10000000,1.0,0.0
topk,cms-heap-topk-fastpath-vector2d,rows=5 cols=4096,zipf,1.5,10000,1000,0.96875,0.0
topk,cms-heap-topk-fastpath-vector2d,rows=5 cols=4096,zipf,1.5,10000,1778,0.96875,0.0
topk,cms-heap-topk-fastpath-vector2d,rows=5 cols=4096,zipf,1.5,10000,3162,0.9895833333333334,0.010416666666666668
topk,cms-heap-topk-fastpath-vector2d,rows=5 cols=4096,zipf,1.5,10000,5623,0.9895833333333334,0.010416666666666668
topk,cms-heap-topk-fastpath-vector2d,rows=5 cols=4096,zipf,1.5,10000,10000,0.9791666666666666,0.010416666666666668
topk,cms-heap-topk-fastpath-vector2d,rows=5 cols=4096,zipf,1.5,10000,17783,0.9895833333333334,0.010416666666666668
topk,cms-heap-topk-fastpath-vector2d,rows=5 cols=4096,zipf,1.5,10000,31623,1.0,0.0
topk,cms-heap-topk-fastpath-vector2d,rows=5 cols=4096,zipf,1.5,10000,56234,1.0,0.0
topk,cms-heap-topk-fastpath-vector2d,rows=5 cols=4096,zipf,1.5,10000,100000,1.0,0.0
topk,cms-heap-topk-fastpath-vector2d,rows=5 cols=4096,zipf,1.5,10000,177828,1.0,0.0
topk,cms-heap-topk-fastpath-vector2d,rows=5 cols=4096,zipf,1.5,10000,316228,1.0,0.0
topk,cms-heap-topk-fastpath-vector2d,rows=5 cols=4096,zipf,1.5,10000,562341,1.0,0.0
topk,cms-heap-topk-fastpath-vector2d,rows=5 cols=4096,zipf,1.5,10000,1000000,1.0,0.0
topk,cms-heap-topk-fastpath-vector2d,rows=5 cols=4096,zipf,1.5,10000,1778279,1.0,0.0
topk,cms-heap-topk-fastpath-vector2d,rows=5 cols=4096,zipf,1.5,10000,3162278,1.0,0.0
topk,cms-heap-topk-fastpath-vector2d,rows=5 cols=4096,zipf,1.5,10000,5623413,1.0,0.0
topk,cms-heap-topk-fastpath-vector2d,rows=5 cols=4096,zipf,1.5,10000,10000000,1.0,0.0
topk,cms-heap-topk-fastpath-vector2d,rows=5 cols=4096,zipf,2.0,10000,1000,0.8645833333333334,0.020833333333333332
topk,cms-heap-topk-fastpath-vector2d,rows=5 cols=4096,zipf,2.0,10000,1778,0.90625,0.0
topk,cms-heap-topk-fastpath-vector2d,rows=5 cols=4096,zipf,2.0,10000,3162,0.9270833333333334,0.020833333333333332
topk,cms-heap-topk-fastpath-vector2d,rows=5 cols=4096,zipf,2.0,10000,5623,0.9583333333333334,0.010416666666666668
topk,cms-heap-topk-fastpath-vector2d,rows=5 cols=4096,zipf,2.0,10000,10000,0.96875,0.0
topk,cms-heap-topk-fastpath-vector2d,rows=5 cols=4096,zipf,2.0,10000,17783,0.9895833333333334,0.010416666666666668
topk,cms-heap-topk-fastpath-vector2d,rows=5 cols=4096,zipf,2.0,10000,31623,1.0,0.0
topk,cms-heap-topk-fastpath-vector2d,rows=5 cols=4096,zipf,2.0,10000,56234,1.0,0.0
topk,cms-heap-topk-fastpath-vector2d,rows=5 cols=4096,zipf,2.0,10000,100000,1.0,0.0
topk,cms-heap-topk-fastpath-vector2d,rows=5 cols=4096,zipf,2.0,10000,177828,1.0,0.0
topk,cms-heap-topk-fastpath-vector2d,rows=5 cols=4096,zipf,2.0,10000,316228,1.0,0.0
topk,cms-heap-topk-fastpath-vector2d,rows=5 cols=4096,zipf,2.0,10000,562341,1.0,0.0
topk,cms-heap-topk-fastpath-vector2d,rows=5 cols=4096,zipf,2.0,10000,1000000,1.0,0.0
topk,cms-heap-topk-fastpath-vector2d,rows=5 cols=4096,zipf,2.0,10000,1778279,1.0,0.0
topk,cms-heap-topk-fastpath-vector2d,rows=5 cols=4096,zipf,2.0,10000,3162278,1.0,0.0
topk,cms-heap-topk-fastpath-vector2d,rows=5 cols=4096,zipf,2.0,10000,5623413,1.0,0.0
topk,cms-heap-topk-fastpath-vector2d,rows=5 cols=4096,zipf,2.0,10000,10000000,1.0,0.0
topk,cms-heap-topk-fastpath-vector2d,rows=5 cols=4096,zipf,1.1,1000,1000,0.9375,0.018042195912175804
topk,cms-heap-topk-fastpath-vector2d,rows=5 cols=4096,zipf,1.1,1000,1778,0.96875,0.0
topk,cms-heap-topk-fastpath-vector2d,rows=5 cols=4096,zipf,1.1,1000,3162,0.96875,0.018042195912175804
topk,cms-heap-topk-fastpath-vector2d,rows=5 cols=4096,zipf,1.1,1000,5623,1.0,0.0
topk,cms-heap-topk-fastpath-vector2d,rows=5 cols=4096,zipf,1.1,1000,10000,0.9895833333333334,0.010416666666666668
topk,cms-heap-topk-fastpath-vector2d,rows=5 cols=4096,zipf,1.1,1000,17783,1.0,0.0
topk,cms-heap-topk-fastpath-vector2d,rows=5 cols=4096,zipf,1.1,1000,31623,1.0,0.0
topk,cms-heap-topk-fastpath-vector2d,rows=5 cols=4096,zipf,1.1,1000,56234,1.0,0.0
topk,cms-heap-topk-fastpath-vector2d,rows=5 cols=4096,zipf,1.1,1000,100000,1.0,0.0
topk,cms-heap-topk-fastpath-vector2d,rows=5 cols=4096,zipf,1.1,1000,177828,1.0,0.0
topk,cms-heap-topk-fastpath-vector2d,rows=5 cols=4096,zipf,1.1,1000,316228,1.0,0.0
topk,cms-heap-topk-fastpath-vector2d,rows=5 cols=4096,zipf,1.1,1000,562341,1.0,0.0
topk,cms-heap-topk-fastpath-vector2d,rows=5 cols=4096,zipf,1.1,1000,1000000,1.0,0.0
topk,cms-heap-topk-fastpath-vector2d,rows=5 cols=4096,zipf,1.1,1000,1778279,1.0,0.0
topk,cms-heap-topk-fastpath-vector2d,rows=5 cols=4096,zipf,1.1,1000,3162278,1.0,0.0
topk,cms-heap-topk-fastpath-vector2d,rows=5 cols=4096,zipf,1.1,1000,5623413,1.0,0.0
topk,cms-heap-topk-fastpath-vector2d,rows=5 cols=4096,zipf,1.1,1000,10000000,1.0,0.0
topk,cms-heap-topk-fastpath-vector2d,rows=5 cols=4096,zipf,1.1,100000,1000,0.9166666666666666,0.020833333333333332
topk,cms-heap-topk-fastpath-vector2d,rows=5 cols=4096,zipf,1.1,100000,1778,0.96875,0.0
topk,cms-heap-topk-fastpath-vector2d,rows=5 cols=4096,zipf,1.1,100000,3162,0.9895833333333334,0.010416666666666668
topk,cms-heap-topk-fastpath-vector2d,rows=5 cols=4096,zipf,1.1,100000,5623,0.9895833333333334,0.010416666666666668
topk,cms-heap-topk-fastpath-vector2d,rows=5 cols=4096,zipf,1.1,100000,10000,1.0,0.0
topk,cms-heap-topk-fastpath-vector2d,rows=5 cols=4096,zipf,1.1,100000,17783,0.9895833333333334,0.010416666666666668
topk,cms-heap-topk-fastpath-vector2d,rows=5 cols=4096,zipf,1.1,100000,31623,1.0,0.0
topk,cms-heap-topk-fastpath-vector2d,rows=5 cols=4096,zipf,1.1,100000,56234,1.0,0.0
topk,cms-heap-topk-fastpath-vector2d,rows=5 cols=4096,zipf,1.1,100000,100000,1.0,0.0
topk,cms-heap-topk-fastpath-vector2d,rows=5 cols=4096,zipf,1.1,100000,177828,1.0,0.0
topk,cms-heap-topk-fastpath-vector2d,rows=5 cols=4096,zipf,1.1,100000,316228,1.0,0.0
topk,cms-heap-topk-fastpath-vector2d,rows=5 cols=4096,zipf,1.1,100000,562341,1.0,0.0
topk,cms-heap-topk-fastpath-vector2d,rows=5 cols=4096,zipf,1.1,100000,1000000,1.0,0.0
topk,cms-heap-topk-fastpath-vector2d,rows=5 cols=4096,zipf,1.1,100000,1778279,1.0,0.0
topk,cms-heap-topk-fastpath-vector2d,rows=5 cols=4096,zipf,1.1,100000,3162278,1.0,0.0
topk,cms-heap-topk-fastpath-vector2d,rows=5 cols=4096,zipf,1.1,100000,5623413,1.0,0.0
topk,cms-heap-topk-fastpath-vector2d,rows=5 cols=4096,zipf,1.1,100000,10000000,1.0,0.0
topk,cms-heap-topk-fastpath-vector2d,rows=5 cols=4096,zipf,1.1,10000000,1000,0.9270833333333334,0.010416666666666668
topk,cms-heap-topk-fastpath-vector2d,rows=5 cols=4096,zipf,1.1,10000000,1778,0.9479166666666666,0.02755990949025615
topk,cms-heap-topk-fastpath-vector2d,rows=5 cols=4096,zipf,1.1,10000000,3162,0.9583333333333334,0.02755990949025615
topk,cms-heap-topk-fastpath-vector2d,rows=5 cols=4096,zipf,1.1,10000000,5623,0.9895833333333334,0.010416666666666668
topk,cms-heap-topk-fastpath-vector2d,rows=5 cols=4096,zipf,1.1,10000000,10000,0.9895833333333334,0.010416666666666668
topk,cms-heap-topk-fastpath-vector2d,rows=5 cols=4096,zipf,1.1,10000000,17783,1.0,0.0
topk,cms-heap-topk-fastpath-vector2d,rows=5 cols=4096,zipf,1.1,10000000,31623,0.9895833333333334,0.010416666666666668
topk,cms-heap-topk-fastpath-vector2d,rows=5 cols=4096,zipf,1.1,10000000,56234,1.0,0.0
topk,cms-heap-topk-fastpath-vector2d,rows=5 cols=4096,zipf,1.1,10000000,100000,1.0,0.0
topk,cms-heap-topk-fastpath-vector2d,rows=5 cols=4096,zipf,1.1,10000000,177828,1.0,0.0
topk,cms-heap-topk-fastpath-vector2d,rows=5 cols=4096,zipf,1.1,10000000,316228,1.0,0.0
topk,cms-heap-topk-fastpath-vector2d,rows=5 cols=4096,zipf,1.1,10000000,562341,1.0,0.0
topk,cms-heap-topk-fastpath-vector2d,rows=5 cols=4096,zipf,1.1,10000000,1000000,1.0,0.0
topk,cms-heap-topk-fastpath-vector2d,rows=5 cols=4096,zipf,1.1,10000000,1778279,1.0,0.0
topk,cms-heap-topk-fastpath-vector2d,rows=5 cols=4096,zipf,1.1,10000000,3162278,1.0,0.0
topk,cms-heap-topk-fastpath-vector2d,rows=5 cols=4096,zipf,1.1,10000000,5623413,1.0,0.0
topk,cms-heap-topk-fastpath-vector2d,rows=5 cols=4096,zipf,1.1,10000000,10000000,1.0,0.0
topk,cms-heap-topk-fastpath-vector2d,rows=5 cols=16384,zipf,0.0,10000,1000,0.5625,0.06505206248331664
topk,cms-heap-topk-fastpath-vector2d,rows=5 cols=16384,zipf,0.0,10000,1778,0.4583333333333333,0.05208333333333333
topk,cms-heap-topk-fastpath-vector2d,rows=5 cols=16384,zipf,0.0,10000,3162,0.7395833333333334,0.11738987155817338
topk,cms-heap-topk-fastpath-vector2d,rows=5 cols=16384,zipf,0.0,10000,5623,0.7291666666666666,0.10416666666666666
topk,cms-heap-topk-fastpath-vector2d,rows=5 cols=16384,zipf,0.0,10000,10000,0.8333333333333334,0.03755782578608322
topk,cms-heap-topk-fastpath-vector2d,rows=5 cols=16384,zipf,0.0,10000,17783,0.8020833333333334,0.010416666666666668
topk,cms-heap-topk-fastpath-vector2d,rows=5 cols=16384,zipf,0.0,10000,31623,0.7083333333333334,0.05799754544614606
topk,cms-heap-topk-fastpath-vector2d,rows=5 cols=16384,zipf,0.0,10000,56234,0.65625,0.0
topk,cms-heap-topk-fastpath-vector2d,rows=5 cols=16384,zipf,0.0,10000,100000,0.3541666666666667,0.03755782578608322
topk,cms-heap-topk-fastpath-vector2d,rows=5 cols=16384,zipf,0.0,10000,177828,0.052083333333333336,0.03755782578608322
topk,cms-heap-topk-fastpath-vector2d,rows=5 cols=16384,zipf,0.0,10000,316228,0.010416666666666666,0.010416666666666668
topk,cms-heap-topk-fastpath-vector2d,rows=5 cols=16384,zipf,0.0,10000,562341,0.020833333333333332,0.010416666666666668
topk,cms-heap-topk-fastpath-vector2d,rows=5 cols=16384,zipf,0.0,10000,1000000,0.020833333333333332,0.010416666666666668
topk,cms-heap-topk-fastpath-vector2d,rows=5 cols=16384,zipf,0.0,10000,1778279,0.020833333333333332,0.010416666666666668
topk,cms-heap-topk-fastpath-vector2d,rows=5 cols=16384,zipf,0.0,10000,3162278,0.041666666666666664,0.010416666666666666
topk,cms-heap-topk-fastpath-vector2d,rows=5 cols=16384,zipf,0.0,10000,5623413,0.041666666666666664,0.027559909490256152
topk,cms-heap-topk-fastpath-vector2d,rows=5 cols=16384,zipf,0.0,10000,10000000,0.03125,0.018042195912175804
topk,cms-heap-topk-fastpath-vector2d,rows=5 cols=16384,zipf,0.5,10000,1000,0.5729166666666666,0.010416666666666668
topk,cms-heap-topk-fastpath-vector2d,rows=5 cols=16384,zipf,0.5,10000,1778,0.875,0.03125
topk,cms-heap-topk-fastpath-vector2d,rows=5 cols=16384,zipf,0.5,10000,3162,0.8854166666666666,0.03755782578608322
topk,cms-heap-topk-fastpath-vector2d,rows=5 cols=16384,zipf,0.5,10000,5623,0.9270833333333334,0.02755990949025615
topk,cms-heap-topk-fastpath-vector2d,rows=5 cols=16384,zipf,0.5,10000,10000,0.9583333333333334,0.010416666666666668
topk,cms-heap-topk-fastpath-vector2d,rows=5 cols=16384,zipf,0.5,10000,17783,0.9895833333333334,0.010416666666666668
topk,cms-heap-topk-fastpath-vector2d,rows=5 cols=16384,zipf,0.5,10000,31623,0.96875,0.0
topk,cms-heap-topk-fastpath-vector2d,rows=5 cols=16384,zipf,0.5,10000,56234,0.9895833333333334,0.010416666666666668
topk,cms-heap-topk-fastpath-vector2d,rows=5 cols=16384,zipf,0.5,10000,100000,1.0,0.0
topk,cms-heap-topk-fastpath-vector2d,rows=5 cols=16384,zipf,0.5,10000,177828,0.9895833333333334,0.010416666666666668
topk,cms-heap-topk-fastpath-vector2d,rows=5 cols=16384,zipf,0.5,10000,316228,1.0,0.0
topk,cms-heap-topk-fastpath-vector2d,rows=5 cols=16384,zipf,0.5,10000,562341,0.9791666666666666,0.010416666666666668
topk,cms-heap-topk-fastpath-vector2d,rows=5 cols=16384,zipf,0.5,10000,1000000,1.0,0.0
topk,cms-heap-topk-fastpath-vector2d,rows=5 cols=16384,zipf,0.5,10000,1778279,1.0,0.0
topk,cms-heap-topk-fastpath-vector2d,rows=5 cols=16384,zipf,0.5,10000,3162278,1.0,0.0
topk,cms-heap-topk-fastpath-vector2d,rows=5 cols=16384,zipf,0.5,10000,5623413,1.0,0.0
topk,cms-heap-topk-fastpath-vector2d,rows=5 cols=16384,zipf,0.5,10000,10000000,1.0,0.0
topk,cms-heap-topk-fastpath-vector2d,rows=5 cols=16384,zipf,0.8,10000,1000,0.9166666666666666,0.02755990949025615
topk,cms-heap-topk-fastpath-vector2d,rows=5 cols=16384,zipf,0.8,10000,1778,0.9583333333333334,0.027559909490256152
topk,cms-heap-topk-fastpath-vector2d,rows=5 cols=16384,zipf,0.8,10000,3162,0.9791666666666666,0.010416666666666668
topk,cms-heap-topk-fastpath-vector2d,rows=5 cols=16384,zipf,0.8,10000,5623,1.0,0.0
topk,cms-heap-topk-fastpath-vector2d,rows=5 cols=16384,zipf,0.8,10000,10000,0.9791666666666666,0.010416666666666668
topk,cms-heap-topk-fastpath-vector2d,rows=5 cols=16384,zipf,0.8,10000,17783,1.0,0.0
topk,cms-heap-topk-fastpath-vector2d,rows=5 cols=16384,zipf,0.8,10000,31623,1.0,0.0
topk,cms-heap-topk-fastpath-vector2d,rows=5 cols=16384,zipf,0.8,10000,56234,0.9895833333333334,0.010416666666666668
topk,cms-heap-topk-fastpath-vector2d,rows=5 cols=16384,zipf,0.8,10000,100000,1.0,0.0
topk,cms-heap-topk-fastpath-vector2d,rows=5 cols=16384,zipf,0.8,10000,177828,1.0,0.0
topk,cms-heap-topk-fastpath-vector2d,rows=5 cols=16384,zipf,0.8,10000,316228,1.0,0.0
topk,cms-heap-topk-fastpath-vector2d,rows=5 cols=16384,zipf,0.8,10000,562341,1.0,0.0
topk,cms-heap-topk-fastpath-vector2d,rows=5 cols=16384,zipf,0.8,10000,1000000,1.0,0.0
topk,cms-heap-topk-fastpath-vector2d,rows=5 cols=16384,zipf,0.8,10000,1778279,1.0,0.0
topk,cms-heap-topk-fastpath-vector2d,rows=5 cols=16384,zipf,0.8,10000,3162278,1.0,0.0
topk,cms-heap-topk-fastpath-vector2d,rows=5 cols=16384,zipf,0.8,10000,5623413,1.0,0.0
topk,cms-heap-topk-fastpath-vector2d,rows=5 cols=16384,zipf,0.8,10000,10000000,1.0,0.0
topk,cms-heap-topk-fastpath-vector2d,rows=5 cols=16384,zipf,1.0,10000,1000,0.9375,0.03608439182435161
topk,cms-heap-topk-fastpath-vector2d,rows=5 cols=16384,zipf,1.0,10000,1778,0.9479166666666666,0.020833333333333332
topk,cms-heap-topk-fastpath-vector2d,rows=5 cols=16384,zipf,1.0,10000,3162,0.96875,0.018042195912175804
topk,cms-heap-topk-fastpath-vector2d,rows=5 cols=16384,zipf,1.0,10000,5623,0.9791666666666666,0.010416666666666668
topk,cms-heap-topk-fastpath-vector2d,rows=5 cols=16384,zipf,1.0,10000,10000,0.9791666666666666,0.010416666666666668
topk,cms-heap-topk-fastpath-vector2d,rows=5 cols=16384,zipf,1.0,10000,17783,1.0,0.0
topk,cms-heap-topk-fastpath-vector2d,rows=5 cols=16384,zipf,1.0,10000,31623,1.0,0.0
topk,cms-heap-topk-fastpath-vector2d,rows=5 cols=16384,zipf,1.0,10000,56234,0.9895833333333334,0.010416666666666668
topk,cms-heap-topk-fastpath-vector2d,rows=5 cols=16384,zipf,1.0,10000,100000,1.0,0.0
topk,cms-heap-topk-fastpath-vector2d,rows=5 cols=16384,zipf,1.0,10000,177828,1.0,0.0
topk,cms-heap-topk-fastpath-vector2d,rows=5 cols=16384,zipf,1.0,10000,316228,1.0,0.0
topk,cms-heap-topk-fastpath-vector2d,rows=5 cols=16384,zipf,1.0,10000,562341,1.0,0.0
topk,cms-heap-topk-fastpath-vector2d,rows=5 cols=16384,zipf,1.0,10000,1000000,1.0,0.0
topk,cms-heap-topk-fastpath-vector2d,rows=5 cols=16384,zipf,1.0,10000,1778279,1.0,0.0
topk,cms-heap-topk-fastpath-vector2d,rows=5 cols=16384,zipf,1.0,10000,3162278,1.0,0.0
topk,cms-heap-topk-fastpath-vector2d,rows=5 cols=16384,zipf,1.0,10000,5623413,1.0,0.0
topk,cms-heap-topk-fastpath-vector2d,rows=5 cols=16384,zipf,1.0,10000,10000000,1.0,0.0
topk,cms-heap-topk-fastpath-vector2d,rows=5 cols=16384,zipf,1.2,10000,1000,0.9479166666666666,0.027559909490256152
topk,cms-heap-topk-fastpath-vector2d,rows=5 cols=16384,zipf,1.2,10000,1778,0.9479166666666666,0.010416666666666668
topk,cms-heap-topk-fastpath-vector2d,rows=5 cols=16384,zipf,1.2,10000,3162,0.96875,0.0
topk,cms-heap-topk-fastpath-vector2d,rows=5 cols=16384,zipf,1.2,10000,5623,0.9791666666666666,0.010416666666666668
topk,cms-heap-topk-fastpath-vector2d,rows=5 cols=16384,zipf,1.2,10000,10000,0.9895833333333334,0.010416666666666668
topk,cms-heap-topk-fastpath-vector2d,rows=5 cols=16384,zipf,1.2,10000,17783,1.0,0.0
topk,cms-heap-topk-fastpath-vector2d,rows=5 cols=16384,zipf,1.2,10000,31623,1.0,0.0
topk,cms-heap-topk-fastpath-vector2d,rows=5 cols=16384,zipf,1.2,10000,56234,0.9895833333333334,0.010416666666666668
topk,cms-heap-topk-fastpath-vector2d,rows=5 cols=16384,zipf,1.2,10000,100000,1.0,0.0
topk,cms-heap-topk-fastpath-vector2d,rows=5 cols=16384,zipf,1.2,10000,177828,1.0,0.0
topk,cms-heap-topk-fastpath-vector2d,rows=5 cols=16384,zipf,1.2,10000,316228,1.0,0.0
topk,cms-heap-topk-fastpath-vector2d,rows=5 cols=16384,zipf,1.2,10000,562341,1.0,0.0
topk,cms-heap-topk-fastpath-vector2d,rows=5 cols=16384,zipf,1.2,10000,1000000,1.0,0.0
topk,cms-heap-topk-fastpath-vector2d,rows=5 cols=16384,zipf,1.2,10000,1778279,1.0,0.0
topk,cms-heap-topk-fastpath-vector2d,rows=5 cols=16384,zipf,1.2,10000,3162278,1.0,0.0
topk,cms-heap-topk-fastpath-vector2d,rows=5 cols=16384,zipf,1.2,10000,5623413,1.0,0.0
topk,cms-heap-topk-fastpath-vector2d,rows=5 cols=16384,zipf,1.2,10000,10000000,1.0,0.0
topk,cms-heap-topk-fastpath-vector2d,rows=5 cols=16384,zipf,1.5,10000,1000,0.96875,0.0
topk,cms-heap-topk-fastpath-vector2d,rows=5 cols=16384,zipf,1.5,10000,1778,0.96875,0.0
topk,cms-heap-topk-fastpath-vector2d,rows=5 cols=16384,zipf,1.5,10000,3162,0.9895833333333334,0.010416666666666668
topk,cms-heap-topk-fastpath-vector2d,rows=5 cols=16384,zipf,1.5,10000,5623,0.9895833333333334,0.010416666666666668
topk,cms-heap-topk-fastpath-vector2d,rows=5 cols=16384,zipf,1.5,10000,10000,0.9791666666666666,0.010416666666666668
topk,cms-heap-topk-fastpath-vector2d,rows=5 cols=16384,zipf,1.5,10000,17783,0.9895833333333334,0.010416666666666668
topk,cms-heap-topk-fastpath-vector2d,rows=5 cols=16384,zipf,1.5,10000,31623,1.0,0.0
topk,cms-heap-topk-fastpath-vector2d,rows=5 cols=16384,zipf,1.5,10000,56234,1.0,0.0
topk,cms-heap-topk-fastpath-vector2d,rows=5 cols=16384,zipf,1.5,10000,100000,1.0,0.0
topk,cms-heap-topk-fastpath-vector2d,rows=5 cols=16384,zipf,1.5,10000,177828,1.0,0.0
topk,cms-heap-topk-fastpath-vector2d,rows=5 cols=16384,zipf,1.5,10000,316228,1.0,0.0
topk,cms-heap-topk-fastpath-vector2d,rows=5 cols=16384,zipf,1.5,10000,562341,1.0,0.0
topk,cms-heap-topk-fastpath-vector2d,rows=5 cols=16384,zipf,1.5,10000,1000000,1.0,0.0
topk,cms-heap-topk-fastpath-vector2d,rows=5 cols=16384,zipf,1.5,10000,1778279,1.0,0.0
topk,cms-heap-topk-fastpath-vector2d,rows=5 cols=16384,zipf,1.5,10000,3162278,1.0,0.0
topk,cms-heap-topk-fastpath-vector2d,rows=5 cols=16384,zipf,1.5,10000,5623413,1.0,0.0
topk,cms-heap-topk-fastpath-vector2d,rows=5 cols=16384,zipf,1.5,10000,10000000,1.0,0.0
topk,cms-heap-topk-fastpath-vector2d,rows=5 cols=16384,zipf,2.0,10000,1000,0.8645833333333334,0.020833333333333332
topk,cms-heap-topk-fastpath-vector2d,rows=5 cols=16384,zipf,2.0,10000,1778,0.90625,0.0
topk,cms-heap-topk-fastpath-vector2d,rows=5 cols=16384,zipf,2.0,10000,3162,0.9270833333333334,0.020833333333333332
topk,cms-heap-topk-fastpath-vector2d,rows=5 cols=16384,zipf,2.0,10000,5623,0.9583333333333334,0.010416666666666668
topk,cms-heap-topk-fastpath-vector2d,rows=5 cols=16384,zipf,2.0,10000,10000,0.96875,0.0
topk,cms-heap-topk-fastpath-vector2d,rows=5 cols=16384,zipf,2.0,10000,17783,0.9895833333333334,0.010416666666666668
topk,cms-heap-topk-fastpath-vector2d,rows=5 cols=16384,zipf,2.0,10000,31623,1.0,0.0
topk,cms-heap-topk-fastpath-vector2d,rows=5 cols=16384,zipf,2.0,10000,56234,1.0,0.0
topk,cms-heap-topk-fastpath-vector2d,rows=5 cols=16384,zipf,2.0,10000,100000,1.0,0.0
topk,cms-heap-topk-fastpath-vector2d,rows=5 cols=16384,zipf,2.0,10000,177828,1.0,0.0
topk,cms-heap-topk-fastpath-vector2d,rows=5 cols=16384,zipf,2.0,10000,316228,1.0,0.0
topk,cms-heap-topk-fastpath-vector2d,rows=5 cols=16384,zipf,2.0,10000,562341,1.0,0.0
topk,cms-heap-topk-fastpath-vector2d,rows=5 cols=16384,zipf,2.0,10000,1000000,1.0,0.0
topk,cms-heap-topk-fastpath-vector2d,rows=5 cols=16384,zipf,2.0,10000,1778279,1.0,0.0
topk,cms-heap-topk-fastpath-vector2d,rows=5 cols=16384,zipf,2.0,10000,3162278,1.0,0.0
topk,cms-heap-topk-fastpath-vector2d,rows=5 cols=16384,zipf,2.0,10000,5623413,1.0,0.0
topk,cms-heap-topk-fastpath-vector2d,rows=5 cols=16384,zipf,2.0,10000,10000000,1.0,0.0
topk,cms-heap-topk-fastpath-vector2d,rows=5 cols=16384,zipf,1.1,1000,1000,0.9375,0.018042195912175804
topk,cms-heap-topk-fastpath-vector2d,rows=5 cols=16384,zipf,1.1,1000,1778,0.96875,0.0
topk,cms-heap-topk-fastpath-vector2d,rows=5 cols=16384,zipf,1.1,1000,3162,0.96875,0.018042195912175804
topk,cms-heap-topk-fastpath-vector2d,rows=5 cols=16384,zipf,1.1,1000,5623,1.0,0.0
topk,cms-heap-topk-fastpath-vector2d,rows=5 cols=16384,zipf,1.1,1000,10000,0.9895833333333334,0.010416666666666668
topk,cms-heap-topk-fastpath-vector2d,rows=5 cols=16384,zipf,1.1,1000,17783,1.0,0.0
topk,cms-heap-topk-fastpath-vector2d,rows=5 cols=16384,zipf,1.1,1000,31623,1.0,0.0
topk,cms-heap-topk-fastpath-vector2d,rows=5 cols=16384,zipf,1.1,1000,56234,1.0,0.0
topk,cms-heap-topk-fastpath-vector2d,rows=5 cols=16384,zipf,1.1,1000,100000,1.0,0.0
topk,cms-heap-topk-fastpath-vector2d,rows=5 cols=16384,zipf,1.1,1000,177828,1.0,0.0
topk,cms-heap-topk-fastpath-vector2d,rows=5 cols=16384,zipf,1.1,1000,316228,1.0,0.0
topk,cms-heap-topk-fastpath-vector2d,rows=5 cols=16384,zipf,1.1,1000,562341,1.0,0.0
topk,cms-heap-topk-fastpath-vector2d,rows=5 cols=16384,zipf,1.1,1000,1000000,1.0,0.0
topk,cms-heap-topk-fastpath-vector2d,rows=5 cols=16384,zipf,1.1,1000,1778279,1.0,0.0
topk,cms-heap-topk-fastpath-vector2d,rows=5 cols=16384,zipf,1.1,1000,3162278,1.0,0.0
topk,cms-heap-topk-fastpath-vector2d,rows=5 cols=16384,zipf,1.1,1000,5623413,1.0,0.0
topk,cms-heap-topk-fastpath-vector2d,rows=5 cols=16384,zipf,1.1,1000,10000000,1.0,0.0
topk,cms-heap-topk-fastpath-vector2d,rows=5 cols=16384,zipf,1.1,100000,1000,0.9166666666666666,0.020833333333333332
topk,cms-heap-topk-fastpath-vector2d,rows=5 cols=16384,zipf,1.1,100000,1778,0.96875,0.0
topk,cms-heap-topk-fastpath-vector2d,rows=5 cols=16384,zipf,1.1,100000,3162,0.9895833333333334,0.010416666666666668
topk,cms-heap-topk-fastpath-vector2d,rows=5 cols=16384,zipf,1.1,100000,5623,0.9895833333333334,0.010416666666666668
topk,cms-heap-topk-fastpath-vector2d,rows=5 cols=16384,zipf,1.1,100000,10000,1.0,0.0
topk,cms-heap-topk-fastpath-vector2d,rows=5 cols=16384,zipf,1.1,100000,17783,1.0,0.0
topk,cms-heap-topk-fastpath-vector2d,rows=5 cols=16384,zipf,1.1,100000,31623,1.0,0.0
topk,cms-heap-topk-fastpath-vector2d,rows=5 cols=16384,zipf,1.1,100000,56234,1.0,0.0
topk,cms-heap-topk-fastpath-vector2d,rows=5 cols=16384,zipf,1.1,100000,100000,1.0,0.0
topk,cms-heap-topk-fastpath-vector2d,rows=5 cols=16384,zipf,1.1,100000,177828,1.0,0.0
topk,cms-heap-topk-fastpath-vector2d,rows=5 cols=16384,zipf,1.1,100000,316228,1.0,0.0
topk,cms-heap-topk-fastpath-vector2d,rows=5 cols=16384,zipf,1.1,100000,562341,1.0,0.0
topk,cms-heap-topk-fastpath-vector2d,rows=5 cols=16384,zipf,1.1,100000,1000000,1.0,0.0
topk,cms-heap-topk-fastpath-vector2d,rows=5 cols=16384,zipf,1.1,100000,1778279,1.0,0.0
topk,cms-heap-topk-fastpath-vector2d,rows=5 cols=16384,zipf,1.1,100000,3162278,1.0,0.0
topk,cms-heap-topk-fastpath-vector2d,rows=5 cols=16384,zipf,1.1,100000,5623413,1.0,0.0
topk,cms-heap-topk-fastpath-vector2d,rows=5 cols=16384,zipf,1.1,100000,10000000,1.0,0.0
topk,cms-heap-topk-fastpath-vector2d,rows=5 cols=16384,zipf,1.1,10000000,1000,0.9270833333333334,0.010416666666666668
topk,cms-heap-topk-fastpath-vector2d,rows=5 cols=16384,zipf,1.1,10000000,1778,0.9479166666666666,0.02755990949025615
topk,cms-heap-topk-fastpath-vector2d,rows=5 cols=16384,zipf,1.1,10000000,3162,0.9583333333333334,0.02755990949025615
topk,cms-heap-topk-fastpath-vector2d,rows=5 cols=16384,zipf,1.1,10000000,5623,0.9895833333333334,0.010416666666666668
topk,cms-heap-topk-fastpath-vector2d,rows=5 cols=16384,zipf,1.1,10000000,10000,0.9791666666666666,0.010416666666666668
topk,cms-heap-topk-fastpath-vector2d,rows=5 cols=16384,zipf,1.1,10000000,17783,1.0,0.0
topk,cms-heap-topk-fastpath-vector2d,rows=5 cols=16384,zipf,1.1,10000000,31623,1.0,0.0
topk,cms-heap-topk-fastpath-vector2d,rows=5 cols=16384,zipf,1.1,10000000,56234,1.0,0.0
topk,cms-heap-topk-fastpath-vector2d,rows=5 cols=16384,zipf,1.1,10000000,100000,1.0,0.0
topk,cms-heap-topk-fastpath-vector2d,rows=5 cols=16384,zipf,1.1,10000000,177828,1.0,0.0
topk,cms-heap-topk-fastpath-vector2d,rows=5 cols=16384,zipf,1.1,10000000,316228,1.0,0.0
topk,cms-heap-topk-fastpath-vector2d,rows=5 cols=16384,zipf,1.1,10000000,562341,1.0,0.0
topk,cms-heap-topk-fastpath-vector2d,rows=5 cols=16384,zipf,1.1,10000000,1000000,1.0,0.0
topk,cms-heap-topk-fastpath-vector2d,rows=5 cols=16384,zipf,1.1,10000000,1778279,1.0,0.0
topk,cms-heap-topk-fastpath-vector2d,rows=5 cols=16384,zipf,1.1,10000000,3162278,1.0,0.0
topk,cms-heap-topk-fastpath-vector2d,rows=5 cols=16384,zipf,1.1,10000000,5623413,1.0,0.0
topk,cms-heap-topk-fastpath-vector2d,rows=5 cols=16384,zipf,1.1,10000000,10000000,1.0,0.0
cardinality,hll,lg_k=12,zipf,0.0,1000,1000,0.01197612314735135,0.006256807149416577
cardinality,hll,lg_k=12,zipf,0.0,1000,1778,0.014393427481402333,0.002063854247355972
cardinality,hll,lg_k=12,zipf,0.0,1000,3162,0.011506915020457933,0.001632458012406931
cardinality,hll,lg_k=12,zipf,0.0,1000,5623,0.01139846037923978,0.0017881322220642598
cardinality,hll,lg_k=12,zipf,0.0,1000,10000,0.010670003336670003,0.0003299966633299965
cardinality,hll,lg_k=12,zipf,0.0,1000,17783,0.011000000000000001,1.2266347333466993e-18
cardinality,hll,lg_k=12,zipf,0.0,1000,31623,0.011000000000000001,1.2266347333466993e-18
cardinality,hll,lg_k=12,zipf,0.0,1000,56234,0.011000000000000001,1.2266347333466993e-18
cardinality,hll,lg_k=12,zipf,0.0,1000,100000,0.011000000000000001,1.2266347333466993e-18
cardinality,hll,lg_k=12,zipf,0.0,1000,177828,0.011000000000000001,1.2266347333466993e-18
cardinality,hll,lg_k=12,zipf,0.0,1000,316228,0.011000000000000001,1.2266347333466993e-18
cardinality,hll,lg_k=12,zipf,0.0,1000,562341,0.011000000000000001,1.2266347333466993e-18
cardinality,hll,lg_k=12,zipf,0.0,1000,1000000,0.011000000000000001,1.2266347333466993e-18
cardinality,hll,lg_k=12,zipf,0.0,1000,1778279,0.011000000000000001,1.2266347333466993e-18
cardinality,hll,lg_k=12,zipf,0.0,1000,3162278,0.011000000000000001,1.2266347333466993e-18
cardinality,hll,lg_k=12,zipf,0.0,1000,5623413,0.011000000000000001,1.2266347333466993e-18
cardinality,hll,lg_k=12,zipf,0.0,1000,10000000,0.011000000000000001,1.2266347333466993e-18
cardinality,hll,lg_k=12,zipf,0.0,100000,1000,0.00638612167469052,0.004888175893353503
cardinality,hll,lg_k=12,zipf,0.0,100000,1778,0.005493836812638205,0.0024864175996416956
cardinality,hll,lg_k=12,zipf,0.0,100000,3162,0.005139753586583144,0.002064259422791049
cardinality,hll,lg_k=12,zipf,0.0,100000,5623,0.008182433331171366,0.00247955700874293
cardinality,hll,lg_k=12,zipf,0.0,100000,10000,0.016644665047089505,0.004945839987998057
cardinality,hll,lg_k=12,zipf,0.0,100000,17783,0.009226609718671671,0.004507532584366934
cardinality,hll,lg_k=12,zipf,0.0,100000,31623,0.011829399110314992,0.0031317522367177286
cardinality,hll,lg_k=12,zipf,0.0,100000,56234,0.012855266768563129,0.005384700806047388
cardinality,hll,lg_k=12,zipf,0.0,100000,100000,0.02362342363764151,0.0061054183900538
cardinality,hll,lg_k=12,zipf,0.0,100000,177828,0.018473263765462707,0.0026874962649789686
cardinality,hll,lg_k=12,zipf,0.0,100000,316228,0.01313944841235927,0.002907397487939651
cardinality,hll,lg_k=12,zipf,0.0,100000,562341,0.012163341365245965,0.0012500151088439481
cardinality,hll,lg_k=12,zipf,0.0,100000,1000000,0.011343748655591733,1.7439062678952845e-05
cardinality,hll,lg_k=12,zipf,0.0,100000,1778279,0.01138,0.0
cardinality,hll,lg_k=12,zipf,0.0,100000,3162278,0.01138,0.0
cardinality,hll,lg_k=12,zipf,0.0,100000,5623413,0.01138,0.0
cardinality,hll,lg_k=12,zipf,0.0,100000,10000000,0.01138,0.0
cardinality,hll,lg_k=12,zipf,0.0,10000000,1000,0.006333333333333333,0.001855921454276674
cardinality,hll,lg_k=12,zipf,0.0,10000000,1778,0.0035620547431571056,0.0019026793335380988
cardinality,hll,lg_k=12,zipf,0.0,10000000,3162,0.0031632890388826555,0.0019070281631661278
cardinality,hll,lg_k=12,zipf,0.0,10000000,5623,0.005454961542970007,0.0010494101927384363
cardinality,hll,lg_k=12,zipf,0.0,10000000,10000,0.022776647793023897,0.010843298885371371
cardinality,hll,lg_k=12,zipf,0.0,10000000,17783,0.013508271748042984,0.004800971331015695
cardinality,hll,lg_k=12,zipf,0.0,10000000,31623,0.024323759362554525,0.004972128071056212
cardinality,hll,lg_k=12,zipf,0.0,10000000,56234,0.02237479625694785,0.003180809932187056
cardinality,hll,lg_k=12,zipf,0.0,10000000,100000,0.01058692874263042,0.003853961370097126
cardinality,hll,lg_k=12,zipf,0.0,10000000,177828,0.008526478948144027,0.0016034999073120818
cardinality,hll,lg_k=12,zipf,0.0,10000000,316228,0.01998637728889402,0.010324155710896316
cardinality,hll,lg_k=12,zipf,0.0,10000000,562341,0.010788666752456148,0.007894987042792645
cardinality,hll,lg_k=12,zipf,0.0,10000000,1000000,0.013223506016028999,0.008387042352549825
cardinality,hll,lg_k=12,zipf,0.0,10000000,1778279,0.015708126981461148,0.007491787240256444
cardinality,hll,lg_k=12,zipf,0.0,10000000,3162278,0.021749190156657997,0.0063083396049669225
cardinality,hll,lg_k=12,zipf,0.0,10000000,5623413,0.015351238472977776,0.0069439097320884175
cardinality,hll,lg_k=12,zipf,0.0,10000000,10000000,0.013084446652012948,0.00591311515888001
cardinality,hll,lg_k=12,zipf,0.5,1000,1000,0.007723860643090494,0.003010468196603434
cardinality,hll,lg_k=12,zipf,0.5,1000,1778,0.008420128441157635,0.003213244290655974
cardinality,hll,lg_k=12,zipf,0.5,1000,3162,0.00996029120088496,0.004600821743955667
cardinality,hll,lg_k=12,zipf,0.5,1000,5623,0.011909345891685406,0.0029195462351008054
cardinality,hll,lg_k=12,zipf,0.5,1000,10000,0.011686369067798593,0.00033767902839379124
cardinality,hll,lg_k=12,zipf,0.5,1000,17783,0.011000000000000001,1.2266347333466993e-18
cardinality,hll,lg_k=12,zipf,0.5,1000,31623,0.011000000000000001,1.2266347333466993e-18
cardinality,hll,lg_k=12,zipf,0.5,1000,56234,0.011000000000000001,1.2266347333466993e-18
cardinality,hll,lg_k=12,zipf,0.5,1000,100000,0.011000000000000001,1.2266347333466993e-18
cardinality,hll,lg_k=12,zipf,0.5,1000,177828,0.011000000000000001,1.2266347333466993e-18
cardinality,hll,lg_k=12,zipf,0.5,1000,316228,0.011000000000000001,1.2266347333466993e-18
cardinality,hll,lg_k=12,zipf,0.5,1000,562341,0.011000000000000001,1.2266347333466993e-18
cardinality,hll,lg_k=12,zipf,0.5,1000,1000000,0.011000000000000001,1.2266347333466993e-18
cardinality,hll,lg_k=12,zipf,0.5,1000,1778279,0.011000000000000001,1.2266347333466993e-18
cardinality,hll,lg_k=12,zipf,0.5,1000,3162278,0.011000000000000001,1.2266347333466993e-18
cardinality,hll,lg_k=12,zipf,0.5,1000,5623413,0.011000000000000001,1.2266347333466993e-18
cardinality,hll,lg_k=12,zipf,0.5,1000,10000000,0.011000000000000001,1.2266347333466993e-18
cardinality,hll,lg_k=12,zipf,0.5,100000,1000,0.0070928843150465356,0.0030388279443252985
cardinality,hll,lg_k=12,zipf,0.5,100000,1778,0.008652654593504042,0.002341715813525912
cardinality,hll,lg_k=12,zipf,0.5,100000,3162,0.0073551645968786975,0.000489649282701072
cardinality,hll,lg_k=12,zipf,0.5,100000,5623,0.010876780227573594,0.0025046643601668987
cardinality,hll,lg_k=12,zipf,0.5,100000,10000,0.016493486665177592,0.004882956670329943
cardinality,hll,lg_k=12,zipf,0.5,100000,17783,0.014214699475099143,0.0055869536737906764
cardinality,hll,lg_k=12,zipf,0.5,100000,31623,0.01661938517790561,0.0046945560944205746
cardinality,hll,lg_k=12,zipf,0.5,100000,56234,0.01753946735133853,0.0012960209304747488
cardinality,hll,lg_k=12,zipf,0.5,100000,100000,0.01660463737156308,0.003775428274174212
cardinality,hll,lg_k=12,zipf,0.5,100000,177828,0.012037930236402844,0.0051381236341582195
cardinality,hll,lg_k=12,zipf,0.5,100000,316228,0.01470858652619166,0.006779670690212091
cardinality,hll,lg_k=12,zipf,0.5,100000,562341,0.010483586639639853,0.0013012583176129717
cardinality,hll,lg_k=12,zipf,0.5,100000,1000000,0.011276777166327766,0.0002440209239500429
cardinality,hll,lg_k=12,zipf,0.5,100000,1778279,0.011366818202272705,3.2954988643067265e-06
cardinality,hll,lg_k=12,zipf,0.5,100000,3162278,0.01138,0.0
cardinality,hll,lg_k=12,zipf,0.5,100000,5623413,0.01138,0.0
cardinality,hll,lg_k=12,zipf,0.5,100000,10000000,0.01138,0.0
cardinality,hll,lg_k=12,zipf,0.5,10000000,1000,0.0023333333333333335,0.0003333333333333334
cardinality,hll,lg_k=12,zipf,0.5,10000000,1778,0.007124109486314212,0.005158161414397303
cardinality,hll,lg_k=12,zipf,0.5,10000000,3162,0.012230114770444105,0.00597365453646275
cardinality,hll,lg_k=12,zipf,0.5,10000000,5623,0.004508344397464787,0.0016650195265019568
cardinality,hll,lg_k=12,zipf,0.5,10000000,10000,0.02206515260573616,0.008730391149896127
cardinality,hll,lg_k=12,zipf,0.5,10000000,17783,0.007615341770616721,0.0026261264021431607
cardinality,hll,lg_k=12,zipf,0.5,10000000,31623,0.009217023225227109,0.004986707028356042
cardinality,hll,lg_k=12,zipf,0.5,10000000,56234,0.013083307160572535,0.01013606444697857
cardinality,hll,lg_k=12,zipf,0.5,10000000,100000,0.01508253369774445,0.008530284823346924
cardinality,hll,lg_k=12,zipf,0.5,10000000,177828,0.011437027796657047,0.0035953607060906683
cardinality,hll,lg_k=12,zipf,0.5,10000000,316228,0.013719892030200959,0.005245732831894586
cardinality,hll,lg_k=12,zipf,0.5,10000000,562341,0.023700291832220267,0.0061390663665442146
cardinality,hll,lg_k=12,zipf,0.5,10000000,1000000,0.005810623689336536,0.0024587070644856747
cardinality,hll,lg_k=12,zipf,0.5,10000000,1778279,0.01123158503994698,0.006535065302269232
cardinality,hll,lg_k=12,zipf,0.5,10000000,3162278,0.01228885664949475,0.005354418244051797
cardinality,hll,lg_k=12,zipf,0.5,10000000,5623413,0.00898897120695954,0.00036792903641840455
cardinality,hll,lg_k=12,zipf,0.5,10000000,10000000,0.008139164580418457,0.006232877578438416
cardinality,hll,lg_k=12,zipf,0.8,1000,1000,0.007507802842488441,0.0007983687240572597
cardinality,hll,lg_k=12,zipf,0.8,1000,1778,0.009747135528247316,0.004764612492349208
cardinality,hll,lg_k=12,zipf,0.8,1000,3162,0.01443485647607716,0.0036283941061398144
cardinality,hll,lg_k=12,zipf,0.8,1000,5623,0.009142417509724828,0.0014795568328459414
cardinality,hll,lg_k=12,zipf,0.8,1000,10000,0.008848607634910374,0.0014616844846673293
cardinality,hll,lg_k=12,zipf,0.8,1000,17783,0.010342360414577064,0.0006576395854229351
cardinality,hll,lg_k=12,zipf,0.8,1000,31623,0.011000000000000001,1.2266347333466993e-18
cardinality,hll,lg_k=12,zipf,0.8,1000,56234,0.011000000000000001,1.2266347333466993e-18
cardinality,hll,lg_k=12,zipf,0.8,1000,100000,0.011000000000000001,1.2266347333466993e-18
cardinality,hll,lg_k=12,zipf,0.8,1000,177828,0.011000000000000001,1.2266347333466993e-18
cardinality,hll,lg_k=12,zipf,0.8,1000,316228,0.011000000000000001,1.2266347333466993e-18
cardinality,hll,lg_k=12,zipf,0.8,1000,562341,0.011000000000000001,1.2266347333466993e-18
cardinality,hll,lg_k=12,zipf,0.8,1000,1000000,0.011000000000000001,1.2266347333466993e-18
cardinality,hll,lg_k=12,zipf,0.8,1000,1778279,0.011000000000000001,1.2266347333466993e-18
cardinality,hll,lg_k=12,zipf,0.8,1000,3162278,0.011000000000000001,1.2266347333466993e-18
cardinality,hll,lg_k=12,zipf,0.8,1000,5623413,0.011000000000000001,1.2266347333466993e-18
cardinality,hll,lg_k=12,zipf,0.8,1000,10000000,0.011000000000000001,1.2266347333466993e-18
cardinality,hll,lg_k=12,zipf,0.8,100000,1000,0.011526982425326552,0.0006393584844431421
cardinality,hll,lg_k=12,zipf,0.8,100000,1778,0.010189315306634809,0.0071863970567489265
cardinality,hll,lg_k=12,zipf,0.8,100000,3162,0.01689156543913079,0.004778371159704652
cardinality,hll,lg_k=12,zipf,0.8,100000,5623,0.008580247196362835,0.001811470555042605
cardinality,hll,lg_k=12,zipf,0.8,100000,10000,0.002474658936241607,0.00167852077369505
cardinality,hll,lg_k=12,zipf,0.8,100000,17783,0.007243062361218214,0.0047271314105090945
cardinality,hll,lg_k=12,zipf,0.8,100000,31623,0.016400349639486164,0.004769556080768137
cardinality,hll,lg_k=12,zipf,0.8,100000,56234,0.020423651798057264,0.006973263151012626
cardinality,hll,lg_k=12,zipf,0.8,100000,100000,0.02353088727764976,0.008747629854895838
cardinality,hll,lg_k=12,zipf,0.8,100000,177828,0.014220897177623877,0.004207969716387932
cardinality,hll,lg_k=12,zipf,0.8,100000,316228,0.019175736598892625,0.00584448799974994
cardinality,hll,lg_k=12,zipf,0.8,100000,562341,0.010285137302249744,0.0029129015452009875
cardinality,hll,lg_k=12,zipf,0.8,100000,1000000,0.009345763911059212,0.004665057630632871
cardinality,hll,lg_k=12,zipf,0.8,100000,1778279,0.012391306645756966,0.001341466490180237
cardinality,hll,lg_k=12,zipf,0.8,100000,3162278,0.012111626356958784,0.00044082814023102334
cardinality,hll,lg_k=12,zipf,0.8,100000,5623413,0.01138,0.0
cardinality,hll,lg_k=12,zipf,0.8,100000,10000000,0.01138,0.0
cardinality,hll,lg_k=12,zipf,0.8,10000000,1000,0.012357038882694687,0.004759227569638032
cardinality,hll,lg_k=12,zipf,0.8,10000000,1778,0.009604282179642506,0.0028407456752570005
cardinality,hll,lg_k=12,zipf,0.8,10000000,3162,0.00860890801670036,0.006176096803273566
cardinality,hll,lg_k=12,zipf,0.8,10000000,5623,0.015336044778643606,0.002164138753272253
cardinality,hll,lg_k=12,zipf,0.8,10000000,10000,0.010354838488710208,0.0020442628226440677
cardinality,hll,lg_k=12,zipf,0.8,10000000,17783,0.018005265051481378,0.009069441067745885
cardinality,hll,lg_k=12,zipf,0.8,10000000,31623,0.020755509094044833,0.00419146280137577
cardinality,hll,lg_k=12,zipf,0.8,10000000,56234,0.010576998638323851,0.004651496992424992
cardinality,hll,lg_k=12,zipf,0.8,10000000,100000,0.0019269674538444108,0.0011869128986592827
cardinality,hll,lg_k=12,zipf,0.8,10000000,177828,0.006916238321408057,0.005725787575876557
cardinality,hll,lg_k=12,zipf,0.8,10000000,316228,0.014093550904488888,0.004640001076375745
cardinality,hll,lg_k=12,zipf,0.8,10000000,562341,0.017620088555391624,0.003925610438533107
cardinality,hll,lg_k=12,zipf,0.8,10000000,1000000,0.005562123728336525,0.003511820131301439
cardinality,hll,lg_k=12,zipf,0.8,10000000,1778279,0.007929220031300659,0.003045856873558213
cardinality,hll,lg_k=12,zipf,0.8,10000000,3162278,0.005329481816556551,0.0039739798944640305
cardinality,hll,lg_k=12,zipf,0.8,10000000,5623413,0.009197266655034569,0.006395610874972287
cardinality,hll,lg_k=12,zipf,0.8,10000000,10000000,0.014038002151420995,0.007589217842142716
cardinality,hll,lg_k=12,zipf,1.0,1000,1000,0.007756878416241789,0.004136096162769752
cardinality,hll,lg_k=12,zipf,1.0,1000,1778,0.004214670328545398,0.0024625500823546183
cardinality,hll,lg_k=12,zipf,1.0,1000,3162,0.007424634733655597,0.00328951280735855
cardinality,hll,lg_k=12,zipf,1.0,1000,5623,0.010852884476617681,0.001438949584991666
cardinality,hll,lg_k=12,zipf,1.0,1000,10000,0.007983280262028082,0.002893079579157802
cardinality,hll,lg_k=12,zipf,1.0,1000,17783,0.009892981363679667,0.00032212647326240507
cardinality,hll,lg_k=12,zipf,1.0,1000,31623,0.010349373437614112,0.0011996441072240102
cardinality,hll,lg_k=12,zipf,1.0,1000,56234,0.011000000000000001,1.2266347333466993e-18
cardinality,hll,lg_k=12,zipf,1.0,1000,100000,0.011000000000000001,1.2266347333466993e-18
cardinality,hll,lg_k=12,zipf,1.0,1000,177828,0.011000000000000001,1.2266347333466993e-18
cardinality,hll,lg_k=12,zipf,1.0,1000,316228,0.011000000000000001,1.2266347333466993e-18
cardinality,hll,lg_k=12,zipf,1.0,1000,562341,0.011000000000000001,1.2266347333466993e-18
cardinality,hll,lg_k=12,zipf,1.0,1000,1000000,0.011000000000000001,1.2266347333466993e-18
cardinality,hll,lg_k=12,zipf,1.0,1000,1778279,0.011000000000000001,1.2266347333466993e-18
cardinality,hll,lg_k=12,zipf,1.0,1000,3162278,0.011000000000000001,1.2266347333466993e-18
cardinality,hll,lg_k=12,zipf,1.0,1000,5623413,0.011000000000000001,1.2266347333466993e-18
cardinality,hll,lg_k=12,zipf,1.0,1000,10000000,0.011000000000000001,1.2266347333466993e-18
cardinality,hll,lg_k=12,zipf,1.0,100000,1000,0.01072615767723485,0.006022284776433067
cardinality,hll,lg_k=12,zipf,1.0,100000,1778,0.006840774624915867,0.0024952102938942764
cardinality,hll,lg_k=12,zipf,1.0,100000,3162,0.003604247720213461,0.0015108294598668694
cardinality,hll,lg_k=12,zipf,1.0,100000,5623,0.008506965869242121,0.005621455500461804
cardinality,hll,lg_k=12,zipf,1.0,100000,10000,0.006755338458600361,0.0025801821363141734
cardinality,hll,lg_k=12,zipf,1.0,100000,17783,0.01497538648127497,0.002144407240426149
cardinality,hll,lg_k=12,zipf,1.0,100000,31623,0.020412346315343426,0.005017463829122719
cardinality,hll,lg_k=12,zipf,1.0,100000,56234,0.019901604947206677,0.009015339494426882
cardinality,hll,lg_k=12,zipf,1.0,100000,100000,0.018824077402660382,0.009991672660573686
cardinality,hll,lg_k=12,zipf,1.0,100000,177828,0.03230372852296499,0.008965962051961622
cardinality,hll,lg_k=12,zipf,1.0,100000,316228,0.024117359894893414,0.010219944282222226
cardinality,hll,lg_k=12,zipf,1.0,100000,562341,0.024112137271368003,0.006087433391308363
cardinality,hll,lg_k=12,zipf,1.0,100000,1000000,0.012941330071395746,0.002877163484011971
cardinality,hll,lg_k=12,zipf,1.0,100000,1778279,0.011875200592260896,0.002278694187531648
cardinality,hll,lg_k=12,zipf,1.0,100000,3162278,0.01158905462937186,0.0034145277770763027
cardinality,hll,lg_k=12,zipf,1.0,100000,5623413,0.010188856023823863,6.195789278136327e-05
cardinality,hll,lg_k=12,zipf,1.0,100000,10000000,0.011353636074991569,3.29556477626144e-06
cardinality,hll,lg_k=12,zipf,1.0,10000000,1000,0.006230956283129275,0.0015985412365208552
cardinality,hll,lg_k=12,zipf,1.0,10000000,1778,0.006305197620820112,0.002767876755543968
cardinality,hll,lg_k=12,zipf,1.0,10000000,3162,0.013023884160418409,0.006546080527187793
cardinality,hll,lg_k=12,zipf,1.0,10000000,5623,0.01393628212742338,0.005541307092796412
cardinality,hll,lg_k=12,zipf,1.0,10000000,10000,0.02115212992428231,0.009151392630409476
cardinality,hll,lg_k=12,zipf,1.0,10000000,17783,0.028157370322240444,0.012531659972059234
cardinality,hll,lg_k=12,zipf,1.0,10000000,31623,0.0174519452296626,0.007384219349017707
cardinality,hll,lg_k=12,zipf,1.0,10000000,56234,0.018803483294868112,0.012376371895117123
cardinality,hll,lg_k=12,zipf,1.0,10000000,100000,0.010332127557589577,0.004875722346080122
cardinality,hll,lg_k=12,zipf,1.0,10000000,177828,0.027619217919701376,0.007943094517227647
cardinality,hll,lg_k=12,zipf,1.0,10000000,316228,0.016529035991434116,0.003869153427262721
cardinality,hll,lg_k=12,zipf,1.0,10000000,562341,0.02164222817221466,0.009542017117045332
cardinality,hll,lg_k=12,zipf,1.0,10000000,1000000,0.01757635782854634,0.011203263482110034
cardinality,hll,lg_k=12,zipf,1.0,10000000,1778279,0.011938185723856165,0.007516108409471005
cardinality,hll,lg_k=12,zipf,1.0,10000000,3162278,0.014159159464231165,0.006329082228162748
cardinality,hll,lg_k=12,zipf,1.0,10000000,5623413,0.014222783821897067,0.005982170113710244
cardinality,hll,lg_k=12,zipf,1.0,10000000,10000000,0.011580389143199421,0.004897073874424838
cardinality,hll,lg_k=12,zipf,1.2,1000,1000,0.0044451406975150294,0.0025893108633840826
cardinality,hll,lg_k=12,zipf,1.2,1000,1778,0.0060963413717150935,0.0031058567064113658
cardinality,hll,lg_k=12,zipf,1.2,1000,3162,0.01170494553950463,0.002776393768322316
cardinality,hll,lg_k=12,zipf,1.2,1000,5623,0.010987102777940676,0.004711042814281142
cardinality,hll,lg_k=12,zipf,1.2,1000,10000,0.00792970441969472,0.0027201924988330345
cardinality,hll,lg_k=12,zipf,1.2,1000,17783,0.007203572606632666,0.004721111508020281
cardinality,hll,lg_k=12,zipf,1.2,1000,31623,0.010045165998073301,0.004595539826069851
cardinality,hll,lg_k=12,zipf,1.2,1000,56234,0.011076301724708646,0.0006043772631325756
cardinality,hll,lg_k=12,zipf,1.2,1000,100000,0.01100734067400734,3.670337003670518e-06
cardinality,hll,lg_k=12,zipf,1.2,1000,177828,0.011000000000000001,1.2266347333466993e-18
cardinality,hll,lg_k=12,zipf,1.2,1000,316228,0.011000000000000001,1.2266347333466993e-18
cardinality,hll,lg_k=12,zipf,1.2,1000,562341,0.011000000000000001,1.2266347333466993e-18
cardinality,hll,lg_k=12,zipf,1.2,1000,1000000,0.011000000000000001,1.2266347333466993e-18
cardinality,hll,lg_k=12,zipf,1.2,1000,1778279,0.011000000000000001,1.2266347333466993e-18
cardinality,hll,lg_k=12,zipf,1.2,1000,3162278,0.011000000000000001,1.2266347333466993e-18
cardinality,hll,lg_k=12,zipf,1.2,1000,5623413,0.011000000000000001,1.2266347333466993e-18
cardinality,hll,lg_k=12,zipf,1.2,1000,10000000,0.011000000000000001,1.2266347333466993e-18
cardinality,hll,lg_k=12,zipf,1.2,100000,1000,0.012167141152555482,0.004204349178468313
cardinality,hll,lg_k=12,zipf,1.2,100000,1778,0.009717798860891576,0.005374167671662513
cardinality,hll,lg_k=12,zipf,1.2,100000,3162,0.009100440016992685,0.001990921279693827
cardinality,hll,lg_k=12,zipf,1.2,100000,5623,0.01709918434607373,0.0021225455833894604
cardinality,hll,lg_k=12,zipf,1.2,100000,10000,0.006501239865396634,0.0008819678148148094
cardinality,hll,lg_k=12,zipf,1.2,100000,17783,0.008665390096738324,0.004847369905511892
cardinality,hll,lg_k=12,zipf,1.2,100000,31623,0.008845708250873526,0.0027848476387541173
cardinality,hll,lg_k=12,zipf,1.2,100000,56234,0.013738875079352788,0.005508442284662744
cardinality,hll,lg_k=12,zipf,1.2,100000,100000,0.010281391682432438,0.002629578689313317
cardinality,hll,lg_k=12,zipf,1.2,100000,177828,0.009210699076349511,0.0026739424584178574
cardinality,hll,lg_k=12,zipf,1.2,100000,316228,0.018586185147730677,0.004214953411187913
cardinality,hll,lg_k=12,zipf,1.2,100000,562341,0.02227162210087795,0.0041764947459610935
cardinality,hll,lg_k=12,zipf,1.2,100000,1000000,0.015538736792121513,0.0025736632881132515
cardinality,hll,lg_k=12,zipf,1.2,100000,1778279,0.01155818630478333,0.0038545764332841123
cardinality,hll,lg_k=12,zipf,1.2,100000,3162278,0.010958642650332676,0.004552256204033587
cardinality,hll,lg_k=12,zipf,1.2,100000,5623413,0.01076010291715941,0.009322748769698734
cardinality,hll,lg_k=12,zipf,1.2,100000,10000000,0.010082149476613282,0.0007859768745183969
cardinality,hll,lg_k=12,zipf,1.2,10000000,1000,0.008290260570914197,0.004576953736672715
cardinality,hll,lg_k=12,zipf,1.2,10000000,1778,0.009639277809596362,0.0034219336098538803
cardinality,hll,lg_k=12,zipf,1.2,10000000,3162,0.005829837163170496,8.926012575525111e-05
cardinality,hll,lg_k=12,zipf,1.2,10000000,5623,0.008458967209510108,0.0029073099227606984
cardinality,hll,lg_k=12,zipf,1.2,10000000,10000,0.0024394778613413977,0.0017376078803141275
cardinality,hll,lg_k=12,zipf,1.2,10000000,17783,0.004821294338710845,0.0027648721071839794
cardinality,hll,lg_k=12,zipf,1.2,10000000,31623,0.014779078505393393,0.006002970408455927
cardinality,hll,lg_k=12,zipf,1.2,10000000,56234,0.010055328515409185,0.007637810110869906
cardinality,hll,lg_k=12,zipf,1.2,10000000,100000,0.009312430426903306,0.007060947866221378
cardinality,hll,lg_k=12,zipf,1.2,10000000,177828,0.02052026882654741,0.003977936235112264
cardinality,hll,lg_k=12,zipf,1.2,10000000,316228,0.014574227241969342,0.00883895594339241
cardinality,hll,lg_k=12,zipf,1.2,10000000,562341,0.014876019195189277,0.008919521393336731
cardinality,hll,lg_k=12,zipf,1.2,10000000,1000000,0.013742385927993768,0.004046860528831148
cardinality,hll,lg_k=12,zipf,1.2,10000000,1778279,0.03265107091452745,0.003180856814503569
cardinality,hll,lg_k=12,zipf,1.2,10000000,3162278,0.006063137767141513,0.003914925065642322
cardinality,hll,lg_k=12,zipf,1.2,10000000,5623413,0.0097799740684956,0.004299630864814726
cardinality,hll,lg_k=12,zipf,1.2,10000000,10000000,0.010925747172117292,0.002707036362190748
cardinality,hll,lg_k=12,zipf,1.5,1000,1000,0.011198112115543307,0.0023444559595448976
cardinality,hll,lg_k=12,zipf,1.5,1000,1778,0.015815341628905435,0.0038663291966181033
cardinality,hll,lg_k=12,zipf,1.5,1000,3162,0.00811951253289018,0.0022345234490686477
cardinality,hll,lg_k=12,zipf,1.5,1000,5623,0.006153962321138671,0.003563940544458834
cardinality,hll,lg_k=12,zipf,1.5,1000,10000,0.014619863077164669,0.002220210257286643
cardinality,hll,lg_k=12,zipf,1.5,1000,17783,0.015560359553729669,0.001493543808629389
cardinality,hll,lg_k=12,zipf,1.5,1000,31623,0.009723526083793914,0.006043244338881773
cardinality,hll,lg_k=12,zipf,1.5,1000,56234,0.00577072218571828,0.004568055991226899
cardinality,hll,lg_k=12,zipf,1.5,1000,100000,0.009745517472354333,0.0016288415350210884
cardinality,hll,lg_k=12,zipf,1.5,1000,177828,0.011940907796530365,0.0009267474270801968
cardinality,hll,lg_k=12,zipf,1.5,1000,316228,0.01103281467578858,0.0005769893633778673
cardinality,hll,lg_k=12,zipf,1.5,1000,562341,0.011000000000000001,1.2266347333466993e-18
cardinality,hll,lg_k=12,zipf,1.5,1000,1000000,0.011000000000000001,1.2266347333466993e-18
cardinality,hll,lg_k=12,zipf,1.5,1000,1778279,0.011000000000000001,1.2266347333466993e-18
cardinality,hll,lg_k=12,zipf,1.5,1000,3162278,0.011000000000000001,1.2266347333466993e-18
cardinality,hll,lg_k=12,zipf,1.5,1000,5623413,0.011000000000000001,1.2266347333466993e-18
cardinality,hll,lg_k=12,zipf,1.5,1000,10000000,0.011000000000000001,1.2266347333466993e-18
cardinality,hll,lg_k=12,zipf,1.5,100000,1000,0.007264766284578589,0.0002573803702748559
cardinality,hll,lg_k=12,zipf,1.5,100000,1778,0.006508372579801151,0.004222543220776106
cardinality,hll,lg_k=12,zipf,1.5,100000,3162,0.012038651559322875,0.003069645201193823
cardinality,hll,lg_k=12,zipf,1.5,100000,5623,0.007340948988426786,0.004053997388736635
cardinality,hll,lg_k=12,zipf,1.5,100000,10000,0.010759978672587253,0.005776611530978218
cardinality,hll,lg_k=12,zipf,1.5,100000,17783,0.004298376583260173,0.000665712044475014
cardinality,hll,lg_k=12,zipf,1.5,100000,31623,0.004720503512907687,0.0014377193373844742
cardinality,hll,lg_k=12,zipf,1.5,100000,56234,0.007026076115565439,0.0006685029537947367
cardinality,hll,lg_k=12,zipf,1.5,100000,100000,0.002951785222715659,0.00029592138102206133
cardinality,hll,lg_k=12,zipf,1.5,100000,177828,0.009252651544510267,0.004934381773866638
cardinality,hll,lg_k=12,zipf,1.5,100000,316228,0.014175030494209423,0.0015807038120343657
cardinality,hll,lg_k=12,zipf,1.5,100000,562341,0.008357109090000961,0.004196059741400991
cardinality,hll,lg_k=12,zipf,1.5,100000,1000000,0.009877240024297913,0.003537982206201601
cardinality,hll,lg_k=12,zipf,1.5,100000,1778279,0.01575707842356475,0.0024500774522774305
cardinality,hll,lg_k=12,zipf,1.5,100000,3162278,0.016168407442164683,0.0037086963505648138
cardinality,hll,lg_k=12,zipf,1.5,100000,5623413,0.007931430008915063,0.0037266750840231856
cardinality,hll,lg_k=12,zipf,1.5,100000,10000000,0.013523768290055289,0.0027614151519433747
cardinality,hll,lg_k=12,zipf,1.5,10000000,1000,0.004591063990912533,0.002302393616696578
cardinality,hll,lg_k=12,zipf,1.5,10000000,1778,0.004664289958407605,0.0026270086023782867
cardinality,hll,lg_k=12,zipf,1.5,10000000,3162,0.0041746579721263265,0.002799679023146408
cardinality,hll,lg_k=12,zipf,1.5,10000000,5623,0.006512328429747368,0.0025006728202511775
cardinality,hll,lg_k=12,zipf,1.5,10000000,10000,0.00746442332192633,8.043007138159794e-05
cardinality,hll,lg_k=12,zipf,1.5,10000000,17783,0.0031319862114721707,0.0021820257642973886
cardinality,hll,lg_k=12,zipf,1.5,10000000,31623,0.008595911011123504,0.004689960921707804
cardinality,hll,lg_k=12,zipf,1.5,10000000,56234,0.0057411927183521555,0.0029055795553049155
cardinality,hll,lg_k=12,zipf,1.5,10000000,100000,0.009617103707362504,0.005067370595986287
cardinality,hll,lg_k=12,zipf,1.5,10000000,177828,0.007468074721054552,0.0015025375094835998
cardinality,hll,lg_k=12,zipf,1.5,10000000,316228,0.008474182073582899,0.002861687492762536
cardinality,hll,lg_k=12,zipf,1.5,10000000,562341,0.0184041261594099,0.006286279692134646
cardinality,hll,lg_k=12,zipf,1.5,10000000,1000000,0.015183295047067731,0.0045044752046592505
cardinality,hll,lg_k=12,zipf,1.5,10000000,1778279,0.017791613689221452,0.00809848493044342
cardinality,hll,lg_k=12,zipf,1.5,10000000,3162278,0.01599153613604098,0.008185895618102361
cardinality,hll,lg_k=12,zipf,1.5,10000000,5623413,0.026259092160465458,0.012831587477996903
cardinality,hll,lg_k=12,zipf,1.5,10000000,10000000,0.023353866536305824,0.00928486603932901
cardinality,hll,lg_k=12,zipf,2.0,1000,1000,0.0,0.0
cardinality,hll,lg_k=12,zipf,2.0,1000,1778,0.0,0.0
cardinality,hll,lg_k=12,zipf,2.0,1000,3162,0.0,0.0
cardinality,hll,lg_k=12,zipf,2.0,1000,5623,0.003436426116838488,0.003436426116838488
cardinality,hll,lg_k=12,zipf,2.0,1000,10000,0.006851922344880092,0.00390217594586519
cardinality,hll,lg_k=12,zipf,2.0,1000,17783,0.0016666666666666668,0.0016666666666666668
cardinality,hll,lg_k=12,zipf,2.0,1000,31623,0.008201736054322872,0.006081234541018659
cardinality,hll,lg_k=12,zipf,2.0,1000,56234,0.008675045661060627,0.005340085537584822
cardinality,hll,lg_k=12,zipf,2.0,1000,100000,0.00936205641620182,0.00549855137124253
cardinality,hll,lg_k=12,zipf,2.0,1000,177828,0.010348129127235555,0.00411477869755481
cardinality,hll,lg_k=12,zipf,2.0,1000,316228,0.013579165339280025,0.0010937053761874542
cardinality,hll,lg_k=12,zipf,2.0,1000,562341,0.010691982914205136,0.0017759344100091391
cardinality,hll,lg_k=12,zipf,2.0,1000,1000000,0.014393086384287332,0.0007366697311029612
cardinality,hll,lg_k=12,zipf,2.0,1000,1778279,0.011932946900564187,0.002174495275990556
cardinality,hll,lg_k=12,zipf,2.0,1000,3162278,0.013636788652233833,0.001502049007814832
cardinality,hll,lg_k=12,zipf,2.0,1000,5623413,0.011693731830092818,0.00033031626609956777
cardinality,hll,lg_k=12,zipf,2.0,1000,10000000,0.011000000000000001,1.2266347333466993e-18
cardinality,hll,lg_k=12,zipf,2.0,100000,1000,0.0,0.0
cardinality,hll,lg_k=12,zipf,2.0,100000,1778,0.006060606060606061,0.00606060606060606
cardinality,hll,lg_k=12,zipf,2.0,100000,3162,0.004273504273504273,0.004273504273504274
cardinality,hll,lg_k=12,zipf,2.0,100000,5623,0.0030581039755351682,0.0030581039755351682
cardinality,hll,lg_k=12,zipf,2.0,100000,10000,0.0047039017627252926,0.002371027905290727
cardinality,hll,lg_k=12,zipf,2.0,100000,17783,0.011908545217778848,0.004095723866905099
cardinality,hll,lg_k=12,zipf,2.0,100000,31623,0.01189379224183978,0.001876417338652238
cardinality,hll,lg_k=12,zipf,2.0,100000,56234,0.003867591537653866,0.002565308891329794
cardinality,hll,lg_k=12,zipf,2.0,100000,100000,0.0073612271810383914,0.001436936903112611
cardinality,hll,lg_k=12,zipf,2.0,100000,177828,0.008436237615342094,0.0026615930381504007
cardinality,hll,lg_k=12,zipf,2.0,100000,316228,0.007348037225399604,0.0009501569123331304
cardinality,hll,lg_k=12,zipf,2.0,100000,562341,0.007333438400788379,0.0038230510303230193
cardinality,hll,lg_k=12,zipf,2.0,100000,1000000,0.007487197131433486,0.0031156084315322975
cardinality,hll,lg_k=12,zipf,2.0,100000,1778279,0.00492022080248057,0.001961461343334308
cardinality,hll,lg_k=12,zipf,2.0,100000,3162278,0.0031491182176602074,0.001573472593881188
cardinality,hll,lg_k=12,zipf,2.0,100000,5623413,0.008958828629686229,0.0026909351252507535
cardinality,hll,lg_k=12,zipf,2.0,100000,10000000,0.006036625836288939,0.0023321700262016794
cardinality,hll,lg_k=12,zipf,2.0,10000000,1000,0.0,0.0
cardinality,hll,lg_k=12,zipf,2.0,10000000,1778,0.0,0.0
cardinality,hll,lg_k=12,zipf,2.0,10000000,3162,0.008547008547008546,0.004273504273504274
cardinality,hll,lg_k=12,zipf,2.0,10000000,5623,0.003115264797507788,0.0031152647975077876
cardinality,hll,lg_k=12,zipf,2.0,10000000,10000,0.004670767828662566,0.002354064515809048
cardinality,hll,lg_k=12,zipf,2.0,10000000,17783,0.004932607307317402,0.0027430743832407866
cardinality,hll,lg_k=12,zipf,2.0,10000000,31623,0.0013550135501355016,0.0013550135501355014
cardinality,hll,lg_k=12,zipf,2.0,10000000,56234,0.0009523809523809524,0.0009523809523809524
cardinality,hll,lg_k=12,zipf,2.0,10000000,100000,0.0030047204985710284,0.001991746225149148
cardinality,hll,lg_k=12,zipf,2.0,10000000,177828,0.009016773580128278,0.0034908838182013792
cardinality,hll,lg_k=12,zipf,2.0,10000000,316228,0.008156952355025603,0.0011628412146286566
cardinality,hll,lg_k=12,zipf,2.0,10000000,562341,0.0019307207873879636,0.0009670603870845642
cardinality,hll,lg_k=12,zipf,2.0,10000000,1000000,0.005063385016662224,0.0007321264005308168
cardinality,hll,lg_k=12,zipf,2.0,10000000,1778279,0.005941654090238163,0.003791947549270709
cardinality,hll,lg_k=12,zipf,2.0,10000000,3162278,0.014579305138260187,0.0011032536100844274
cardinality,hll,lg_k=12,zipf,2.0,10000000,5623413,0.008156932140306654,0.004342222082039048
cardinality,hll,lg_k=12,zipf,2.0,10000000,10000000,0.011333336777430354,0.002232116408518908
cardinality,hll,lg_k=12,zipf,1.1,10000,1000,0.004068013346920018,0.001580451157865292
cardinality,hll,lg_k=12,zipf,1.1,10000,1778,0.00939842152572378,0.0014473720916240236
cardinality,hll,lg_k=12,zipf,1.1,10000,3162,0.0023895996524218688,0.0012214766859119858
cardinality,hll,lg_k=12,zipf,1.1,10000,5623,0.0036614494017192163,0.0016179850836996136
cardinality,hll,lg_k=12,zipf,1.1,10000,10000,0.01552532268396166,0.004280116674407536
cardinality,hll,lg_k=12,zipf,1.1,10000,17783,0.005202309020704984,0.003372567543037738
cardinality,hll,lg_k=12,zipf,1.1,10000,31623,0.0173590563757096,0.00530317938451359
cardinality,hll,lg_k=12,zipf,1.1,10000,56234,0.017098386282608607,0.00854515780308428
cardinality,hll,lg_k=12,zipf,1.1,10000,100000,0.008142039560722044,0.004832763884784193
cardinality,hll,lg_k=12,zipf,1.1,10000,177828,0.005987156093931914,0.0026106078524711592
cardinality,hll,lg_k=12,zipf,1.1,10000,316228,0.006641063814836908,0.0007295761718151895
cardinality,hll,lg_k=12,zipf,1.1,10000,562341,0.010636299378961683,0.0014051215825758414
cardinality,hll,lg_k=12,zipf,1.1,10000,1000000,0.01166938732683351,3.2953141260108273e-05
cardinality,hll,lg_k=12,zipf,1.1,10000,1778279,0.0119,0.0
cardinality,hll,lg_k=12,zipf,1.1,10000,3162278,0.0119,0.0
cardinality,hll,lg_k=12,zipf,1.1,10000,5623413,0.0119,0.0
cardinality,hll,lg_k=12,zipf,1.1,10000,10000000,0.0119,0.0
cardinality,hll,lg_k=14,zipf,0.0,1000,1000,0.003677494389568693,0.002309448920872328
cardinality,hll,lg_k=14,zipf,0.0,1000,1778,0.0011957703756636047,0.0006865372706920314
cardinality,hll,lg_k=14,zipf,0.0,1000,3162,0.0013900092764446079,0.0009160047809004681
cardinality,hll,lg_k=14,zipf,0.0,1000,5623,0.0006706969209006097,0.0003353530424425479
cardinality,hll,lg_k=14,zipf,0.0,1000,10000,0.0010003336670003336,3.336670003336572e-07
cardinality,hll,lg_k=14,zipf,0.0,1000,17783,0.001,0.0
cardinality,hll,lg_k=14,zipf,0.0,1000,31623,0.001,0.0
cardinality,hll,lg_k=14,zipf,0.0,1000,56234,0.001,0.0
cardinality,hll,lg_k=14,zipf,0.0,1000,100000,0.001,0.0
cardinality,hll,lg_k=14,zipf,0.0,1000,177828,0.001,0.0
cardinality,hll,lg_k=14,zipf,0.0,1000,316228,0.001,0.0
cardinality,hll,lg_k=14,zipf,0.0,1000,562341,0.001,0.0
cardinality,hll,lg_k=14,zipf,0.0,1000,1000000,0.001,0.0
cardinality,hll,lg_k=14,zipf,0.0,1000,1778279,0.001,0.0
cardinality,hll,lg_k=14,zipf,0.0,1000,3162278,0.001,0.0
cardinality,hll,lg_k=14,zipf,0.0,1000,5623413,0.001,0.0
cardinality,hll,lg_k=14,zipf,0.0,1000,10000000,0.001,0.0
cardinality,hll,lg_k=14,zipf,0.0,100000,1000,0.0040238275468839685,0.0005788288126137628
cardinality,hll,lg_k=14,zipf,0.0,100000,1778,0.00453827350298935,0.0009765901644958835
cardinality,hll,lg_k=14,zipf,0.0,100000,3162,0.006104520561315575,0.0029768942665359863
cardinality,hll,lg_k=14,zipf,0.0,100000,5623,0.002807811399177467,0.0011690979255980219
cardinality,hll,lg_k=14,zipf,0.0,100000,10000,0.006800426086264851,0.0027706559092115484
cardinality,hll,lg_k=14,zipf,0.0,100000,17783,0.004965222436925896,0.002045681264599135
cardinality,hll,lg_k=14,zipf,0.0,100000,31623,0.00710520447558392,0.00241090881265799
cardinality,hll,lg_k=14,zipf,0.0,100000,56234,0.01639185130575632,0.006211523806445107
cardinality,hll,lg_k=14,zipf,0.0,100000,100000,0.010668741823211618,0.005399695230294007
cardinality,hll,lg_k=14,zipf,0.0,100000,177828,0.010468647466425576,0.0026500261622196377
cardinality,hll,lg_k=14,zipf,0.0,100000,316228,0.008588618865257342,0.0011721731620349268
cardinality,hll,lg_k=14,zipf,0.0,100000,562341,0.008316250349995313,0.0003365295815340967
cardinality,hll,lg_k=14,zipf,0.0,100000,1000000,0.008046961549146995,6.5601829023255015e-06
cardinality,hll,lg_k=14,zipf,0.0,100000,1778279,0.00807,0.0
cardinality,hll,lg_k=14,zipf,0.0,100000,3162278,0.00807,0.0
cardinality,hll,lg_k=14,zipf,0.0,100000,5623413,0.00807,0.0
cardinality,hll,lg_k=14,zipf,0.0,100000,10000000,0.00807,0.0
cardinality,hll,lg_k=14,zipf,0.0,10000000,1000,0.005333333333333333,0.0008819171036881969
cardinality,hll,lg_k=14,zipf,0.0,10000000,1778,0.0026246719160104987,0.0012293660525500563
cardinality,hll,lg_k=14,zipf,0.0,10000000,3162,0.002319574099875652,0.0010058400594473986
cardinality,hll,lg_k=14,zipf,0.0,10000000,5623,0.0024902170346388502,0.0010672358541225068
cardinality,hll,lg_k=14,zipf,0.0,10000000,10000,0.002501060466209896,0.00098534391081624
cardinality,hll,lg_k=14,zipf,0.0,10000000,17783,0.005159550011878366,0.003674600831691773
cardinality,hll,lg_k=14,zipf,0.0,10000000,31623,0.01049366602243145,0.0026641419422533054
cardinality,hll,lg_k=14,zipf,0.0,10000000,56234,0.005481764400078703,0.0009513461577288234
cardinality,hll,lg_k=14,zipf,0.0,10000000,100000,0.005018806718852623,0.0014544526828739659
cardinality,hll,lg_k=14,zipf,0.0,10000000,177828,0.005330030999012465,0.00024818763027026163
cardinality,hll,lg_k=14,zipf,0.0,10000000,316228,0.013561097466958471,0.0007428808649788833
cardinality,hll,lg_k=14,zipf,0.0,10000000,562341,0.01109725203647285,0.0028178563062280395
cardinality,hll,lg_k=14,zipf,0.0,10000000,1000000,0.005536714301420348,0.0024655666488080743
cardinality,hll,lg_k=14,zipf,0.0,10000000,1778279,0.0029541606790263286,0.0008997836772317287
cardinality,hll,lg_k=14,zipf,0.0,10000000,3162278,0.006075237915705186,0.0028527304506932383
cardinality,hll,lg_k=14,zipf,0.0,10000000,5623413,0.005015890198057134,0.0033752969401604216
cardinality,hll,lg_k=14,zipf,0.0,10000000,10000000,0.005223849087102696,0.0008135581909220371
cardinality,hll,lg_k=14,zipf,0.5,1000,1000,0.0017761989342806395,0.0017761989342806395
cardinality,hll,lg_k=14,zipf,0.5,1000,1778,0.004448777079900286,0.0016187003307441704
cardinality,hll,lg_k=14,zipf,0.5,1000,3162,0.0022222441216469243,0.0012858675012913847
cardinality,hll,lg_k=14,zipf,0.5,1000,5623,0.0013598571450281292,0.00033944421037053295
cardinality,hll,lg_k=14,zipf,0.5,1000,10000,0.001001669672344355,3.3433567167699625e-07
cardinality,hll,lg_k=14,zipf,0.5,1000,17783,0.001,0.0
cardinality,hll,lg_k=14,zipf,0.5,1000,31623,0.001,0.0
cardinality,hll,lg_k=14,zipf,0.5,1000,56234,0.001,0.0
cardinality,hll,lg_k=14,zipf,0.5,1000,100000,0.001,0.0
cardinality,hll,lg_k=14,zipf,0.5,1000,177828,0.001,0.0
cardinality,hll,lg_k=14,zipf,0.5,1000,316228,0.001,0.0
cardinality,hll,lg_k=14,zipf,0.5,1000,562341,0.001,0.0
cardinality,hll,lg_k=14,zipf,0.5,1000,1000000,0.001,0.0
cardinality,hll,lg_k=14,zipf,0.5,1000,1778279,0.001,0.0
cardinality,hll,lg_k=14,zipf,0.5,1000,3162278,0.001,0.0
cardinality,hll,lg_k=14,zipf,0.5,1000,5623413,0.001,0.0
cardinality,hll,lg_k=14,zipf,0.5,1000,10000000,0.001,0.0
cardinality,hll,lg_k=14,zipf,0.5,100000,1000,0.007097684449450299,0.0005897119601389998
cardinality,hll,lg_k=14,zipf,0.5,100000,1778,0.00557424154422186,0.0008418740646374668
cardinality,hll,lg_k=14,zipf,0.5,100000,3162,0.0054889114843057986,0.0021845751892675467
cardinality,hll,lg_k=14,zipf,0.5,100000,5623,0.004805532458220422,0.0012367215673873017
cardinality,hll,lg_k=14,zipf,0.5,100000,10000,0.003253930545795473,0.0021320815098073045
cardinality,hll,lg_k=14,zipf,0.5,100000,17783,0.005252873307772258,0.0019213678931862218
cardinality,hll,lg_k=14,zipf,0.5,100000,31623,0.00976783579545737,0.0011083519140662776
cardinality,hll,lg_k=14,zipf,0.5,100000,56234,0.005233475459460666,0.002174909129463263
cardinality,hll,lg_k=14,zipf,0.5,100000,100000,0.004009210908800249,0.0006429764784440193
cardinality,hll,lg_k=14,zipf,0.5,100000,177828,0.004546145243299077,0.002251713144067975
cardinality,hll,lg_k=14,zipf,0.5,100000,316228,0.008609169492024532,0.002069555601850752
cardinality,hll,lg_k=14,zipf,0.5,100000,562341,0.008864109927327979,0.0016949252173619608
cardinality,hll,lg_k=14,zipf,0.5,100000,1000000,0.007790600855068899,0.0004925590411939223
cardinality,hll,lg_k=14,zipf,0.5,100000,1778279,0.00805677406827736,3.3065325286477103e-06
cardinality,hll,lg_k=14,zipf,0.5,100000,3162278,0.00807,0.0
cardinality,hll,lg_k=14,zipf,0.5,100000,5623413,0.00807,0.0
cardinality,hll,lg_k=14,zipf,0.5,100000,10000000,0.00807,0.0
cardinality,hll,lg_k=14,zipf,0.5,10000000,1000,0.004,0.0020816659994661326
cardinality,hll,lg_k=14,zipf,0.5,10000000,1778,0.00431196100487439,0.0018464300340825094
cardinality,hll,lg_k=14,zipf,0.5,10000000,3162,0.004112489188849743,0.0014266594628207338
cardinality,hll,lg_k=14,zipf,0.5,10000000,5623,0.0007710875327499451,0.0001570445559417374
cardinality,hll,lg_k=14,zipf,0.5,10000000,10000,0.00313791001610233,0.001188344917331784
cardinality,hll,lg_k=14,zipf,0.5,10000000,17783,0.00526516344307799,0.0026468367824429915
cardinality,hll,lg_k=14,zipf,0.5,10000000,31623,0.005043111081255234,0.0023149868498622416
cardinality,hll,lg_k=14,zipf,0.5,10000000,56234,0.008166654384519119,0.0034485912215347714
cardinality,hll,lg_k=14,zipf,0.5,10000000,100000,0.012719889170229965,0.0009971141942587596
cardinality,hll,lg_k=14,zipf,0.5,10000000,177828,0.006836505450923884,0.0015411737369807204
cardinality,hll,lg_k=14,zipf,0.5,10000000,316228,0.007130033488920047,0.0016952439124092074
cardinality,hll,lg_k=14,zipf,0.5,10000000,562341,0.0033080114062963343,0.0014909267903723807
cardinality,hll,lg_k=14,zipf,0.5,10000000,1000000,0.004003743312543019,0.0019204661158390755
cardinality,hll,lg_k=14,zipf,0.5,10000000,1778279,0.005515032900026737,0.0006806749606242147
cardinality,hll,lg_k=14,zipf,0.5,10000000,3162278,0.0052335020061190915,0.002199414921198668
cardinality,hll,lg_k=14,zipf,0.5,10000000,5623413,0.004644113033252004,0.00027812845460673647
cardinality,hll,lg_k=14,zipf,0.5,10000000,10000000,0.00759400108583691,0.0033388524519969323
cardinality,hll,lg_k=14,zipf,0.8,1000,1000,0.005992651327336926,0.0007310478113491418
cardinality,hll,lg_k=14,zipf,0.8,1000,1778,0.003805778553614452,0.0014729657303139529
cardinality,hll,lg_k=14,zipf,0.8,1000,3162,0.0012790184193065765,1.259596409364405e-05
cardinality,hll,lg_k=14,zipf,0.8,1000,5623,0.003289544640738584,0.0012703434075448884
cardinality,hll,lg_k=14,zipf,0.8,1000,10000,0.00034153005464480874,0.0003415300546448088
cardinality,hll,lg_k=14,zipf,0.8,1000,17783,0.0006666666666666666,0.0003333333333333334
cardinality,hll,lg_k=14,zipf,0.8,1000,31623,0.001,0.0
cardinality,hll,lg_k=14,zipf,0.8,1000,56234,0.001,0.0
cardinality,hll,lg_k=14,zipf,0.8,1000,100000,0.001,0.0
cardinality,hll,lg_k=14,zipf,0.8,1000,177828,0.001,0.0
cardinality,hll,lg_k=14,zipf,0.8,1000,316228,0.001,0.0
cardinality,hll,lg_k=14,zipf,0.8,1000,562341,0.001,0.0
cardinality,hll,lg_k=14,zipf,0.8,1000,1000000,0.001,0.0
cardinality,hll,lg_k=14,zipf,0.8,1000,1778279,0.001,0.0
cardinality,hll,lg_k=14,zipf,0.8,1000,3162278,0.001,0.0
cardinality,hll,lg_k=14,zipf,0.8,1000,5623413,0.001,0.0
cardinality,hll,lg_k=14,zipf,0.8,1000,10000000,0.001,0.0
cardinality,hll,lg_k=14,zipf,0.8,100000,1000,0.006926321216381627,0.000701104227758824
cardinality,hll,lg_k=14,zipf,0.8,100000,1778,0.006340525479580035,0.0016327367117331799
cardinality,hll,lg_k=14,zipf,0.8,100000,3162,0.0037617584226552984,0.0014991435773965172
cardinality,hll,lg_k=14,zipf,0.8,100000,5623,0.005872881534651927,0.0027421584981991796
cardinality,hll,lg_k=14,zipf,0.8,100000,10000,0.0054866693225518294,0.0008739748146803418
cardinality,hll,lg_k=14,zipf,0.8,100000,17783,0.008132966203216456,0.0011129823480613035
cardinality,hll,lg_k=14,zipf,0.8,100000,31623,0.0035104743153622103,0.0018008146093828777
cardinality,hll,lg_k=14,zipf,0.8,100000,56234,0.001824716170922624,0.001033175026156734
cardinality,hll,lg_k=14,zipf,0.8,100000,100000,0.0021204538316506264,0.0014441891101863236
cardinality,hll,lg_k=14,zipf,0.8,100000,177828,0.005431980530771231,0.0025767491912376816
cardinality,hll,lg_k=14,zipf,0.8,100000,316228,0.012898731020912864,0.0008469733524289669
cardinality,hll,lg_k=14,zipf,0.8,100000,562341,0.010407082509618274,0.0014767733872951795
cardinality,hll,lg_k=14,zipf,0.8,100000,1000000,0.0062646026154814785,0.001625167318788464
cardinality,hll,lg_k=14,zipf,0.8,100000,1778279,0.008253051266767487,0.0005266556826193216
cardinality,hll,lg_k=14,zipf,0.8,100000,3162278,0.008221098883714384,0.00010029333821915996
cardinality,hll,lg_k=14,zipf,0.8,100000,5623413,0.00807,0.0
cardinality,hll,lg_k=14,zipf,0.8,100000,10000000,0.00807,0.0
cardinality,hll,lg_k=14,zipf,0.8,10000000,1000,0.0030935022580504262,0.0011916384899149448
cardinality,hll,lg_k=14,zipf,0.8,10000000,1778,0.0031379530552552563,0.0007086118554423989
cardinality,hll,lg_k=14,zipf,0.8,10000000,3162,0.00510412128865599,0.0024299610184779392
cardinality,hll,lg_k=14,zipf,0.8,10000000,5623,0.0070679840550563105,0.002072704814286948
cardinality,hll,lg_k=14,zipf,0.8,10000000,10000,0.004191636157771547,0.0002600341240054987
cardinality,hll,lg_k=14,zipf,0.8,10000000,17783,0.007160037088396245,0.0026674312559173243
cardinality,hll,lg_k=14,zipf,0.8,10000000,31623,0.006601055735806383,0.00430945716001359
cardinality,hll,lg_k=14,zipf,0.8,10000000,56234,0.010620127305577239,0.004210032290832325
cardinality,hll,lg_k=14,zipf,0.8,10000000,100000,0.00251681101422636,0.0013814819623592341
cardinality,hll,lg_k=14,zipf,0.8,10000000,177828,0.006381715399565044,0.0017213779495715543
cardinality,hll,lg_k=14,zipf,0.8,10000000,316228,0.008685278380657843,0.0018594024682621162
cardinality,hll,lg_k=14,zipf,0.8,10000000,562341,0.002474860650087014,0.0009854947760311807
cardinality,hll,lg_k=14,zipf,0.8,10000000,1000000,0.006066208527856644,0.0033133894886765753
cardinality,hll,lg_k=14,zipf,0.8,10000000,1778279,0.005575804896338729,0.0024674182805821347
cardinality,hll,lg_k=14,zipf,0.8,10000000,3162278,0.00790868957908685,0.0012054914777704768
cardinality,hll,lg_k=14,zipf,0.8,10000000,5623413,0.004959490524002889,0.0037314524260461087
cardinality,hll,lg_k=14,zipf,0.8,10000000,10000000,0.004420109871576168,0.0012858866694545321
cardinality,hll,lg_k=14,zipf,1.0,1000,1000,0.00486359474075226,0.002525298044128428
cardinality,hll,lg_k=14,zipf,1.0,1000,1778,0.001426039636276008,0.0007130308286824568
cardinality,hll,lg_k=14,zipf,1.0,1000,3162,0.0031967440557860243,0.0016378776823564643
cardinality,hll,lg_k=14,zipf,1.0,1000,5623,0.0012574467862340464,0.0007308711228392467
cardinality,hll,lg_k=14,zipf,1.0,1000,10000,0.0025553661687831197,0.0009743806216550013
cardinality,hll,lg_k=14,zipf,1.0,1000,17783,0.0010225034222563522,0.0005915510875384214
cardinality,hll,lg_k=14,zipf,1.0,1000,31623,0.0006673346693386774,0.0003336678361724693
cardinality,hll,lg_k=14,zipf,1.0,1000,56234,0.001,0.0
cardinality,hll,lg_k=14,zipf,1.0,1000,100000,0.001,0.0
cardinality,hll,lg_k=14,zipf,1.0,1000,177828,0.001,0.0
cardinality,hll,lg_k=14,zipf,1.0,1000,316228,0.001,0.0
cardinality,hll,lg_k=14,zipf,1.0,1000,562341,0.001,0.0
cardinality,hll,lg_k=14,zipf,1.0,1000,1000000,0.001,0.0
cardinality,hll,lg_k=14,zipf,1.0,1000,1778279,0.001,0.0
cardinality,hll,lg_k=14,zipf,1.0,1000,3162278,0.001,0.0
cardinality,hll,lg_k=14,zipf,1.0,1000,5623413,0.001,0.0
cardinality,hll,lg_k=14,zipf,1.0,1000,10000000,0.001,0.0
cardinality,hll,lg_k=14,zipf,1.0,100000,1000,0.003207332682496658,0.0009442889065435019
cardinality,hll,lg_k=14,zipf,1.0,100000,1778,0.0029409198218389707,0.0011437551605675699
cardinality,hll,lg_k=14,zipf,1.0,100000,3162,0.0011977100439662409,0.00034212831227018825
cardinality,hll,lg_k=14,zipf,1.0,100000,5623,0.005023874301538035,0.0006700491859050525
cardinality,hll,lg_k=14,zipf,1.0,100000,10000,0.0052918056184087315,0.003159979787210877
cardinality,hll,lg_k=14,zipf,1.0,100000,17783,0.00349618689347128,0.0016396634289935126
cardinality,hll,lg_k=14,zipf,1.0,100000,31623,0.003303236005468698,0.002231864317518988
cardinality,hll,lg_k=14,zipf,1.0,100000,56234,0.00496029785708841,0.0016319829913114816
cardinality,hll,lg_k=14,zipf,1.0,100000,100000,0.0028364686189797906,0.001240515602349587
cardinality,hll,lg_k=14,zipf,1.0,100000,177828,0.0035424598902137664,0.00026582803004105565
cardinality,hll,lg_k=14,zipf,1.0,100000,316228,0.007420173599213767,0.002375134571909093
cardinality,hll,lg_k=14,zipf,1.0,100000,562341,0.0016838841627966087,0.000706752457620478
cardinality,hll,lg_k=14,zipf,1.0,100000,1000000,0.0038208182968986707,0.0002776667268990228
cardinality,hll,lg_k=14,zipf,1.0,100000,1778279,0.005746744834605376,0.0006312293486389312
cardinality,hll,lg_k=14,zipf,1.0,100000,3162278,0.007334004250842034,0.0007277067971620203
cardinality,hll,lg_k=14,zipf,1.0,100000,5623413,0.007658332955030089,0.00014539991083995676
cardinality,hll,lg_k=14,zipf,1.0,100000,10000000,0.0080435478058975,3.306598661282379e-06
cardinality,hll,lg_k=14,zipf,1.0,10000000,1000,0.006601523611466935,0.0039992308254918185
cardinality,hll,lg_k=14,zipf,1.0,10000000,1778,0.005788049171997593,0.0022766401099219265
cardinality,hll,lg_k=14,zipf,1.0,10000000,3162,0.005928615541367209,0.003663272015571008
cardinality,hll,lg_k=14,zipf,1.0,10000000,5623,0.0042233251713228856,0.0019886227522535856
cardinality,hll,lg_k=14,zipf,1.0,10000000,10000,0.005373255041143253,0.001677258023311449
cardinality,hll,lg_k=14,zipf,1.0,10000000,17783,0.006761925964261628,0.002711242583507985
cardinality,hll,lg_k=14,zipf,1.0,10000000,31623,0.005598362799326056,0.002777624692673802
cardinality,hll,lg_k=14,zipf,1.0,10000000,56234,0.006124527290740842,0.0012888939065995113
cardinality,hll,lg_k=14,zipf,1.0,10000000,100000,0.015725433300187653,0.002488129339516735
cardinality,hll,lg_k=14,zipf,1.0,10000000,177828,0.0025058727919874697,0.0005181758361902648
cardinality,hll,lg_k=14,zipf,1.0,10000000,316228,0.0035090134322671904,0.0030062225014591665
cardinality,hll,lg_k=14,zipf,1.0,10000000,562341,0.0031729659051626773,0.0019143878594969535
cardinality,hll,lg_k=14,zipf,1.0,10000000,1000000,0.004673473752794269,0.0014783086259640536
cardinality,hll,lg_k=14,zipf,1.0,10000000,1778279,0.006029569674263262,0.003000803480071403
cardinality,hll,lg_k=14,zipf,1.0,10000000,3162278,0.00858639995969706,0.0055423623787707104
cardinality,hll,lg_k=14,zipf,1.0,10000000,5623413,0.002395096093976742,0.000301842859185838
cardinality,hll,lg_k=14,zipf,1.0,10000000,10000000,0.002214090259351682,0.0009455873914714479
cardinality,hll,lg_k=14,zipf,1.2,1000,1000,0.0028894684503818226,0.0014473310646288778
cardinality,hll,lg_k=14,zipf,1.2,1000,1778,0.0020419011882426515,0.0010209829166446475
cardinality,hll,lg_k=14,zipf,1.2,1000,3162,0.0014646961599557539,0.0007331748923796868
cardinality,hll,lg_k=14,zipf,1.2,1000,5623,0.0016366612111292963,0.001636661211129296
cardinality,hll,lg_k=14,zipf,1.2,1000,10000,0.001736688216977484,0.0008687768300695335
cardinality,hll,lg_k=14,zipf,1.2,1000,17783,0.003049388547735265,0.0020125240920780313
cardinality,hll,lg_k=14,zipf,1.2,1000,31623,0.0013817296678121421,0.0006908926541532211
cardinality,hll,lg_k=14,zipf,1.2,1000,56234,0.00033467202141900936,0.0003346720214190093
cardinality,hll,lg_k=14,zipf,1.2,1000,100000,0.0010006673340006674,3.336670003336572e-07
cardinality,hll,lg_k=14,zipf,1.2,1000,177828,0.001,0.0
cardinality,hll,lg_k=14,zipf,1.2,1000,316228,0.001,0.0
cardinality,hll,lg_k=14,zipf,1.2,1000,562341,0.001,0.0
cardinality,hll,lg_k=14,zipf,1.2,1000,1000000,0.001,0.0
cardinality,hll,lg_k=14,zipf,1.2,1000,1778279,0.001,0.0
cardinality,hll,lg_k=14,zipf,1.2,1000,3162278,0.001,0.0
cardinality,hll,lg_k=14,zipf,1.2,1000,5623413,0.001,0.0
cardinality,hll,lg_k=14,zipf,1.2,1000,10000000,0.001,0.0
cardinality,hll,lg_k=14,zipf,1.2,100000,1000,0.00370261819532536,0.0008736362416596114
cardinality,hll,lg_k=14,zipf,1.2,100000,1778,0.004101414873619625,0.001466543408978684
cardinality,hll,lg_k=14,zipf,1.2,100000,3162,0.004931581060172031,0.0013962050961768139
cardinality,hll,lg_k=14,zipf,1.2,100000,5623,0.005744253369777199,0.002696821197638067
cardinality,hll,lg_k=14,zipf,1.2,100000,10000,0.003729777352467409,0.0012486739449618853
cardinality,hll,lg_k=14,zipf,1.2,100000,17783,0.006126071278040556,0.0036342014980732624
cardinality,hll,lg_k=14,zipf,1.2,100000,31623,0.004790891335579236,0.0014069435025050496
cardinality,hll,lg_k=14,zipf,1.2,100000,56234,0.004179001423813185,0.001954091370228611
cardinality,hll,lg_k=14,zipf,1.2,100000,100000,0.0029959208180878705,0.0009042512450860973
cardinality,hll,lg_k=14,zipf,1.2,100000,177828,0.0035677993504797715,0.0010727289840636082
cardinality,hll,lg_k=14,zipf,1.2,100000,316228,0.0056464775975418255,0.000964919335965344
cardinality,hll,lg_k=14,zipf,1.2,100000,562341,0.002327452179366417,0.00030874188230107076
cardinality,hll,lg_k=14,zipf,1.2,100000,1000000,0.008466454094955812,0.0032158625981072763
cardinality,hll,lg_k=14,zipf,1.2,100000,1778279,0.007015444339118966,0.0012630598060543112
cardinality,hll,lg_k=14,zipf,1.2,100000,3162278,0.003822306333377029,0.002194271056409459
cardinality,hll,lg_k=14,zipf,1.2,100000,5623413,0.006897294005205065,0.0021532152210413068
cardinality,hll,lg_k=14,zipf,1.2,100000,10000000,0.007762375673389638,0.00012218737498788103
cardinality,hll,lg_k=14,zipf,1.2,10000000,1000,0.0016792611251049538,0.0016792611251049538
cardinality,hll,lg_k=14,zipf,1.2,10000000,1778,0.007667686264129264,0.0013285127194907938
cardinality,hll,lg_k=14,zipf,1.2,10000000,3162,0.0055260584149473034,0.0018396753962601604
cardinality,hll,lg_k=14,zipf,1.2,10000000,5623,0.005862880073208971,0.003001274618693759
cardinality,hll,lg_k=14,zipf,1.2,10000000,10000,0.0053217203672767084,0.003971966437460763
cardinality,hll,lg_k=14,zipf,1.2,10000000,17783,0.009498466388968707,0.0021628216892788897
cardinality,hll,lg_k=14,zipf,1.2,10000000,31623,0.0022776865257591733,0.001663309726919471
cardinality,hll,lg_k=14,zipf,1.2,10000000,56234,0.00584961903136948,0.001713881259109388
cardinality,hll,lg_k=14,zipf,1.2,10000000,100000,0.003006379163105885,0.0017355181295434442
cardinality,hll,lg_k=14,zipf,1.2,10000000,177828,0.007500250005483819,0.0015878506097117622
cardinality,hll,lg_k=14,zipf,1.2,10000000,316228,0.020349368647222973,0.0035132066775534813
cardinality,hll,lg_k=14,zipf,1.2,10000000,562341,0.006559688824185006,0.0044961753371472474
cardinality,hll,lg_k=14,zipf,1.2,10000000,1000000,0.008296842400367073,0.0010456325836675907
cardinality,hll,lg_k=14,zipf,1.2,10000000,1778279,0.007691534196545953,0.0033765002175580815
cardinality,hll,lg_k=14,zipf,1.2,10000000,3162278,0.005586095217127332,0.0011402025241913207
cardinality,hll,lg_k=14,zipf,1.2,10000000,5623413,0.0020744098119244918,0.001112507984265614
cardinality,hll,lg_k=14,zipf,1.2,10000000,10000000,0.005230302614154994,0.0027659696801651612
cardinality,hll,lg_k=14,zipf,1.5,1000,1000,0.0,0.0
cardinality,hll,lg_k=14,zipf,1.5,1000,1778,0.005837277439711516,0.0033964771713774467
cardinality,hll,lg_k=14,zipf,1.5,1000,3162,0.005442136361538106,0.0012817501132275013
cardinality,hll,lg_k=14,zipf,1.5,1000,5623,0.005134594329293615,0.0020623486638766124
cardinality,hll,lg_k=14,zipf,1.5,1000,10000,0.0046428233531561605,0.0013761970871228023
cardinality,hll,lg_k=14,zipf,1.5,1000,17783,0.0011890392393537048,0.0005958256644944105
cardinality,hll,lg_k=14,zipf,1.5,1000,31623,0.0024317846285306045,0.0010130298005145218
cardinality,hll,lg_k=14,zipf,1.5,1000,56234,0.003218614530772823,0.0010440563376224376
cardinality,hll,lg_k=14,zipf,1.5,1000,100000,0.0007309941520467836,0.0007309941520467836
cardinality,hll,lg_k=14,zipf,1.5,1000,177828,0.0013626588182859504,0.00033700928621914234
cardinality,hll,lg_k=14,zipf,1.5,1000,316228,0.0010030137299617229,1.5347613738849723e-06
cardinality,hll,lg_k=14,zipf,1.5,1000,562341,0.001,0.0
cardinality,hll,lg_k=14,zipf,1.5,1000,1000000,0.001,0.0
cardinality,hll,lg_k=14,zipf,1.5,1000,1778279,0.001,0.0
cardinality,hll,lg_k=14,zipf,1.5,1000,3162278,0.001,0.0
cardinality,hll,lg_k=14,zipf,1.5,1000,5623413,0.001,0.0
cardinality,hll,lg_k=14,zipf,1.5,1000,10000000,0.001,0.0
cardinality,hll,lg_k=14,zipf,1.5,100000,1000,0.0,0.0
cardinality,hll,lg_k=14,zipf,1.5,100000,1778,0.004905808477237049,0.0027774560106700874
cardinality,hll,lg_k=14,zipf,1.5,100000,3162,0.00548102818799611,0.001172634368425628
cardinality,hll,lg_k=14,zipf,1.5,100000,5623,0.0029485151013492104,0.0007187951162849227
cardinality,hll,lg_k=14,zipf,1.5,100000,10000,0.0035590904503776315,0.0013396052522979198
cardinality,hll,lg_k=14,zipf,1.5,100000,17783,0.003228242452659246,0.001238352456518595
cardinality,hll,lg_k=14,zipf,1.5,100000,31623,0.002748587444996571,0.00021544126969136107
cardinality,hll,lg_k=14,zipf,1.5,100000,56234,0.007342491845990763,0.0015402541794573331
cardinality,hll,lg_k=14,zipf,1.5,100000,100000,0.007780530980375276,0.0017367093415555682
cardinality,hll,lg_k=14,zipf,1.5,100000,177828,0.005663165536905213,0.0025885603685122686
cardinality,hll,lg_k=14,zipf,1.5,100000,316228,0.009314824857298894,0.0016810860743961202
cardinality,hll,lg_k=14,zipf,1.5,100000,562341,0.006206013404965152,0.0018362441185708592
cardinality,hll,lg_k=14,zipf,1.5,100000,1000000,0.0061104184515607994,0.00024902660187115194
cardinality,hll,lg_k=14,zipf,1.5,100000,1778279,0.005572209000106968,0.0026421772847497658
cardinality,hll,lg_k=14,zipf,1.5,100000,3162278,0.006701398426303543,0.0031667033147749577
cardinality,hll,lg_k=14,zipf,1.5,100000,5623413,0.00922116468957043,0.0037037553558042363
cardinality,hll,lg_k=14,zipf,1.5,100000,10000000,0.019435852366821268,0.003524003444110706
cardinality,hll,lg_k=14,zipf,1.5,10000000,1000,0.002506265664160401,0.002506265664160401
cardinality,hll,lg_k=14,zipf,1.5,10000000,1778,0.0031491384432560904,0.0015779289037301841
cardinality,hll,lg_k=14,zipf,1.5,10000000,3162,0.003119805651451221,0.0018276057931345768
cardinality,hll,lg_k=14,zipf,1.5,10000000,5623,0.00507093307062995,0.0007183764005253112
cardinality,hll,lg_k=14,zipf,1.5,10000000,10000,0.00249961002751767,0.001794195587317544
cardinality,hll,lg_k=14,zipf,1.5,10000000,17783,0.004487681831803678,0.0020994905597037854
cardinality,hll,lg_k=14,zipf,1.5,10000000,31623,0.004279734582007939,0.0004479090386823813
cardinality,hll,lg_k=14,zipf,1.5,10000000,56234,0.0024196407597836572,0.001460789269209973
cardinality,hll,lg_k=14,zipf,1.5,10000000,100000,0.0036092381628540448,0.0016997538877515956
cardinality,hll,lg_k=14,zipf,1.5,10000000,177828,0.007088060571907494,0.0006291436489062728
cardinality,hll,lg_k=14,zipf,1.5,10000000,316228,0.005720895616040157,0.00173372804197984
cardinality,hll,lg_k=14,zipf,1.5,10000000,562341,0.008281029201132412,0.004207589694571694
cardinality,hll,lg_k=14,zipf,1.5,10000000,1000000,0.010140655850732564,0.0036915336582656094
cardinality,hll,lg_k=14,zipf,1.5,10000000,1778279,0.004888680351745375,0.0020705300399615554
cardinality,hll,lg_k=14,zipf,1.5,10000000,3162278,0.0014038905555183608,0.0005840761175076797
cardinality,hll,lg_k=14,zipf,1.5,10000000,5623413,0.013667412445577407,0.004364730484087834
cardinality,hll,lg_k=14,zipf,1.5,10000000,10000000,0.0041202050228055865,0.0037567037189498594
cardinality,hll,lg_k=14,zipf,2.0,1000,1000,0.0,0.0
cardinality,hll,lg_k=14,zipf,2.0,1000,1778,0.0,0.0
cardinality,hll,lg_k=14,zipf,2.0,1000,3162,0.0,0.0
cardinality,hll,lg_k=14,zipf,2.0,1000,5623,0.0,0.0
cardinality,hll,lg_k=14,zipf,2.0,1000,10000,0.0,0.0
cardinality,hll,lg_k=14,zipf,2.0,1000,17783,0.0016666666666666668,0.0016666666666666668
cardinality,hll,lg_k=14,zipf,2.0,1000,31623,0.0029767244071467968,0.0014887625979342438
cardinality,hll,lg_k=14,zipf,2.0,1000,56234,0.0033610891855936384,0.001971161583279878
cardinality,hll,lg_k=14,zipf,2.0,1000,100000,0.004327483769461369,0.001763061878241928
cardinality,hll,lg_k=14,zipf,2.0,1000,177828,0.002789845726812505,0.000723725400998844
cardinality,hll,lg_k=14,zipf,2.0,1000,316228,0.005034587903335912,0.0025151466119517824
cardinality,hll,lg_k=14,zipf,2.0,1000,562341,0.001828989483310471,0.001828989483310471
cardinality,hll,lg_k=14,zipf,2.0,1000,1000000,0.0040074171173703765,0.0017545195916545055
cardinality,hll,lg_k=14,zipf,2.0,1000,1778279,0.0025315162347691947,0.0007240470263303384
cardinality,hll,lg_k=14,zipf,2.0,1000,3162278,0.0010218021634883464,0.0005891345769766422
cardinality,hll,lg_k=14,zipf,2.0,1000,5623413,0.000668002672010688,0.000334001336005344
cardinality,hll,lg_k=14,zipf,2.0,1000,10000000,0.001,0.0
cardinality,hll,lg_k=14,zipf,2.0,100000,1000,0.0,0.0
cardinality,hll,lg_k=14,zipf,2.0,100000,1778,0.0,0.0
cardinality,hll,lg_k=14,zipf,2.0,100000,3162,0.0,0.0
cardinality,hll,lg_k=14,zipf,2.0,100000,5623,0.0,0.0
cardinality,hll,lg_k=14,zipf,2.0,100000,10000,0.0,0.0
cardinality,hll,lg_k=14,zipf,2.0,100000,17783,0.0034496248088481097,0.0017346831791441462
cardinality,hll,lg_k=14,zipf,2.0,100000,31623,0.003930767088661825,0.0021772443314842876
cardinality,hll,lg_k=14,zipf,2.0,100000,56234,0.0029604793836495932,0.0016791963741154285
cardinality,hll,lg_k=14,zipf,2.0,100000,100000,0.004427997745975101,0.0012943902683339944
cardinality,hll,lg_k=14,zipf,2.0,100000,177828,0.0044931326274609855,0.0015120507706015882
cardinality,hll,lg_k=14,zipf,2.0,100000,316228,0.00217265897275728,0.0011432410415373744
cardinality,hll,lg_k=14,zipf,2.0,100000,562341,0.0029047585343564505,0.0005497487874128837
cardinality,hll,lg_k=14,zipf,2.0,100000,1000000,0.0012072230192136234,0.000637502742064611
cardinality,hll,lg_k=14,zipf,2.0,100000,1778279,0.0027188721715436562,0.001959128534630336
cardinality,hll,lg_k=14,zipf,2.0,100000,3162278,0.003155057162104479,0.0004861367277528779
cardinality,hll,lg_k=14,zipf,2.0,100000,5623413,0.0042023818483185845,0.0010663735776697528
cardinality,hll,lg_k=14,zipf,2.0,100000,10000000,0.001544543112183339,0.00042520943468291343
cardinality,hll,lg_k=14,zipf,2.0,10000000,1000,0.0,0.0
cardinality,hll,lg_k=14,zipf,2.0,10000000,1778,0.0,0.0
cardinality,hll,lg_k=14,zipf,2.0,10000000,3162,0.0,0.0
cardinality,hll,lg_k=14,zipf,2.0,10000000,5623,0.0,0.0
cardinality,hll,lg_k=14,zipf,2.0,10000000,10000,0.0,0.0
cardinality,hll,lg_k=14,zipf,2.0,10000000,17783,0.0033528284763537364,0.0016847492109343496
cardinality,hll,lg_k=14,zipf,2.0,10000000,31623,0.0024242424242424242,0.0024242424242424242
cardinality,hll,lg_k=14,zipf,2.0,10000000,56234,0.0010070493454179255,0.0010070493454179255
cardinality,hll,lg_k=14,zipf,2.0,10000000,100000,0.0029377697539132515,0.0014695688613371675
cardinality,hll,lg_k=14,zipf,2.0,10000000,177828,0.0005688282138794084,0.0005688282138794084
cardinality,hll,lg_k=14,zipf,2.0,10000000,316228,0.004286183924277661,0.0015508787975242605
cardinality,hll,lg_k=14,zipf,2.0,10000000,562341,0.00446028749777817,0.0019105797509548087
cardinality,hll,lg_k=14,zipf,2.0,10000000,1000000,0.004589370459692671,0.0017033283251001782
cardinality,hll,lg_k=14,zipf,2.0,10000000,1778279,0.0019819335990455783,0.000887747769028594
cardinality,hll,lg_k=14,zipf,2.0,10000000,3162278,0.004364962624258929,0.0013141130973007386
cardinality,hll,lg_k=14,zipf,2.0,10000000,5623413,0.0032656883149375956,0.002354455745940508
cardinality,hll,lg_k=14,zipf,2.0,10000000,10000000,0.004151249681146955,0.0024238158195228517
cardinality,hll,lg_k=14,zipf,1.1,10000,1000,0.004119962436811924,0.0016715134341813323
cardinality,hll,lg_k=14,zipf,1.1,10000,1778,0.0026032270129288117,0.0013542358658463155
cardinality,hll,lg_k=14,zipf,1.1,10000,3162,0.005113905394785436,0.001546257045032739
cardinality,hll,lg_k=14,zipf,1.1,10000,5623,0.0029286643221609877,0.0008674744924613155
cardinality,hll,lg_k=14,zipf,1.1,10000,10000,0.0019850511454576857,0.0007673349707957243
cardinality,hll,lg_k=14,zipf,1.1,10000,17783,0.005525346926339027,0.002265328300028611
cardinality,hll,lg_k=14,zipf,1.1,10000,31623,0.0025999246703567115,0.0004925847624014003
cardinality,hll,lg_k=14,zipf,1.1,10000,56234,0.0034394070162783743,0.0013903526268076573
cardinality,hll,lg_k=14,zipf,1.1,10000,100000,0.002918037407777265,0.0012191859492356697
cardinality,hll,lg_k=14,zipf,1.1,10000,177828,0.002363396646638891,0.0010988386580563618
cardinality,hll,lg_k=14,zipf,1.1,10000,316228,0.0030960642387426445,0.0004305241861510644
cardinality,hll,lg_k=14,zipf,1.1,10000,562341,0.003120481140559428,0.0001742741033625916
cardinality,hll,lg_k=14,zipf,1.1,10000,1000000,0.003467473528715946,3.322661131205934e-05
cardinality,hll,lg_k=14,zipf,1.1,10000,1778279,0.0035,0.0
cardinality,hll,lg_k=14,zipf,1.1,10000,3162278,0.0035,0.0
cardinality,hll,lg_k=14,zipf,1.1,10000,5623413,0.0035,0.0
cardinality,hll,lg_k=14,zipf,1.1,10000,10000000,0.0035,0.0
cardinality,hll,lg_k=16,zipf,0.0,1000,1000,0.0015906824213533478,0.0009164352348760195
cardinality,hll,lg_k=16,zipf,0.0,1000,1778,0.0007994168282993557,0.0003997506494497467
cardinality,hll,lg_k=16,zipf,0.0,1000,3162,0.00035050823694356814,0.0003505082369435682
cardinality,hll,lg_k=16,zipf,0.0,1000,5623,0.00033467202141900936,0.0003346720214190093
cardinality,hll,lg_k=16,zipf,0.0,1000,10000,0.0,0.0
cardinality,hll,lg_k=16,zipf,0.0,1000,17783,0.0,0.0
cardinality,hll,lg_k=16,zipf,0.0,1000,31623,0.0,0.0
cardinality,hll,lg_k=16,zipf,0.0,1000,56234,0.0,0.0
cardinality,hll,lg_k=16,zipf,0.0,1000,100000,0.0,0.0
cardinality,hll,lg_k=16,zipf,0.0,1000,177828,0.0,0.0
cardinality,hll,lg_k=16,zipf,0.0,1000,316228,0.0,0.0
cardinality,hll,lg_k=16,zipf,0.0,1000,562341,0.0,0.0
cardinality,hll,lg_k=16,zipf,0.0,1000,1000000,0.0,0.0
cardinality,hll,lg_k=16,zipf,0.0,1000,1778279,0.0,0.0
cardinality,hll,lg_k=16,zipf,0.0,1000,3162278,0.0,0.0
cardinality,hll,lg_k=16,zipf,0.0,1000,5623413,0.0,0.0
cardinality,hll,lg_k=16,zipf,0.0,1000,10000000,0.0,0.0
cardinality,hll,lg_k=16,zipf,0.0,100000,1000,0.0006710325999592044,0.00033551948672300104
cardinality,hll,lg_k=16,zipf,0.0,100000,1778,0.0011357220041568726,0.00032804120082673404
cardinality,hll,lg_k=16,zipf,0.0,100000,3162,0.0020315298936787094,0.0017094675372188604
cardinality,hll,lg_k=16,zipf,0.0,100000,5623,0.0006717633853204454,0.0003399708369226746
cardinality,hll,lg_k=16,zipf,0.0,100000,10000,0.0006654874009397999,0.0002865364350545678
cardinality,hll,lg_k=16,zipf,0.0,100000,17783,0.0011896897076404465,0.0007925405881548753
cardinality,hll,lg_k=16,zipf,0.0,100000,31623,0.0013756976015545843,0.001045217494964372
cardinality,hll,lg_k=16,zipf,0.0,100000,56234,0.0019559197951795368,0.0009298299864939521
cardinality,hll,lg_k=16,zipf,0.0,100000,100000,0.0036257307827481,0.0015310642043963993
cardinality,hll,lg_k=16,zipf,0.0,100000,177828,0.0025092980429009108,0.0008282244537767913
cardinality,hll,lg_k=16,zipf,0.0,100000,316228,0.0005149021623100321,0.00019084297772380682
cardinality,hll,lg_k=16,zipf,0.0,100000,562341,0.00016725899872138653,2.611986191614258e-05
cardinality,hll,lg_k=16,zipf,0.0,100000,1000000,0.00011667056685967826,1.4528906028141081e-05
cardinality,hll,lg_k=16,zipf,0.0,100000,1778279,0.00011,0.0
cardinality,hll,lg_k=16,zipf,0.0,100000,3162278,0.00011,0.0
cardinality,hll,lg_k=16,zipf,0.0,100000,5623413,0.00011,0.0
cardinality,hll,lg_k=16,zipf,0.0,100000,10000000,0.00011,0.0
cardinality,hll,lg_k=16,zipf,0.0,10000000,1000,0.0013333333333333333,0.0003333333333333334
cardinality,hll,lg_k=16,zipf,0.0,10000000,1778,0.0037495313085864263,0.0006759563696032976
cardinality,hll,lg_k=16,zipf,0.0,10000000,3162,0.003268307353556479,0.0002788483322181106
cardinality,hll,lg_k=16,zipf,0.0,10000000,5623,0.002371645839374667,5.950721117598505e-05
cardinality,hll,lg_k=16,zipf,0.0,10000000,10000,0.002600870347155174,0.0011792970113166897
cardinality,hll,lg_k=16,zipf,0.0,10000000,17783,0.0021951473006202042,0.001461686477219493
cardinality,hll,lg_k=16,zipf,0.0,10000000,31623,0.0024703536035224406,0.0010180109722489567
cardinality,hll,lg_k=16,zipf,0.0,10000000,56234,0.002723002062857621,0.000597591361958418
cardinality,hll,lg_k=16,zipf,0.0,10000000,100000,0.004288794058111326,0.00047687632913260544
cardinality,hll,lg_k=16,zipf,0.0,10000000,177828,0.0184867782906771,0.002580320522180294
cardinality,hll,lg_k=16,zipf,0.0,10000000,316228,0.006663758678255444,0.0007575059610028963
cardinality,hll,lg_k=16,zipf,0.0,10000000,562341,0.003466504493071699,0.0010265876106234308
cardinality,hll,lg_k=16,zipf,0.0,10000000,1000000,0.0032878132814829187,0.001844782471934872
cardinality,hll,lg_k=16,zipf,0.0,10000000,1778279,0.0025812192539453704,0.0012595280177752398
cardinality,hll,lg_k=16,zipf,0.0,10000000,3162278,0.0022960191194455483,0.0007591470195335535
cardinality,hll,lg_k=16,zipf,0.0,10000000,5623413,0.0033884632037556738,0.0004320496545590585
cardinality,hll,lg_k=16,zipf,0.0,10000000,10000000,0.0036787364875290516,0.00131213082511481
cardinality,hll,lg_k=16,zipf,0.5,1000,1000,0.0,0.0
cardinality,hll,lg_k=16,zipf,0.5,1000,1778,0.0008811136718113463,0.0004408899822966044
cardinality,hll,lg_k=16,zipf,0.5,1000,3162,0.0011078434991612218,0.0006379625592695589
cardinality,hll,lg_k=16,zipf,0.5,1000,5623,0.0006802784837980918,0.0003401440230813584
cardinality,hll,lg_k=16,zipf,0.5,1000,10000,0.0,0.0
cardinality,hll,lg_k=16,zipf,0.5,1000,17783,0.0,0.0
cardinality,hll,lg_k=16,zipf,0.5,1000,31623,0.0,0.0
cardinality,hll,lg_k=16,zipf,0.5,1000,56234,0.0,0.0
cardinality,hll,lg_k=16,zipf,0.5,1000,100000,0.0,0.0
cardinality,hll,lg_k=16,zipf,0.5,1000,177828,0.0,0.0
cardinality,hll,lg_k=16,zipf,0.5,1000,316228,0.0,0.0
cardinality,hll,lg_k=16,zipf,0.5,1000,562341,0.0,0.0
cardinality,hll,lg_k=16,zipf,0.5,1000,1000000,0.0,0.0
cardinality,hll,lg_k=16,zipf,0.5,1000,1778279,0.0,0.0
cardinality,hll,lg_k=16,zipf,0.5,1000,3162278,0.0,0.0
cardinality,hll,lg_k=16,zipf,0.5,1000,5623413,0.0,0.0
cardinality,hll,lg_k=16,zipf,0.5,1000,10000000,0.0,0.0
cardinality,hll,lg_k=16,zipf,0.5,100000,1000,0.002704532869777497,0.0006781904179031299
cardinality,hll,lg_k=16,zipf,0.5,100000,1778,0.0023041551154669407,0.0006624695555601861
cardinality,hll,lg_k=16,zipf,0.5,100000,3162,0.0009870245578532295,0.0008273591826678231
cardinality,hll,lg_k=16,zipf,0.5,100000,5623,0.00341349492958428,0.0005830016761930981
cardinality,hll,lg_k=16,zipf,0.5,100000,10000,0.003882775091228429,0.0006174210406849947
cardinality,hll,lg_k=16,zipf,0.5,100000,17783,0.004302924623981666,0.0004996463684075271
cardinality,hll,lg_k=16,zipf,0.5,100000,31623,0.0029534966621725806,0.001308208134005153
cardinality,hll,lg_k=16,zipf,0.5,100000,56234,0.0014067796168688793,0.0006906128199435879
cardinality,hll,lg_k=16,zipf,0.5,100000,100000,0.0013653128189083869,0.00071046872545324
cardinality,hll,lg_k=16,zipf,0.5,100000,177828,0.0011692454143922507,0.0005165695155303869
cardinality,hll,lg_k=16,zipf,0.5,100000,316228,0.002046843378589853,0.0014499847360444054
cardinality,hll,lg_k=16,zipf,0.5,100000,562341,0.0010874880493183952,0.0006706270220223142
cardinality,hll,lg_k=16,zipf,0.5,100000,1000000,0.00010686215851174315,5.216230467614367e-05
cardinality,hll,lg_k=16,zipf,0.5,100000,1778279,0.00012333500002533376,3.3338000133336366e-06
cardinality,hll,lg_k=16,zipf,0.5,100000,3162278,0.00011,0.0
cardinality,hll,lg_k=16,zipf,0.5,100000,5623413,0.00011,0.0
cardinality,hll,lg_k=16,zipf,0.5,100000,10000000,0.00011,0.0
cardinality,hll,lg_k=16,zipf,0.5,10000000,1000,0.0033333333333333335,0.001855921454276674
cardinality,hll,lg_k=16,zipf,0.5,10000000,1778,0.0026246719160104987,0.0003749531308586426
cardinality,hll,lg_k=16,zipf,0.5,10000000,3162,0.0020034853140774634,0.0009010396502806223
cardinality,hll,lg_k=16,zipf,0.5,10000000,5623,0.0011861237302055576,0.0002134851654327156
cardinality,hll,lg_k=16,zipf,0.5,10000000,10000,0.0014687964251604724,0.0005905993730175829
cardinality,hll,lg_k=16,zipf,0.5,10000000,17783,0.0013724628814142808,0.00032608418938690127
cardinality,hll,lg_k=16,zipf,0.5,10000000,31623,0.0011653620935328497,0.0006631728214720028
cardinality,hll,lg_k=16,zipf,0.5,10000000,56234,0.001800770423109577,0.000725339044032583
cardinality,hll,lg_k=16,zipf,0.5,10000000,100000,0.0017939188334642915,0.00015040178504618874
cardinality,hll,lg_k=16,zipf,0.5,10000000,177828,0.01843902370510048,0.0007726026155174668
cardinality,hll,lg_k=16,zipf,0.5,10000000,316228,0.00172391041933139,4.988315131456681e-05
cardinality,hll,lg_k=16,zipf,0.5,10000000,562341,0.003593702358290382,0.0002662833982593506
cardinality,hll,lg_k=16,zipf,0.5,10000000,1000000,0.00336694027475847,0.00022023904439511926
cardinality,hll,lg_k=16,zipf,0.5,10000000,1778279,0.0028446235042582286,0.0016343844115674644
cardinality,hll,lg_k=16,zipf,0.5,10000000,3162278,0.0021517894367219514,0.0007521487907649623
cardinality,hll,lg_k=16,zipf,0.5,10000000,5623413,0.004055325723831967,0.0006819245234779331
cardinality,hll,lg_k=16,zipf,0.5,10000000,10000000,0.00382015151197411,0.0012528611863022881
cardinality,hll,lg_k=16,zipf,0.8,1000,1000,0.00148379217006668,0.0007423929938926613
cardinality,hll,lg_k=16,zipf,0.8,1000,1778,0.001600094409041054,0.0009082080182154797
cardinality,hll,lg_k=16,zipf,0.8,1000,3162,0.001702567762805094,0.0004195323968464619
cardinality,hll,lg_k=16,zipf,0.8,1000,5623,0.002559733097492756,0.0003703508203276145
cardinality,hll,lg_k=16,zipf,0.8,1000,10000,0.0013637002138708056,0.00034380154056558245
cardinality,hll,lg_k=16,zipf,0.8,1000,17783,0.00033433634236041456,0.0003343363423604146
cardinality,hll,lg_k=16,zipf,0.8,1000,31623,0.0,0.0
cardinality,hll,lg_k=16,zipf,0.8,1000,56234,0.0,0.0
cardinality,hll,lg_k=16,zipf,0.8,1000,100000,0.0,0.0
cardinality,hll,lg_k=16,zipf,0.8,1000,177828,0.0,0.0
cardinality,hll,lg_k=16,zipf,0.8,1000,316228,0.0,0.0
cardinality,hll,lg_k=16,zipf,0.8,1000,562341,0.0,0.0
cardinality,hll,lg_k=16,zipf,0.8,1000,1000000,0.0,0.0
cardinality,hll,lg_k=16,zipf,0.8,1000,1778279,0.0,0.0
cardinality,hll,lg_k=16,zipf,0.8,1000,3162278,0.0,0.0
cardinality,hll,lg_k=16,zipf,0.8,1000,5623413,0.0,0.0
cardinality,hll,lg_k=16,zipf,0.8,1000,10000000,0.0,0.0
cardinality,hll,lg_k=16,zipf,0.8,100000,1000,0.001153148951836422,1.0438303563235896e-05
cardinality,hll,lg_k=16,zipf,0.8,100000,1778,0.0015859689329216266,0.0005987298387422811
cardinality,hll,lg_k=16,zipf,0.8,100000,3162,0.0024189354403123973,0.0012921020867680294
cardinality,hll,lg_k=16,zipf,0.8,100000,5623,0.0012051397152752603,0.00042315932914587634
cardinality,hll,lg_k=16,zipf,0.8,100000,10000,0.0038822875723920013,0.0009009368728979064
cardinality,hll,lg_k=16,zipf,0.8,100000,17783,0.0030228288567613055,0.0013036295666674822
cardinality,hll,lg_k=16,zipf,0.8,100000,31623,0.0016006409578470425,0.0009158991580620358
cardinality,hll,lg_k=16,zipf,0.8,100000,56234,0.0014757593713614436,0.0006809591145770118
cardinality,hll,lg_k=16,zipf,0.8,100000,100000,0.0018149830597660134,0.0003318589183740888
cardinality,hll,lg_k=16,zipf,0.8,100000,177828,0.002266693749862265,0.001173006412056864
cardinality,hll,lg_k=16,zipf,0.8,100000,316228,0.0031742119120356967,0.0012669630865656772
cardinality,hll,lg_k=16,zipf,0.8,100000,562341,0.0017651920401016306,0.0013339823802851658
cardinality,hll,lg_k=16,zipf,0.8,100000,1000000,0.0005283191892487668,9.480378471346392e-05
cardinality,hll,lg_k=16,zipf,0.8,100000,1778279,0.00020760390175678483,8.452307548219588e-05
cardinality,hll,lg_k=16,zipf,0.8,100000,3162278,0.00010334753532895292,1.4533173901637337e-05
cardinality,hll,lg_k=16,zipf,0.8,100000,5623413,0.00011,0.0
cardinality,hll,lg_k=16,zipf,0.8,100000,10000000,0.00011,0.0
cardinality,hll,lg_k=16,zipf,0.8,10000000,1000,0.002406217034682728,0.0006897639613462891
cardinality,hll,lg_k=16,zipf,0.8,10000000,1778,0.002352483073884961,0.0003382200501975289
cardinality,hll,lg_k=16,zipf,0.8,10000000,3162,0.0017763362334792148,0.0009436182346573831
cardinality,hll,lg_k=16,zipf,0.8,10000000,5623,0.0015894404911685998,0.0004426597688690942
cardinality,hll,lg_k=16,zipf,0.8,10000000,10000,0.002987079238643189,0.0011747936678109371
cardinality,hll,lg_k=16,zipf,0.8,10000000,17783,0.002828210834683005,0.0006022160013820845
cardinality,hll,lg_k=16,zipf,0.8,10000000,31623,0.002524471152483662,0.0015454910441992536
cardinality,hll,lg_k=16,zipf,0.8,10000000,56234,0.0026124755946722515,0.0015437870509970558
cardinality,hll,lg_k=16,zipf,0.8,10000000,100000,0.0018158302502175223,0.0007578155809247899
cardinality,hll,lg_k=16,zipf,0.8,10000000,177828,0.0029114342590971245,0.000434590165151583
cardinality,hll,lg_k=16,zipf,0.8,10000000,316228,0.005523204189900017,0.001333553258207664
cardinality,hll,lg_k=16,zipf,0.8,10000000,562341,0.0033487682465142173,0.0005335149811243651
cardinality,hll,lg_k=16,zipf,0.8,10000000,1000000,0.005618912389001744,0.0010170121486073754
cardinality,hll,lg_k=16,zipf,0.8,10000000,1778279,0.0013096492586746637,0.000553057284969685
cardinality,hll,lg_k=16,zipf,0.8,10000000,3162278,0.0015039143499497492,0.0009522753537146709
cardinality,hll,lg_k=16,zipf,0.8,10000000,5623413,0.003218702186793324,0.0009924781242539548
cardinality,hll,lg_k=16,zipf,0.8,10000000,10000000,0.0013949325502992948,0.0008418116798664708
cardinality,hll,lg_k=16,zipf,1.0,1000,1000,0.0010162601626016261,0.001016260162601626
cardinality,hll,lg_k=16,zipf,1.0,1000,1778,0.0006858710562414267,0.0006858710562414267
cardinality,hll,lg_k=16,zipf,1.0,1000,3162,0.002639643813194191,0.0005442910004667621
cardinality,hll,lg_k=16,zipf,1.0,1000,5623,0.0,0.0
cardinality,hll,lg_k=16,zipf,1.0,1000,10000,0.0010913683192431013,5.821436819686177e-06
cardinality,hll,lg_k=16,zipf,1.0,1000,17783,0.00034258307639602604,0.00034258307639602604
cardinality,hll,lg_k=16,zipf,1.0,1000,31623,0.00033433634236041456,0.0003343363423604146
cardinality,hll,lg_k=16,zipf,1.0,1000,56234,0.0,0.0
cardinality,hll,lg_k=16,zipf,1.0,1000,100000,0.0,0.0
cardinality,hll,lg_k=16,zipf,1.0,1000,177828,0.0,0.0
cardinality,hll,lg_k=16,zipf,1.0,1000,316228,0.0,0.0
cardinality,hll,lg_k=16,zipf,1.0,1000,562341,0.0,0.0
cardinality,hll,lg_k=16,zipf,1.0,1000,1000000,0.0,0.0
cardinality,hll,lg_k=16,zipf,1.0,1000,1778279,0.0,0.0
cardinality,hll,lg_k=16,zipf,1.0,1000,3162278,0.0,0.0
cardinality,hll,lg_k=16,zipf,1.0,1000,5623413,0.0,0.0
cardinality,hll,lg_k=16,zipf,1.0,1000,10000000,0.0,0.0
cardinality,hll,lg_k=16,zipf,1.0,100000,1000,0.0015970267243646129,0.0009328975880373998
cardinality,hll,lg_k=16,zipf,1.0,100000,1778,0.0029284200835522412,0.0009918219618156336
cardinality,hll,lg_k=16,zipf,1.0,100000,3162,0.002820856878080836,0.0014324396230255146
cardinality,hll,lg_k=16,zipf,1.0,100000,5623,0.004060713794409442,0.0009946161621808313
cardinality,hll,lg_k=16,zipf,1.0,100000,10000,0.0013810053029283023,0.00013183659566117634
cardinality,hll,lg_k=16,zipf,1.0,100000,17783,0.00048744874299500653,0.00025838238709181
cardinality,hll,lg_k=16,zipf,1.0,100000,31623,0.0013450301457772571,0.00039309712134949775
cardinality,hll,lg_k=16,zipf,1.0,100000,56234,0.0031243444497717917,0.0007513627483898772
cardinality,hll,lg_k=16,zipf,1.0,100000,100000,0.002940048870297536,0.0014878672539230806
cardinality,hll,lg_k=16,zipf,1.0,100000,177828,0.0017217120027255327,0.0004870411506072409
cardinality,hll,lg_k=16,zipf,1.0,100000,316228,0.0012168518325072605,0.0004912111967978575
cardinality,hll,lg_k=16,zipf,1.0,100000,562341,0.0017712538398929802,0.0004215936256307928
cardinality,hll,lg_k=16,zipf,1.0,100000,1000000,0.0005866294123047497,0.00032779400306021426
cardinality,hll,lg_k=16,zipf,1.0,100000,1778279,0.0009527730584970671,5.568080549025642e-05
cardinality,hll,lg_k=16,zipf,1.0,100000,3162278,0.00035939010905782984,0.000156062559637005
cardinality,hll,lg_k=16,zipf,1.0,100000,5623413,0.0002370313305238781,3.4868572182580314e-05
cardinality,hll,lg_k=16,zipf,1.0,100000,10000000,0.00013667033343466953,3.333866691334255e-06
cardinality,hll,lg_k=16,zipf,1.0,10000000,1000,0.003555887224741995,0.0011635531116511062
cardinality,hll,lg_k=16,zipf,1.0,10000000,1778,0.0034482241297085037,0.0018542389338893777
cardinality,hll,lg_k=16,zipf,1.0,10000000,3162,0.0035896866214921107,0.0008240988986974539
cardinality,hll,lg_k=16,zipf,1.0,10000000,5623,0.002668712650021898,0.0005532411205138944
cardinality,hll,lg_k=16,zipf,1.0,10000000,10000,0.0024019704323476987,0.0012325456418428359
cardinality,hll,lg_k=16,zipf,1.0,10000000,17783,0.0022213272834135382,0.0009764102292175697
cardinality,hll,lg_k=16,zipf,1.0,10000000,31623,0.0022805013206682032,0.0008278168415743571
cardinality,hll,lg_k=16,zipf,1.0,10000000,56234,0.0031258913827014977,0.0007071404914911022
cardinality,hll,lg_k=16,zipf,1.0,10000000,100000,0.003232432070751547,0.0014849076466041306
cardinality,hll,lg_k=16,zipf,1.0,10000000,177828,0.0010694404774366708,0.0003665658305147941
cardinality,hll,lg_k=16,zipf,1.0,10000000,316228,0.0015250369064129631,0.0002630522526199064
cardinality,hll,lg_k=16,zipf,1.0,10000000,562341,0.010881989935155935,0.0007169020704492002
cardinality,hll,lg_k=16,zipf,1.0,10000000,1000000,0.0015954531163513488,0.0006578786889155764
cardinality,hll,lg_k=16,zipf,1.0,10000000,1778279,0.0018058691379727503,0.001420680436912767
cardinality,hll,lg_k=16,zipf,1.0,10000000,3162278,0.003699019328216002,0.0006763620952522396
cardinality,hll,lg_k=16,zipf,1.0,10000000,5623413,0.003364747558271515,0.0019261367101142844
cardinality,hll,lg_k=16,zipf,1.0,10000000,10000000,0.0021327239315025817,0.0005897796191524686
cardinality,hll,lg_k=16,zipf,1.2,1000,1000,0.001394700139470014,0.0013947001394700137
cardinality,hll,lg_k=16,zipf,1.2,1000,1778,0.0009775171065493646,0.0009775171065493646
cardinality,hll,lg_k=16,zipf,1.2,1000,3162,0.0014692913258412422,0.0007352922868242218
cardinality,hll,lg_k=16,zipf,1.2,1000,5623,0.0005455537370430988,0.0005455537370430987
cardinality,hll,lg_k=16,zipf,1.2,1000,10000,0.000445632798573975,0.000445632798573975
cardinality,hll,lg_k=16,zipf,1.2,1000,17783,0.0,0.0
cardinality,hll,lg_k=16,zipf,1.2,1000,31623,0.0010395398687735745,4.486065051250811e-06
cardinality,hll,lg_k=16,zipf,1.2,1000,56234,0.0,0.0
cardinality,hll,lg_k=16,zipf,1.2,1000,100000,0.0,0.0
cardinality,hll,lg_k=16,zipf,1.2,1000,177828,0.0,0.0
cardinality,hll,lg_k=16,zipf,1.2,1000,316228,0.0,0.0
cardinality,hll,lg_k=16,zipf,1.2,1000,562341,0.0,0.0
cardinality,hll,lg_k=16,zipf,1.2,1000,1000000,0.0,0.0
cardinality,hll,lg_k=16,zipf,1.2,1000,1778279,0.0,0.0
cardinality,hll,lg_k=16,zipf,1.2,1000,3162278,0.0,0.0
cardinality,hll,lg_k=16,zipf,1.2,1000,5623413,0.0,0.0
cardinality,hll,lg_k=16,zipf,1.2,1000,10000000,0.0,0.0
cardinality,hll,lg_k=16,zipf,1.2,100000,1000,0.0018606461658232775,0.0009311072373334834
cardinality,hll,lg_k=16,zipf,1.2,100000,1778,0.001135718341851221,0.001135718341851221
cardinality,hll,lg_k=16,zipf,1.2,100000,3162,0.002647156258647367,0.0003744451151113882
cardinality,hll,lg_k=16,zipf,1.2,100000,5623,0.0019178607445444128,0.0006275182993691154
cardinality,hll,lg_k=16,zipf,1.2,100000,10000,0.0014085254495088692,0.0008174226936954778
cardinality,hll,lg_k=16,zipf,1.2,100000,17783,0.00348010805772183,0.0019587747621066126
cardinality,hll,lg_k=16,zipf,1.2,100000,31623,0.0027596281944599088,0.0007312763064621115
cardinality,hll,lg_k=16,zipf,1.2,100000,56234,0.0025822361814517463,0.002251333055333853
cardinality,hll,lg_k=16,zipf,1.2,100000,100000,0.003467904330740636,0.0014224429538464297
cardinality,hll,lg_k=16,zipf,1.2,100000,177828,0.0015322885021951031,0.00040163788656740395
cardinality,hll,lg_k=16,zipf,1.2,100000,316228,0.0015887360134896288,0.0005223266413813826
cardinality,hll,lg_k=16,zipf,1.2,100000,562341,0.00272791895308548,0.001789185047003608
cardinality,hll,lg_k=16,zipf,1.2,100000,1000000,0.003391821938761396,0.0004359597861311868
cardinality,hll,lg_k=16,zipf,1.2,100000,1778279,0.0022637523783780454,0.0005916129869912609
cardinality,hll,lg_k=16,zipf,1.2,100000,3162278,0.0007837814987865836,0.00026696591973382906
cardinality,hll,lg_k=16,zipf,1.2,100000,5623413,0.0013517341580901402,0.0006004678013286114
cardinality,hll,lg_k=16,zipf,1.2,100000,10000000,0.0005691605767129323,0.00028571314656119134
cardinality,hll,lg_k=16,zipf,1.2,10000000,1000,0.0016605043963042923,0.0008303004815231037
cardinality,hll,lg_k=16,zipf,1.2,10000000,1778,0.0021130958360960975,0.0010565837406301079
cardinality,hll,lg_k=16,zipf,1.2,10000000,3162,0.0029316960428071533,0.0006066759290159313
cardinality,hll,lg_k=16,zipf,1.2,10000000,5623,0.0016431233314401475,0.0008216182720235172
cardinality,hll,lg_k=16,zipf,1.2,10000000,10000,0.0015359396163113301,0.0004475817039157173
cardinality,hll,lg_k=16,zipf,1.2,10000000,17783,0.0019441305532750563,0.001217202367251012
cardinality,hll,lg_k=16,zipf,1.2,10000000,31623,0.003555088694721357,0.0005323453605736869
cardinality,hll,lg_k=16,zipf,1.2,10000000,56234,0.0026571434460272493,0.0016178540078934942
cardinality,hll,lg_k=16,zipf,1.2,10000000,100000,0.001711808855378988,0.00039968959195666327
cardinality,hll,lg_k=16,zipf,1.2,10000000,177828,0.002163526200314086,0.0013247431345023064
cardinality,hll,lg_k=16,zipf,1.2,10000000,316228,0.0018580324818239632,0.001191871860420522
cardinality,hll,lg_k=16,zipf,1.2,10000000,562341,0.0014374349562254116,0.00016345644267943814
cardinality,hll,lg_k=16,zipf,1.2,10000000,1000000,0.00185371371178834,0.0006938080148908706
cardinality,hll,lg_k=16,zipf,1.2,10000000,1778279,0.00238957804548272,0.000804793707213038
cardinality,hll,lg_k=16,zipf,1.2,10000000,3162278,0.005834231329070118,0.0021955696999378443
cardinality,hll,lg_k=16,zipf,1.2,10000000,5623413,0.0011308811506835403,0.00046244235753971493
cardinality,hll,lg_k=16,zipf,1.2,10000000,10000000,0.001953930312449732,0.0005562006026483929
cardinality,hll,lg_k=16,zipf,1.5,1000,1000,0.0,0.0
cardinality,hll,lg_k=16,zipf,1.5,1000,1778,0.0,0.0
cardinality,hll,lg_k=16,zipf,1.5,1000,3162,0.0013333333333333333,0.0013333333333333335
cardinality,hll,lg_k=16,zipf,1.5,1000,5623,0.0010193679918450561,0.001019367991845056
cardinality,hll,lg_k=16,zipf,1.5,1000,10000,0.001565083213931445,0.0007826450903841815
cardinality,hll,lg_k=16,zipf,1.5,1000,17783,0.002408007907179172,0.0006483661984552559
cardinality,hll,lg_k=16,zipf,1.5,1000,31623,0.0014572956623476682,0.0008332398891524579
cardinality,hll,lg_k=16,zipf,1.5,1000,56234,0.0016035561726787967,0.0008017993947595723
cardinality,hll,lg_k=16,zipf,1.5,1000,100000,0.001436788282743832,0.0007183991465158027
cardinality,hll,lg_k=16,zipf,1.5,1000,177828,0.0,0.0
cardinality,hll,lg_k=16,zipf,1.5,1000,316228,0.0,0.0
cardinality,hll,lg_k=16,zipf,1.5,1000,562341,0.0,0.0
cardinality,hll,lg_k=16,zipf,1.5,1000,1000000,0.0,0.0
cardinality,hll,lg_k=16,zipf,1.5,1000,1778279,0.0,0.0
cardinality,hll,lg_k=16,zipf,1.5,1000,3162278,0.0,0.0
cardinality,hll,lg_k=16,zipf,1.5,1000,5623413,0.0,0.0
cardinality,hll,lg_k=16,zipf,1.5,1000,10000000,0.0,0.0
cardinality,hll,lg_k=16,zipf,1.5,100000,1000,0.0,0.0
cardinality,hll,lg_k=16,zipf,1.5,100000,1778,0.0016025641025641027,0.0016025641025641025
cardinality,hll,lg_k=16,zipf,1.5,100000,3162,0.0021574973031283713,0.002157497303128371
cardinality,hll,lg_k=16,zipf,1.5,100000,5623,0.0022175209493024268,1.5857612366835172e-05
cardinality,hll,lg_k=16,zipf,1.5,100000,10000,0.002519313206336107,0.001327479424493889
cardinality,hll,lg_k=16,zipf,1.5,100000,17783,0.0017770059293170145,0.000338626018405704
cardinality,hll,lg_k=16,zipf,1.5,100000,31623,0.001996891138872655,0.00022547915155186692
cardinality,hll,lg_k=16,zipf,1.5,100000,56234,0.0025658919701227285,0.0007580310227272973
cardinality,hll,lg_k=16,zipf,1.5,100000,100000,0.0014099512890903344,0.0007049840531527426
cardinality,hll,lg_k=16,zipf,1.5,100000,177828,0.0019901919336112453,0.0007293110407446771
cardinality,hll,lg_k=16,zipf,1.5,100000,316228,0.0020327487666964286,0.0008583668649069232
cardinality,hll,lg_k=16,zipf,1.5,100000,562341,0.002372555941359518,0.0012257963057369107
cardinality,hll,lg_k=16,zipf,1.5,100000,1000000,0.002716644906644769,0.0015027252631047326
cardinality,hll,lg_k=16,zipf,1.5,100000,1778279,0.0028440938343590465,0.002091361868245418
cardinality,hll,lg_k=16,zipf,1.5,100000,3162278,0.003769974990962601,0.0022397197790557633
cardinality,hll,lg_k=16,zipf,1.5,100000,5623413,0.0024169590257311427,0.0016206077278492137
cardinality,hll,lg_k=16,zipf,1.5,100000,10000000,0.001914023219307626,0.0010972200804493298
cardinality,hll,lg_k=16,zipf,1.5,10000000,1000,0.0,0.0
cardinality,hll,lg_k=16,zipf,1.5,10000000,1778,0.0015797788309636653,0.0015797788309636653
cardinality,hll,lg_k=16,zipf,1.5,10000000,3162,0.0010548523206751054,0.0010548523206751054
cardinality,hll,lg_k=16,zipf,1.5,10000000,5623,0.0014461315979754157,0.0007230657989877079
cardinality,hll,lg_k=16,zipf,1.5,10000000,10000,0.0019809276121646705,0.00047371996270253195
cardinality,hll,lg_k=16,zipf,1.5,10000000,17783,0.0020401941034972923,0.0010001132073799292
cardinality,hll,lg_k=16,zipf,1.5,10000000,31623,0.002102665350225391,0.0010345218398687794
cardinality,hll,lg_k=16,zipf,1.5,10000000,56234,0.002419032281864594,0.0009853823541117585
cardinality,hll,lg_k=16,zipf,1.5,10000000,100000,0.0035250930606929988,0.0011275797255355356
cardinality,hll,lg_k=16,zipf,1.5,10000000,177828,0.0033931111896910436,0.0021745876504577636
cardinality,hll,lg_k=16,zipf,1.5,10000000,316228,0.0015001044945424406,0.0007748418408419483
cardinality,hll,lg_k=16,zipf,1.5,10000000,562341,0.0033655786513444703,0.0005365103634191729
cardinality,hll,lg_k=16,zipf,1.5,10000000,1000000,0.002048101901807583,0.00106131123711289
cardinality,hll,lg_k=16,zipf,1.5,10000000,1778279,0.0028554500211862115,0.0003124714454139604
cardinality,hll,lg_k=16,zipf,1.5,10000000,3162278,0.00158267455927176,0.0007310009397383057
cardinality,hll,lg_k=16,zipf,1.5,10000000,5623413,0.0011129405505249925,0.0005603885990960839
cardinality,hll,lg_k=16,zipf,1.5,10000000,10000000,0.002385888100071267,0.0010039857776407265
cardinality,hll,lg_k=16,zipf,2.0,1000,1000,0.0,0.0
cardinality,hll,lg_k=16,zipf,2.0,1000,1778,0.0,0.0
cardinality,hll,lg_k=16,zipf,2.0,1000,3162,0.0,0.0
cardinality,hll,lg_k=16,zipf,2.0,1000,5623,0.0,0.0
cardinality,hll,lg_k=16,zipf,2.0,1000,10000,0.0,0.0
cardinality,hll,lg_k=16,zipf,2.0,1000,17783,0.0,0.0
cardinality,hll,lg_k=16,zipf,2.0,1000,31623,0.0,0.0
cardinality,hll,lg_k=16,zipf,2.0,1000,56234,0.0010857763300760044,0.0010857763300760044
cardinality,hll,lg_k=16,zipf,2.0,1000,100000,0.0025822830713810897,2.599449702120737e-05
cardinality,hll,lg_k=16,zipf,2.0,1000,177828,0.002083631037546968,1.7679152652853226e-05
cardinality,hll,lg_k=16,zipf,2.0,1000,316228,0.0016952623674509626,1.7066399672325084e-05
cardinality,hll,lg_k=16,zipf,2.0,1000,562341,0.0009334378470180939,0.00046700715678888143
cardinality,hll,lg_k=16,zipf,2.0,1000,1000000,0.0007974584351022887,0.0003987369194015627
cardinality,hll,lg_k=16,zipf,2.0,1000,1778279,0.0003611412062116287,0.0003611412062116287
cardinality,hll,lg_k=16,zipf,2.0,1000,3162278,0.0,0.0
cardinality,hll,lg_k=16,zipf,2.0,1000,5623413,0.0,0.0
cardinality,hll,lg_k=16,zipf,2.0,1000,10000000,0.0,0.0
cardinality,hll,lg_k=16,zipf,2.0,100000,1000,0.0,0.0
cardinality,hll,lg_k=16,zipf,2.0,100000,1778,0.0,0.0
cardinality,hll,lg_k=16,zipf,2.0,100000,3162,0.0,0.0
cardinality,hll,lg_k=16,zipf,2.0,100000,5623,0.0,0.0
cardinality,hll,lg_k=16,zipf,2.0,100000,10000,0.0,0.0
cardinality,hll,lg_k=16,zipf,2.0,100000,17783,0.0,0.0
cardinality,hll,lg_k=16,zipf,2.0,100000,31623,0.0,0.0
cardinality,hll,lg_k=16,zipf,2.0,100000,56234,0.0,0.0
cardinality,hll,lg_k=16,zipf,2.0,100000,100000,0.0014964478258678894,0.000748225326665737
cardinality,hll,lg_k=16,zipf,2.0,100000,177828,0.002233703278479398,0.00055001231189568
cardinality,hll,lg_k=16,zipf,2.0,100000,316228,0.0021548000260667942,0.0008607234509521882
cardinality,hll,lg_k=16,zipf,2.0,100000,562341,0.001957788837386754,0.0011222472206933042
cardinality,hll,lg_k=16,zipf,2.0,100000,1000000,0.0012132000235231953,0.0008773080193834842
cardinality,hll,lg_k=16,zipf,2.0,100000,1778279,0.0031017158860014798,0.0010154143304809942
cardinality,hll,lg_k=16,zipf,2.0,100000,3162278,0.0012357657508022056,0.0006283879635895964
cardinality,hll,lg_k=16,zipf,2.0,100000,5623413,0.0015437945126411303,0.0004772690281711528
cardinality,hll,lg_k=16,zipf,2.0,100000,10000000,0.0017775150988619812,0.0003287904923030644
cardinality,hll,lg_k=16,zipf,2.0,10000000,1000,0.0,0.0
cardinality,hll,lg_k=16,zipf,2.0,10000000,1778,0.0,0.0
cardinality,hll,lg_k=16,zipf,2.0,10000000,3162,0.0,0.0
cardinality,hll,lg_k=16,zipf,2.0,10000000,5623,0.0,0.0
cardinality,hll,lg_k=16,zipf,2.0,10000000,10000,0.0,0.0
cardinality,hll,lg_k=16,zipf,2.0,10000000,17783,0.0018214936247723133,0.001821493624772313
cardinality,hll,lg_k=16,zipf,2.0,10000000,31623,0.0027439024390243905,0.0013722648442092882
cardinality,hll,lg_k=16,zipf,2.0,10000000,56234,0.002922821434600419,5.007941961430895e-05
cardinality,hll,lg_k=16,zipf,2.0,10000000,100000,0.0007473841554559044,0.0007473841554559043
cardinality,hll,lg_k=16,zipf,2.0,10000000,177828,0.001685522797910676,0.0009671426705645288
cardinality,hll,lg_k=16,zipf,2.0,10000000,316228,0.0008646793620886885,0.0004323407719998863
cardinality,hll,lg_k=16,zipf,2.0,10000000,562341,0.0019240175270135256,0.0005536762990125559
cardinality,hll,lg_k=16,zipf,2.0,10000000,1000000,0.0026516829090990506,0.0002461434709999899
cardinality,hll,lg_k=16,zipf,2.0,10000000,1778279,0.0007370554634236226,0.0007370554634236225
cardinality,hll,lg_k=16,zipf,2.0,10000000,3162278,0.001495052566481138,0.0011141266182141472
cardinality,hll,lg_k=16,zipf,2.0,10000000,5623413,0.001115970996580869,0.0005329784825020167
cardinality,hll,lg_k=16,zipf,2.0,10000000,10000000,0.0018325913419660392,0.00034538416766173
cardinality,hll,lg_k=16,zipf,1.1,10000,1000,0.001658374792703151,0.0008291873963515754
cardinality,hll,lg_k=16,zipf,1.1,10000,1778,0.0015752980029768264,3.218274058147237e-05
cardinality,hll,lg_k=16,zipf,1.1,10000,3162,0.003063942456061449,0.0010082377662512384
cardinality,hll,lg_k=16,zipf,1.1,10000,5623,0.002958876736739165,0.0014065121420264674
cardinality,hll,lg_k=16,zipf,1.1,10000,10000,0.0030387182839679526,0.001696125780849644
cardinality,hll,lg_k=16,zipf,1.1,10000,17783,0.0028747714333223428,0.0008424431952257963
cardinality,hll,lg_k=16,zipf,1.1,10000,31623,0.0019878340215178565,0.001413261243224703
cardinality,hll,lg_k=16,zipf,1.1,10000,56234,0.0024090775502698405,0.0009535201088104883
cardinality,hll,lg_k=16,zipf,1.1,10000,100000,0.0016242439444617885,0.0011538261728261748
cardinality,hll,lg_k=16,zipf,1.1,10000,177828,0.0017555435746832628,0.00026821673305113975
cardinality,hll,lg_k=16,zipf,1.1,10000,316228,0.0024694318118460078,0.00014153842298773487
cardinality,hll,lg_k=16,zipf,1.1,10000,562341,0.002214525304524625,0.00029054336878112476
cardinality,hll,lg_k=16,zipf,1.1,10000,1000000,0.0023005367970329754,7.670501457164695e-08
cardinality,hll,lg_k=16,zipf,1.1,10000,1778279,0.0023,0.0
cardinality,hll,lg_k=16,zipf,1.1,10000,3162278,0.0023,0.0
cardinality,hll,lg_k=16,zipf,1.1,10000,5623413,0.0023,0.0
cardinality,hll,lg_k=16,zipf,1.1,10000,10000000,0.0023,0.0
cardinality,hll,lg_k=12,zipf,0.0,10000,1000,0.008421139760560354,0.006837471269983894
cardinality,hll,lg_k=12,zipf,0.0,10000,1778,0.008254909064353718,0.0033711459493089785
cardinality,hll,lg_k=12,zipf,0.0,10000,3162,0.011852106587637778,0.004110571333734421
cardinality,hll,lg_k=12,zipf,0.0,10000,5623,0.014401658954346176,0.006878951291874305
cardinality,hll,lg_k=12,zipf,0.0,10000,10000,0.016279777335554302,0.007433271038013204
cardinality,hll,lg_k=12,zipf,0.0,10000,17783,0.006055884074253149,0.0025713999057309714
cardinality,hll,lg_k=12,zipf,0.0,10000,31623,0.005712957914981903,0.0029077317401905107
cardinality,hll,lg_k=12,zipf,0.0,10000,56234,0.013615268835356785,0.0010184623220253987
cardinality,hll,lg_k=12,zipf,0.0,10000,100000,0.0119,0.0
cardinality,hll,lg_k=12,zipf,0.0,10000,177828,0.0119,0.0
cardinality,hll,lg_k=12,zipf,0.0,10000,316228,0.0119,0.0
cardinality,hll,lg_k=12,zipf,0.0,10000,562341,0.0119,0.0
cardinality,hll,lg_k=12,zipf,0.0,10000,1000000,0.0119,0.0
cardinality,hll,lg_k=12,zipf,0.0,10000,1778279,0.0119,0.0
cardinality,hll,lg_k=12,zipf,0.0,10000,3162278,0.0119,0.0
cardinality,hll,lg_k=12,zipf,0.0,10000,5623413,0.0119,0.0
cardinality,hll,lg_k=12,zipf,0.0,10000,10000000,0.0119,0.0
cardinality,hll,lg_k=12,zipf,0.5,10000,1000,0.020581437524170517,0.005818656224520373
cardinality,hll,lg_k=12,zipf,0.5,10000,1778,0.014562168305148797,0.0030777189161177855
cardinality,hll,lg_k=12,zipf,0.5,10000,3162,0.0051271873152696325,0.0015641805274282858
cardinality,hll,lg_k=12,zipf,0.5,10000,5623,0.008258390041223912,0.0023140096689563392
cardinality,hll,lg_k=12,zipf,0.5,10000,10000,0.005885250500395546,0.0023475970211074893
cardinality,hll,lg_k=12,zipf,0.5,10000,17783,0.003308226499269354,0.0019037655532101305
cardinality,hll,lg_k=12,zipf,0.5,10000,31623,0.007677937826469486,0.0022664208345711703
cardinality,hll,lg_k=12,zipf,0.5,10000,56234,0.010815057609721235,0.001274523523202806
cardinality,hll,lg_k=12,zipf,0.5,10000,100000,0.012092502856752424,0.0011021689854429652
cardinality,hll,lg_k=12,zipf,0.5,10000,177828,0.0119,0.0
cardinality,hll,lg_k=12,zipf,0.5,10000,316228,0.0119,0.0
cardinality,hll,lg_k=12,zipf,0.5,10000,562341,0.0119,0.0
cardinality,hll,lg_k=12,zipf,0.5,10000,1000000,0.0119,0.0
cardinality,hll,lg_k=12,zipf,0.5,10000,1778279,0.0119,0.0
cardinality,hll,lg_k=12,zipf,0.5,10000,3162278,0.0119,0.0
cardinality,hll,lg_k=12,zipf,0.5,10000,5623413,0.0119,0.0
cardinality,hll,lg_k=12,zipf,0.5,10000,10000000,0.0119,0.0
cardinality,hll,lg_k=12,zipf,0.8,10000,1000,0.007907853743404759,0.005222712744850375
cardinality,hll,lg_k=12,zipf,0.8,10000,1778,0.01572957740914861,0.005063481987432471
cardinality,hll,lg_k=12,zipf,0.8,10000,3162,0.012700284566698208,0.004169193500218315
cardinality,hll,lg_k=12,zipf,0.8,10000,5623,0.015066982715927366,0.004464032662340751
cardinality,hll,lg_k=12,zipf,0.8,10000,10000,0.002880894694705788,0.0013243299570486612
cardinality,hll,lg_k=12,zipf,0.8,10000,17783,0.0063885160024553,0.0037878138187733084
cardinality,hll,lg_k=12,zipf,0.8,10000,31623,0.007100800224857121,0.002418581225690654
cardinality,hll,lg_k=12,zipf,0.8,10000,56234,0.007377220413077062,0.0022246390881060824
cardinality,hll,lg_k=12,zipf,0.8,10000,100000,0.005599232183467115,0.0017714360379938183
cardinality,hll,lg_k=12,zipf,0.8,10000,177828,0.010642142858157228,0.0012058510085498025
cardinality,hll,lg_k=12,zipf,0.8,10000,316228,0.011834120078674536,3.293996066273316e-05
cardinality,hll,lg_k=12,zipf,0.8,10000,562341,0.0119,0.0
cardinality,hll,lg_k=12,zipf,0.8,10000,1000000,0.0119,0.0
cardinality,hll,lg_k=12,zipf,0.8,10000,1778279,0.0119,0.0
cardinality,hll,lg_k=12,zipf,0.8,10000,3162278,0.0119,0.0
cardinality,hll,lg_k=12,zipf,0.8,10000,5623413,0.0119,0.0
cardinality,hll,lg_k=12,zipf,0.8,10000,10000000,0.0119,0.0
cardinality,hll,lg_k=12,zipf,1.0,10000,1000,0.003873865314347019,0.001909222489522928
cardinality,hll,lg_k=12,zipf,1.0,10000,1778,0.007327862477451885,0.0017409270657778384
cardinality,hll,lg_k=12,zipf,1.0,10000,3162,0.007452688681182502,0.0024590093855955514
cardinality,hll,lg_k=12,zipf,1.0,10000,5623,0.007528356475929528,0.0036077391586614867
cardinality,hll,lg_k=12,zipf,1.0,10000,10000,0.002689463141771006,0.001286863947645322
cardinality,hll,lg_k=12,zipf,1.0,10000,17783,0.006203203366954744,0.002896186930525802
cardinality,hll,lg_k=12,zipf,1.0,10000,31623,0.007207671799721118,0.004457435493897598
cardinality,hll,lg_k=12,zipf,1.0,10000,56234,0.012625954583738072,0.0013070723633464788
cardinality,hll,lg_k=12,zipf,1.0,10000,100000,0.011665778994712857,0.005889291850535022
cardinality,hll,lg_k=12,zipf,1.0,10000,177828,0.01701013317473691,0.003907826549830254
cardinality,hll,lg_k=12,zipf,1.0,10000,316228,0.011902599549208978,0.0029688071416745444
cardinality,hll,lg_k=12,zipf,1.0,10000,562341,0.011636434185573403,3.2953141260108273e-05
cardinality,hll,lg_k=12,zipf,1.0,10000,1000000,0.0119,0.0
cardinality,hll,lg_k=12,zipf,1.0,10000,1778279,0.0119,0.0
cardinality,hll,lg_k=12,zipf,1.0,10000,3162278,0.0119,0.0
cardinality,hll,lg_k=12,zipf,1.0,10000,5623413,0.0119,0.0
cardinality,hll,lg_k=12,zipf,1.0,10000,10000000,0.0119,0.0
cardinality,hll,lg_k=12,zipf,1.2,10000,1000,0.005296195254200342,0.002759384730351757
cardinality,hll,lg_k=12,zipf,1.2,10000,1778,0.008329542664306614,0.0020936479936540936
cardinality,hll,lg_k=12,zipf,1.2,10000,3162,0.0018190086402910413,0.0012031611237219603
cardinality,hll,lg_k=12,zipf,1.2,10000,5623,0.0042303969521593895,0.0010629757516841254
cardinality,hll,lg_k=12,zipf,1.2,10000,10000,0.0026550567522467122,0.0011214206928797385
cardinality,hll,lg_k=12,zipf,1.2,10000,17783,0.004308502079936181,0.0012485699052843238
cardinality,hll,lg_k=12,zipf,1.2,10000,31623,0.011338608416817044,0.004292184942416869
cardinality,hll,lg_k=12,zipf,1.2,10000,56234,0.008160010623089034,0.005066012807518441
cardinality,hll,lg_k=12,zipf,1.2,10000,100000,0.01119407502488419,0.001355273495521848
cardinality,hll,lg_k=12,zipf,1.2,10000,177828,0.007420535966376932,0.0022944014676639863
cardinality,hll,lg_k=12,zipf,1.2,10000,316228,0.0038350541802430974,0.002731467702648448
cardinality,hll,lg_k=12,zipf,1.2,10000,562341,0.0074261930372366315,0.0033550820517455147
cardinality,hll,lg_k=12,zipf,1.2,10000,1000000,0.008495124258999533,0.0007292805794213844
cardinality,hll,lg_k=12,zipf,1.2,10000,1778279,0.012036157435222699,0.0003386701130453281
cardinality,hll,lg_k=12,zipf,1.2,10000,3162278,0.0119,0.0
cardinality,hll,lg_k=12,zipf,1.2,10000,5623413,0.0119,0.0
cardinality,hll,lg_k=12,zipf,1.2,10000,10000000,0.0119,0.0
cardinality,hll,lg_k=12,zipf,1.5,10000,1000,0.0047619047619047615,0.004761904761904762
cardinality,hll,lg_k=12,zipf,1.5,10000,1778,0.011836262160247439,0.006035048709930789
cardinality,hll,lg_k=12,zipf,1.5,10000,3162,0.013499171572332805,0.007750044162511704
cardinality,hll,lg_k=12,zipf,1.5,10000,5623,0.011236772986403456,0.005576020084769563
cardinality,hll,lg_k=12,zipf,1.5,10000,10000,0.006121107328758487,0.005335012038042439
cardinality,hll,lg_k=12,zipf,1.5,10000,17783,0.011512669093354124,0.0032456692854311345
cardinality,hll,lg_k=12,zipf,1.5,10000,31623,0.012943655772454826,0.005249782296498458
cardinality,hll,lg_k=12,zipf,1.5,10000,56234,0.009505587392475917,0.0041809583968698905
cardinality,hll,lg_k=12,zipf,1.5,10000,100000,0.009914554715387831,0.00177400944612905
cardinality,hll,lg_k=12,zipf,1.5,10000,177828,0.004012952612968025,0.0008785656862650325
cardinality,hll,lg_k=12,zipf,1.5,10000,316228,0.006498142725332311,0.005686892773931433
cardinality,hll,lg_k=12,zipf,1.5,10000,562341,0.010150834471081166,0.0038346094416495486
cardinality,hll,lg_k=12,zipf,1.5,10000,1000000,0.007864924784568652,0.002182411328452037
cardinality,hll,lg_k=12,zipf,1.5,10000,1778279,0.0017910022795170177,0.000807396959228591
cardinality,hll,lg_k=12,zipf,1.5,10000,3162278,0.006042409185045442,0.00140658945809747
cardinality,hll,lg_k=12,zipf,1.5,10000,5623413,0.01216083505918023,0.0015059200975322082
cardinality,hll,lg_k=12,zipf,1.5,10000,10000000,0.012826655672837924,0.001443879880592032
cardinality,hll,lg_k=12,zipf,2.0,10000,1000,0.0,0.0
cardinality,hll,lg_k=12,zipf,2.0,10000,1778,0.0,0.0
cardinality,hll,lg_k=12,zipf,2.0,10000,3162,0.004115226337448559,0.00411522633744856
cardinality,hll,lg_k=12,zipf,2.0,10000,5623,0.006358434008538469,0.0031861302323386064
cardinality,hll,lg_k=12,zipf,2.0,10000,10000,0.009258325891849531,0.0021965327548622363
cardinality,hll,lg_k=12,zipf,2.0,10000,17783,0.01000628622111998,0.005588888035507023
cardinality,hll,lg_k=12,zipf,2.0,10000,31623,0.01304950656553299,0.006546222884217701
cardinality,hll,lg_k=12,zipf,2.0,10000,56234,0.00896530953094113,0.0029376147851662066
cardinality,hll,lg_k=12,zipf,2.0,10000,100000,0.012059152369924928,0.004045798072532286
cardinality,hll,lg_k=12,zipf,2.0,10000,177828,0.00965685596577908,0.0020084095001241674
cardinality,hll,lg_k=12,zipf,2.0,10000,316228,0.014093430926726878,0.003685835818565487
cardinality,hll,lg_k=12,zipf,2.0,10000,562341,0.016897127895880406,0.002485186131830724
cardinality,hll,lg_k=12,zipf,2.0,10000,1000000,0.011324669114089456,0.0024485860988650793
cardinality,hll,lg_k=12,zipf,2.0,10000,1778279,0.009257361069239273,0.003391120686996588
cardinality,hll,lg_k=12,zipf,2.0,10000,3162278,0.012005065101039797,0.0011903172975479984
cardinality,hll,lg_k=12,zipf,2.0,10000,5623413,0.008003452952475317,0.003940430550063077
cardinality,hll,lg_k=12,zipf,2.0,10000,10000000,0.011848869378865165,0.005256199134839605
cardinality,hll,lg_k=12,zipf,1.1,1000,1000,0.0048931853443131635,0.0033400887860500126
cardinality,hll,lg_k=12,zipf,1.1,1000,1778,0.005252238233768577,0.004038597478686882
cardinality,hll,lg_k=12,zipf,1.1,1000,3162,0.013362430949394072,0.006126030636293076
cardinality,hll,lg_k=12,zipf,1.1,1000,5623,0.008001068686700806,0.0033799811982211255
cardinality,hll,lg_k=12,zipf,1.1,1000,10000,0.008945599299877552,0.004677859262240492
cardinality,hll,lg_k=12,zipf,1.1,1000,17783,0.012330413981172121,0.002129035324797451
cardinality,hll,lg_k=12,zipf,1.1,1000,31623,0.010752925283492457,0.0013324364976840702
cardinality,hll,lg_k=12,zipf,1.1,1000,56234,0.011345369441658306,0.00034536944165830817
cardinality,hll,lg_k=12,zipf,1.1,1000,100000,0.011003670337003668,3.6703370036705175e-06
cardinality,hll,lg_k=12,zipf,1.1,1000,177828,0.011000000000000001,1.2266347333466993e-18
cardinality,hll,lg_k=12,zipf,1.1,1000,316228,0.011000000000000001,1.2266347333466993e-18
cardinality,hll,lg_k=12,zipf,1.1,1000,562341,0.011000000000000001,1.2266347333466993e-18
cardinality,hll,lg_k=12,zipf,1.1,1000,1000000,0.011000000000000001,1.2266347333466993e-18
cardinality,hll,lg_k=12,zipf,1.1,1000,1778279,0.011000000000000001,1.2266347333466993e-18
cardinality,hll,lg_k=12,zipf,1.1,1000,3162278,0.011000000000000001,1.2266347333466993e-18
cardinality,hll,lg_k=12,zipf,1.1,1000,5623413,0.011000000000000001,1.2266347333466993e-18
cardinality,hll,lg_k=12,zipf,1.1,1000,10000000,0.011000000000000001,1.2266347333466993e-18
cardinality,hll,lg_k=12,zipf,1.1,100000,1000,0.006282483213935837,0.001215860882786742
cardinality,hll,lg_k=12,zipf,1.1,100000,1778,0.002556396402481236,0.0007129409709179221
cardinality,hll,lg_k=12,zipf,1.1,100000,3162,0.002924806272263774,0.0009400089868486399
cardinality,hll,lg_k=12,zipf,1.1,100000,5623,0.0038258922818868095,0.0017775117361148798
cardinality,hll,lg_k=12,zipf,1.1,100000,10000,0.009668575254778147,0.002015405371430699
cardinality,hll,lg_k=12,zipf,1.1,100000,17783,0.003296912510889729,0.0019696527486605876
cardinality,hll,lg_k=12,zipf,1.1,100000,31623,0.004649427920611852,0.0010875318865779563
cardinality,hll,lg_k=12,zipf,1.1,100000,56234,0.009096957464604358,0.004764091831809922
cardinality,hll,lg_k=12,zipf,1.1,100000,100000,0.017725802396401032,0.0019984366173117977
cardinality,hll,lg_k=12,zipf,1.1,100000,177828,0.02483656135561003,0.004112543402142832
cardinality,hll,lg_k=12,zipf,1.1,100000,316228,0.029056574472885482,0.010086646448156034
cardinality,hll,lg_k=12,zipf,1.1,100000,562341,0.019805626744791294,0.01028305141144186
cardinality,hll,lg_k=12,zipf,1.1,100000,1000000,0.02029717012581551,0.0047118209025520065
cardinality,hll,lg_k=12,zipf,1.1,100000,1778279,0.015849554226204075,0.002321962080576406
cardinality,hll,lg_k=12,zipf,1.1,100000,3162278,0.011476469170984731,0.00036227109261397536
cardinality,hll,lg_k=12,zipf,1.1,100000,5623413,0.013126789990037739,0.0008908423458910971
cardinality,hll,lg_k=12,zipf,1.1,100000,10000000,0.010863294945516829,0.0005131138199518543
cardinality,hll,lg_k=12,zipf,1.1,10000000,1000,0.007077530985141085,0.0017623449257093652
cardinality,hll,lg_k=12,zipf,1.1,10000000,1778,0.013994752194994534,0.0018090048648642591
cardinality,hll,lg_k=12,zipf,1.1,10000000,3162,0.0025977807722762382,0.0016278655704560622
cardinality,hll,lg_k=12,zipf,1.1,10000000,5623,0.009713363617053649,0.002533452257011914
cardinality,hll,lg_k=12,zipf,1.1,10000000,10000,0.0050945724108840875,0.003539616531577452
cardinality,hll,lg_k=12,zipf,1.1,10000000,17783,0.0062475106932373915,0.0025692086664059507
cardinality,hll,lg_k=12,zipf,1.1,10000000,31623,0.009019849503084456,0.003993913624571546
cardinality,hll,lg_k=12,zipf,1.1,10000000,56234,0.020221431492961534,0.007029889002343437
cardinality,hll,lg_k=12,zipf,1.1,10000000,100000,0.010008422441691117,0.00223194326408168
cardinality,hll,lg_k=12,zipf,1.1,10000000,177828,0.005739845667845942,0.004707258873514856
cardinality,hll,lg_k=12,zipf,1.1,10000000,316228,0.009252887498979621,0.0029290906227978503
cardinality,hll,lg_k=12,zipf,1.1,10000000,562341,0.004806833328737608,0.002368393221660241
cardinality,hll,lg_k=12,zipf,1.1,10000000,1000000,0.004159975158631676,0.0013312922255218672
cardinality,hll,lg_k=12,zipf,1.1,10000000,1778279,0.013412105194439044,0.0031165953899118613
cardinality,hll,lg_k=12,zipf,1.1,10000000,3162278,0.0157145504026408,0.0016204012954165485
cardinality,hll,lg_k=12,zipf,1.1,10000000,5623413,0.01428651135141939,0.008075595676144198
cardinality,hll,lg_k=12,zipf,1.1,10000000,10000000,0.009318303055711644,0.00644652483630774
cardinality,hll,lg_k=14,zipf,0.0,10000,1000,0.004231778131515818,0.0021976358076506537
cardinality,hll,lg_k=14,zipf,0.0,10000,1778,0.0030737839761325546,0.0024815260604315386
cardinality,hll,lg_k=14,zipf,0.0,10000,3162,0.0032079544811440923,0.000607639916303578
cardinality,hll,lg_k=14,zipf,0.0,10000,5623,0.004582414316499443,0.001949766566388754
cardinality,hll,lg_k=14,zipf,0.0,10000,10000,0.0026920960630573572,0.0009910745661246554
cardinality,hll,lg_k=14,zipf,0.0,10000,17783,0.0010023453359043941,0.0003564770565415655
cardinality,hll,lg_k=14,zipf,0.0,10000,31623,0.003067294837818523,0.001450101384917459
cardinality,hll,lg_k=14,zipf,0.0,10000,56234,0.0033786170812662854,8.651074439064767e-05
cardinality,hll,lg_k=14,zipf,0.0,10000,100000,0.0035,0.0
cardinality,hll,lg_k=14,zipf,0.0,10000,177828,0.0035,0.0
cardinality,hll,lg_k=14,zipf,0.0,10000,316228,0.0035,0.0
cardinality,hll,lg_k=14,zipf,0.0,10000,562341,0.0035,0.0
cardinality,hll,lg_k=14,zipf,0.0,10000,1000000,0.0035,0.0
cardinality,hll,lg_k=14,zipf,0.0,10000,1778279,0.0035,0.0
cardinality,hll,lg_k=14,zipf,0.0,10000,3162278,0.0035,0.0
cardinality,hll,lg_k=14,zipf,0.0,10000,5623413,0.0035,0.0
cardinality,hll,lg_k=14,zipf,0.0,10000,10000000,0.0035,0.0
cardinality,hll,lg_k=14,zipf,0.5,10000,1000,0.005878413597461526,0.0020505245864802573
cardinality,hll,lg_k=14,zipf,0.5,10000,1778,0.008134766302832922,0.00022374938929445336
cardinality,hll,lg_k=14,zipf,0.5,10000,3162,0.0072916542943407036,0.0015893062201570746
cardinality,hll,lg_k=14,zipf,0.5,10000,5623,0.002701907642661173,0.0011688501374171373
cardinality,hll,lg_k=14,zipf,0.5,10000,10000,0.004907091260160481,0.0022943224338672318
cardinality,hll,lg_k=14,zipf,0.5,10000,17783,0.004421340025954762,0.0012043381758780028
cardinality,hll,lg_k=14,zipf,0.5,10000,31623,0.0032979671129179833,0.0004958735271871324
cardinality,hll,lg_k=14,zipf,0.5,10000,56234,0.003788134539859689,0.0008571730024762028
cardinality,hll,lg_k=14,zipf,0.5,10000,100000,0.003407172030420829,0.00040510913154047606
cardinality,hll,lg_k=14,zipf,0.5,10000,177828,0.0035,0.0
cardinality,hll,lg_k=14,zipf,0.5,10000,316228,0.0035,0.0
cardinality,hll,lg_k=14,zipf,0.5,10000,562341,0.0035,0.0
cardinality,hll,lg_k=14,zipf,0.5,10000,1000000,0.0035,0.0
cardinality,hll,lg_k=14,zipf,0.5,10000,1778279,0.0035,0.0
cardinality,hll,lg_k=14,zipf,0.5,10000,3162278,0.0035,0.0
cardinality,hll,lg_k=14,zipf,0.5,10000,5623413,0.0035,0.0
cardinality,hll,lg_k=14,zipf,0.5,10000,10000000,0.0035,0.0
cardinality,hll,lg_k=14,zipf,0.8,10000,1000,0.005511263777011585,0.0020807351971638436
cardinality,hll,lg_k=14,zipf,0.8,10000,1778,0.006472550723675865,0.003508495620129204
cardinality,hll,lg_k=14,zipf,0.8,10000,3162,0.005972715491785664,0.0027482002764442942
cardinality,hll,lg_k=14,zipf,0.8,10000,5623,0.0022538706672739464,0.0014118706902667229
cardinality,hll,lg_k=14,zipf,0.8,10000,10000,0.006556239161699014,0.00147717958645112
cardinality,hll,lg_k=14,zipf,0.8,10000,17783,0.005929884266238509,0.0011946444070265302
cardinality,hll,lg_k=14,zipf,0.8,10000,31623,0.0036111228740245064,0.000734703355609311
cardinality,hll,lg_k=14,zipf,0.8,10000,56234,0.0035754968061902093,0.0016077436497765483
cardinality,hll,lg_k=14,zipf,0.8,10000,100000,0.0041221072132973215,0.00047269812382796944
cardinality,hll,lg_k=14,zipf,0.8,10000,177828,0.003949110647359844,0.00037846458701931663
cardinality,hll,lg_k=14,zipf,0.8,10000,316228,0.003566906690669067,3.3453345334533376e-05
cardinality,hll,lg_k=14,zipf,0.8,10000,562341,0.0035,0.0
cardinality,hll,lg_k=14,zipf,0.8,10000,1000000,0.0035,0.0
cardinality,hll,lg_k=14,zipf,0.8,10000,1778279,0.0035,0.0
cardinality,hll,lg_k=14,zipf,0.8,10000,3162278,0.0035,0.0
cardinality,hll,lg_k=14,zipf,0.8,10000,5623413,0.0035,0.0
cardinality,hll,lg_k=14,zipf,0.8,10000,10000000,0.0035,0.0
cardinality,hll,lg_k=14,zipf,1.0,10000,1000,0.0019230769230769232,0.0019230769230769232
cardinality,hll,lg_k=14,zipf,1.0,10000,1778,0.002068173476287642,0.0008504672785148491
cardinality,hll,lg_k=14,zipf,1.0,10000,3162,0.0034153591834320727,0.001127905429133086
cardinality,hll,lg_k=14,zipf,1.0,10000,5623,0.0030750118888931716,0.0016174402961841845
cardinality,hll,lg_k=14,zipf,1.0,10000,10000,0.003860194849088079,0.0007343213814489925
cardinality,hll,lg_k=14,zipf,1.0,10000,17783,0.004539255544092956,0.002617434800762121
cardinality,hll,lg_k=14,zipf,1.0,10000,31623,0.0069873816267568695,0.0033822708672434157
cardinality,hll,lg_k=14,zipf,1.0,10000,56234,0.004345546652633728,0.0015329140034554406
cardinality,hll,lg_k=14,zipf,1.0,10000,100000,0.004243849334898378,0.0017880595283310552
cardinality,hll,lg_k=14,zipf,1.0,10000,177828,0.003788300089668668,0.00021067226340062314
cardinality,hll,lg_k=14,zipf,1.0,10000,316228,0.0037677175496938498,0.0004118605191949398
cardinality,hll,lg_k=14,zipf,1.0,10000,562341,0.003434246917403887,0.00012018878747227854
cardinality,hll,lg_k=14,zipf,1.0,10000,1000000,0.0035,0.0
cardinality,hll,lg_k=14,zipf,1.0,10000,1778279,0.0035,0.0
cardinality,hll,lg_k=14,zipf,1.0,10000,3162278,0.0035,0.0
cardinality,hll,lg_k=14,zipf,1.0,10000,5623413,0.0035,0.0
cardinality,hll,lg_k=14,zipf,1.0,10000,10000000,0.0035,0.0
cardinality,hll,lg_k=14,zipf,1.2,10000,1000,0.006367637903351251,0.0017300324308104494
cardinality,hll,lg_k=14,zipf,1.2,10000,1778,0.006267433735244895,0.0012817643104473374
cardinality,hll,lg_k=14,zipf,1.2,10000,3162,0.0054904730387285465,0.0020621949190226265
cardinality,hll,lg_k=14,zipf,1.2,10000,5623,0.00996344962724976,0.0031158864823424
cardinality,hll,lg_k=14,zipf,1.2,10000,10000,0.009271557068419365,0.0028703464261961454
cardinality,hll,lg_k=14,zipf,1.2,10000,17783,0.00674721336599626,0.0018402129707266984
cardinality,hll,lg_k=14,zipf,1.2,10000,31623,0.004156741904806992,0.000698438376622155
cardinality,hll,lg_k=14,zipf,1.2,10000,56234,0.0024363866877812825,0.00034727362081363655
cardinality,hll,lg_k=14,zipf,1.2,10000,100000,0.0042377626152488605,0.002053706414447765
cardinality,hll,lg_k=14,zipf,1.2,10000,177828,0.00487207069127954,0.0016242492880810058
cardinality,hll,lg_k=14,zipf,1.2,10000,316228,0.005249561042806344,0.001284445591186647
cardinality,hll,lg_k=14,zipf,1.2,10000,562341,0.003541128845677736,0.0014148798775922126
cardinality,hll,lg_k=14,zipf,1.2,10000,1000000,0.003727084109359823,0.0002673821634080544
cardinality,hll,lg_k=14,zipf,1.2,10000,1778279,0.0034007935487290184,2.2675736280905814e-07
cardinality,hll,lg_k=14,zipf,1.2,10000,3162278,0.0035,0.0
cardinality,hll,lg_k=14,zipf,1.2,10000,5623413,0.0035,0.0
cardinality,hll,lg_k=14,zipf,1.2,10000,10000000,0.0035,0.0
cardinality,hll,lg_k=14,zipf,1.5,10000,1000,0.0026881720430107525,0.0026881720430107525
cardinality,hll,lg_k=14,zipf,1.5,10000,1778,0.0033508452886104934,0.0016759936993728766
cardinality,hll,lg_k=14,zipf,1.5,10000,3162,0.00570719245106902,0.0010619962883735296
cardinality,hll,lg_k=14,zipf,1.5,10000,5623,0.0056798636519998745,0.0035658873961806866
cardinality,hll,lg_k=14,zipf,1.5,10000,10000,0.0022034166790205045,0.0005112911058823518
cardinality,hll,lg_k=14,zipf,1.5,10000,17783,0.003170145333632859,0.0007883070070375946
cardinality,hll,lg_k=14,zipf,1.5,10000,31623,0.003316933889394682,0.0020257110420863664
cardinality,hll,lg_k=14,zipf,1.5,10000,56234,0.0031527876863392413,0.0023224532402411294
cardinality,hll,lg_k=14,zipf,1.5,10000,100000,0.0030060029903820583,0.0008829646847225981
cardinality,hll,lg_k=14,zipf,1.5,10000,177828,0.002637406796974707,0.001524494632011412
cardinality,hll,lg_k=14,zipf,1.5,10000,316228,0.0024046528223641557,0.0017111269958098878
cardinality,hll,lg_k=14,zipf,1.5,10000,562341,0.005080449817616423,0.002695357894974177
cardinality,hll,lg_k=14,zipf,1.5,10000,1000000,0.002909041762665565,0.0014787486768195665
cardinality,hll,lg_k=14,zipf,1.5,10000,1778279,0.0026891881005177472,0.0014189320282787627
cardinality,hll,lg_k=14,zipf,1.5,10000,3162278,0.0025693466261173257,0.0005086310264728096
cardinality,hll,lg_k=14,zipf,1.5,10000,5623413,0.003610537697150014,0.0009820542976058109
cardinality,hll,lg_k=14,zipf,1.5,10000,10000000,0.0034406020868393184,0.00023412754228463846
cardinality,hll,lg_k=14,zipf,2.0,10000,1000,0.0,0.0
cardinality,hll,lg_k=14,zipf,2.0,10000,1778,0.0,0.0
cardinality,hll,lg_k=14,zipf,2.0,10000,3162,0.0,0.0
cardinality,hll,lg_k=14,zipf,2.0,10000,5623,0.0,0.0
cardinality,hll,lg_k=14,zipf,2.0,10000,10000,0.002178649237472767,0.0021786492374727667
cardinality,hll,lg_k=14,zipf,2.0,10000,17783,0.003392837152427945,0.0017029627520009395
cardinality,hll,lg_k=14,zipf,2.0,10000,31623,0.004052902756108041,0.00017402058956998595
cardinality,hll,lg_k=14,zipf,2.0,10000,56234,0.002009855556766312,0.001006294420296553
cardinality,hll,lg_k=14,zipf,2.0,10000,100000,0.002257336343115124,0.0022573363431151244
cardinality,hll,lg_k=14,zipf,2.0,10000,177828,0.0045435537999344655,0.0005327387934308974
cardinality,hll,lg_k=14,zipf,2.0,10000,316228,0.00526733619571158,0.0007638727487840823
cardinality,hll,lg_k=14,zipf,2.0,10000,562341,0.004368501450455829,0.0034401774327662295
cardinality,hll,lg_k=14,zipf,2.0,10000,1000000,0.0030181424119167257,0.0011562123224207435
cardinality,hll,lg_k=14,zipf,2.0,10000,1778279,0.003271903756980634,0.0015705140854661672
cardinality,hll,lg_k=14,zipf,2.0,10000,3162278,0.00576841395881383,0.0017757747674183805
cardinality,hll,lg_k=14,zipf,2.0,10000,5623413,0.0028483240640463435,0.00012499480543681044
cardinality,hll,lg_k=14,zipf,2.0,10000,10000000,0.0015078231863422098,0.0003129427343357448
cardinality,hll,lg_k=14,zipf,1.1,1000,1000,0.004830528702709154,0.001345030431107453
cardinality,hll,lg_k=14,zipf,1.1,1000,1778,0.003281885320720272,0.002132421474636031
cardinality,hll,lg_k=14,zipf,1.1,1000,3162,0.007899644919112513,0.0033579776268549016
cardinality,hll,lg_k=14,zipf,1.1,1000,5623,0.005634636971724141,0.002146519003453496
cardinality,hll,lg_k=14,zipf,1.1,1000,10000,0.0023558176848027454,0.0013537394137122748
cardinality,hll,lg_k=14,zipf,1.1,1000,17783,0.001057113252603463,4.040582666626442e-06
cardinality,hll,lg_k=14,zipf,1.1,1000,31623,0.0010084240342692428,3.223579342811292e-06
cardinality,hll,lg_k=14,zipf,1.1,1000,56234,0.0010010030090270813,1.0030090270812374e-06
cardinality,hll,lg_k=14,zipf,1.1,1000,100000,0.0010003336670003336,3.336670003336572e-07
cardinality,hll,lg_k=14,zipf,1.1,1000,177828,0.001,0.0
cardinality,hll,lg_k=14,zipf,1.1,1000,316228,0.001,0.0
cardinality,hll,lg_k=14,zipf,1.1,1000,562341,0.001,0.0
cardinality,hll,lg_k=14,zipf,1.1,1000,1000000,0.001,0.0
cardinality,hll,lg_k=14,zipf,1.1,1000,1778279,0.001,0.0
cardinality,hll,lg_k=14,zipf,1.1,1000,3162278,0.001,0.0
cardinality,hll,lg_k=14,zipf,1.1,1000,5623413,0.001,0.0
cardinality,hll,lg_k=14,zipf,1.1,1000,10000000,0.001,0.0
cardinality,hll,lg_k=14,zipf,1.1,100000,1000,0.002102560503444807,0.0012233054577845692
cardinality,hll,lg_k=14,zipf,1.1,100000,1778,0.005974119247684263,0.0007725856824383714
cardinality,hll,lg_k=14,zipf,1.1,100000,3162,0.00450116950574565,0.002935041657663973
cardinality,hll,lg_k=14,zipf,1.1,100000,5623,0.005008576788525163,0.0007633508966370507
cardinality,hll,lg_k=14,zipf,1.1,100000,10000,0.0044602655065910535,0.0009652565607289317
cardinality,hll,lg_k=14,zipf,1.1,100000,17783,0.003101088015921206,0.000636077220299217
cardinality,hll,lg_k=14,zipf,1.1,100000,31623,0.0031263772923614333,0.0011685917525484006
cardinality,hll,lg_k=14,zipf,1.1,100000,56234,0.004183208445296679,0.0023228678325514806
cardinality,hll,lg_k=14,zipf,1.1,100000,100000,0.004150556346263692,0.0022856215326665197
cardinality,hll,lg_k=14,zipf,1.1,100000,177828,0.004715657310219637,0.001144746989991918
cardinality,hll,lg_k=14,zipf,1.1,100000,316228,0.0035416082084761386,0.001032977857972607
cardinality,hll,lg_k=14,zipf,1.1,100000,562341,0.00494288511406785,0.0032208383989638946
cardinality,hll,lg_k=14,zipf,1.1,100000,1000000,0.004800329143935233,0.0013617202382043862
cardinality,hll,lg_k=14,zipf,1.1,100000,1778279,0.00532480769615644,0.0014922019037688064
cardinality,hll,lg_k=14,zipf,1.1,100000,3162278,0.008188253721953144,0.0026411031439252317
cardinality,hll,lg_k=14,zipf,1.1,100000,5623413,0.00801380105805862,0.00033619232106103114
cardinality,hll,lg_k=14,zipf,1.1,100000,10000000,0.007886731341621121,0.0002070991273219328
cardinality,hll,lg_k=14,zipf,1.1,10000000,1000,0.0029398970879622433,0.00056922520739702
cardinality,hll,lg_k=14,zipf,1.1,10000000,1778,0.003941400081371068,0.0017969879149295912
cardinality,hll,lg_k=14,zipf,1.1,10000000,3162,0.0037119999005110777,0.0012271008739506237
cardinality,hll,lg_k=14,zipf,1.1,10000000,5623,0.004342319746038436,0.001991501968832457
cardinality,hll,lg_k=14,zipf,1.1,10000000,10000,0.0043601771392480304,0.0014223284746611505
cardinality,hll,lg_k=14,zipf,1.1,10000000,17783,0.0063569290728093504,0.0029730979848619113
cardinality,hll,lg_k=14,zipf,1.1,10000000,31623,0.007261705063621028,0.002314837170570523
cardinality,hll,lg_k=14,zipf,1.1,10000000,56234,0.01096671789116062,0.0018861721787746962
cardinality,hll,lg_k=14,zipf,1.1,10000000,100000,0.0038426001593706485,0.003463080260713418
cardinality,hll,lg_k=14,zipf,1.1,10000000,177828,0.011414529381206429,0.002129948745009366
cardinality,hll,lg_k=14,zipf,1.1,10000000,316228,0.004689193657223549,0.0016296500347312238
cardinality,hll,lg_k=14,zipf,1.1,10000000,562341,0.004567338318162245,0.0032030161333148764
cardinality,hll,lg_k=14,zipf,1.1,10000000,1000000,0.001778007799003432,0.0007319099106265527
cardinality,hll,lg_k=14,zipf,1.1,10000000,1778279,0.0023812782985376626,0.0008978198452198002
cardinality,hll,lg_k=14,zipf,1.1,10000000,3162278,0.006014941982858536,0.002434028144991151
cardinality,hll,lg_k=14,zipf,1.1,10000000,5623413,0.010808870710404804,0.003463182078825962
cardinality,hll,lg_k=14,zipf,1.1,10000000,10000000,0.00693346929696268,0.0019658333206513602
cardinality,hll,lg_k=16,zipf,0.0,10000,1000,0.0014068733295545428,0.0003481002300266416
cardinality,hll,lg_k=16,zipf,0.0,10000,1778,0.0014464846986084873,0.0008975100956972375
cardinality,hll,lg_k=16,zipf,0.0,10000,3162,0.001241490098038575,0.000872349445964158
cardinality,hll,lg_k=16,zipf,0.0,10000,5623,0.0015594598009095507,0.0012136804762952998
cardinality,hll,lg_k=16,zipf,0.0,10000,10000,0.0008420043493595998,0.0006058020765462356
cardinality,hll,lg_k=16,zipf,0.0,10000,17783,0.0006414402993072176,0.00040095417300660093
cardinality,hll,lg_k=16,zipf,0.0,10000,31623,0.0014982314479681732,0.00030927095010755686
cardinality,hll,lg_k=16,zipf,0.0,10000,56234,0.0024754882726668666,0.00014585429781946942
cardinality,hll,lg_k=16,zipf,0.0,10000,100000,0.0023,0.0
cardinality,hll,lg_k=16,zipf,0.0,10000,177828,0.0023,0.0
cardinality,hll,lg_k=16,zipf,0.0,10000,316228,0.0023,0.0
cardinality,hll,lg_k=16,zipf,0.0,10000,562341,0.0023,0.0
cardinality,hll,lg_k=16,zipf,0.0,10000,1000000,0.0023,0.0
cardinality,hll,lg_k=16,zipf,0.0,10000,1778279,0.0023,0.0
cardinality,hll,lg_k=16,zipf,0.0,10000,3162278,0.0023,0.0
cardinality,hll,lg_k=16,zipf,0.0,10000,5623413,0.0023,0.0
cardinality,hll,lg_k=16,zipf,0.0,10000,10000000,0.0023,0.0
cardinality,hll,lg_k=16,zipf,0.5,10000,1000,0.0018243485070127523,0.0009623973319078195
cardinality,hll,lg_k=16,zipf,0.5,10000,1778,0.001102934920633172,0.00022714974796401947
cardinality,hll,lg_k=16,zipf,0.5,10000,3162,0.002295428564965517,0.0006018838757613592
cardinality,hll,lg_k=16,zipf,0.5,10000,5623,0.002353950200511991,0.0011093740336593008
cardinality,hll,lg_k=16,zipf,0.5,10000,10000,0.004003977087989856,0.0015171197247752476
cardinality,hll,lg_k=16,zipf,0.5,10000,17783,0.0033068856498915805,0.0008567504885652832
cardinality,hll,lg_k=16,zipf,0.5,10000,31623,0.0022585396078814613,0.00048039276258544065
cardinality,hll,lg_k=16,zipf,0.5,10000,56234,0.0020474731173755157,0.00039006025608880664
cardinality,hll,lg_k=16,zipf,0.5,10000,100000,0.0023048637942096072,5.8320404576010054e-05
cardinality,hll,lg_k=16,zipf,0.5,10000,177828,0.0023,0.0
cardinality,hll,lg_k=16,zipf,0.5,10000,316228,0.0023,0.0
cardinality,hll,lg_k=16,zipf,0.5,10000,562341,0.0023,0.0
cardinality,hll,lg_k=16,zipf,0.5,10000,1000000,0.0023,0.0
cardinality,hll,lg_k=16,zipf,0.5,10000,1778279,0.0023,0.0
cardinality,hll,lg_k=16,zipf,0.5,10000,3162278,0.0023,0.0
cardinality,hll,lg_k=16,zipf,0.5,10000,5623413,0.0023,0.0
cardinality,hll,lg_k=16,zipf,0.5,10000,10000000,0.0023,0.0
cardinality,hll,lg_k=16,zipf,0.8,10000,1000,0.002299013468669684,0.00044824975726215203
cardinality,hll,lg_k=16,zipf,0.8,10000,1778,0.0011554250502290343,0.0007616798450500699
cardinality,hll,lg_k=16,zipf,0.8,10000,3162,0.002148755654092755,0.000522207107271956
cardinality,hll,lg_k=16,zipf,0.8,10000,5623,0.0032925497927208613,0.0006075162225319061
cardinality,hll,lg_k=16,zipf,0.8,10000,10000,0.0022403140078896696,0.000713378388806271
cardinality,hll,lg_k=16,zipf,0.8,10000,17783,0.0013244433166460093,0.00041452270879396933
cardinality,hll,lg_k=16,zipf,0.8,10000,31623,0.0017392063814721994,0.0003361201701430615
cardinality,hll,lg_k=16,zipf,0.8,10000,56234,0.002408666871821226,0.00022864037816677915
cardinality,hll,lg_k=16,zipf,0.8,10000,100000,0.003022858090201875,0.00029971636069083495
cardinality,hll,lg_k=16,zipf,0.8,10000,177828,0.0024095282286683887,0.0001537076118143888
cardinality,hll,lg_k=16,zipf,0.8,10000,316228,0.0023334900156682333,3.337507022266727e-05
cardinality,hll,lg_k=16,zipf,0.8,10000,562341,0.0023,0.0
cardinality,hll,lg_k=16,zipf,0.8,10000,1000000,0.0023,0.0
cardinality,hll,lg_k=16,zipf,0.8,10000,1778279,0.0023,0.0
cardinality,hll,lg_k=16,zipf,0.8,10000,3162278,0.0023,0.0
cardinality,hll,lg_k=16,zipf,0.8,10000,5623413,0.0023,0.0
cardinality,hll,lg_k=16,zipf,0.8,10000,10000000,0.0023,0.0
cardinality,hll,lg_k=16,zipf,1.0,10000,1000,0.0019356460532931122,0.0011103601219385507
cardinality,hll,lg_k=16,zipf,1.0,10000,1778,0.002025249280417549,0.0007752264281856975
cardinality,hll,lg_k=16,zipf,1.0,10000,3162,0.0015734847129523707,0.0007745765354466674
cardinality,hll,lg_k=16,zipf,1.0,10000,5623,0.0013635416414783336,0.0008372174987016037
cardinality,hll,lg_k=16,zipf,1.0,10000,10000,0.0014036328006300659,0.0005377905466656593
cardinality,hll,lg_k=16,zipf,1.0,10000,17783,0.0025481832585644982,0.0013708125137730327
cardinality,hll,lg_k=16,zipf,1.0,10000,31623,0.0027141581240813797,0.0006790758726546051
cardinality,hll,lg_k=16,zipf,1.0,10000,56234,0.0011205940154040484,0.0007179860889375277
cardinality,hll,lg_k=16,zipf,1.0,10000,100000,0.0009730259162788125,0.0005454169082266106
cardinality,hll,lg_k=16,zipf,1.0,10000,177828,0.001262637516520857,0.00026457587553068617
cardinality,hll,lg_k=16,zipf,1.0,10000,316228,0.002287139018926123,3.236419185028002e-05
cardinality,hll,lg_k=16,zipf,1.0,10000,562341,0.0023339568383817805,3.338175493673861e-05
cardinality,hll,lg_k=16,zipf,1.0,10000,1000000,0.0023,0.0
cardinality,hll,lg_k=16,zipf,1.0,10000,1778279,0.0023,0.0
cardinality,hll,lg_k=16,zipf,1.0,10000,3162278,0.0023,0.0
cardinality,hll,lg_k=16,zipf,1.0,10000,5623413,0.0023,0.0
cardinality,hll,lg_k=16,zipf,1.0,10000,10000000,0.0023,0.0
cardinality,hll,lg_k=16,zipf,1.2,10000,1000,0.0010857763300760044,0.0010857763300760044
cardinality,hll,lg_k=16,zipf,1.2,10000,1778,0.000693000693000693,0.0006930006930006931
cardinality,hll,lg_k=16,zipf,1.2,10000,3162,0.0018357321992187525,0.0012001130332233785
cardinality,hll,lg_k=16,zipf,1.2,10000,5623,0.002416732505380707,0.0012085005812146835
cardinality,hll,lg_k=16,zipf,1.2,10000,10000,0.0022662692421088365,0.0007618707426669556
cardinality,hll,lg_k=16,zipf,1.2,10000,17783,0.0017196977728773522,0.0007427303573189865
cardinality,hll,lg_k=16,zipf,1.2,10000,31623,0.0020270271243353695,0.0005624768824379284
cardinality,hll,lg_k=16,zipf,1.2,10000,56234,0.0036089258745709875,0.0007676841460638573
cardinality,hll,lg_k=16,zipf,1.2,10000,100000,0.002285164377294469,0.0011544391405725572
cardinality,hll,lg_k=16,zipf,1.2,10000,177828,0.001832089728240497,0.0011270025260678436
cardinality,hll,lg_k=16,zipf,1.2,10000,316228,0.0027379450078429553,0.0006685237706174798
cardinality,hll,lg_k=16,zipf,1.2,10000,562341,0.002325868710733911,0.00030935741224963673
cardinality,hll,lg_k=16,zipf,1.2,10000,1000000,0.0023504686640770014,0.00023577152157118621
cardinality,hll,lg_k=16,zipf,1.2,10000,1778279,0.0023005368123755125,1.5339468660615732e-07
cardinality,hll,lg_k=16,zipf,1.2,10000,3162278,0.0023,0.0
cardinality,hll,lg_k=16,zipf,1.2,10000,5623413,0.0023,0.0
cardinality,hll,lg_k=16,zipf,1.2,10000,10000000,0.0023,0.0
cardinality,hll,lg_k=16,zipf,1.5,10000,1000,0.0,0.0
cardinality,hll,lg_k=16,zipf,1.5,10000,1778,0.0,0.0
cardinality,hll,lg_k=16,zipf,1.5,10000,3162,0.0,0.0
cardinality,hll,lg_k=16,zipf,1.5,10000,5623,0.0016144416299215061,0.0008073982648709998
cardinality,hll,lg_k=16,zipf,1.5,10000,10000,0.0005583472920156337,0.0005583472920156337
cardinality,hll,lg_k=16,zipf,1.5,10000,17783,0.0007816627239892107,0.0003909119254052642
cardinality,hll,lg_k=16,zipf,1.5,10000,31623,0.002538522630255823,0.00098638954982305
cardinality,hll,lg_k=16,zipf,1.5,10000,56234,0.0011831988100400538,0.0009039374244991864
cardinality,hll,lg_k=16,zipf,1.5,10000,100000,0.0015738593504800221,0.0007100841601605027
cardinality,hll,lg_k=16,zipf,1.5,10000,177828,0.0031778358632325063,0.00016242930572640737
cardinality,hll,lg_k=16,zipf,1.5,10000,316228,0.0022393479755277814,0.00041122675961913273
cardinality,hll,lg_k=16,zipf,1.5,10000,562341,0.002205041448056773,0.0006464800178781643
cardinality,hll,lg_k=16,zipf,1.5,10000,1000000,0.002339024722193014,0.0010146130263384572
cardinality,hll,lg_k=16,zipf,1.5,10000,1778279,0.002082856201022753,0.0010416225844872469
cardinality,hll,lg_k=16,zipf,1.5,10000,3162278,0.0019191536395983394,0.00034771861341948405
cardinality,hll,lg_k=16,zipf,1.5,10000,5623413,0.0020437743200528084,0.0001768390911749418
cardinality,hll,lg_k=16,zipf,1.5,10000,10000000,0.002238026553920077,6.669848362762883e-05
cardinality,hll,lg_k=16,zipf,2.0,10000,1000,0.0,0.0
cardinality,hll,lg_k=16,zipf,2.0,10000,1778,0.0,0.0
cardinality,hll,lg_k=16,zipf,2.0,10000,3162,0.0,0.0
cardinality,hll,lg_k=16,zipf,2.0,10000,5623,0.0,0.0
cardinality,hll,lg_k=16,zipf,2.0,10000,10000,0.0,0.0
cardinality,hll,lg_k=16,zipf,2.0,10000,17783,0.0,0.0
cardinality,hll,lg_k=16,zipf,2.0,10000,31623,0.001443001443001443,0.0014430014430014432
cardinality,hll,lg_k=16,zipf,2.0,10000,56234,0.0010351966873706003,0.0010351966873706005
cardinality,hll,lg_k=16,zipf,2.0,10000,100000,0.0007524454477050414,0.0007524454477050414
cardinality,hll,lg_k=16,zipf,2.0,10000,177828,0.0011456411013508526,0.0005729448339962363
cardinality,hll,lg_k=16,zipf,2.0,10000,316228,0.001317127989518974,1.0943076966980934e-05
cardinality,hll,lg_k=16,zipf,2.0,10000,562341,0.0023401038845329084,0.0014768525292866116
cardinality,hll,lg_k=16,zipf,2.0,10000,1000000,0.001510016264596416,0.0007567098106005136
cardinality,hll,lg_k=16,zipf,2.0,10000,1778279,0.00154263749515483,0.0005110639000231257
cardinality,hll,lg_k=16,zipf,2.0,10000,3162278,0.0013286914531479594,0.0008829576957477237
cardinality,hll,lg_k=16,zipf,2.0,10000,5623413,0.0019366759101505104,0.0007976533956136779
cardinality,hll,lg_k=16,zipf,2.0,10000,10000000,0.0009789765047520627,0.0007127568907010216
cardinality,hll,lg_k=16,zipf,1.1,1000,1000,0.0,0.0
cardinality,hll,lg_k=16,zipf,1.1,1000,1778,0.0017342083305143992,0.0008673702552800945
cardinality,hll,lg_k=16,zipf,1.1,1000,3162,0.0018307982827703469,1.955109021793093e-05
cardinality,hll,lg_k=16,zipf,1.1,1000,5623,0.0014131743753861708,7.507093007985201e-06
cardinality,hll,lg_k=16,zipf,1.1,1000,10000,0.0003907776475185619,0.0003907776475185619
cardinality,hll,lg_k=16,zipf,1.1,1000,17783,0.000705495812378428,0.00035276923572764136
cardinality,hll,lg_k=16,zipf,1.1,1000,31623,0.00033738191632928474,0.0003373819163292848
cardinality,hll,lg_k=16,zipf,1.1,1000,56234,0.0,0.0
cardinality,hll,lg_k=16,zipf,1.1,1000,100000,0.0,0.0
cardinality,hll,lg_k=16,zipf,1.1,1000,177828,0.0,0.0
cardinality,hll,lg_k=16,zipf,1.1,1000,316228,0.0,0.0
cardinality,hll,lg_k=16,zipf,1.1,1000,562341,0.0,0.0
cardinality,hll,lg_k=16,zipf,1.1,1000,1000000,0.0,0.0
cardinality,hll,lg_k=16,zipf,1.1,1000,1778279,0.0,0.0
cardinality,hll,lg_k=16,zipf,1.1,1000,3162278,0.0,0.0
cardinality,hll,lg_k=16,zipf,1.1,1000,5623413,0.0,0.0
cardinality,hll,lg_k=16,zipf,1.1,1000,10000000,0.0,0.0
cardinality,hll,lg_k=16,zipf,1.1,100000,1000,0.0006958942240779401,0.00069589422407794
cardinality,hll,lg_k=16,zipf,1.1,100000,1778,0.001720974514427769,0.0004485535403399309
cardinality,hll,lg_k=16,zipf,1.1,100000,3162,0.0018539561282173381,0.001475597162783629
cardinality,hll,lg_k=16,zipf,1.1,100000,5623,0.0030068212196069227,0.00029140042461864004
cardinality,hll,lg_k=16,zipf,1.1,100000,10000,0.0028686079666838996,0.001576990635399725
cardinality,hll,lg_k=16,zipf,1.1,100000,17783,0.002755816015414031,0.000758731257530166
cardinality,hll,lg_k=16,zipf,1.1,100000,31623,0.001432911739302431,0.0001205611000669957
cardinality,hll,lg_k=16,zipf,1.1,100000,56234,0.002371596788087822,0.0002680625440146659
cardinality,hll,lg_k=16,zipf,1.1,100000,100000,0.0026141122759811334,0.0007280809766489689
cardinality,hll,lg_k=16,zipf,1.1,100000,177828,0.0031828251436252075,0.0003355633886461027
cardinality,hll,lg_k=16,zipf,1.1,100000,316228,0.0035890985196124735,0.0005831340522368853
cardinality,hll,lg_k=16,zipf,1.1,100000,562341,0.003028376298324091,0.0018666223066735386
cardinality,hll,lg_k=16,zipf,1.1,100000,1000000,0.001990285996431904,0.0004904503156326618
cardinality,hll,lg_k=16,zipf,1.1,100000,1778279,0.0016063056612726529,0.00048171693695929214
cardinality,hll,lg_k=16,zipf,1.1,100000,3162278,0.0024952745060561297,0.000415069512892464
cardinality,hll,lg_k=16,zipf,1.1,100000,5623413,0.0007388022714925404,0.0002670780508970028
cardinality,hll,lg_k=16,zipf,1.1,100000,10000000,0.00011355490090383934,6.397483225649668e-05
cardinality,hll,lg_k=16,zipf,1.1,10000000,1000,0.0041013372737926735,0.0015183135175642303
cardinality,hll,lg_k=16,zipf,1.1,10000000,1778,0.0021229960966883143,0.0010371521343864123
cardinality,hll,lg_k=16,zipf,1.1,10000000,3162,0.0019539993423200986,0.00134679794654587
cardinality,hll,lg_k=16,zipf,1.1,10000000,5623,0.0019712512375451197,0.00037571687397440484
cardinality,hll,lg_k=16,zipf,1.1,10000000,10000,0.0023349881351557487,0.00133610424073301
cardinality,hll,lg_k=16,zipf,1.1,10000000,17783,0.001972901260282043,0.0010082087537395445
cardinality,hll,lg_k=16,zipf,1.1,10000000,31623,0.0019413944465539663,0.0006760848023454405
cardinality,hll,lg_k=16,zipf,1.1,10000000,56234,0.0023723206503965585,0.0016158124298678283
cardinality,hll,lg_k=16,zipf,1.1,10000000,100000,0.0038426712239487616,0.0022635145435072504
cardinality,hll,lg_k=16,zipf,1.1,10000000,177828,0.002138805207824651,0.0014306653426236023
cardinality,hll,lg_k=16,zipf,1.1,10000000,316228,0.0027584650433001763,0.0014616838519360227
cardinality,hll,lg_k=16,zipf,1.1,10000000,562341,0.0036613932038169366,0.001550263501834674
cardinality,hll,lg_k=16,zipf,1.1,10000000,1000000,0.01581858483979633,0.00026461551194482556
cardinality,hll,lg_k=16,zipf,1.1,10000000,1778279,0.0023208236383035212,0.00032344499746885197
cardinality,hll,lg_k=16,zipf,1.1,10000000,3162278,0.0017320490661686186,0.00018642286590658724
cardinality,hll,lg_k=16,zipf,1.1,10000000,5623413,0.0021992443402881917,0.0015766274240756998
cardinality,hll,lg_k=16,zipf,1.1,10000000,10000000,0.001363364926418778,0.000288266695605986
quantile,kll-percall,k=50,pareto,1.1,,1000,0.011917491749174912,0.0016453163088234854
quantile,kll-percall,k=50,pareto,1.1,,1778,0.014074738182479665,0.00045501707921528537
quantile,kll-percall,k=50,pareto,1.1,,3162,0.011165907862133463,0.000842220521618723
quantile,kll-percall,k=50,pareto,1.1,,5623,0.010328694793719104,0.0010905249472440367
quantile,kll-percall,k=50,pareto,1.1,,10000,0.010440594059405941,0.0013133208365726336
quantile,kll-percall,k=50,pareto,1.1,,17783,0.011257083701959582,0.0006266952751254598
quantile,kll-percall,k=50,pareto,1.1,,31623,0.01077468158541497,0.0011703467642728282
quantile,kll-percall,k=50,pareto,1.1,,56234,0.009891498877099008,0.0016962209472606814
quantile,kll-percall,k=50,pareto,1.1,,100000,0.011032805280528054,2.355279782339695e-05
quantile,kll-percall,k=50,pareto,1.1,,177828,0.011415748565881621,0.0008250093852437406
quantile,kll-percall,k=50,pareto,1.1,,316228,0.011160042816581645,0.0008368114200739191
quantile,kll-percall,k=50,pareto,1.1,,562341,0.012746252416297232,0.0023752819994695123
quantile,kll-percall,k=50,pareto,1.1,,1000000,0.01125871617161716,0.00021860982220623103
quantile,kll-percall,k=50,pareto,1.1,,1778279,0.01411342184391106,0.0004385859767876721
quantile,kll-percall,k=50,pareto,1.1,,3162278,0.011340085690868999,0.003337836084301142
quantile,kll-percall,k=50,pareto,1.1,,5623413,0.014495146637745435,0.003483980158239038
quantile,kll-percall,k=50,pareto,1.1,,10000000,0.012092092739273927,0.0016655576321606346
quantile,kll-percall,k=50,pareto,1.5,,1000,0.008072607260726079,0.0007658685886452508
quantile,kll-percall,k=50,pareto,1.5,,1778,0.019055934839828193,0.006358866875994812
quantile,kll-percall,k=50,pareto,1.5,,3162,0.014287861423713527,0.0006942841502116998
quantile,kll-percall,k=50,pareto,1.5,,5623,0.01158461622438253,0.0014153184176520289
quantile,kll-percall,k=50,pareto,1.5,,10000,0.0113986798679868,0.001325188172138992
quantile,kll-percall,k=50,pareto,1.5,,17783,0.0121977677720536,0.00096160949077571
quantile,kll-percall,k=50,pareto,1.5,,31623,0.010898249582097003,0.0011858861024956048
quantile,kll-percall,k=50,pareto,1.5,,56234,0.011581627736341228,0.002687961254799867
quantile,kll-percall,k=50,pareto,1.5,,100000,0.010455874587458745,0.0011630870535261322
quantile,kll-percall,k=50,pareto,1.5,,177828,0.00916994810352214,0.0009744232911543693
quantile,kll-percall,k=50,pareto,1.5,,316228,0.012245246369634878,0.00042327653596018513
quantile,kll-percall,k=50,pareto,1.5,,562341,0.013570771919787483,0.00172144899338534
quantile,kll-percall,k=50,pareto,1.5,,1000000,0.010217478547854783,0.0013620564230540642
quantile,kll-percall,k=50,pareto,1.5,,1778279,0.013718473367964328,0.004423904874067588
quantile,kll-percall,k=50,pareto,1.5,,3162278,0.010799774291464788,0.0018968298924499458
quantile,kll-percall,k=50,pareto,1.5,,5623413,0.013465049732177043,0.0025988957628598685
quantile,kll-percall,k=50,pareto,1.5,,10000000,0.01352456435643564,0.0011883042664276586
quantile,kll-percall,k=50,pareto,2.0,,1000,0.010115511551155119,0.0022366329572309795
quantile,kll-percall,k=50,pareto,2.0,,1778,0.014546807886637933,0.0006780832791782842
quantile,kll-percall,k=50,pareto,2.0,,3162,0.01108908803593832,0.0009514151103538805
quantile,kll-percall,k=50,pareto,2.0,,5623,0.010693098653632034,0.0010591437739445335
quantile,kll-percall,k=50,pareto,2.0,,10000,0.012063366336633664,0.0011068865598693055
quantile,kll-percall,k=50,pareto,2.0,,17783,0.010575465239264179,0.0010051482390485266
quantile,kll-percall,k=50,pareto,2.0,,31623,0.010587672276382366,0.001518493688580305
quantile,kll-percall,k=50,pareto,2.0,,56234,0.010983694841369478,0.0015798873336321704
quantile,kll-percall,k=50,pareto,2.0,,100000,0.009757788778877887,0.001166965594858233
quantile,kll-percall,k=50,pareto,2.0,,177828,0.012549739352098377,0.0016686652141945663
quantile,kll-percall,k=50,pareto,2.0,,316228,0.011863619226817628,0.0013376568122381715
quantile,kll-percall,k=50,pareto,2.0,,562341,0.010388581859674393,0.0007446773747735697
quantile,kll-percall,k=50,pareto,2.0,,1000000,0.011922788778877888,0.0017822427670409128
quantile,kll-percall,k=50,pareto,2.0,,1778279,0.013320021634667709,0.0013803073417054282
quantile,kll-percall,k=50,pareto,2.0,,3162278,0.008797111850168371,0.00043809312177094844
quantile,kll-percall,k=50,pareto,2.0,,5623413,0.009810748184045487,0.0010231299093886724
quantile,kll-percall,k=50,pareto,2.0,,10000000,0.012177602310231026,0.0016732681865987153
quantile,kll-percall,k=50,pareto,3.0,,1000,0.013709570957095704,0.002562848119263907
quantile,kll-percall,k=50,pareto,3.0,,1778,0.01318157012551649,0.0002314517611857231
quantile,kll-percall,k=50,pareto,3.0,,3162,0.01314026089515972,0.000711276815299033
quantile,kll-percall,k=50,pareto,3.0,,5623,0.012840748951295632,0.0014052998672164016
quantile,kll-percall,k=50,pareto,3.0,,10000,0.010533663366336632,0.0010293955811814766
quantile,kll-percall,k=50,pareto,3.0,,17783,0.009138746186377056,0.0012671710091284706
quantile,kll-percall,k=50,pareto,3.0,,31623,0.00838901877095973,0.000997627693046533
quantile,kll-percall,k=50,pareto,3.0,,56234,0.010499149534400745,0.0023963097396044798
quantile,kll-percall,k=50,pareto,3.0,,100000,0.009444224422442244,0.0011096437116738342
quantile,kll-percall,k=50,pareto,3.0,,177828,0.012383510569155298,0.0013574821461294073
quantile,kll-percall,k=50,pareto,3.0,,316228,0.009873570771575555,0.0005004661150354499
quantile,kll-percall,k=50,pareto,3.0,,562341,0.009308350735098588,0.002083903656767393
quantile,kll-percall,k=50,pareto,3.0,,1000000,0.012270808580858083,0.0013597940421329743
quantile,kll-percall,k=50,pareto,3.0,,1778279,0.009372702947671605,0.0007741200515049212
quantile,kll-percall,k=50,pareto,3.0,,3162278,0.011573242151039309,0.0011444392917169203
quantile,kll-percall,k=50,pareto,3.0,,5623413,0.010567413736493876,0.0007802406345176505
quantile,kll-percall,k=50,pareto,3.0,,10000000,0.014751009570957097,0.002638601422398333
quantile,kll-percall,k=200,pareto,1.1,,1000,0.001356435643564357,0.0003331699105979468
quantile,kll-percall,k=200,pareto,1.1,,1778,0.001887907575909446,0.0001333329703488911
quantile,kll-percall,k=200,pareto,1.1,,3162,0.002504785582922619,0.0003574704449020214
quantile,kll-percall,k=200,pareto,1.1,,5623,0.0025606464256598175,0.0003062298726219791
quantile,kll-percall,k=200,pareto,1.1,,10000,0.003014191419141915,0.00014385464373722394
quantile,kll-percall,k=200,pareto,1.1,,17783,0.0025379395050228767,0.00010408218904557269
quantile,kll-percall,k=200,pareto,1.1,,31623,0.0035713906273465786,0.0007029099150395976
quantile,kll-percall,k=200,pareto,1.1,,56234,0.002584979947651557,0.00015210851416145975
quantile,kll-percall,k=200,pareto,1.1,,100000,0.0029767656765676566,0.00027380788080406113
quantile,kll-percall,k=200,pareto,1.1,,177828,0.002674953236601753,0.0002711281138839144
quantile,kll-percall,k=200,pareto,1.1,,316228,0.004164088733904699,0.0006338638849356572
quantile,kll-percall,k=200,pareto,1.1,,562341,0.0032334510185242048,0.000298520450204441
quantile,kll-percall,k=200,pareto,1.1,,1000000,0.0030205907590759077,0.0002152998272880773
quantile,kll-percall,k=200,pareto,1.1,,1778279,0.002990335223006627,0.0006829158360772137
quantile,kll-percall,k=200,pareto,1.1,,3162278,0.002065387704373206,9.074918956510872e-05
quantile,kll-percall,k=200,pareto,1.1,,5623413,0.002669568634510105,0.00022033164640011785
quantile,kll-percall,k=200,pareto,1.1,,10000000,0.003971682838283828,0.0003265207392968667
quantile,kll-percall,k=200,pareto,1.5,,1000,0.0011848184818481855,6.575861005007016e-05
quantile,kll-percall,k=200,pareto,1.5,,1778,0.0016119643460408997,7.396798838135784e-05
quantile,kll-percall,k=200,pareto,1.5,,3162,0.0018301279843354358,5.302579470757409e-05
quantile,kll-percall,k=200,pareto,1.5,,5623,0.0035871236065452548,0.0010381778696002086
quantile,kll-percall,k=200,pareto,1.5,,10000,0.0036429042904290443,0.0006242246004234294
quantile,kll-percall,k=200,pareto,1.5,,17783,0.0032521455485817375,0.00022639635674265331
quantile,kll-percall,k=200,pareto,1.5,,31623,0.002958298201511641,2.680276997931085e-05
quantile,kll-percall,k=200,pareto,1.5,,56234,0.002392974617730652,0.00016410662908583227
quantile,kll-percall,k=200,pareto,1.5,,100000,0.0030408910891089116,0.0005035077817333638
quantile,kll-percall,k=200,pareto,1.5,,177828,0.003935503071867346,0.0004823147027184733
quantile,kll-percall,k=200,pareto,1.5,,316228,0.002642329628816506,9.440737689841672e-05
quantile,kll-percall,k=200,pareto,1.5,,562341,0.0028520235390570767,0.00022897918840399917
quantile,kll-percall,k=200,pareto,1.5,,1000000,0.002838389438943895,9.160361408427336e-05
quantile,kll-percall,k=200,pareto,1.5,,1778279,0.003002998595796271,0.00024702052132690794
quantile,kll-percall,k=200,pareto,1.5,,3162278,0.0026857791535193913,0.0003304663322097683
quantile,kll-percall,k=200,pareto,1.5,,5623413,0.0029365200310721884,0.00019923409156038634
quantile,kll-percall,k=200,pareto,1.5,,10000000,0.003457790429042903,0.00023728561118851785
quantile,kll-percall,k=200,pareto,2.0,,1000,0.0014158415841584169,0.00015560627371783873
quantile,kll-percall,k=200,pareto,2.0,,1778,0.002066214495465294,0.00029918783272652057
quantile,kll-percall,k=200,pareto,2.0,,3162,0.0017598420183574306,4.589961146442462e-05
quantile,kll-percall,k=200,pareto,2.0,,5623,0.005698806587043197,0.0008805084370433222
quantile,kll-percall,k=200,pareto,2.0,,10000,0.002954455445544554,7.191009428878215e-05
quantile,kll-percall,k=200,pareto,2.0,,17783,0.003098119630328888,0.0004044918664623663
quantile,kll-percall,k=200,pareto,2.0,,31623,0.0032852816635425045,0.0003141519505948999
quantile,kll-percall,k=200,pareto,2.0,,56234,0.0026033496759356907,0.0002593087279717713
quantile,kll-percall,k=200,pareto,2.0,,100000,0.0021304950495049505,0.00016592171848505265
quantile,kll-percall,k=200,pareto,2.0,,177828,0.0031015589581091865,0.0005179557420316182
quantile,kll-percall,k=200,pareto,2.0,,316228,0.002857123474974461,0.00015104822630606482
quantile,kll-percall,k=200,pareto,2.0,,562341,0.0033618950994951714,0.0003575702527279875
quantile,kll-percall,k=200,pareto,2.0,,1000000,0.0038923729372937303,0.001010236484012441
quantile,kll-percall,k=200,pareto,2.0,,1778279,0.003000465999186659,0.00020153032379173814
quantile,kll-percall,k=200,pareto,2.0,,3162278,0.002245601004549676,0.0005021957296380596
quantile,kll-percall,k=200,pareto,2.0,,5623413,0.002832404079300608,0.00043052016419827324
quantile,kll-percall,k=200,pareto,2.0,,10000000,0.002344444554455448,0.0002608994509190343
quantile,kll-percall,k=200,pareto,3.0,,1000,0.0015181518151815192,0.000384923760995204
quantile,kll-percall,k=200,pareto,3.0,,1778,0.0022362798709567237,0.0005438447123846806
quantile,kll-percall,k=200,pareto,3.0,,3162,0.0019695935437946057,0.00027855552307669154
quantile,kll-percall,k=200,pareto,3.0,,5623,0.0034896573420457855,0.0008564610743072117
quantile,kll-percall,k=200,pareto,3.0,,10000,0.00232904290429043,0.00015933349452837628
quantile,kll-percall,k=200,pareto,3.0,,17783,0.002873599568245641,0.0003408914688946524
quantile,kll-percall,k=200,pareto,3.0,,31623,0.002502044246735649,0.000278632354760741
quantile,kll-percall,k=200,pareto,3.0,,56234,0.0031927350717786862,0.0003360738951805136
quantile,kll-percall,k=200,pareto,3.0,,100000,0.0022425412541254115,0.00021479584634426303
quantile,kll-percall,k=200,pareto,3.0,,177828,0.0017749743123310258,7.250698427546207e-05
quantile,kll-percall,k=200,pareto,3.0,,316228,0.002661718655516588,0.0006695625852888581
quantile,kll-percall,k=200,pareto,3.0,,562341,0.002629397969965527,0.00030744702272457344
quantile,kll-percall,k=200,pareto,3.0,,1000000,0.0029921914191419134,9.931831985293754e-05
quantile,kll-percall,k=200,pareto,3.0,,1778279,0.0023689540027833156,0.00012163742999864613
quantile,kll-percall,k=200,pareto,3.0,,3162278,0.0028553736725659973,0.0007574538362786224
quantile,kll-percall,k=200,pareto,3.0,,5623413,0.002681253873366367,0.0005824810369435284
quantile,kll-percall,k=200,pareto,3.0,,10000000,0.0026952735973597365,0.0002690785399831321
quantile,kll-percall,k=800,pareto,1.1,,1000,0.0,0.0
quantile,kll-percall,k=800,pareto,1.1,,1778,0.00017329516978694434,1.1806155444608715e-05
quantile,kll-percall,k=800,pareto,1.1,,3162,0.00025876591454211483,4.0841443651952826e-05
quantile,kll-percall,k=800,pareto,1.1,,5623,0.00037584320409632925,7.798820081996534e-05
quantile,kll-percall,k=800,pareto,1.1,,10000,0.0006669966996699674,6.745361111482989e-05
quantile,kll-percall,k=800,pareto,1.1,,17783,0.0005758995176355066,8.190549644897009e-05
quantile,kll-percall,k=800,pareto,1.1,,31623,0.0007297399885136023,6.882887940290595e-05
quantile,kll-percall,k=800,pareto,1.1,,56234,0.0005654484074149847,1.5047351966273079e-05
quantile,kll-percall,k=800,pareto,1.1,,100000,0.0007128712871287118,0.0001721281457299462
quantile,kll-percall,k=800,pareto,1.1,,177828,0.0005434806251392411,4.387075456669781e-05
quantile,kll-percall,k=800,pareto,1.1,,316228,0.0005678135644370039,5.003603840050245e-05
quantile,kll-percall,k=800,pareto,1.1,,562341,0.0007840532942313543,9.656936928946425e-05
quantile,kll-percall,k=800,pareto,1.1,,1000000,0.0008183564356435646,4.546208669503988e-05
quantile,kll-percall,k=800,pareto,1.1,,1778279,0.0006585989635319493,4.23330496900832e-05
quantile,kll-percall,k=800,pareto,1.1,,3162278,0.0006103331320976931,1.4388963579138079e-05
quantile,kll-percall,k=800,pareto,1.1,,5623413,0.0006076023893172199,4.845594615795444e-05
quantile,kll-percall,k=800,pareto,1.1,,10000000,0.0007781854785478522,0.00010671244436591721
quantile,kll-percall,k=800,pareto,1.5,,1000,3.3003300330033004e-06,3.3003300330033004e-06
quantile,kll-percall,k=800,pareto,1.5,,1778,0.00010999862640932159,3.553956688212492e-05
quantile,kll-percall,k=800,pareto,1.5,,3162,0.00022868510759994201,5.642998223923319e-06
quantile,kll-percall,k=800,pareto,1.5,,5623,0.0004786740456012543,5.6261340844670775e-05
quantile,kll-percall,k=800,pareto,1.5,,10000,0.00043531353135313494,2.0261446175802374e-05
quantile,kll-percall,k=800,pareto,1.5,,17783,0.0005967374558970838,0.000175480814230939
quantile,kll-percall,k=800,pareto,1.5,,31623,0.0006624037795108585,4.811277146371682e-05
quantile,kll-percall,k=800,pareto,1.5,,56234,0.0007517561871064225,0.0001973409327449535
quantile,kll-percall,k=800,pareto,1.5,,100000,0.0006282838283828382,0.00014011130493733377
quantile,kll-percall,k=800,pareto,1.5,,177828,0.0006063024819250911,3.8824421201339824e-05
quantile,kll-percall,k=800,pareto,1.5,,316228,0.0007579775648359307,0.00014644562823680634
quantile,kll-percall,k=800,pareto,1.5,,562341,0.0006914086394955595,0.00010191507197774403
quantile,kll-percall,k=800,pareto,1.5,,1000000,0.0005297557755775577,7.279011351283247e-05
quantile,kll-percall,k=800,pareto,1.5,,1778279,0.0007097818722595247,6.8897668011559e-05
quantile,kll-percall,k=800,pareto,1.5,,3162278,0.0005148196452948896,5.339331585636581e-05
quantile,kll-percall,k=800,pareto,1.5,,5623413,0.0005899668688278771,4.409227039243573e-05
quantile,kll-percall,k=800,pareto,1.5,,10000000,0.0006798003300330062,0.00017770552401140442
quantile,kll-percall,k=800,pareto,2.0,,1000,9.900990099009901e-06,5.7163392989071865e-06
quantile,kll-percall,k=800,pareto,2.0,,1778,0.000104207271120811,1.678020390663708e-05
quantile,kll-percall,k=800,pareto,2.0,,3162,0.00031193441924837477,5.14346848275149e-05
quantile,kll-percall,k=800,pareto,2.0,,5623,0.00030831644430670974,9.866422093825925e-06
quantile,kll-percall,k=800,pareto,2.0,,10000,0.0006521452145214516,4.623643412061552e-05
quantile,kll-percall,k=800,pareto,2.0,,17783,0.0006578129555631167,9.54538263734859e-05
quantile,kll-percall,k=800,pareto,2.0,,31623,0.00045504749697055074,1.8537017189340702e-05
quantile,kll-percall,k=800,pareto,2.0,,56234,0.0006302812235201525,8.496062047976402e-05
quantile,kll-percall,k=800,pareto,2.0,,100000,0.00039798679867986743,1.9088151425986748e-05
quantile,kll-percall,k=800,pareto,2.0,,177828,0.0005735122402178845,9.322168739842684e-05
quantile,kll-percall,k=800,pareto,2.0,,316228,0.0004866443232607634,7.426440743315176e-05
quantile,kll-percall,k=800,pareto,2.0,,562341,0.0005193377639043722,5.003215183288941e-05
quantile,kll-percall,k=800,pareto,2.0,,1000000,0.0005505247524752476,7.086924295097846e-05
quantile,kll-percall,k=800,pareto,2.0,,1778279,0.0006208023054707915,5.782382137849347e-05
quantile,kll-percall,k=800,pareto,2.0,,3162278,0.000623871916271611,0.00023541765933369688
quantile,kll-percall,k=800,pareto,2.0,,5623413,0.0005434753596508499,4.5143369164642646e-05
quantile,kll-percall,k=800,pareto,2.0,,10000000,0.00045547095709570854,6.371407365328702e-05
quantile,kll-percall,k=800,pareto,3.0,,1000,3.3003300330033004e-06,3.3003300330033004e-06
quantile,kll-percall,k=800,pareto,3.0,,1778,7.016449676463565e-05,8.634280324989073e-06
quantile,kll-percall,k=800,pareto,3.0,,3162,0.00022173374832739593,6.112084932523128e-06
quantile,kll-percall,k=800,pareto,3.0,,5623,0.0002774319758136221,5.335227689055082e-05
quantile,kll-percall,k=800,pareto,3.0,,10000,0.00042376237623762276,7.200772577066311e-05
quantile,kll-percall,k=800,pareto,3.0,,17783,0.000465203074319693,6.839055600599096e-05
quantile,kll-percall,k=800,pareto,3.0,,31623,0.0005028038142017412,8.418972566360084e-05
quantile,kll-percall,k=800,pareto,3.0,,56234,0.00038797687785280835,3.955867999672233e-05
quantile,kll-percall,k=800,pareto,3.0,,100000,0.0007019801980198008,0.00025345162272046083
quantile,kll-percall,k=800,pareto,3.0,,177828,0.0005424762059173739,0.0001471720547018482
quantile,kll-percall,k=800,pareto,3.0,,316228,0.0006746375207995281,8.859468062092515e-05
quantile,kll-percall,k=800,pareto,3.0,,562341,0.0005502679296401691,0.00014290082213124126
quantile,kll-percall,k=800,pareto,3.0,,1000000,0.00041852145214521454,8.780609478348939e-05
quantile,kll-percall,k=800,pareto,3.0,,1778279,0.0005937065413174498,6.206648112203534e-05
quantile,kll-percall,k=800,pareto,3.0,,3162278,0.0002922286980582588,3.873910661233341e-05
quantile,kll-percall,k=800,pareto,3.0,,5623413,0.000457637961274776,0.0001920122807015158
quantile,kll-percall,k=800,pareto,3.0,,10000000,0.0003753323432343228,4.499325265136616e-05
quantile,dd,alpha=0.005,pareto,1.1,,1000,0.002542510286350568,5.9185093186601166e-05
quantile,dd,alpha=0.005,pareto,1.1,,1778,0.0025734699450766685,8.050174636343481e-05
quantile,dd,alpha=0.005,pareto,1.1,,3162,0.0025694856337921,3.9867170919600226e-05
quantile,dd,alpha=0.005,pareto,1.1,,5623,0.0022869737394645598,1.2933479605696272e-05
quantile,dd,alpha=0.005,pareto,1.1,,10000,0.0023822184854590408,5.0566585852171866e-05
quantile,dd,alpha=0.005,pareto,1.1,,17783,0.0023102914588626206,7.65811149024148e-05
quantile,dd,alpha=0.005,pareto,1.1,,31623,0.0023327928937965287,7.453830368298263e-05
quantile,dd,alpha=0.005,pareto,1.1,,56234,0.0024064696232819036,1.4821324983193765e-05
quantile,dd,alpha=0.005,pareto,1.1,,100000,0.0023014544073949096,7.326228860713695e-05
quantile,dd,alpha=0.005,pareto,1.1,,177828,0.0022771697688427624,5.3398921400279614e-05
quantile,dd,alpha=0.005,pareto,1.1,,316228,0.0021826474828859693,2.615499052673453e-05
quantile,dd,alpha=0.005,pareto,1.1,,562341,0.0021691238214768638,6.181331782627149e-05
quantile,dd,alpha=0.005,pareto,1.1,,1000000,0.002063151452289464,7.521328901105996e-05
quantile,dd,alpha=0.005,pareto,1.1,,1778279,0.0020716417192062297,4.581923798413083e-05
quantile,dd,alpha=0.005,pareto,1.1,,3162278,0.0020507102980685584,3.202660827649341e-05
quantile,dd,alpha=0.005,pareto,1.1,,5623413,0.0020006331986075067,1.852166058268768e-05
quantile,dd,alpha=0.005,pareto,1.1,,10000000,0.0019489875139417389,6.928372335061871e-06
quantile,dd,alpha=0.005,pareto,1.5,,1000,0.00234034504406273,3.776517362955282e-05
quantile,dd,alpha=0.005,pareto,1.5,,1778,0.0023126364395293776,2.0540776193039015e-05
quantile,dd,alpha=0.005,pareto,1.5,,3162,0.002430526393792392,4.182535301404927e-05
quantile,dd,alpha=0.005,pareto,1.5,,5623,0.00252087244898177,5.706381311917771e-05
quantile,dd,alpha=0.005,pareto,1.5,,10000,0.002484913866083584,5.583917873800186e-05
quantile,dd,alpha=0.005,pareto,1.5,,17783,0.002410459811792064,6.871022977452118e-05
quantile,dd,alpha=0.005,pareto,1.5,,31623,0.002401892519813319,3.314001659184539e-05
quantile,dd,alpha=0.005,pareto,1.5,,56234,0.0024413223093503137,8.143347587620231e-05
quantile,dd,alpha=0.005,pareto,1.5,,100000,0.0024159295543032364,1.1432030643566364e-05
quantile,dd,alpha=0.005,pareto,1.5,,177828,0.0022826781184971372,0.00010111843059923517
quantile,dd,alpha=0.005,pareto,1.5,,316228,0.002287480379355023,1.945849234810432e-06
quantile,dd,alpha=0.005,pareto,1.5,,562341,0.002344439067655524,4.618323017171533e-05
quantile,dd,alpha=0.005,pareto,1.5,,1000000,0.002403390989983741,7.112395324922183e-05
quantile,dd,alpha=0.005,pareto,1.5,,1778279,0.0024030363899615955,2.3509365445871347e-05
quantile,dd,alpha=0.005,pareto,1.5,,3162278,0.002442928236927109,3.091945334004877e-05
quantile,dd,alpha=0.005,pareto,1.5,,5623413,0.0023891548960556963,3.4674779145043934e-05
quantile,dd,alpha=0.005,pareto,1.5,,10000000,0.0023874866727583268,2.6216949618159316e-05
quantile,dd,alpha=0.005,pareto,2.0,,1000,0.0023412451704244905,0.00015421692380124016
quantile,dd,alpha=0.005,pareto,2.0,,1778,0.0023465435534479654,2.6942908352746086e-05
quantile,dd,alpha=0.005,pareto,2.0,,3162,0.002467262949886756,0.00012681926063537084
quantile,dd,alpha=0.005,pareto,2.0,,5623,0.002327584429689331,0.00013436906380818512
quantile,dd,alpha=0.005,pareto,2.0,,10000,0.0025461251022005295,3.99801007794583e-05
quantile,dd,alpha=0.005,pareto,2.0,,17783,0.0023828266439424903,6.692377497531822e-05
quantile,dd,alpha=0.005,pareto,2.0,,31623,0.0023955365381806023,6.24317356373201e-05
quantile,dd,alpha=0.005,pareto,2.0,,56234,0.002405581518796643,1.023757649439644e-05
quantile,dd,alpha=0.005,pareto,2.0,,100000,0.0023471881897485984,3.267254917033096e-05
quantile,dd,alpha=0.005,pareto,2.0,,177828,0.002256360567383326,5.732951140528264e-05
quantile,dd,alpha=0.005,pareto,2.0,,316228,0.0023010665661569517,2.4405461129249007e-05
quantile,dd,alpha=0.005,pareto,2.0,,562341,0.0022914660415391725,1.628050217863349e-05
quantile,dd,alpha=0.005,pareto,2.0,,1000000,0.0022870611112797393,2.6641671654765315e-05
quantile,dd,alpha=0.005,pareto,2.0,,1778279,0.0023265202280141678,9.604952662406315e-06
quantile,dd,alpha=0.005,pareto,2.0,,3162278,0.002326377582588165,2.2594919929096574e-05
quantile,dd,alpha=0.005,pareto,2.0,,5623413,0.002354243722302206,1.0554072868639202e-05
quantile,dd,alpha=0.005,pareto,2.0,,10000000,0.002315245161874252,1.62729668363203e-05
quantile,dd,alpha=0.005,pareto,3.0,,1000,0.002497897083690923,7.088034641821136e-05
quantile,dd,alpha=0.005,pareto,3.0,,1778,0.0023921349803561506,1.5846230855129044e-05
quantile,dd,alpha=0.005,pareto,3.0,,3162,0.002548761274731155,3.106383437175899e-05
quantile,dd,alpha=0.005,pareto,3.0,,5623,0.002391538613573578,3.913313796581374e-05
quantile,dd,alpha=0.005,pareto,3.0,,10000,0.0024696755587619874,0.00011436638996217545
quantile,dd,alpha=0.005,pareto,3.0,,17783,0.002374721682724868,4.875178105897219e-05
quantile,dd,alpha=0.005,pareto,3.0,,31623,0.002461675430861817,2.5818808042538817e-05
quantile,dd,alpha=0.005,pareto,3.0,,56234,0.0023848370829977392,5.725706518070937e-05
quantile,dd,alpha=0.005,pareto,3.0,,100000,0.002486240817349316,3.848855902224955e-05
quantile,dd,alpha=0.005,pareto,3.0,,177828,0.002459702749718872,6.060616957665537e-05
quantile,dd,alpha=0.005,pareto,3.0,,316228,0.002529333473914576,2.0327401095328212e-05
quantile,dd,alpha=0.005,pareto,3.0,,562341,0.0024746213359652033,2.2540579393938288e-05
quantile,dd,alpha=0.005,pareto,3.0,,1000000,0.0024882265911625426,2.9503053266544315e-05
quantile,dd,alpha=0.005,pareto,3.0,,1778279,0.0025042829818767262,1.0529352286076669e-05
quantile,dd,alpha=0.005,pareto,3.0,,3162278,0.002495660116919251,2.9148752358337193e-05
quantile,dd,alpha=0.005,pareto,3.0,,5623413,0.002505746556692377,1.4605927257726904e-05
quantile,dd,alpha=0.005,pareto,3.0,,10000000,0.0025030841233706514,4.041710557336501e-06
quantile,dd,alpha=0.01,pareto,1.1,,1000,0.004866462883754468,0.00011014334473626868
quantile,dd,alpha=0.01,pareto,1.1,,1778,0.0051108364145031416,7.275883092402996e-05
quantile,dd,alpha=0.01,pareto,1.1,,3162,0.004757605346441661,0.00018710508919588025
quantile,dd,alpha=0.01,pareto,1.1,,5623,0.005020722562263174,0.00014612151014783848
quantile,dd,alpha=0.01,pareto,1.1,,10000,0.0048847769993054894,5.213497822789153e-05
quantile,dd,alpha=0.01,pareto,1.1,,17783,0.004933856407699912,0.00019520268613271104
quantile,dd,alpha=0.01,pareto,1.1,,31623,0.00517006305305007,0.00011363271150117865
quantile,dd,alpha=0.01,pareto,1.1,,56234,0.004821944068190947,0.00023640233695151335
quantile,dd,alpha=0.01,pareto,1.1,,100000,0.004904508029782171,0.0001390410724859417
quantile,dd,alpha=0.01,pareto,1.1,,177828,0.004863262658395665,7.04965226305047e-05
quantile,dd,alpha=0.01,pareto,1.1,,316228,0.004962761295577993,3.388655521115631e-05
quantile,dd,alpha=0.01,pareto,1.1,,562341,0.005106391565439169,2.7829467625568263e-05
quantile,dd,alpha=0.01,pareto,1.1,,1000000,0.005031224754932415,8.527055556114917e-05
quantile,dd,alpha=0.01,pareto,1.1,,1778279,0.004992359129496411,5.5831188815562e-05
quantile,dd,alpha=0.01,pareto,1.1,,3162278,0.0050435571585851985,1.9091314488397418e-05
quantile,dd,alpha=0.01,pareto,1.1,,5623413,0.00495714257980414,2.6851010432034926e-05
quantile,dd,alpha=0.01,pareto,1.1,,10000000,0.004977417037809188,9.162855243821178e-06
quantile,dd,alpha=0.01,pareto,1.5,,1000,0.00492693263336751,8.179880698794465e-05
quantile,dd,alpha=0.01,pareto,1.5,,1778,0.0051350907318289665,9.448164724780678e-05
quantile,dd,alpha=0.01,pareto,1.5,,3162,0.004695187487037809,3.3336320204509515e-05
quantile,dd,alpha=0.01,pareto,1.5,,5623,0.004949105280820664,4.3624406246793646e-05
quantile,dd,alpha=0.01,pareto,1.5,,10000,0.004810548774487724,0.00022313783545858007
quantile,dd,alpha=0.01,pareto,1.5,,17783,0.00483722127145831,8.99747145621057e-05
quantile,dd,alpha=0.01,pareto,1.5,,31623,0.004810724100358462,5.393568588935585e-05
quantile,dd,alpha=0.01,pareto,1.5,,56234,0.005059041178387357,9.792363991097973e-05
quantile,dd,alpha=0.01,pareto,1.5,,100000,0.004858391999639777,2.8369774114741026e-06
quantile,dd,alpha=0.01,pareto,1.5,,177828,0.004756812452136851,8.11436353898999e-05
quantile,dd,alpha=0.01,pareto,1.5,,316228,0.004696144109008368,3.6940614421191024e-05
quantile,dd,alpha=0.01,pareto,1.5,,562341,0.0047392226134461216,1.3427005531263753e-05
quantile,dd,alpha=0.01,pareto,1.5,,1000000,0.004718939788811654,3.0337294459792152e-05
quantile,dd,alpha=0.01,pareto,1.5,,1778279,0.004671809999471655,1.704549133973642e-05
quantile,dd,alpha=0.01,pareto,1.5,,3162278,0.004674917160790375,9.333211629293246e-06
quantile,dd,alpha=0.01,pareto,1.5,,5623413,0.0046844517577135075,1.836591183037729e-05
quantile,dd,alpha=0.01,pareto,1.5,,10000000,0.004677804431308917,1.8235681598043533e-05
quantile,dd,alpha=0.01,pareto,2.0,,1000,0.004965239688507997,5.1935985799477e-05
quantile,dd,alpha=0.01,pareto,2.0,,1778,0.004859025003814218,3.6522279601470524e-05
quantile,dd,alpha=0.01,pareto,2.0,,3162,0.005009738977751446,6.266091342368838e-05
quantile,dd,alpha=0.01,pareto,2.0,,5623,0.004824033566759114,8.461938536852206e-05
quantile,dd,alpha=0.01,pareto,2.0,,10000,0.004954034772145925,3.41106579033375e-05
quantile,dd,alpha=0.01,pareto,2.0,,17783,0.004855492379659148,0.0001150390239876542
quantile,dd,alpha=0.01,pareto,2.0,,31623,0.004895323726308277,9.380750692852275e-05
quantile,dd,alpha=0.01,pareto,2.0,,56234,0.004871314590806031,2.093286340881674e-05
quantile,dd,alpha=0.01,pareto,2.0,,100000,0.004897812689894191,3.51256097516521e-05
quantile,dd,alpha=0.01,pareto,2.0,,177828,0.004964251713350004,3.141329064373166e-05
quantile,dd,alpha=0.01,pareto,2.0,,316228,0.004924401592580282,2.0866696355858243e-05
quantile,dd,alpha=0.01,pareto,2.0,,562341,0.0049409627829559545,2.9331933823149745e-05
quantile,dd,alpha=0.01,pareto,2.0,,1000000,0.00490212809561385,2.1035422975028234e-05
quantile,dd,alpha=0.01,pareto,2.0,,1778279,0.004927066874645481,1.0060052300654874e-05
quantile,dd,alpha=0.01,pareto,2.0,,3162278,0.004961475685011597,4.906070044597543e-06
quantile,dd,alpha=0.01,pareto,2.0,,5623413,0.00496646553631457,2.4245958622491817e-05
quantile,dd,alpha=0.01,pareto,2.0,,10000000,0.004927896047486782,2.003222127989332e-05
quantile,dd,alpha=0.01,pareto,3.0,,1000,0.004779131829498985,3.64636449544863e-05
quantile,dd,alpha=0.01,pareto,3.0,,1778,0.0049344138416168234,2.866782006101956e-05
quantile,dd,alpha=0.01,pareto,3.0,,3162,0.004906710757222563,3.4353485419344004e-05
quantile,dd,alpha=0.01,pareto,3.0,,5623,0.0049033291680182145,0.00019660152695105313
quantile,dd,alpha=0.01,pareto,3.0,,10000,0.004640577334649261,0.00016868646552403529
quantile,dd,alpha=0.01,pareto,3.0,,17783,0.004739586815567865,6.529525907364659e-05
quantile,dd,alpha=0.01,pareto,3.0,,31623,0.004881188055368563,7.628552931506038e-05
quantile,dd,alpha=0.01,pareto,3.0,,56234,0.004847887311202157,7.309117632288101e-05
quantile,dd,alpha=0.01,pareto,3.0,,100000,0.004921560790769923,5.300683613195534e-05
quantile,dd,alpha=0.01,pareto,3.0,,177828,0.004951250199565668,3.480934192866285e-05
quantile,dd,alpha=0.01,pareto,3.0,,316228,0.004990052285131613,5.29009169074851e-05
quantile,dd,alpha=0.01,pareto,3.0,,562341,0.005008452212102014,1.9371218478261637e-05
quantile,dd,alpha=0.01,pareto,3.0,,1000000,0.005027118706729574,1.014805555924862e-05
quantile,dd,alpha=0.01,pareto,3.0,,1778279,0.005015027053823724,2.16001532609824e-05
quantile,dd,alpha=0.01,pareto,3.0,,3162278,0.005019679824762985,9.259174158947405e-06
quantile,dd,alpha=0.01,pareto,3.0,,5623413,0.004993914206988905,1.0942014048486481e-05
quantile,dd,alpha=0.01,pareto,3.0,,10000000,0.0050048841309483245,1.1551663792800821e-05
quantile,dd,alpha=0.02,pareto,1.1,,1000,0.009584721612513987,0.00020097402740914543
quantile,dd,alpha=0.02,pareto,1.1,,1778,0.0093534455378968,0.000188297678776086
quantile,dd,alpha=0.02,pareto,1.1,,3162,0.009589948262175583,0.00024278943569837723
quantile,dd,alpha=0.02,pareto,1.1,,5623,0.009874839021984922,0.00013696842655087777
quantile,dd,alpha=0.02,pareto,1.1,,10000,0.009867970527256546,9.473887285634208e-05
quantile,dd,alpha=0.02,pareto,1.1,,17783,0.009900012349790219,0.00016448872591010835
quantile,dd,alpha=0.02,pareto,1.1,,31623,0.010112359826080115,0.0002967242858963039
quantile,dd,alpha=0.02,pareto,1.1,,56234,0.009903285894857599,0.0004518813710205391
quantile,dd,alpha=0.02,pareto,1.1,,100000,0.009903732287617413,0.00020171225934155395
quantile,dd,alpha=0.02,pareto,1.1,,177828,0.009986810662501542,0.00019507523561917113
quantile,dd,alpha=0.02,pareto,1.1,,316228,0.009845589409653216,0.00013578504791148644
quantile,dd,alpha=0.02,pareto,1.1,,562341,0.009847233231300446,0.0001286013359351198
quantile,dd,alpha=0.02,pareto,1.1,,1000000,0.009906033807245479,6.169755412178095e-05
quantile,dd,alpha=0.02,pareto,1.1,,1778279,0.009955560470496103,3.0446540631782434e-05
quantile,dd,alpha=0.02,pareto,1.1,,3162278,0.009948755393523924,4.693619151452052e-05
quantile,dd,alpha=0.02,pareto,1.1,,5623413,0.009943159722760416,2.5994544614516356e-05
quantile,dd,alpha=0.02,pareto,1.1,,10000000,0.009932450766393864,1.7129201225369346e-05
quantile,dd,alpha=0.02,pareto,1.5,,1000,0.009726259607427063,0.00020195532672651672
quantile,dd,alpha=0.02,pareto,1.5,,1778,0.009987900853011012,0.00019133062033710113
quantile,dd,alpha=0.02,pareto,1.5,,3162,0.009890146265024309,0.00016710580371436873
quantile,dd,alpha=0.02,pareto,1.5,,5623,0.009716915767608003,0.0001680981950461665
quantile,dd,alpha=0.02,pareto,1.5,,10000,0.01016571868721105,0.00010889397644519945
quantile,dd,alpha=0.02,pareto,1.5,,17783,0.01009712408864612,0.00010954220622460357
quantile,dd,alpha=0.02,pareto,1.5,,31623,0.009743450977884198,8.994118223402362e-05
quantile,dd,alpha=0.02,pareto,1.5,,56234,0.009795201584581326,5.712657253346203e-05
quantile,dd,alpha=0.02,pareto,1.5,,100000,0.009801619890100602,9.805251718384748e-05
quantile,dd,alpha=0.02,pareto,1.5,,177828,0.009831980782140565,0.00016520498671063625
quantile,dd,alpha=0.02,pareto,1.5,,316228,0.00961629971822583,6.493011908327336e-05
quantile,dd,alpha=0.02,pareto,1.5,,562341,0.009604521964754727,4.6124251760769575e-05
quantile,dd,alpha=0.02,pareto,1.5,,1000000,0.009574006429802015,3.2522323418428436e-05
quantile,dd,alpha=0.02,pareto,1.5,,1778279,0.00961309381405452,1.976708703804031e-05
quantile,dd,alpha=0.02,pareto,1.5,,3162278,0.009607073596165935,2.422051967827234e-05
quantile,dd,alpha=0.02,pareto,1.5,,5623413,0.009611124829773979,1.4802927108443127e-05
quantile,dd,alpha=0.02,pareto,1.5,,10000000,0.009637879799539563,1.730225679992529e-05
quantile,dd,alpha=0.02,pareto,2.0,,1000,0.009621356032364541,0.00020568962247120945
quantile,dd,alpha=0.02,pareto,2.0,,1778,0.009599947982597968,0.00010195448523644982
quantile,dd,alpha=0.02,pareto,2.0,,3162,0.009513047371558545,0.0001122306828449735
quantile,dd,alpha=0.02,pareto,2.0,,5623,0.00985879937516877,0.00014848718775090273
quantile,dd,alpha=0.02,pareto,2.0,,10000,0.00963615723725194,0.00031237724517646606
quantile,dd,alpha=0.02,pareto,2.0,,17783,0.00977544722661034,0.0002310469166230315
quantile,dd,alpha=0.02,pareto,2.0,,31623,0.009678947508439478,0.0001107244699678297
quantile,dd,alpha=0.02,pareto,2.0,,56234,0.009843901913330278,0.00020710105943548128
quantile,dd,alpha=0.02,pareto,2.0,,100000,0.009747694901105877,8.004555395637686e-05
quantile,dd,alpha=0.02,pareto,2.0,,177828,0.009664479186726282,0.00012334245890528847
quantile,dd,alpha=0.02,pareto,2.0,,316228,0.009601146068128312,6.901467608447292e-05
quantile,dd,alpha=0.02,pareto,2.0,,562341,0.00961919403611114,4.747884637115893e-05
quantile,dd,alpha=0.02,pareto,2.0,,1000000,0.009645356060512198,3.8166864909145145e-05
quantile,dd,alpha=0.02,pareto,2.0,,1778279,0.009681594559413503,1.4270770851851096e-05
quantile,dd,alpha=0.02,pareto,2.0,,3162278,0.009651197508856799,1.699630641728546e-05
quantile,dd,alpha=0.02,pareto,2.0,,5623413,0.009652027938045827,1.124623125994465e-05
quantile,dd,alpha=0.02,pareto,2.0,,10000000,0.00966367429530464,2.012196953502676e-05
quantile,dd,alpha=0.02,pareto,3.0,,1000,0.009692039356438068,0.0002196559177898699
quantile,dd,alpha=0.02,pareto,3.0,,1778,0.009538731469123997,4.41558922431069e-05
quantile,dd,alpha=0.02,pareto,3.0,,3162,0.009376521092842463,8.131563292808476e-05
quantile,dd,alpha=0.02,pareto,3.0,,5623,0.009911090329877928,0.000197840906676295
quantile,dd,alpha=0.02,pareto,3.0,,10000,0.009789309185114616,2.567008815678925e-05
quantile,dd,alpha=0.02,pareto,3.0,,17783,0.009697011228071215,0.00012001529198969753
quantile,dd,alpha=0.02,pareto,3.0,,31623,0.009744260632427773,4.193425350960549e-05
quantile,dd,alpha=0.02,pareto,3.0,,56234,0.009691750278075952,2.3296562508994938e-05
quantile,dd,alpha=0.02,pareto,3.0,,100000,0.00973507564890149,0.00012439378541957659
quantile,dd,alpha=0.02,pareto,3.0,,177828,0.009751157987239883,7.3322775769131e-05
quantile,dd,alpha=0.02,pareto,3.0,,316228,0.009797740249154955,3.698769204901673e-05
quantile,dd,alpha=0.02,pareto,3.0,,562341,0.00980210077646841,5.415198887703573e-05
quantile,dd,alpha=0.02,pareto,3.0,,1000000,0.009771020747097544,7.973366028453362e-06
quantile,dd,alpha=0.02,pareto,3.0,,1778279,0.009763414640410103,2.8645524011171847e-05
quantile,dd,alpha=0.02,pareto,3.0,,3162278,0.00976857149703775,1.2710169219467637e-05
quantile,dd,alpha=0.02,pareto,3.0,,5623413,0.00976051128472574,1.5461332206193086e-05
quantile,dd,alpha=0.02,pareto,3.0,,10000000,0.009761265753527077,1.3706421657231653e-05
quantile,dd,alpha=0.05,pareto,1.1,,1000,0.02450447735555927,0.000291772934921442
quantile,dd,alpha=0.05,pareto,1.1,,1778,0.024335144143366017,0.0006598671765036517
quantile,dd,alpha=0.05,pareto,1.1,,3162,0.024355232581113887,0.00011844257405832005
quantile,dd,alpha=0.05,pareto,1.1,,5623,0.02443541420457988,0.00023612113131663007
quantile,dd,alpha=0.05,pareto,1.1,,10000,0.02442823948205071,0.00020607072702100312
quantile,dd,alpha=0.05,pareto,1.1,,17783,0.02433857527418888,0.00011958604836639816
quantile,dd,alpha=0.05,pareto,1.1,,31623,0.02440987546906574,9.292887431939611e-05
quantile,dd,alpha=0.05,pareto,1.1,,56234,0.024405404331169233,0.00010097781485675116
quantile,dd,alpha=0.05,pareto,1.1,,100000,0.02472460300076491,0.00011978149199140132
quantile,dd,alpha=0.05,pareto,1.1,,177828,0.02490043782031447,0.00018390459020778448
quantile,dd,alpha=0.05,pareto,1.1,,316228,0.025040246314995546,0.0001036061308841379
quantile,dd,alpha=0.05,pareto,1.1,,562341,0.025026194430683008,6.630073319123644e-05
quantile,dd,alpha=0.05,pareto,1.1,,1000000,0.025023470061875847,2.1174129798528795e-05
quantile,dd,alpha=0.05,pareto,1.1,,1778279,0.024989119900911485,4.644175648715688e-05
quantile,dd,alpha=0.05,pareto,1.1,,3162278,0.0249772750839465,4.107786158486351e-05
quantile,dd,alpha=0.05,pareto,1.1,,5623413,0.02486537607539345,1.6295084543872427e-05
quantile,dd,alpha=0.05,pareto,1.1,,10000000,0.024921173898693156,2.8082645880241105e-05
quantile,dd,alpha=0.05,pareto,1.5,,1000,0.024627710895722934,0.00034640398714521004
quantile,dd,alpha=0.05,pareto,1.5,,1778,0.02424551604791905,0.0005076416103218381
quantile,dd,alpha=0.05,pareto,1.5,,3162,0.024282611734063212,4.236580572321042e-05
quantile,dd,alpha=0.05,pareto,1.5,,5623,0.02486887287844283,0.00013870271075751238
quantile,dd,alpha=0.05,pareto,1.5,,10000,0.024672939621918688,0.00011925519163244247
quantile,dd,alpha=0.05,pareto,1.5,,17783,0.02467043836326897,0.0001486655121054844
quantile,dd,alpha=0.05,pareto,1.5,,31623,0.024450039979214966,4.4763343444841554e-05
quantile,dd,alpha=0.05,pareto,1.5,,56234,0.024428483276544677,1.886818157765392e-05
quantile,dd,alpha=0.05,pareto,1.5,,100000,0.02437472008599777,4.558724300629549e-05
quantile,dd,alpha=0.05,pareto,1.5,,177828,0.024454745784621895,3.3789137806227886e-05
quantile,dd,alpha=0.05,pareto,1.5,,316228,0.024423227996328567,2.5540460567900715e-05
quantile,dd,alpha=0.05,pareto,1.5,,562341,0.024443841833556135,3.9315439323049394e-05
quantile,dd,alpha=0.05,pareto,1.5,,1000000,0.024415282930237397,1.6476523385655517e-05
quantile,dd,alpha=0.05,pareto,1.5,,1778279,0.02444655896439688,7.707790373050156e-06
quantile,dd,alpha=0.05,pareto,1.5,,3162278,0.02445757866011709,6.711299732016648e-06
quantile,dd,alpha=0.05,pareto,1.5,,5623413,0.02448934939438927,9.759312530755725e-06
quantile,dd,alpha=0.05,pareto,1.5,,10000000,0.024473440529436702,1.04448648474397e-05
quantile,dd,alpha=0.05,pareto,2.0,,1000,0.02438454103914105,0.00018572955979078592
quantile,dd,alpha=0.05,pareto,2.0,,1778,0.02419715490756642,0.00023700702034294257
quantile,dd,alpha=0.05,pareto,2.0,,3162,0.024072569890789954,7.62224875095946e-05
quantile,dd,alpha=0.05,pareto,2.0,,5623,0.02422019392529458,0.00037498601616358664
quantile,dd,alpha=0.05,pareto,2.0,,10000,0.02405861630436142,0.00017707450702197783
quantile,dd,alpha=0.05,pareto,2.0,,17783,0.024345576414887635,0.00013704575083766014
quantile,dd,alpha=0.05,pareto,2.0,,31623,0.024497640379951873,0.00012719076835757346
quantile,dd,alpha=0.05,pareto,2.0,,56234,0.02453934370484225,9.028939974918943e-05
quantile,dd,alpha=0.05,pareto,2.0,,100000,0.024598555960074858,2.279371757176773e-05
quantile,dd,alpha=0.05,pareto,2.0,,177828,0.024575618226031798,8.636904771961644e-05
quantile,dd,alpha=0.05,pareto,2.0,,316228,0.024612288529129944,4.161301940193775e-05
quantile,dd,alpha=0.05,pareto,2.0,,562341,0.024606047048717345,1.2668685109497298e-05
quantile,dd,alpha=0.05,pareto,2.0,,1000000,0.024618048538218917,2.520559402800658e-05
quantile,dd,alpha=0.05,pareto,2.0,,1778279,0.024607821854097992,2.734565867191029e-05
quantile,dd,alpha=0.05,pareto,2.0,,3162278,0.024598411987266606,1.4826166697861728e-05
quantile,dd,alpha=0.05,pareto,2.0,,5623413,0.024617558469977447,8.443267320404347e-06
quantile,dd,alpha=0.05,pareto,2.0,,10000000,0.02463159649785922,1.5306481601510088e-05
quantile,dd,alpha=0.05,pareto,3.0,,1000,0.024535037961641703,0.0005302892682832607
quantile,dd,alpha=0.05,pareto,3.0,,1778,0.024622807581823624,0.00013574470992768034
quantile,dd,alpha=0.05,pareto,3.0,,3162,0.02415726815615897,0.0001867437063174704
quantile,dd,alpha=0.05,pareto,3.0,,5623,0.024525312909477667,0.0001699798233645627
quantile,dd,alpha=0.05,pareto,3.0,,10000,0.024291411202431085,6.881584454131073e-05
quantile,dd,alpha=0.05,pareto,3.0,,17783,0.024347300317061994,0.0001867759954039011
quantile,dd,alpha=0.05,pareto,3.0,,31623,0.02456337145681126,5.9553735339659576e-05
quantile,dd,alpha=0.05,pareto,3.0,,56234,0.024571370180922935,5.786984405985921e-05
quantile,dd,alpha=0.05,pareto,3.0,,100000,0.0244999966779498,5.583541677049393e-05
quantile,dd,alpha=0.05,pareto,3.0,,177828,0.02442989957223651,6.894227448830981e-05
quantile,dd,alpha=0.05,pareto,3.0,,316228,0.024473127247962283,2.35456904109978e-05
quantile,dd,alpha=0.05,pareto,3.0,,562341,0.024477689134293285,3.2064686833767334e-05
quantile,dd,alpha=0.05,pareto,3.0,,1000000,0.024499401847360533,1.5634745806418217e-05
quantile,dd,alpha=0.05,pareto,3.0,,1778279,0.024483762920530523,1.6198208625243965e-05
quantile,dd,alpha=0.05,pareto,3.0,,3162278,0.024511203757437098,1.7663396942931932e-06
quantile,dd,alpha=0.05,pareto,3.0,,5623413,0.024515803174319496,9.275022080026896e-06
quantile,dd,alpha=0.05,pareto,3.0,,10000000,0.024517607831075105,5.393056150724128e-06
