family,sketch,config,dist,param,cardinality,n,shards,seed_mean_error,seed_se
quantile,kll-percall,k=50,pareto,2.0,,1000,1,0.009452145214521451,0.0024223882872741907
quantile,kll-percall,k=50,pareto,2.0,,1000,4,0.011775577557755774,0.0028044242529314434
quantile,kll-percall,k=50,pareto,2.0,,1000,16,0.009633663366336637,0.0006580497257487573
quantile,kll-percall,k=50,pareto,2.0,,1000,64,0.007501650165016506,0.0001274799202364889
quantile,kll-percall,k=50,pareto,2.0,,1000,256,0.007620462046204625,0.0004299938686731151
quantile,kll-percall,k=50,pareto,2.0,,1000,1024,0.007851485148514857,0.0003405422479588087
quantile,kll-percall,k=50,pareto,2.0,,1000,4096,0.00981518151815182,0.0018871049327988702
quantile,kll-percall,k=50,pareto,2.0,,1000,16384,0.011006600660066007,0.0023464325313265113
quantile,kll-percall,k=50,pareto,2.0,,1000,65536,0.010808580858085809,0.0006627092290836324
quantile,kll-percall,k=50,pareto,2.0,,1000,86400,0.009580858085808585,0.0014339050966519354
quantile,kll-percall,k=50,pareto,2.0,,1778,1,0.015190353681037392,0.0016077784221274654
quantile,kll-percall,k=50,pareto,2.0,,1778,4,0.010427149576599954,0.0009319073183709004
quantile,kll-percall,k=50,pareto,2.0,,1778,16,0.013281508128315642,0.00302403470113907
quantile,kll-percall,k=50,pareto,2.0,,1778,64,0.008860773591419886,0.0013957418812318603
quantile,kll-percall,k=50,pareto,2.0,,1778,256,0.011191831219117413,0.0021950664932999593
quantile,kll-percall,k=50,pareto,2.0,,1778,1024,0.011619166416079171,0.0023434974579210764
quantile,kll-percall,k=50,pareto,2.0,,1778,4096,0.0136818170005977,0.0019650682457821827
quantile,kll-percall,k=50,pareto,2.0,,1778,16384,0.015212219759658753,0.0016962434230639088
quantile,kll-percall,k=50,pareto,2.0,,1778,65536,0.014695749664955245,0.0015342964831027489
quantile,kll-percall,k=50,pareto,2.0,,1778,86400,0.012154978152483412,0.0008582884099185588
quantile,kll-percall,k=50,pareto,2.0,,3162,1,0.011204923148861373,0.0004095487053043244
quantile,kll-percall,k=50,pareto,2.0,,3162,4,0.00950718411499594,0.0007175787933215914
quantile,kll-percall,k=50,pareto,2.0,,3162,16,0.009667816876564322,0.002279765548436804
quantile,kll-percall,k=50,pareto,2.0,,3162,64,0.00996127696261088,0.0013333871405461467
quantile,kll-percall,k=50,pareto,2.0,,3162,256,0.012488670119383857,0.003331385409047779
quantile,kll-percall,k=50,pareto,2.0,,3162,1024,0.0103964571030158,0.0002435413946832656
quantile,kll-percall,k=50,pareto,2.0,,3162,4096,0.011152610517218706,0.00024108196281495315
quantile,kll-percall,k=50,pareto,2.0,,3162,16384,0.009053133017286549,0.0013120801200556286
quantile,kll-percall,k=50,pareto,2.0,,3162,65536,0.010801285062092549,0.0018063871894658569
quantile,kll-percall,k=50,pareto,2.0,,3162,86400,0.011297044315437233,0.0008943402715757846
quantile,kll-percall,k=50,pareto,2.0,,5623,1,0.012320537584613878,0.0020246668950270556
quantile,kll-percall,k=50,pareto,2.0,,5623,4,0.008588576268261714,0.0013593144247707957
quantile,kll-percall,k=50,pareto,2.0,,5623,16,0.01024929435856622,0.0013165821460920742
quantile,kll-percall,k=50,pareto,2.0,,5623,64,0.012389097348290754,0.003393833135246176
quantile,kll-percall,k=50,pareto,2.0,,5623,256,0.010382710332210528,0.0013129042925149714
quantile,kll-percall,k=50,pareto,2.0,,5623,1024,0.011998569054842525,0.001960813561363504
quantile,kll-percall,k=50,pareto,2.0,,5623,4096,0.009966268901476664,0.0010015555349112881
quantile,kll-percall,k=50,pareto,2.0,,5623,16384,0.011830447672190306,0.00253430863323564
quantile,kll-percall,k=50,pareto,2.0,,5623,65536,0.011462809805789405,0.001282055100615521
quantile,kll-percall,k=50,pareto,2.0,,5623,86400,0.010630044331127048,0.0006688238029276712
quantile,kll-percall,k=50,pareto,2.0,,10000,1,0.010367656765676567,0.0009956419649509776
quantile,kll-percall,k=50,pareto,2.0,,10000,4,0.008834323432343234,0.0005226961182315106
quantile,kll-percall,k=50,pareto,2.0,,10000,16,0.009597359735973594,0.0006910452134426298
quantile,kll-percall,k=50,pareto,2.0,,10000,64,0.011267986798679868,0.0013725782168796743
quantile,kll-percall,k=50,pareto,2.0,,10000,256,0.01362970297029703,0.0024872940523336263
quantile,kll-percall,k=50,pareto,2.0,,10000,1024,0.009829372937293726,0.0005449252662886291
quantile,kll-percall,k=50,pareto,2.0,,10000,4096,0.013416831683168318,0.0008805617605534233
quantile,kll-percall,k=50,pareto,2.0,,10000,16384,0.012052145214521455,0.00034727188591444084
quantile,kll-percall,k=50,pareto,2.0,,10000,65536,0.010068316831683166,0.001397622280079304
quantile,kll-percall,k=50,pareto,2.0,,10000,86400,0.010769966996699673,0.00031913372298797524
quantile,kll-percall,k=50,pareto,2.0,,17783,1,0.007690743319397446,0.00024951618489268805
quantile,kll-percall,k=50,pareto,2.0,,17783,4,0.013274160121404926,0.001713671244454051
quantile,kll-percall,k=50,pareto,2.0,,17783,16,0.013129636362387847,0.0008814781449453214
quantile,kll-percall,k=50,pareto,2.0,,17783,64,0.011279719998092144,0.0013427856612873935
quantile,kll-percall,k=50,pareto,2.0,,17783,256,0.01149880415697196,0.002164374216168044
quantile,kll-percall,k=50,pareto,2.0,,17783,1024,0.01089604248059063,0.0006011468279839825
quantile,kll-percall,k=50,pareto,2.0,,17783,4096,0.013463136169096853,0.004057339302618032
quantile,kll-percall,k=50,pareto,2.0,,17783,16384,0.011654008565676907,0.0007951633383600928
quantile,kll-percall,k=50,pareto,2.0,,17783,65536,0.011906279758043843,0.0013808458141726621
quantile,kll-percall,k=50,pareto,2.0,,17783,86400,0.010717633873267553,0.0016683663108944013
quantile,kll-percall,k=50,pareto,2.0,,31623,1,0.012480706850686961,0.002170659816492868
quantile,kll-percall,k=50,pareto,2.0,,31623,4,0.010541428206002464,0.00018230060949780112
quantile,kll-percall,k=50,pareto,2.0,,31623,16,0.011892268536217056,0.003550959773254922
quantile,kll-percall,k=50,pareto,2.0,,31623,64,0.011852409508098146,0.0009778183360766872
quantile,kll-percall,k=50,pareto,2.0,,31623,256,0.010223843843448951,0.001363222792423849
quantile,kll-percall,k=50,pareto,2.0,,31623,1024,0.010816359693079638,0.0021947954478406893
quantile,kll-percall,k=50,pareto,2.0,,31623,4096,0.015077937069866744,0.002357434168978534
quantile,kll-percall,k=50,pareto,2.0,,31623,16384,0.013587486820022478,0.0015240920466738663
quantile,kll-percall,k=50,pareto,2.0,,31623,65536,0.010515644866829916,0.0008696305797815714
quantile,kll-percall,k=50,pareto,2.0,,31623,86400,0.01145412710325202,0.0018411964026882623
quantile,kll-percall,k=50,pareto,2.0,,56234,1,0.010050302537100101,0.0010902095778818966
quantile,kll-percall,k=50,pareto,2.0,,56234,4,0.009230568965065944,0.001239200001027045
quantile,kll-percall,k=50,pareto,2.0,,56234,16,0.009856307642358642,0.001121294875464964
quantile,kll-percall,k=50,pareto,2.0,,56234,64,0.011453827247788621,0.0012813482616777577
quantile,kll-percall,k=50,pareto,2.0,,56234,256,0.012741283446550726,0.0014496801735583902
quantile,kll-percall,k=50,pareto,2.0,,56234,1024,0.01141743875280226,0.000801000801985788
quantile,kll-percall,k=50,pareto,2.0,,56234,4096,0.010063622644229065,0.0006871759521651747
quantile,kll-percall,k=50,pareto,2.0,,56234,16384,0.010851612386760601,0.0013098730594817314
quantile,kll-percall,k=50,pareto,2.0,,56234,65536,0.008938897588588747,0.0004497184044242657
quantile,kll-percall,k=50,pareto,2.0,,56234,86400,0.009964028198530627,0.0015794251766093944
quantile,kll-percall,k=50,pareto,2.0,,100000,1,0.010075775577557755,0.0015960978135276627
quantile,kll-percall,k=50,pareto,2.0,,100000,4,0.009515775577557757,0.0008785166728081851
quantile,kll-percall,k=50,pareto,2.0,,100000,16,0.010533762376237625,0.0017081397487236864
quantile,kll-percall,k=50,pareto,2.0,,100000,64,0.009943333333333334,0.0009973213893766852
quantile,kll-percall,k=50,pareto,2.0,,100000,256,0.010392673267326734,0.0013631298607804149
quantile,kll-percall,k=50,pareto,2.0,,100000,1024,0.011109636963696372,0.001779877598609122
quantile,kll-percall,k=50,pareto,2.0,,100000,4096,0.013398283828382838,0.0018476088774346151
quantile,kll-percall,k=50,pareto,2.0,,100000,16384,0.010680693069306928,0.000611944443844956
quantile,kll-percall,k=50,pareto,2.0,,100000,65536,0.017051287128712875,0.008195521325122856
quantile,kll-percall,k=50,pareto,2.0,,100000,86400,0.00843904290429043,0.00013971896035027767
quantile,kll-percall,k=50,pareto,2.0,,177828,1,0.008906756860988747,0.00030270184530395146
quantile,kll-percall,k=50,pareto,2.0,,177828,4,0.009585183027378923,0.0011459393537317905
quantile,kll-percall,k=50,pareto,2.0,,177828,16,0.009507660125618473,0.0008666335481752606
quantile,kll-percall,k=50,pareto,2.0,,177828,64,0.009611459762617064,0.0007107283151953271
quantile,kll-percall,k=50,pareto,2.0,,177828,256,0.015113919179218014,0.0007570692726169976
quantile,kll-percall,k=50,pareto,2.0,,177828,1024,0.01035955535630492,0.001168377318025809
quantile,kll-percall,k=50,pareto,2.0,,177828,4096,0.010455940998648086,0.0008262584507945639
quantile,kll-percall,k=50,pareto,2.0,,177828,16384,0.010901405006550994,0.0009156485857659689
quantile,kll-percall,k=50,pareto,2.0,,177828,65536,0.010193143951685135,0.0016611717443616426
quantile,kll-percall,k=50,pareto,2.0,,177828,86400,0.009517094836550262,0.0007687689901117897
quantile,kll-percall,k=50,pareto,2.0,,316228,1,0.011873721391897088,0.00047394885584348194
quantile,kll-percall,k=50,pareto,2.0,,316228,4,0.010869284229104693,0.001366300040413924
quantile,kll-percall,k=50,pareto,2.0,,316228,16,0.009611442569051677,0.0008345372216681439
quantile,kll-percall,k=50,pareto,2.0,,316228,64,0.010016276011906185,0.00010009014330121516
quantile,kll-percall,k=50,pareto,2.0,,316228,256,0.011706680199117728,0.0017965151158209367
quantile,kll-percall,k=50,pareto,2.0,,316228,1024,0.011839027370108656,0.002005013509545854
quantile,kll-percall,k=50,pareto,2.0,,316228,4096,0.012571014162777066,0.0020094088937291474
quantile,kll-percall,k=50,pareto,2.0,,316228,16384,0.014696284432951437,0.002170653599545746
quantile,kll-percall,k=50,pareto,2.0,,316228,65536,0.011509930316810732,0.0020614776476878486
quantile,kll-percall,k=50,pareto,2.0,,316228,86400,0.011183676597797535,0.0012828287523253303
quantile,kll-percall,k=50,pareto,2.0,,562341,1,0.01415862841358904,0.0031045724303426447
quantile,kll-percall,k=50,pareto,2.0,,562341,4,0.013312649995093883,0.0015483613902709176
quantile,kll-percall,k=50,pareto,2.0,,562341,16,0.011459919469249841,0.00015630258069433692
quantile,kll-percall,k=50,pareto,2.0,,562341,64,0.013927108507849409,0.0015350007378807542
quantile,kll-percall,k=50,pareto,2.0,,562341,256,0.011183209877534406,0.0007007631026583284
quantile,kll-percall,k=50,pareto,2.0,,562341,1024,0.011950900820235076,0.002205861033342989
quantile,kll-percall,k=50,pareto,2.0,,562341,4096,0.012637181438886287,0.00045884670925594743
quantile,kll-percall,k=50,pareto,2.0,,562341,16384,0.014560491152371088,0.001765562729534893
quantile,kll-percall,k=50,pareto,2.0,,562341,65536,0.010148053466941705,0.00021858663003178594
quantile,kll-percall,k=50,pareto,2.0,,562341,86400,0.01018290154248691,0.0003469288267069458
quantile,kll-percall,k=50,pareto,2.0,,1000000,1,0.01338496699669967,0.0014883570819189031
quantile,kll-percall,k=50,pareto,2.0,,1000000,4,0.011893782178217821,0.0004971894822598389
quantile,kll-percall,k=50,pareto,2.0,,1000000,16,0.01090961386138614,0.00047867500479927596
quantile,kll-percall,k=50,pareto,2.0,,1000000,64,0.012050795379537951,0.0019227836159720873
quantile,kll-percall,k=50,pareto,2.0,,1000000,256,0.014237864686468643,0.0018332208667829139
quantile,kll-percall,k=50,pareto,2.0,,1000000,1024,0.011527323432343235,0.00039703454209429794
quantile,kll-percall,k=50,pareto,2.0,,1000000,4096,0.011440943894389438,0.0019088876419141197
quantile,kll-percall,k=50,pareto,2.0,,1000000,16384,0.010350475247524754,0.0015926731951384258
quantile,kll-percall,k=50,pareto,2.0,,1000000,65536,0.011874072607260727,0.0008567554175587326
quantile,kll-percall,k=50,pareto,2.0,,1000000,86400,0.011221745874587461,0.002377080683726955
quantile,kll-percall,k=50,pareto,2.0,,1778279,1,0.00994532535913849,0.0018684548234251034
quantile,kll-percall,k=50,pareto,2.0,,1778279,4,0.012212734321722115,0.0025884098936524475
quantile,kll-percall,k=50,pareto,2.0,,1778279,16,0.010803233575462532,0.0012449686892772014
quantile,kll-percall,k=50,pareto,2.0,,1778279,64,0.013370904757866559,0.0018438813751652011
quantile,kll-percall,k=50,pareto,2.0,,1778279,256,0.008936743967292276,0.0007585942214788242
quantile,kll-percall,k=50,pareto,2.0,,1778279,1024,0.013366790125856414,0.0004700939054904159
quantile,kll-percall,k=50,pareto,2.0,,1778279,4096,0.008498140126162734,9.479540618449732e-05
quantile,kll-percall,k=50,pareto,2.0,,1778279,16384,0.009608611906386582,0.0013328344912043552
quantile,kll-percall,k=50,pareto,2.0,,1778279,65536,0.010388978339845048,0.0011559249217902876
quantile,kll-percall,k=50,pareto,2.0,,1778279,86400,0.010075203240455697,0.00023493594399175897
quantile,kll-percall,k=50,pareto,2.0,,3162278,1,0.010269984467081656,0.0012706698230575007
quantile,kll-percall,k=50,pareto,2.0,,3162278,4,0.00887778753519492,0.0014105783791199848
quantile,kll-percall,k=50,pareto,2.0,,3162278,16,0.010962424407769697,0.0012458465686414014
quantile,kll-percall,k=50,pareto,2.0,,3162278,64,0.00907929492203366,0.0006120182795251014
quantile,kll-percall,k=50,pareto,2.0,,3162278,256,0.0123616810454999,0.0006988337422147348
quantile,kll-percall,k=50,pareto,2.0,,3162278,1024,0.009893880318557256,0.001544221066231564
quantile,kll-percall,k=50,pareto,2.0,,3162278,4096,0.010159997456151409,0.0017148755216043203
quantile,kll-percall,k=50,pareto,2.0,,3162278,16384,0.011809785191051969,0.0012982253949657613
quantile,kll-percall,k=50,pareto,2.0,,3162278,65536,0.009558205582913148,0.0008194433667397979
quantile,kll-percall,k=50,pareto,2.0,,3162278,86400,0.011608244657702445,0.0026884707896803416
quantile,kll-percall,k=50,pareto,2.0,,5623413,1,0.008738792850557486,0.0004216852074137174
quantile,kll-percall,k=50,pareto,2.0,,5623413,4,0.008105474702850656,0.0002547180903040163
quantile,kll-percall,k=50,pareto,2.0,,5623413,16,0.009195385770383238,0.0008263387734915099
quantile,kll-percall,k=50,pareto,2.0,,5623413,64,0.010715028171125128,0.001125604447753414
quantile,kll-percall,k=50,pareto,2.0,,5623413,256,0.015067028374818539,0.002355773797282263
quantile,kll-percall,k=50,pareto,2.0,,5623413,1024,0.009124203742565958,0.0004611940702499873
quantile,kll-percall,k=50,pareto,2.0,,5623413,4096,0.011278418834915654,0.0019241739888582242
quantile,kll-percall,k=50,pareto,2.0,,5623413,16384,0.009482345657625388,0.0006759551963447332
quantile,kll-percall,k=50,pareto,2.0,,5623413,65536,0.009048495764559935,0.0007316508533657599
quantile,kll-percall,k=50,pareto,2.0,,5623413,86400,0.012490909777112627,0.0012070582118047166
quantile,kll-percall,k=50,pareto,2.0,,10000000,1,0.009150396039603959,0.00024578008683083616
quantile,kll-percall,k=50,pareto,2.0,,10000000,4,0.010785628382838282,0.0011693173663923904
quantile,kll-percall,k=50,pareto,2.0,,10000000,16,0.008737312541254124,0.000636037771848265
quantile,kll-percall,k=50,pareto,2.0,,10000000,64,0.012544382838283831,0.0030383275905779736
quantile,kll-percall,k=50,pareto,2.0,,10000000,256,0.011589075577557758,0.0013137804814575857
quantile,kll-percall,k=50,pareto,2.0,,10000000,1024,0.010578350825082511,0.0004302248599147458
quantile,kll-percall,k=50,pareto,2.0,,10000000,4096,0.012011291749174919,0.0031177733673647245
quantile,kll-percall,k=50,pareto,2.0,,10000000,16384,0.013971303960396036,0.00286839113598776
quantile,kll-percall,k=50,pareto,2.0,,10000000,65536,0.010728515181518156,0.0005460102277064369
quantile,kll-percall,k=50,pareto,2.0,,10000000,86400,0.011312149834983498,0.0018404992907157084
quantile,kll-percall,k=50,pareto,2.0,,17782794,1,0.0134726459515169,0.002436230343782305
quantile,kll-percall,k=50,pareto,2.0,,17782794,4,0.010986062735419954,0.0001934245457008868
quantile,kll-percall,k=50,pareto,2.0,,17782794,16,0.00839086198147546,0.0010039283276446476
quantile,kll-percall,k=50,pareto,2.0,,17782794,64,0.010991334490502616,0.00028539438132716647
quantile,kll-percall,k=50,pareto,2.0,,17782794,256,0.012492839740344394,0.0004351762130402035
quantile,kll-percall,k=50,pareto,2.0,,17782794,1024,0.010305995888395534,3.844655119387064e-05
quantile,kll-percall,k=50,pareto,2.0,,17782794,4096,0.01019407240341181,0.0007703250239270282
quantile,kll-percall,k=50,pareto,2.0,,17782794,16384,0.011103297740256313,0.00092758097581154
quantile,kll-percall,k=50,pareto,2.0,,17782794,65536,0.013185026472047291,0.00051956412473776
quantile,kll-percall,k=50,pareto,2.0,,17782794,86400,0.011165687740098379,0.0004908015973046902
quantile,kll-percall,k=50,pareto,2.0,,31622777,1,0.011903529510008587,0.0009292781060569498
quantile,kll-percall,k=50,pareto,2.0,,31622777,4,0.009190331497399796,0.001335400829142801
quantile,kll-percall,k=50,pareto,2.0,,31622777,16,0.009397255424666552,0.00026237129122485495
quantile,kll-percall,k=50,pareto,2.0,,31622777,64,0.0114359666515474,0.0024070899056613947
quantile,kll-percall,k=50,pareto,2.0,,31622777,256,0.010766701366443364,0.00014295558962973794
quantile,kll-percall,k=50,pareto,2.0,,31622777,1024,0.00891700538941579,0.0009931327011729796
quantile,kll-percall,k=50,pareto,2.0,,31622777,4096,0.013747844463595664,0.0017336136644881689
quantile,kll-percall,k=50,pareto,2.0,,31622777,16384,0.008794043399994145,0.0006786990393997486
quantile,kll-percall,k=50,pareto,2.0,,31622777,65536,0.00837349860541694,0.0008761923604674732
quantile,kll-percall,k=50,pareto,2.0,,31622777,86400,0.011346592806394032,0.0013064296837145264
quantile,kll-percall,k=200,pareto,2.0,,1000,1,0.0013894389438943904,0.00014237395782259397
quantile,kll-percall,k=200,pareto,2.0,,1000,4,0.0008316831683168323,6.441987226383882e-05
quantile,kll-percall,k=200,pareto,2.0,,1000,16,0.0027656765676567674,0.0006439281361630928
quantile,kll-percall,k=200,pareto,2.0,,1000,64,0.001462046204620463,0.0003333823445326574
quantile,kll-percall,k=200,pareto,2.0,,1000,256,0.00107920792079208,0.00010861044667923659
quantile,kll-percall,k=200,pareto,2.0,,1000,1024,0.0009834983498349839,7.886338709801016e-05
quantile,kll-percall,k=200,pareto,2.0,,1000,4096,0.0013333333333333342,0.00012130677194382244
quantile,kll-percall,k=200,pareto,2.0,,1000,16384,0.0013828382838283837,9.588012571837585e-05
quantile,kll-percall,k=200,pareto,2.0,,1000,65536,0.0010891089108910899,0.00011025275966000054
quantile,kll-percall,k=200,pareto,2.0,,1000,86400,0.0011749174917491756,0.00011607594320177538
quantile,kll-percall,k=200,pareto,2.0,,1778,1,0.0017174709596943984,0.00019168761235385353
quantile,kll-percall,k=200,pareto,2.0,,1778,4,0.003818730579469647,0.00019630752078335871
quantile,kll-percall,k=200,pareto,2.0,,1778,16,0.004051090148384918,0.0008757301141508623
quantile,kll-percall,k=200,pareto,2.0,,1778,64,0.0016316772284652543,0.00011840463171534797
quantile,kll-percall,k=200,pareto,2.0,,1778,256,0.001973589934921503,0.00033138013157112887
quantile,kll-percall,k=200,pareto,2.0,,1778,1024,0.0021844917900113946,0.0002512372111393458
quantile,kll-percall,k=200,pareto,2.0,,1778,4096,0.001871053247056989,0.0003589090094829486
quantile,kll-percall,k=200,pareto,2.0,,1778,16384,0.0017640245464366473,2.7431725418055112e-05
quantile,kll-percall,k=200,pareto,2.0,,1778,65536,0.0017281998166070853,0.0001933559544609393
quantile,kll-percall,k=200,pareto,2.0,,1778,86400,0.002109055674971324,5.476029705290843e-05
quantile,kll-percall,k=200,pareto,2.0,,3162,1,0.0018315266061710534,5.729664616404372e-05
quantile,kll-percall,k=200,pareto,2.0,,3162,4,0.0016214410814895535,0.00037839811998802945
quantile,kll-percall,k=200,pareto,2.0,,3162,16,0.0017238953496867733,0.00013420755691529232
quantile,kll-percall,k=200,pareto,2.0,,3162,64,0.002137866538076957,0.00013497244208666363
quantile,kll-percall,k=200,pareto,2.0,,3162,256,0.0021684900937911596,7.609847431309164e-05
quantile,kll-percall,k=200,pareto,2.0,,3162,1024,0.0021575307435866913,0.000104144821372256
quantile,kll-percall,k=200,pareto,2.0,,3162,4096,0.0018340107255507328,0.00017408577218887202
quantile,kll-percall,k=200,pareto,2.0,,3162,16384,0.0018392085887905662,0.0001117768716999343
quantile,kll-percall,k=200,pareto,2.0,,3162,65536,0.0023845876048705452,0.00010706263877149064
quantile,kll-percall,k=200,pareto,2.0,,3162,86400,0.0018229887504879532,0.00013639577369027142
quantile,kll-percall,k=200,pareto,2.0,,5623,1,0.0027924149341841515,0.00044345391481484785
quantile,kll-percall,k=200,pareto,2.0,,5623,4,0.0021535959393556275,0.0002450080807655086
quantile,kll-percall,k=200,pareto,2.0,,5623,16,0.0018741331718090868,5.019079703680807e-05
quantile,kll-percall,k=200,pareto,2.0,,5623,64,0.002971729148728496,0.001351031968084157
quantile,kll-percall,k=200,pareto,2.0,,5623,256,0.00335013138518191,0.0005649052115420199
quantile,kll-percall,k=200,pareto,2.0,,5623,1024,0.0033135888726699447,0.00020989541657530077
quantile,kll-percall,k=200,pareto,2.0,,5623,4096,0.0029817128965252938,0.00014202802849768413
quantile,kll-percall,k=200,pareto,2.0,,5623,16384,0.0029976833713960048,0.00022516127068171316
quantile,kll-percall,k=200,pareto,2.0,,5623,65536,0.002535936503129239,0.00032237849238442285
quantile,kll-percall,k=200,pareto,2.0,,5623,86400,0.0029413963982206476,0.0005927686919934468
quantile,kll-percall,k=200,pareto,2.0,,10000,1,0.0030138613861386138,0.00045824794307836785
quantile,kll-percall,k=200,pareto,2.0,,10000,4,0.0017514851485148505,0.00014140171494382052
quantile,kll-percall,k=200,pareto,2.0,,10000,16,0.0018049504950495045,0.00014858194304152023
quantile,kll-percall,k=200,pareto,2.0,,10000,64,0.0034003300330033015,0.00042066211673232924
quantile,kll-percall,k=200,pareto,2.0,,10000,256,0.0033854785478547866,0.0006380890040925747
quantile,kll-percall,k=200,pareto,2.0,,10000,1024,0.0030227722772277234,0.000283189087377818
quantile,kll-percall,k=200,pareto,2.0,,10000,4096,0.0034326732673267348,0.0010341502400275909
quantile,kll-percall,k=200,pareto,2.0,,10000,16384,0.00257953795379538,0.0002614694669990599
quantile,kll-percall,k=200,pareto,2.0,,10000,65536,0.0032498349834983492,0.0002373529351404768
quantile,kll-percall,k=200,pareto,2.0,,10000,86400,0.002519141914191419,0.0002521685403825429
quantile,kll-percall,k=200,pareto,2.0,,17783,1,0.002779574589073371,0.00013665845958036045
quantile,kll-percall,k=200,pareto,2.0,,17783,4,0.0021753504709971622,0.00022485398183327355
quantile,kll-percall,k=200,pareto,2.0,,17783,16,0.002710676511052106,0.00034856261880947845
quantile,kll-percall,k=200,pareto,2.0,,17783,64,0.00319761577462363,0.00048520743212484375
quantile,kll-percall,k=200,pareto,2.0,,17783,256,0.001871290654904774,0.00028882713411947515
quantile,kll-percall,k=200,pareto,2.0,,17783,1024,0.0032916463214673285,0.00034347417648845544
quantile,kll-percall,k=200,pareto,2.0,,17783,4096,0.0026722632899852986,0.00015283379346895567
quantile,kll-percall,k=200,pareto,2.0,,17783,16384,0.0039860611489929264,0.0011765049422967557
quantile,kll-percall,k=200,pareto,2.0,,17783,65536,0.003397168542136787,0.00027542813016027544
quantile,kll-percall,k=200,pareto,2.0,,17783,86400,0.00275694757239318,7.624682732994415e-05
quantile,kll-percall,k=200,pareto,2.0,,31623,1,0.0030352161485003443,0.0003544217316273055
quantile,kll-percall,k=200,pareto,2.0,,31623,4,0.002347844119389645,0.00021655256554178052
quantile,kll-percall,k=200,pareto,2.0,,31623,16,0.003248904247221991,0.0005533542564182765
quantile,kll-percall,k=200,pareto,2.0,,31623,64,0.002319027937325559,0.00022270403883068514
quantile,kll-percall,k=200,pareto,2.0,,31623,256,0.00297273290558351,0.0005150830841275347
quantile,kll-percall,k=200,pareto,2.0,,31623,1024,0.0026666745983961824,4.637788282836369e-05
quantile,kll-percall,k=200,pareto,2.0,,31623,4096,0.0033848937497867014,0.0003288178257240968
quantile,kll-percall,k=200,pareto,2.0,,31623,16384,0.0037479279661198246,0.0002278756672684736
quantile,kll-percall,k=200,pareto,2.0,,31623,65536,0.0030540613116429734,0.0002296305564727569
quantile,kll-percall,k=200,pareto,2.0,,31623,86400,0.0024237559891080646,0.0002638487854361311
quantile,kll-percall,k=200,pareto,2.0,,56234,1,0.0023701996760119868,0.00018105664882319276
quantile,kll-percall,k=200,pareto,2.0,,56234,4,0.0020267268395580897,0.0002824270852207213
quantile,kll-percall,k=200,pareto,2.0,,56234,16,0.0035117697137996354,0.00016270647654958556
quantile,kll-percall,k=200,pareto,2.0,,56234,64,0.0019290210132084792,0.0004426033840782161
quantile,kll-percall,k=200,pareto,2.0,,56234,256,0.0030677904010481404,0.0008426868784796052
quantile,kll-percall,k=200,pareto,2.0,,56234,1024,0.00227530154231769,9.488995910616725e-05
quantile,kll-percall,k=200,pareto,2.0,,56234,4096,0.003589167893564974,0.0003963838229172743
quantile,kll-percall,k=200,pareto,2.0,,56234,16384,0.0024910478386459367,0.0005244907289644965
quantile,kll-percall,k=200,pareto,2.0,,56234,65536,0.0030837538709947375,0.0007798008598469963
quantile,kll-percall,k=200,pareto,2.0,,56234,86400,0.002971552979176711,0.0003005220006097369
quantile,kll-percall,k=200,pareto,2.0,,100000,1,0.002295577557755776,0.0001752057746443391
quantile,kll-percall,k=200,pareto,2.0,,100000,4,0.002392244224422443,0.0003740024291226185
quantile,kll-percall,k=200,pareto,2.0,,100000,16,0.0028967656765676573,0.0010256046732062475
quantile,kll-percall,k=200,pareto,2.0,,100000,64,0.002767953795379539,0.00021477025683362555
quantile,kll-percall,k=200,pareto,2.0,,100000,256,0.0027314521452145215,0.0008203645977086366
quantile,kll-percall,k=200,pareto,2.0,,100000,1024,0.0024449174917491735,0.00012231029781335713
quantile,kll-percall,k=200,pareto,2.0,,100000,4096,0.0023484158415841574,0.00034230522257972125
quantile,kll-percall,k=200,pareto,2.0,,100000,16384,0.00319227722772277,0.0006889655331476591
quantile,kll-percall,k=200,pareto,2.0,,100000,65536,0.00201887788778878,0.00018800502319696335
quantile,kll-percall,k=200,pareto,2.0,,100000,86400,0.0022867326732673265,0.0002944490534439066
quantile,kll-percall,k=200,pareto,2.0,,177828,1,0.0035486762118414413,0.00122607188013454
quantile,kll-percall,k=200,pareto,2.0,,177828,4,0.0018516152850186164,6.65634633372698e-05
quantile,kll-percall,k=200,pareto,2.0,,177828,16,0.0022770710838544536,0.00030824701593754457
quantile,kll-percall,k=200,pareto,2.0,,177828,64,0.003211124540485633,0.0007000441647150362
quantile,kll-percall,k=200,pareto,2.0,,177828,256,0.004007876190817678,0.0010614988918293286
quantile,kll-percall,k=200,pareto,2.0,,177828,1024,0.002765069610409312,0.00019443220849209048
quantile,kll-percall,k=200,pareto,2.0,,177828,4096,0.0037355820743016333,0.0007311840506923362
quantile,kll-percall,k=200,pareto,2.0,,177828,16384,0.0026055035492077434,0.00028744031397730853
quantile,kll-percall,k=200,pareto,2.0,,177828,65536,0.002524098823270546,0.0002923591801181147
quantile,kll-percall,k=200,pareto,2.0,,177828,86400,0.0027298666839489145,0.00038317275290959213
quantile,kll-percall,k=200,pareto,2.0,,316228,1,0.0022846898576040935,8.37900142818489e-05
quantile,kll-percall,k=200,pareto,2.0,,316228,4,0.0024863845783493037,0.00030685035723031104
quantile,kll-percall,k=200,pareto,2.0,,316228,16,0.002099274905923874,4.394171014109096e-05
quantile,kll-percall,k=200,pareto,2.0,,316228,64,0.002937285380131167,0.0003234047962117803
quantile,kll-percall,k=200,pareto,2.0,,316228,256,0.002933776193815289,0.0005240442379411054
quantile,kll-percall,k=200,pareto,2.0,,316228,1024,0.0023986824729502272,2.9912784819482457e-05
quantile,kll-percall,k=200,pareto,2.0,,316228,4096,0.0028840268192674274,0.0002465849517791376
quantile,kll-percall,k=200,pareto,2.0,,316228,16384,0.0032157705822064044,0.0007799327673296862
quantile,kll-percall,k=200,pareto,2.0,,316228,65536,0.0038614850771288324,0.0007184867549275979
quantile,kll-percall,k=200,pareto,2.0,,316228,86400,0.002485554663717381,0.00015668084713062
quantile,kll-percall,k=200,pareto,2.0,,562341,1,0.0032248318751756555,0.0007121321015515556
quantile,kll-percall,k=200,pareto,2.0,,562341,4,0.002679292586895248,0.0001342656786552124
quantile,kll-percall,k=200,pareto,2.0,,562341,16,0.0026397918724050565,0.00015333617680747517
quantile,kll-percall,k=200,pareto,2.0,,562341,64,0.003110329395463353,0.0006202275028961205
quantile,kll-percall,k=200,pareto,2.0,,562341,256,0.002633896726029012,0.0002704472452994189
quantile,kll-percall,k=200,pareto,2.0,,562341,1024,0.0027647443613588382,0.00024380170077952862
quantile,kll-percall,k=200,pareto,2.0,,562341,4096,0.002604313886498627,0.00019894897775899435
quantile,kll-percall,k=200,pareto,2.0,,562341,16384,0.002754602822149841,0.000523986420398591
quantile,kll-percall,k=200,pareto,2.0,,562341,65536,0.0026889218874354003,8.518492904897666e-05
quantile,kll-percall,k=200,pareto,2.0,,562341,86400,0.003013097188020403,0.0002792332632799817
quantile,kll-percall,k=200,pareto,2.0,,1000000,1,0.002953422442244224,0.00035132869759062034
quantile,kll-percall,k=200,pareto,2.0,,1000000,4,0.0022179207920792086,0.00011301583240709786
quantile,kll-percall,k=200,pareto,2.0,,1000000,16,0.001910287128712871,9.554329724373364e-05
quantile,kll-percall,k=200,pareto,2.0,,1000000,64,0.0022847920792079205,0.0002979567386649796
quantile,kll-percall,k=200,pareto,2.0,,1000000,256,0.0036018481848184808,0.0009028970500431456
quantile,kll-percall,k=200,pareto,2.0,,1000000,1024,0.0032842574257425754,0.0007739442139093959
quantile,kll-percall,k=200,pareto,2.0,,1000000,4096,0.0032181683168316833,0.00042175260173032763
quantile,kll-percall,k=200,pareto,2.0,,1000000,16384,0.002824501650165016,0.00037965159722058446
quantile,kll-percall,k=200,pareto,2.0,,1000000,65536,0.002886861386138614,0.00019056856749500835
quantile,kll-percall,k=200,pareto,2.0,,1000000,86400,0.003490564356435643,0.0007504616660330358
quantile,kll-percall,k=200,pareto,2.0,,1778279,1,0.002165740968187956,0.00010473559941604433
quantile,kll-percall,k=200,pareto,2.0,,1778279,4,0.0028169022514531647,0.0003032341860959425
quantile,kll-percall,k=200,pareto,2.0,,1778279,16,0.0033938009077813074,0.00020488441604804902
quantile,kll-percall,k=200,pareto,2.0,,1778279,64,0.002273460666034954,0.00035805077384001377
quantile,kll-percall,k=200,pareto,2.0,,1778279,256,0.0035085400560374565,0.0012396101064232872
quantile,kll-percall,k=200,pareto,2.0,,1778279,1024,0.002142467399929114,8.92203519768678e-05
quantile,kll-percall,k=200,pareto,2.0,,1778279,4096,0.0027732373097624162,0.0002133741561766099
quantile,kll-percall,k=200,pareto,2.0,,1778279,16384,0.002285648015855109,0.0002565054822052089
quantile,kll-percall,k=200,pareto,2.0,,1778279,65536,0.0025356591434418374,0.00013074115369759475
quantile,kll-percall,k=200,pareto,2.0,,1778279,86400,0.003970513638806007,0.000939913400361838
quantile,kll-percall,k=200,pareto,2.0,,3162278,1,0.0029274736580890263,0.00032283293491764704
quantile,kll-percall,k=200,pareto,2.0,,3162278,4,0.001979910450860444,0.00013779600802660082
quantile,kll-percall,k=200,pareto,2.0,,3162278,16,0.002000505976895124,9.534460424665487e-05
quantile,kll-percall,k=200,pareto,2.0,,3162278,64,0.00361136033787499,0.00030059387919960585
quantile,kll-percall,k=200,pareto,2.0,,3162278,256,0.002588829554477688,0.00033058143633467806
quantile,kll-percall,k=200,pareto,2.0,,3162278,1024,0.002413388976138867,0.0003456061051804399
quantile,kll-percall,k=200,pareto,2.0,,3162278,4096,0.0027769648916060956,0.00046016156223798555
quantile,kll-percall,k=200,pareto,2.0,,3162278,16384,0.002449896079739832,0.0002532878859172576
quantile,kll-percall,k=200,pareto,2.0,,3162278,65536,0.0022622928192528283,0.0003090404179165467
quantile,kll-percall,k=200,pareto,2.0,,3162278,86400,0.0026409067931868137,0.0003716380127843985
quantile,kll-percall,k=200,pareto,2.0,,5623413,1,0.00234800872215454,0.0002702471702436631
quantile,kll-percall,k=200,pareto,2.0,,5623413,4,0.0027093722868894742,0.0007915027037127963
quantile,kll-percall,k=200,pareto,2.0,,5623413,16,0.002249786070776548,0.00032904058310615
quantile,kll-percall,k=200,pareto,2.0,,5623413,64,0.0025618911058417587,0.0007515029184115207
quantile,kll-percall,k=200,pareto,2.0,,5623413,256,0.0023674568200389803,0.00023125756361204412
quantile,kll-percall,k=200,pareto,2.0,,5623413,1024,0.0022059002046957593,0.0001521828385548556
quantile,kll-percall,k=200,pareto,2.0,,5623413,4096,0.003615122130542175,0.0012419602017534827
quantile,kll-percall,k=200,pareto,2.0,,5623413,16384,0.002348713114506466,0.0001243573279397257
quantile,kll-percall,k=200,pareto,2.0,,5623413,65536,0.002557203478942185,0.0002942057977472545
quantile,kll-percall,k=200,pareto,2.0,,5623413,86400,0.0027251064275185034,0.00022929652282284674
quantile,kll-percall,k=200,pareto,2.0,,10000000,1,0.002870761386138612,0.0003628133975818537
quantile,kll-percall,k=200,pareto,2.0,,10000000,4,0.0020009693069306927,4.032404486881667e-05
quantile,kll-percall,k=200,pareto,2.0,,10000000,16,0.002368782838283829,0.0004686870398292485
quantile,kll-percall,k=200,pareto,2.0,,10000000,64,0.0031131455445544535,0.00046435914294882467
quantile,kll-percall,k=200,pareto,2.0,,10000000,256,0.0026043627062706264,0.000286874977556215
quantile,kll-percall,k=200,pareto,2.0,,10000000,1024,0.0027995145214521435,0.00022135109611942611
quantile,kll-percall,k=200,pareto,2.0,,10000000,4096,0.0024609161716171637,0.000329052712709044
quantile,kll-percall,k=200,pareto,2.0,,10000000,16384,0.0028037689768976907,0.000438280551298314
quantile,kll-percall,k=200,pareto,2.0,,10000000,65536,0.003075223432343234,0.0002051904143568885
quantile,kll-percall,k=200,pareto,2.0,,10000000,86400,0.0032297531353135327,0.0006177419620672001
quantile,kll-percall,k=200,pareto,2.0,,17782794,1,0.0027370396803382234,0.00036694393798734746
quantile,kll-percall,k=200,pareto,2.0,,17782794,4,0.00486884574629231,0.00048725473834863956
quantile,kll-percall,k=200,pareto,2.0,,17782794,16,0.0028694707773577227,0.0002772903069362485
quantile,kll-percall,k=200,pareto,2.0,,17782794,64,0.003346021973371968,0.0005308700973624413
quantile,kll-percall,k=200,pareto,2.0,,17782794,256,0.003153518450300759,0.0004271247525816975
quantile,kll-percall,k=200,pareto,2.0,,17782794,1024,0.0027816181923003805,0.0008989081441592954
quantile,kll-percall,k=200,pareto,2.0,,17782794,4096,0.003344855603220459,0.0005909713683896448
quantile,kll-percall,k=200,pareto,2.0,,17782794,16384,0.0025964662001008634,7.993517572233133e-05
quantile,kll-percall,k=200,pareto,2.0,,17782794,65536,0.002700527403525613,0.0003972542895597758
quantile,kll-percall,k=200,pareto,2.0,,17782794,86400,0.002621973746639645,0.00028112129397543927
quantile,kll-percall,k=200,pareto,2.0,,31622777,1,0.0032930911996395737,0.0006313814080168023
quantile,kll-percall,k=200,pareto,2.0,,31622777,4,0.0023245253278232716,0.00048723110274825394
quantile,kll-percall,k=200,pareto,2.0,,31622777,16,0.0018178724661202614,0.00012932476828592262
quantile,kll-percall,k=200,pareto,2.0,,31622777,64,0.0024401617800733177,0.00027420498779771516
quantile,kll-percall,k=200,pareto,2.0,,31622777,256,0.0031431148138850846,0.00042888181200430043
quantile,kll-percall,k=200,pareto,2.0,,31622777,1024,0.0024579352174138955,0.00019241551604726458
quantile,kll-percall,k=200,pareto,2.0,,31622777,4096,0.0026156112523936566,0.0004948688032956096
quantile,kll-percall,k=200,pareto,2.0,,31622777,16384,0.0022087366040783886,0.0001464497802045621
quantile,kll-percall,k=200,pareto,2.0,,31622777,65536,0.0023080615733287266,0.00012600029429249144
quantile,kll-percall,k=200,pareto,2.0,,31622777,86400,0.002563014454880271,0.0004743367260404499
quantile,kll-percall,k=800,pareto,2.0,,1000,1,0.0,0.0
quantile,kll-percall,k=800,pareto,2.0,,1000,4,0.0007293729372937299,1.6501650165016514e-05
quantile,kll-percall,k=800,pareto,2.0,,1000,16,1.6501650165016504e-05,3.3003300330033004e-06
quantile,kll-percall,k=800,pareto,2.0,,1000,64,0.0002541254125412543,0.00012224593516470063
quantile,kll-percall,k=800,pareto,2.0,,1000,256,0.0003663366336633666,1.1432678597814383e-05
quantile,kll-percall,k=800,pareto,2.0,,1000,1024,6.600660066006601e-06,3.3003300330033004e-06
quantile,kll-percall,k=800,pareto,2.0,,1000,4096,3.3003300330033004e-06,3.3003300330033004e-06
quantile,kll-percall,k=800,pareto,2.0,,1000,16384,1.3201320132013202e-05,3.3003300330033004e-06
quantile,kll-percall,k=800,pareto,2.0,,1000,65536,3.3003300330033004e-06,3.3003300330033004e-06
quantile,kll-percall,k=800,pareto,2.0,,1000,86400,3.3003300330033004e-06,3.3003300330033004e-06
quantile,kll-percall,k=800,pareto,2.0,,1778,1,9.674533257600245e-05,1.353822843741705e-05
quantile,kll-percall,k=800,pareto,2.0,,1778,4,0.0003040461526467631,3.341061326074374e-05
quantile,kll-percall,k=800,pareto,2.0,,1778,16,0.00019048361529066605,5.486919056775245e-05
quantile,kll-percall,k=800,pareto,2.0,,1778,64,8.798405149851482e-05,5.0724308869161385e-06
quantile,kll-percall,k=800,pareto,2.0,,1778,256,0.0001362082214970653,1.0688832128684597e-05
quantile,kll-percall,k=800,pareto,2.0,,1778,1024,0.00011604985020436993,3.46990147100141e-05
quantile,kll-percall,k=800,pareto,2.0,,1778,4096,0.00010999862640932262,1.4784472467968924e-05
quantile,kll-percall,k=800,pareto,2.0,,1778,16384,0.00010231394343033922,8.01501758283127e-06
quantile,kll-percall,k=800,pareto,2.0,,1778,65536,0.0001305282384256434,1.3205163521760155e-05
quantile,kll-percall,k=800,pareto,2.0,,1778,86400,0.00012069035924964735,1.6688788043657053e-05
quantile,kll-percall,k=800,pareto,2.0,,3162,1,0.00027358713100911593,4.91595741708816e-05
quantile,kll-percall,k=800,pareto,2.0,,3162,4,0.0001494020369778905,2.4983193709431428e-05
quantile,kll-percall,k=800,pareto,2.0,,3162,16,0.00021720388357621603,4.3651972067980416e-05
quantile,kll-percall,k=800,pareto,2.0,,3162,64,0.00026770039432785883,2.922875821792499e-05
quantile,kll-percall,k=800,pareto,2.0,,3162,256,0.0002350102182893838,3.102702733797046e-05
quantile,kll-percall,k=800,pareto,2.0,,3162,1024,0.0003657917973960581,0.0001429738041991552
quantile,kll-percall,k=800,pareto,2.0,,3162,4096,0.00020192341814826795,5.7594630245003956e-05
quantile,kll-percall,k=800,pareto,2.0,,3162,16384,0.00027018451370753693,5.021597779466268e-05
quantile,kll-percall,k=800,pareto,2.0,,3162,65536,0.00023597046611682,4.9224108007041084e-05
quantile,kll-percall,k=800,pareto,2.0,,3162,86400,0.00025659491945399587,4.231121205153863e-05
quantile,kll-percall,k=800,pareto,2.0,,5623,1,0.0003078821131268384,3.802637121952928e-05
quantile,kll-percall,k=800,pareto,2.0,,5623,4,0.0003736774175372361,6.032033616646244e-05
quantile,kll-percall,k=800,pareto,2.0,,5623,16,0.0002459312265923378,1.7231716317671586e-05
quantile,kll-percall,k=800,pareto,2.0,,5623,64,0.00027310040269543583,7.671809680723021e-05
quantile,kll-percall,k=800,pareto,2.0,,5623,256,0.00035582288444031986,6.766588054252688e-05
quantile,kll-percall,k=800,pareto,2.0,,5623,1024,0.00043355055761667505,9.966143007929525e-05
quantile,kll-percall,k=800,pareto,2.0,,5623,4096,0.00039848711885237894,5.983316620002394e-05
quantile,kll-percall,k=800,pareto,2.0,,5623,16384,0.00028946999270441025,2.090958793071997e-05
quantile,kll-percall,k=800,pareto,2.0,,5623,65536,0.00036525491425187405,5.1285562769270435e-05
quantile,kll-percall,k=800,pareto,2.0,,5623,86400,0.0003410967097065381,9.56623062347394e-06
quantile,kll-percall,k=800,pareto,2.0,,10000,1,0.0005099009900990114,0.00012947350775432184
quantile,kll-percall,k=800,pareto,2.0,,10000,4,0.000281518151815181,1.837545994333264e-05
quantile,kll-percall,k=800,pareto,2.0,,10000,16,0.00030264026402640216,2.3571381301213224e-05
quantile,kll-percall,k=800,pareto,2.0,,10000,64,0.00042508250825082345,5.593353538612283e-05
quantile,kll-percall,k=800,pareto,2.0,,10000,256,0.0005102310231023113,0.00013189929078887393
quantile,kll-percall,k=800,pareto,2.0,,10000,1024,0.0004026402640264027,3.9942175197629114e-05
quantile,kll-percall,k=800,pareto,2.0,,10000,4096,0.00040792079207920673,1.6841387223990784e-05
quantile,kll-percall,k=800,pareto,2.0,,10000,16384,0.00046996699669966973,5.035680724836628e-05
quantile,kll-percall,k=800,pareto,2.0,,10000,65536,0.0004858085808580878,3.3728016610010296e-05
quantile,kll-percall,k=800,pareto,2.0,,10000,86400,0.0004231023102310237,9.560880093983432e-05
quantile,kll-percall,k=800,pareto,2.0,,17783,1,0.0004290577514142366,1.3170062196275788e-05
quantile,kll-percall,k=800,pareto,2.0,,17783,4,0.00045820265544520983,0.00013809318747455782
quantile,kll-percall,k=800,pareto,2.0,,17783,16,0.0003998590265594604,2.468931794362194e-05
quantile,kll-percall,k=800,pareto,2.0,,17783,64,0.0006846305729375179,0.0001612153984356272
quantile,kll-percall,k=800,pareto,2.0,,17783,256,0.00046571344420052037,2.4637117393911708e-05
quantile,kll-percall,k=800,pareto,2.0,,17783,1024,0.0004544166388747069,5.379815760888843e-05
quantile,kll-percall,k=800,pareto,2.0,,17783,4096,0.0007525654438018744,0.0003454363477963081
quantile,kll-percall,k=800,pareto,2.0,,17783,16384,0.0007452086939560551,3.275132515084591e-05
quantile,kll-percall,k=800,pareto,2.0,,17783,65536,0.0005335480969791874,9.35654698169008e-05
quantile,kll-percall,k=800,pareto,2.0,,17783,86400,0.0009216500573748547,0.00022788646577855118
quantile,kll-percall,k=800,pareto,2.0,,31623,1,0.0005858031017028274,0.00022158873335777535
quantile,kll-percall,k=800,pareto,2.0,,31623,4,0.00045529901628811874,0.00011251622084783553
quantile,kll-percall,k=800,pareto,2.0,,31623,16,0.0006868909070965913,0.0001411048453852782
quantile,kll-percall,k=800,pareto,2.0,,31623,64,0.00032114946624157064,2.2213499808401886e-05
quantile,kll-percall,k=800,pareto,2.0,,31623,256,0.0006082185867766185,0.00020337490066580385
quantile,kll-percall,k=800,pareto,2.0,,31623,1024,0.0004927586962282219,5.910199584627854e-05
quantile,kll-percall,k=800,pareto,2.0,,31623,4096,0.000550805388858779,3.7211361905940234e-05
quantile,kll-percall,k=800,pareto,2.0,,31623,16384,0.0007644099956907778,6.905174433453307e-05
quantile,kll-percall,k=800,pareto,2.0,,31623,65536,0.0005193686051083022,6.511620261338404e-05
quantile,kll-percall,k=800,pareto,2.0,,31623,86400,0.00045941412279924647,1.6125858809059846e-05
quantile,kll-percall,k=800,pareto,2.0,,56234,1,0.0004862073858984555,1.0898923518377961e-05
quantile,kll-percall,k=800,pareto,2.0,,56234,4,0.000361803829847722,0.000116326294285118
quantile,kll-percall,k=800,pareto,2.0,,56234,16,0.0006219520483186085,0.00011860717967125639
quantile,kll-percall,k=800,pareto,2.0,,56234,64,0.0003529124118443778,5.192844636508641e-05
quantile,kll-percall,k=800,pareto,2.0,,56234,256,0.0004074769606633093,3.4217600197007994e-05
quantile,kll-percall,k=800,pareto,2.0,,56234,1024,0.0005669567205680252,4.488801623134867e-05
quantile,kll-percall,k=800,pareto,2.0,,56234,4096,0.0006375997702199344,5.3773625103683316e-05
quantile,kll-percall,k=800,pareto,2.0,,56234,16384,0.0006106179846565209,8.863606197774577e-05
quantile,kll-percall,k=800,pareto,2.0,,56234,65536,0.0007826948004043902,0.0003034799349343007
quantile,kll-percall,k=800,pareto,2.0,,56234,86400,0.0005589655953182877,4.291024948905549e-05
quantile,kll-percall,k=800,pareto,2.0,,100000,1,0.0005168976897689773,3.404464399823683e-05
quantile,kll-percall,k=800,pareto,2.0,,100000,4,0.0003424752475247529,4.2564739130949806e-05
quantile,kll-percall,k=800,pareto,2.0,,100000,16,0.0003995709570957099,2.0406957676731117e-05
quantile,kll-percall,k=800,pareto,2.0,,100000,64,0.00048584158415841526,0.00010347141012124667
quantile,kll-percall,k=800,pareto,2.0,,100000,256,0.0005638613861386135,0.0001859191441917057
quantile,kll-percall,k=800,pareto,2.0,,100000,1024,0.0003546534653465358,7.49690870733543e-07
quantile,kll-percall,k=800,pareto,2.0,,100000,4096,0.0006926072607260735,9.677965580995158e-05
quantile,kll-percall,k=800,pareto,2.0,,100000,16384,0.0007161056105610559,0.000240569043052427
quantile,kll-percall,k=800,pareto,2.0,,100000,65536,0.0005225412541254135,6.033046630546864e-05
quantile,kll-percall,k=800,pareto,2.0,,100000,86400,0.000693729372937293,0.00019990646060588632
quantile,kll-percall,k=800,pareto,2.0,,177828,1,0.000579921073286893,7.750059223654918e-05
quantile,kll-percall,k=800,pareto,2.0,,177828,4,0.0003154982479825651,2.8015873877187896e-05
quantile,kll-percall,k=800,pareto,2.0,,177828,16,0.0005026231079818969,6.784772485820576e-05
quantile,kll-percall,k=800,pareto,2.0,,177828,64,0.000533887048196013,9.822405899437228e-05
quantile,kll-percall,k=800,pareto,2.0,,177828,256,0.0005358669344227065,8.581424173953017e-05
quantile,kll-percall,k=800,pareto,2.0,,177828,1024,0.000435998117660471,1.6072291529180707e-05
quantile,kll-percall,k=800,pareto,2.0,,177828,4096,0.0004175080440765584,3.6492045078815364e-05
quantile,kll-percall,k=800,pareto,2.0,,177828,16384,0.0008033245459642789,0.00012369952931031109
quantile,kll-percall,k=800,pareto,2.0,,177828,65536,0.00043986212508827254,4.110854246096209e-05
quantile,kll-percall,k=800,pareto,2.0,,177828,86400,0.0006128924519417328,8.059652446246593e-05
quantile,kll-percall,k=800,pareto,2.0,,316228,1,0.0006138646423429053,0.00011871788578583319
quantile,kll-percall,k=800,pareto,2.0,,316228,4,0.00045754721569276805,2.0057421886497628e-05
quantile,kll-percall,k=800,pareto,2.0,,316228,16,0.0004471782923387674,3.6860765247203044e-05
quantile,kll-percall,k=800,pareto,2.0,,316228,64,0.00047641942432729217,9.461048834278386e-05
quantile,kll-percall,k=800,pareto,2.0,,316228,256,0.00042754338046855923,1.3198384490876381e-05
quantile,kll-percall,k=800,pareto,2.0,,316228,1024,0.000706433938231727,0.00011347339092567988
quantile,kll-percall,k=800,pareto,2.0,,316228,4096,0.0005352519389965948,2.0588882650835942e-05
quantile,kll-percall,k=800,pareto,2.0,,316228,16384,0.0006304445666495124,0.00012086520108404354
quantile,kll-percall,k=800,pareto,2.0,,316228,65536,0.00043095613304199514,5.323931492229912e-05
quantile,kll-percall,k=800,pareto,2.0,,316228,86400,0.0006331017128427736,8.146004288427954e-05
quantile,kll-percall,k=800,pareto,2.0,,562341,1,0.0006013302253686405,8.310639933637153e-05
quantile,kll-percall,k=800,pareto,2.0,,562341,4,0.0004280948401913665,2.1832724858846954e-05
quantile,kll-percall,k=800,pareto,2.0,,562341,16,0.0004719054491460171,3.116331970250551e-05
quantile,kll-percall,k=800,pareto,2.0,,562341,64,0.0005558941037637656,8.380162120513778e-05
quantile,kll-percall,k=800,pareto,2.0,,562341,256,0.000394571671606445,5.204464889712326e-05
quantile,kll-percall,k=800,pareto,2.0,,562341,1024,0.0003307647979797408,1.265186765684063e-05
quantile,kll-percall,k=800,pareto,2.0,,562341,4096,0.0004555989696607887,4.595370713816205e-05
quantile,kll-percall,k=800,pareto,2.0,,562341,16384,0.00043955741287850697,8.710955208236937e-06
quantile,kll-percall,k=800,pareto,2.0,,562341,65536,0.0003655970861507572,2.9741467019379395e-05
quantile,kll-percall,k=800,pareto,2.0,,562341,86400,0.0003835338321051984,7.235627153398855e-05
quantile,kll-percall,k=800,pareto,2.0,,1000000,1,0.0006066336633663368,0.0001247375892161142
quantile,kll-percall,k=800,pareto,2.0,,1000000,4,0.0005242739273927393,5.893937501846296e-05
quantile,kll-percall,k=800,pareto,2.0,,1000000,16,0.0003592112211221122,5.957282454127512e-05
quantile,kll-percall,k=800,pareto,2.0,,1000000,64,0.000809907590759076,0.00013273485816498625
quantile,kll-percall,k=800,pareto,2.0,,1000000,256,0.000565976897689769,6.717698701683084e-05
quantile,kll-percall,k=800,pareto,2.0,,1000000,1024,0.0006392244224422442,8.248856669486643e-05
quantile,kll-percall,k=800,pareto,2.0,,1000000,4096,0.0005637128712871287,0.00010447092059988977
quantile,kll-percall,k=800,pareto,2.0,,1000000,16384,0.00034519471947194714,3.95468983860279e-05
quantile,kll-percall,k=800,pareto,2.0,,1000000,65536,0.0004899636963696369,0.00011119823157613915
quantile,kll-percall,k=800,pareto,2.0,,1000000,86400,0.0005420858085808581,2.386920180214558e-05
quantile,kll-percall,k=800,pareto,2.0,,1778279,1,0.000815602581987635,0.00010522246361051135
quantile,kll-percall,k=800,pareto,2.0,,1778279,4,0.0004861657719841983,6.229890904024818e-05
quantile,kll-percall,k=800,pareto,2.0,,1778279,16,0.0004242284448354068,5.642029103060069e-05
quantile,kll-percall,k=800,pareto,2.0,,1778279,64,0.0005540028961549994,0.00027609929572758367
quantile,kll-percall,k=800,pareto,2.0,,1778279,256,0.0005216253723653925,5.128975790891287e-05
quantile,kll-percall,k=800,pareto,2.0,,1778279,1024,0.0006029814634977937,0.000118401486882171
quantile,kll-percall,k=800,pareto,2.0,,1778279,4096,0.0005492644734306907,3.752231898650636e-05
quantile,kll-percall,k=800,pareto,2.0,,1778279,16384,0.000568069227358448,1.5693624067050068e-05
quantile,kll-percall,k=800,pareto,2.0,,1778279,65536,0.0006011825276159714,7.717970426839993e-05
quantile,kll-percall,k=800,pareto,2.0,,1778279,86400,0.0003135528538803774,3.197118443772957e-05
quantile,kll-percall,k=800,pareto,2.0,,3162278,1,0.000766219293762783,0.0001517933559837938
quantile,kll-percall,k=800,pareto,2.0,,3162278,4,0.00027413112062923896,3.213625217701445e-05
quantile,kll-percall,k=800,pareto,2.0,,3162278,16,0.0003920344492772024,3.7172942261649425e-05
quantile,kll-percall,k=800,pareto,2.0,,3162278,64,0.0004645608934664553,0.00020619162781191998
quantile,kll-percall,k=800,pareto,2.0,,3162278,256,0.00044069434116860654,0.00010773399504580707
quantile,kll-percall,k=800,pareto,2.0,,3162278,1024,0.000516606217178733,3.489274243991829e-05
quantile,kll-percall,k=800,pareto,2.0,,3162278,4096,0.00043946789939625536,9.837382287467183e-06
quantile,kll-percall,k=800,pareto,2.0,,3162278,16384,0.00047683188622200424,2.8809423546456545e-05
quantile,kll-percall,k=800,pareto,2.0,,3162278,65536,0.0006837466420398114,0.00020208214159237134
quantile,kll-percall,k=800,pareto,2.0,,3162278,86400,0.0003574704659422773,1.2014895483559778e-05
quantile,kll-percall,k=800,pareto,2.0,,5623413,1,0.00046223908632154743,5.177916884687582e-05
quantile,kll-percall,k=800,pareto,2.0,,5623413,4,0.00044694107607350596,0.00015056618741294503
quantile,kll-percall,k=800,pareto,2.0,,5623413,16,0.000377878299633027,8.489942201085564e-05
quantile,kll-percall,k=800,pareto,2.0,,5623413,64,0.0006262927582028601,0.00022015739595376016
quantile,kll-percall,k=800,pareto,2.0,,5623413,256,0.00045574730391158275,0.00010587647924262696
quantile,kll-percall,k=800,pareto,2.0,,5623413,1024,0.0005171106877080477,0.0001154842335027057
quantile,kll-percall,k=800,pareto,2.0,,5623413,4096,0.0005949526421840692,0.00011837461183003869
quantile,kll-percall,k=800,pareto,2.0,,5623413,16384,0.00038233758488208895,1.0687082899638308e-05
quantile,kll-percall,k=800,pareto,2.0,,5623413,65536,0.00041090819199067876,2.7518708378174302e-05
quantile,kll-percall,k=800,pareto,2.0,,5623413,86400,0.0005381703058959805,6.969195957223398e-05
quantile,kll-percall,k=800,pareto,2.0,,10000000,1,0.0005392448844884463,0.00011492272048469732
quantile,kll-percall,k=800,pareto,2.0,,10000000,4,0.0004641891089108927,4.414106399230701e-05
quantile,kll-percall,k=800,pareto,2.0,,10000000,16,0.0004958643564356436,3.8488866725470686e-05
quantile,kll-percall,k=800,pareto,2.0,,10000000,64,0.0004507455445544534,2.5819785774684314e-05
quantile,kll-percall,k=800,pareto,2.0,,10000000,256,0.0003712006600660072,1.966679321583416e-05
quantile,kll-percall,k=800,pareto,2.0,,10000000,1024,0.0006617465346534668,0.00014391775955912363
quantile,kll-percall,k=800,pareto,2.0,,10000000,4096,0.0005009966996699678,7.00906639284359e-05
quantile,kll-percall,k=800,pareto,2.0,,10000000,16384,0.0004932716171617148,2.560369673413158e-05
quantile,kll-percall,k=800,pareto,2.0,,10000000,65536,0.0005062174917491741,0.0001311336373904655
quantile,kll-percall,k=800,pareto,2.0,,10000000,86400,0.00046132178217821667,4.53986230878226e-05
quantile,kll-percall,k=800,pareto,2.0,,17782794,1,0.0006706555248238412,0.0001289117973899332
quantile,kll-percall,k=800,pareto,2.0,,17782794,4,0.0006685658273293992,0.00011765104425178866
quantile,kll-percall,k=800,pareto,2.0,,17782794,16,0.0006245559148307876,0.00016897196705675522
quantile,kll-percall,k=800,pareto,2.0,,17782794,64,0.00041523102920640326,2.3752856083273304e-05
quantile,kll-percall,k=800,pareto,2.0,,17782794,256,0.00048291521097143536,3.3349899384485624e-05
quantile,kll-percall,k=800,pareto,2.0,,17782794,1024,0.00042228123049804024,6.723254119657319e-05
quantile,kll-percall,k=800,pareto,2.0,,17782794,4096,0.0005829653840298269,0.0001342324263060356
quantile,kll-percall,k=800,pareto,2.0,,17782794,16384,0.0005784477231007651,2.3996626600651047e-05
quantile,kll-percall,k=800,pareto,2.0,,17782794,65536,0.0005642420903085194,8.521630383572895e-05
quantile,kll-percall,k=800,pareto,2.0,,17782794,86400,0.0004541596180382593,9.203922917359035e-05
quantile,kll-percall,k=800,pareto,2.0,,31622777,1,0.0006181762605163783,0.00016830356587177697
quantile,kll-percall,k=800,pareto,2.0,,31622777,4,0.0005136341927830621,9.054803412571094e-05
quantile,kll-percall,k=800,pareto,2.0,,31622777,16,0.00036990012739627625,9.257229781625871e-05
quantile,kll-percall,k=800,pareto,2.0,,31622777,64,0.0003764763404471405,7.793352962550696e-05
quantile,kll-percall,k=800,pareto,2.0,,31622777,256,0.0005364431867361544,6.079876614332896e-05
quantile,kll-percall,k=800,pareto,2.0,,31622777,1024,0.0006976553859602297,9.390445824111237e-05
quantile,kll-percall,k=800,pareto,2.0,,31622777,4096,0.0004345751399149385,5.4703405222734946e-05
quantile,kll-percall,k=800,pareto,2.0,,31622777,16384,0.000515326800313861,6.748969130585782e-05
quantile,kll-percall,k=800,pareto,2.0,,31622777,65536,0.0004510269382865711,0.00012273263167352047
quantile,kll-percall,k=800,pareto,2.0,,31622777,86400,0.00049247942799941,4.0146575971806834e-05
quantile,kll-percall,k=50,pareto,3.0,,1000,1,0.01311551155115511,0.0037174068373703305
quantile,kll-percall,k=50,pareto,3.0,,1000,4,0.010828382838283829,0.0013071848604403822
quantile,kll-percall,k=50,pareto,3.0,,1000,16,0.01020792079207921,0.001003197189417971
quantile,kll-percall,k=50,pareto,3.0,,1000,64,0.008000000000000004,0.0012830221364805365
quantile,kll-percall,k=50,pareto,3.0,,1000,256,0.008722772277227727,0.0010432436678871064
quantile,kll-percall,k=50,pareto,3.0,,1000,1024,0.008531353135313537,0.001061460229258111
quantile,kll-percall,k=50,pareto,3.0,,1000,3600,0.007372937293729377,0.00038998395604988775
quantile,kll-percall,k=50,pareto,3.0,,1000,4096,0.011749174917491756,0.002797833251983125
quantile,kll-percall,k=50,pareto,3.0,,1778,1,0.008105113098486454,0.0012599948514300488
quantile,kll-percall,k=50,pareto,3.0,,1778,4,0.010324315896156545,0.0020801172269307206
quantile,kll-percall,k=50,pareto,3.0,,1778,16,0.011417062966139131,0.0006167891196960177
quantile,kll-percall,k=50,pareto,3.0,,1778,64,0.00833093883066597,0.0014328778786757428
quantile,kll-percall,k=50,pareto,3.0,,1778,256,0.01334751472897571,0.0016488536728573881
quantile,kll-percall,k=50,pareto,3.0,,1778,1024,0.010382266573114004,0.0005072906087499632
quantile,kll-percall,k=50,pareto,3.0,,1778,3600,0.011275174761570646,0.0006985848523538932
quantile,kll-percall,k=50,pareto,3.0,,1778,4096,0.01400360845983361,0.00039325786913816226
quantile,kll-percall,k=50,pareto,3.0,,3162,1,0.011729072337973835,0.002428633786885082
quantile,kll-percall,k=50,pareto,3.0,,3162,4,0.011913022421786768,0.004129786022434286
quantile,kll-percall,k=50,pareto,3.0,,3162,16,0.008745164839064552,0.00016460761179845125
quantile,kll-percall,k=50,pareto,3.0,,3162,64,0.008440808027671836,0.0009112463392335491
quantile,kll-percall,k=50,pareto,3.0,,3162,256,0.01135812442724348,0.0026759203891426036
quantile,kll-percall,k=50,pareto,3.0,,3162,1024,0.011898180330367004,0.0029965604297059615
quantile,kll-percall,k=50,pareto,3.0,,3162,3600,0.009186878839686623,0.0010120484203097707
quantile,kll-percall,k=50,pareto,3.0,,3162,4096,0.00984919934118649,0.0003572017907766476
quantile,kll-percall,k=50,pareto,3.0,,5623,1,0.00964818000562283,0.001073342384223978
quantile,kll-percall,k=50,pareto,3.0,,5623,4,0.009596036786677075,0.002184397708471928
quantile,kll-percall,k=50,pareto,3.0,,5623,16,0.00924154624247771,0.0012422270195140746
quantile,kll-percall,k=50,pareto,3.0,,5623,64,0.008988014220237607,0.0015153288546355503
quantile,kll-percall,k=50,pareto,3.0,,5623,256,0.009985661201723941,0.0014120549440385516
quantile,kll-percall,k=50,pareto,3.0,,5623,1024,0.010079024797375699,0.0006676033133538267
quantile,kll-percall,k=50,pareto,3.0,,5623,3600,0.011346004065105072,0.0013117023783402134
quantile,kll-percall,k=50,pareto,3.0,,5623,4096,0.010036824240844852,0.0012980332798077506
quantile,kll-percall,k=50,pareto,3.0,,10000,1,0.009347854785478548,0.0008106975057423458
quantile,kll-percall,k=50,pareto,3.0,,10000,4,0.008513531353135312,8.284222835203944e-05
quantile,kll-percall,k=50,pareto,3.0,,10000,16,0.011497029702970297,0.0009587994963504488
quantile,kll-percall,k=50,pareto,3.0,,10000,64,0.011064686468646869,0.0015057276451523778
quantile,kll-percall,k=50,pareto,3.0,,10000,256,0.011729702970297025,0.0031164086817351616
quantile,kll-percall,k=50,pareto,3.0,,10000,1024,0.012297029702970294,0.0008821011697156382
quantile,kll-percall,k=50,pareto,3.0,,10000,3600,0.011466006600660066,0.0012314428274276194
quantile,kll-percall,k=50,pareto,3.0,,10000,4096,0.01181221122112211,0.0012092391676381934
quantile,kll-percall,k=50,pareto,3.0,,17783,1,0.0122042002884425,0.001592937621390661
quantile,kll-percall,k=50,pareto,3.0,,17783,4,0.01134808543554687,0.001006540342672535
quantile,kll-percall,k=50,pareto,3.0,,17783,16,0.011032533945628717,0.0005265435523909709
quantile,kll-percall,k=50,pareto,3.0,,17783,64,0.010463638558648644,0.0010045653288310705
quantile,kll-percall,k=50,pareto,3.0,,17783,256,0.00744483783136228,0.00017896422898177255
quantile,kll-percall,k=50,pareto,3.0,,17783,1024,0.010445296793076932,0.0012627408770364773
quantile,kll-percall,k=50,pareto,3.0,,17783,3600,0.00960254806338757,0.0009120431281001089
quantile,kll-percall,k=50,pareto,3.0,,17783,4096,0.009864326982661717,0.0011460563166512245
quantile,kll-percall,k=50,pareto,3.0,,31623,1,0.012251636414945923,0.0006615211617680644
quantile,kll-percall,k=50,pareto,3.0,,31623,4,0.011029941339641981,0.0010948528951934366
quantile,kll-percall,k=50,pareto,3.0,,31623,16,0.00879806954227346,0.0016411962907013607
quantile,kll-percall,k=50,pareto,3.0,,31623,64,0.012074935223339243,0.0026114317737470564
quantile,kll-percall,k=50,pareto,3.0,,31623,256,0.013097952998031995,0.0019323038361068444
quantile,kll-percall,k=50,pareto,3.0,,31623,1024,0.011492327773712771,0.0031668061894861268
quantile,kll-percall,k=50,pareto,3.0,,31623,3600,0.010505920148982927,0.0010631374124602715
quantile,kll-percall,k=50,pareto,3.0,,31623,4096,0.01163496949258535,0.0005193367196152769
quantile,kll-percall,k=50,pareto,3.0,,56234,1,0.014533775709256382,0.0029258672432420653
quantile,kll-percall,k=50,pareto,3.0,,56234,4,0.0121052213340977,0.0014088215907362548
quantile,kll-percall,k=50,pareto,3.0,,56234,16,0.011130723094715841,0.0030592270316051576
quantile,kll-percall,k=50,pareto,3.0,,56234,64,0.00875543036752016,0.0007437608391308325
quantile,kll-percall,k=50,pareto,3.0,,56234,256,0.008164196261003205,0.0012383803600618717
quantile,kll-percall,k=50,pareto,3.0,,56234,1024,0.01531460888735671,0.002567717328450062
quantile,kll-percall,k=50,pareto,3.0,,56234,3600,0.011682586119692452,0.0015251066464531471
quantile,kll-percall,k=50,pareto,3.0,,56234,4096,0.010248800069394146,0.0019280769485296968
quantile,kll-percall,k=50,pareto,3.0,,100000,1,0.010482343234323427,0.0009494886213494737
quantile,kll-percall,k=50,pareto,3.0,,100000,4,0.009496732673267326,0.0018490544014508822
quantile,kll-percall,k=50,pareto,3.0,,100000,16,0.008291386138613866,0.0006441347155256048
quantile,kll-percall,k=50,pareto,3.0,,100000,64,0.009867326732673265,0.0013056040271204401
quantile,kll-percall,k=50,pareto,3.0,,100000,256,0.011230198019801976,0.0017757752589089766
quantile,kll-percall,k=50,pareto,3.0,,100000,1024,0.010972376237623758,0.0016488788852661786
quantile,kll-percall,k=50,pareto,3.0,,100000,3600,0.011968943894389442,0.001234742550311691
quantile,kll-percall,k=50,pareto,3.0,,100000,4096,0.007955709570957096,0.000258011736772888
quantile,kll-percall,k=50,pareto,3.0,,177828,1,0.010395718902479355,0.0005499642450759058
quantile,kll-percall,k=50,pareto,3.0,,177828,4,0.008099113980498533,0.0006837792471587552
quantile,kll-percall,k=50,pareto,3.0,,177828,16,0.008895944321471762,0.0005496715986638985
quantile,kll-percall,k=50,pareto,3.0,,177828,64,0.009159272159080406,0.0004129936801709341
quantile,kll-percall,k=50,pareto,3.0,,177828,256,0.011834687888790232,0.0021823828247271326
quantile,kll-percall,k=50,pareto,3.0,,177828,1024,0.012508605675332357,0.002483677961346613
quantile,kll-percall,k=50,pareto,3.0,,177828,3600,0.011894614523872256,0.0021567390834176716
quantile,kll-percall,k=50,pareto,3.0,,177828,4096,0.011114350789961243,0.0013171888659671666
quantile,kll-percall,k=50,pareto,3.0,,316228,1,0.011315011840685939,0.0011782189959703459
quantile,kll-percall,k=50,pareto,3.0,,316228,4,0.008805122059444016,0.0002459579970455308
quantile,kll-percall,k=50,pareto,3.0,,316228,16,0.009658722655346097,0.00045962521614414367
quantile,kll-percall,k=50,pareto,3.0,,316228,64,0.010765193814497635,0.000677915851104512
quantile,kll-percall,k=50,pareto,3.0,,316228,256,0.011104749962960675,0.0004790719490125164
quantile,kll-percall,k=50,pareto,3.0,,316228,1024,0.01120959514902374,0.0010979312573820839
quantile,kll-percall,k=50,pareto,3.0,,316228,3600,0.010917966570554369,0.00040502321651334026
quantile,kll-percall,k=50,pareto,3.0,,316228,4096,0.010192002085974565,0.00044774864854777244
quantile,kll-percall,k=50,pareto,3.0,,562341,1,0.012228510057522792,0.002093240439770516
quantile,kll-percall,k=50,pareto,3.0,,562341,4,0.012621751305391359,0.0013459617590670567
quantile,kll-percall,k=50,pareto,3.0,,562341,16,0.011896094451880652,0.000531159732537292
quantile,kll-percall,k=50,pareto,3.0,,562341,64,0.010875064982798248,0.0007833466640870889
quantile,kll-percall,k=50,pareto,3.0,,562341,256,0.010773168985476868,0.0010780565714487342
quantile,kll-percall,k=50,pareto,3.0,,562341,1024,0.012288178761060036,0.0023130805966568584
quantile,kll-percall,k=50,pareto,3.0,,562341,3600,0.012027664315562778,0.002454216506102955
quantile,kll-percall,k=50,pareto,3.0,,562341,4096,0.010553777480529105,0.001781710621513241
quantile,kll-percall,k=50,pareto,3.0,,1000000,1,0.013069171617161717,0.0019160732981742979
quantile,kll-percall,k=50,pareto,3.0,,1000000,4,0.011614742574257425,0.0010398915776270226
quantile,kll-percall,k=50,pareto,3.0,,1000000,16,0.00931388778877888,0.0012961948506122177
quantile,kll-percall,k=50,pareto,3.0,,1000000,64,0.013918188118811884,0.00202299718732855
quantile,kll-percall,k=50,pareto,3.0,,1000000,256,0.011694471947194722,0.001250403052365312
quantile,kll-percall,k=50,pareto,3.0,,1000000,1024,0.011182336633663364,0.0013756832071172749
quantile,kll-percall,k=50,pareto,3.0,,1000000,3600,0.011907207920792083,0.0005454641379638655
quantile,kll-percall,k=50,pareto,3.0,,1000000,4096,0.012119079207920791,0.0008967722741122818
quantile,kll-percall,k=50,pareto,3.0,,1778279,1,0.008614947540307066,0.0003031065792334418
quantile,kll-percall,k=50,pareto,3.0,,1778279,4,0.013377126203065281,0.002124256689026695
quantile,kll-percall,k=50,pareto,3.0,,1778279,16,0.009127997688023113,0.0011731208959093221
quantile,kll-percall,k=50,pareto,3.0,,1778279,64,0.008489107660377313,0.0007021513873357239
quantile,kll-percall,k=50,pareto,3.0,,1778279,256,0.010520191847074485,0.0014104351525622344
quantile,kll-percall,k=50,pareto,3.0,,1778279,1024,0.011286034207097069,0.0008926132041328289
quantile,kll-percall,k=50,pareto,3.0,,1778279,3600,0.010073762161601356,0.0006102510416900967
quantile,kll-percall,k=50,pareto,3.0,,1778279,4096,0.00839158629392143,0.0009653941516263947
quantile,kll-percall,k=50,pareto,3.0,,3162278,1,0.009890445897529307,0.0012196103871708064
quantile,kll-percall,k=50,pareto,3.0,,3162278,4,0.006597852965655788,0.00040292375055439876
quantile,kll-percall,k=50,pareto,3.0,,3162278,16,0.008819696793043981,0.0006713502126870288
quantile,kll-percall,k=50,pareto,3.0,,3162278,64,0.009560296463978863,0.0014426327275816784
quantile,kll-percall,k=50,pareto,3.0,,3162278,256,0.01089584924425862,0.00024127853276997328
quantile,kll-percall,k=50,pareto,3.0,,3162278,1024,0.01285493251922497,0.0014665735269828268
quantile,kll-percall,k=50,pareto,3.0,,3162278,3600,0.00886887396253639,0.0004949197576140859
quantile,kll-percall,k=50,pareto,3.0,,3162278,4096,0.010434822837546008,0.0002595553863354935
quantile,kll-percall,k=50,pareto,3.0,,5623413,1,0.012251328889628864,0.0022454356334943096
quantile,kll-percall,k=50,pareto,3.0,,5623413,4,0.009089878047875602,0.0006902211477342223
quantile,kll-percall,k=50,pareto,3.0,,5623413,16,0.010463556163450127,0.0021856970261380435
quantile,kll-percall,k=50,pareto,3.0,,5623413,64,0.008845882701871305,0.0005604779738177275
quantile,kll-percall,k=50,pareto,3.0,,5623413,256,0.013928915345602937,0.0027905886503681704
quantile,kll-percall,k=50,pareto,3.0,,5623413,1024,0.009146856910457394,0.0009268932907293713
quantile,kll-percall,k=50,pareto,3.0,,5623413,3600,0.010413396679921326,7.308328730849448e-05
quantile,kll-percall,k=50,pareto,3.0,,5623413,4096,0.008596224685998523,0.0006609855899233658
quantile,kll-percall,k=50,pareto,3.0,,10000000,1,0.010903958085808579,0.0006471450824994828
quantile,kll-percall,k=50,pareto,3.0,,10000000,4,0.009470568646864687,0.0007633092627622674
quantile,kll-percall,k=50,pareto,3.0,,10000000,16,0.010193968646864685,0.0007745363771704237
quantile,kll-percall,k=50,pareto,3.0,,10000000,64,0.010091295379537957,0.0011575063198879078
quantile,kll-percall,k=50,pareto,3.0,,10000000,256,0.012549493069306935,0.0017255566730501747
quantile,kll-percall,k=50,pareto,3.0,,10000000,1024,0.011082187788778878,0.0005577760418966342
quantile,kll-percall,k=50,pareto,3.0,,10000000,3600,0.017409544224422438,0.0018482555099913803
quantile,kll-percall,k=50,pareto,3.0,,10000000,4096,0.013427271947194718,0.0032331020359021895
quantile,kll-percall,k=50,pareto,3.0,,17782794,1,0.008847265515869621,0.0009300471304676285
quantile,kll-percall,k=50,pareto,3.0,,17782794,4,0.011120936364783068,0.0004698161663616129
quantile,kll-percall,k=50,pareto,3.0,,17782794,16,0.014324853170053048,0.0035453395284586998
quantile,kll-percall,k=50,pareto,3.0,,17782794,64,0.012636086093872392,0.0016240193025228867
quantile,kll-percall,k=50,pareto,3.0,,17782794,256,0.011165223765816504,0.00030937822903328444
quantile,kll-percall,k=50,pareto,3.0,,17782794,1024,0.01199783159253634,0.00130670724556295
quantile,kll-percall,k=50,pareto,3.0,,17782794,3600,0.011563712334711429,0.0012535307041806078
quantile,kll-percall,k=50,pareto,3.0,,17782794,4096,0.011952159094701514,0.0009235133179086441
quantile,kll-percall,k=50,pareto,3.0,,31622777,1,0.010733608815784857,0.0005238699719929871
quantile,kll-percall,k=50,pareto,3.0,,31622777,4,0.010022402088141208,0.0016524043149799103
quantile,kll-percall,k=50,pareto,3.0,,31622777,16,0.011950470616787891,0.0030403151548290194
quantile,kll-percall,k=50,pareto,3.0,,31622777,64,0.0126659572304513,0.0017579186048237204
quantile,kll-percall,k=50,pareto,3.0,,31622777,256,0.010879080711359729,0.0008505014708257877
quantile,kll-percall,k=50,pareto,3.0,,31622777,1024,0.0120731737586533,0.0013032168375504225
quantile,kll-percall,k=50,pareto,3.0,,31622777,3600,0.01095891761772847,0.0007261858233146193
quantile,kll-percall,k=50,pareto,3.0,,31622777,4096,0.012328636662358554,0.002188611957114626
quantile,kll-percall,k=50,pareto,3.0,,56234133,1,0.010572697137460977,0.00223127529074826
quantile,kll-percall,k=50,pareto,3.0,,56234133,4,0.009366886426944875,0.0018788565057313719
quantile,kll-percall,k=50,pareto,3.0,,56234133,16,0.013191842290186747,0.0013221534023162252
quantile,kll-percall,k=50,pareto,3.0,,56234133,64,0.008289352574912432,0.0005760760814800566
quantile,kll-percall,k=50,pareto,3.0,,56234133,256,0.0092889024337672,0.001626895862359399
quantile,kll-percall,k=50,pareto,3.0,,56234133,1024,0.011927968143417442,0.0012214495824983975
quantile,kll-percall,k=50,pareto,3.0,,56234133,3600,0.014720319218682977,0.00531268742972831
quantile,kll-percall,k=50,pareto,3.0,,56234133,4096,0.014234550146004927,0.0005289524438637284
quantile,kll-percall,k=50,pareto,3.0,,100000000,1,0.012376647128712873,0.0010995395847171515
quantile,kll-percall,k=50,pareto,3.0,,100000000,4,0.007770969570957094,0.0007638717610885222
quantile,kll-percall,k=50,pareto,3.0,,100000000,16,0.010762584158415842,0.0012241239001667212
quantile,kll-percall,k=50,pareto,3.0,,100000000,64,0.010433186468646868,0.0007812481513181434
quantile,kll-percall,k=50,pareto,3.0,,100000000,256,0.011441481155115509,0.0012668580707621954
quantile,kll-percall,k=50,pareto,3.0,,100000000,1024,0.011091328349834983,0.0006592277304171482
quantile,kll-percall,k=50,pareto,3.0,,100000000,3600,0.01073946471947195,0.0021425941719010254
quantile,kll-percall,k=50,pareto,3.0,,100000000,4096,0.010173224290429042,0.0016521465374285808
quantile,kll-percall,k=50,pareto,3.0,,177827941,1,0.009983520907052977,0.0004569019017874517
quantile,kll-percall,k=50,pareto,3.0,,177827941,4,0.009906666178774878,0.0010154420526827647
quantile,kll-percall,k=50,pareto,3.0,,177827941,16,0.008578247777552388,0.000615073614147915
quantile,kll-percall,k=50,pareto,3.0,,177827941,64,0.012525956117208475,0.00039183481349148194
quantile,kll-percall,k=50,pareto,3.0,,177827941,256,0.01162916822256327,0.0009123584676436852
quantile,kll-percall,k=50,pareto,3.0,,177827941,1024,0.010185216858807711,0.0004339921130458733
quantile,kll-percall,k=50,pareto,3.0,,177827941,3600,0.01215180964919306,0.002445785794586394
quantile,kll-percall,k=50,pareto,3.0,,177827941,4096,0.010489032408971302,0.000903086521044193
quantile,kll-percall,k=50,pareto,3.0,,316227766,1,0.011272746316098071,0.0005901341398612067
quantile,kll-percall,k=50,pareto,3.0,,316227766,4,0.013884113717460142,0.0034905828371434087
quantile,kll-percall,k=50,pareto,3.0,,316227766,16,0.0092783352151744,0.0005040495792017859
quantile,kll-percall,k=50,pareto,3.0,,316227766,64,0.0099404688414346,5.5758998195763985e-05
quantile,kll-percall,k=50,pareto,3.0,,316227766,256,0.009385927456120751,0.00020429556423534013
quantile,kll-percall,k=50,pareto,3.0,,316227766,1024,0.014766698086412523,0.003527560545873547
quantile,kll-percall,k=50,pareto,3.0,,316227766,3600,0.010571514090550821,0.0013014028917151396
quantile,kll-percall,k=50,pareto,3.0,,316227766,4096,0.01027012478246977,0.0005037822943884659
quantile,kll-percall,k=200,pareto,3.0,,1000,1,0.0010759075907590765,0.00018797400483033872
quantile,kll-percall,k=200,pareto,3.0,,1000,4,0.0006798679867986802,9.398700241516927e-05
quantile,kll-percall,k=200,pareto,3.0,,1000,16,0.001976897689768978,0.00028017838817589216
quantile,kll-percall,k=200,pareto,3.0,,1000,64,0.0011815181518151823,0.0002659378007646639
quantile,kll-percall,k=200,pareto,3.0,,1000,256,0.000983498349834984,0.0001360360649869635
quantile,kll-percall,k=200,pareto,3.0,,1000,1024,0.0010990099009900996,0.0001839915493698529
quantile,kll-percall,k=200,pareto,3.0,,1000,3600,0.0010627062706270634,3.806126268868255e-05
quantile,kll-percall,k=200,pareto,3.0,,1000,4096,0.001320132013201321,0.00015658318368681794
quantile,kll-percall,k=200,pareto,3.0,,1778,1,0.001799292415180778,0.0002079664589132662
quantile,kll-percall,k=200,pareto,3.0,,1778,4,0.0021783663180716265,0.00012831318965974485
quantile,kll-percall,k=200,pareto,3.0,,1778,16,0.0032164296294646343,0.000623507219193102
quantile,kll-percall,k=200,pareto,3.0,,1778,64,0.0021687511833298053,0.0005229982197082714
quantile,kll-percall,k=200,pareto,3.0,,1778,256,0.0017919047247806873,0.0003143820521034637
quantile,kll-percall,k=200,pareto,3.0,,1778,1024,0.0021014081160646955,0.00048334518013789965
quantile,kll-percall,k=200,pareto,3.0,,1778,3600,0.001801000122509438,0.0002002949774827514
quantile,kll-percall,k=200,pareto,3.0,,1778,4096,0.0017618713502396339,0.00031157756885869024
quantile,kll-percall,k=200,pareto,3.0,,3162,1,0.0017585477712856676,0.00012543899987540265
quantile,kll-percall,k=200,pareto,3.0,,3162,4,0.0023776988704563057,0.00029061853069604015
quantile,kll-percall,k=200,pareto,3.0,,3162,16,0.001929534509428174,0.0002284460067930517
quantile,kll-percall,k=200,pareto,3.0,,3162,64,0.0019492822147489884,0.0002559112668260414
quantile,kll-percall,k=200,pareto,3.0,,3162,256,0.002290128443584396,0.00034490784413517786
quantile,kll-percall,k=200,pareto,3.0,,3162,1024,0.002630014424592365,0.00012681333475624888
quantile,kll-percall,k=200,pareto,3.0,,3162,3600,0.0021163235868178836,0.0005987836906682948
quantile,kll-percall,k=200,pareto,3.0,,3162,4096,0.0016718540924301184,0.00012962856225905115
quantile,kll-percall,k=200,pareto,3.0,,5623,1,0.0026777515026978425,0.0002789331582625691
quantile,kll-percall,k=200,pareto,3.0,,5623,4,0.0017374303676143908,0.0002792175131532644
quantile,kll-percall,k=200,pareto,3.0,,5623,16,0.0021360524812929437,0.00016529072406787685
quantile,kll-percall,k=200,pareto,3.0,,5623,64,0.0025722383726901944,0.00022898049381541707
quantile,kll-percall,k=200,pareto,3.0,,5623,256,0.002899413007279738,0.0006567973396238881
quantile,kll-percall,k=200,pareto,3.0,,5623,1024,0.0023124555030640914,0.0002972357148776401
quantile,kll-percall,k=200,pareto,3.0,,5623,3600,0.0033745713180601358,0.0007189957334790622
quantile,kll-percall,k=200,pareto,3.0,,5623,4096,0.00390008856834465,0.0011509139868424746
quantile,kll-percall,k=200,pareto,3.0,,10000,1,0.0028825082508250805,9.742013006274043e-05
quantile,kll-percall,k=200,pareto,3.0,,10000,4,0.001911221122112211,0.00011751538680159461
quantile,kll-percall,k=200,pareto,3.0,,10000,16,0.0019366336633663377,9.322892008058199e-05
quantile,kll-percall,k=200,pareto,3.0,,10000,64,0.0029699669966996695,0.0003199017578938398
quantile,kll-percall,k=200,pareto,3.0,,10000,256,0.002719141914191422,0.00033289239862399747
quantile,kll-percall,k=200,pareto,3.0,,10000,1024,0.002342904290429043,0.0003118336876884113
quantile,kll-percall,k=200,pareto,3.0,,10000,3600,0.002300990099009902,0.0001602503106880395
quantile,kll-percall,k=200,pareto,3.0,,10000,4096,0.002416171617161717,0.0004313410145738749
quantile,kll-percall,k=200,pareto,3.0,,17783,1,0.0036655395843807493,0.0007111412644222774
quantile,kll-percall,k=200,pareto,3.0,,17783,4,0.002440551652308567,0.00018950425888395337
quantile,kll-percall,k=200,pareto,3.0,,17783,16,0.002113230104993292,0.00010352881020309682
quantile,kll-percall,k=200,pareto,3.0,,17783,64,0.002766286413267091,0.00010012050510741474
quantile,kll-percall,k=200,pareto,3.0,,17783,256,0.0018517277134000277,0.0002686890859744521
quantile,kll-percall,k=200,pareto,3.0,,17783,1024,0.0030076097077176667,0.00047450308408576795
quantile,kll-percall,k=200,pareto,3.0,,17783,3600,0.003069295795350218,0.00012947784159819404
quantile,kll-percall,k=200,pareto,3.0,,17783,4096,0.0027297068119903137,0.0003553026671388996
quantile,kll-percall,k=200,pareto,3.0,,31623,1,0.002731709562190448,0.00013319348400795683
quantile,kll-percall,k=200,pareto,3.0,,31623,4,0.002469742278278676,0.0003049274801706326
quantile,kll-percall,k=200,pareto,3.0,,31623,16,0.003251157484593921,0.0003175594692214219
quantile,kll-percall,k=200,pareto,3.0,,31623,64,0.0021268275200539677,0.0002709679860952578
quantile,kll-percall,k=200,pareto,3.0,,31623,256,0.0024076587527835404,8.77996688637817e-05
quantile,kll-percall,k=200,pareto,3.0,,31623,1024,0.0026488929131979703,6.687525740539925e-05
quantile,kll-percall,k=200,pareto,3.0,,31623,3600,0.00250269652712354,8.850943287013602e-05
quantile,kll-percall,k=200,pareto,3.0,,31623,4096,0.00295959023850398,0.00033754515286746204
quantile,kll-percall,k=200,pareto,3.0,,56234,1,0.002157363191595327,0.0002949664455782382
quantile,kll-percall,k=200,pareto,3.0,,56234,4,0.0016639346831151414,0.00014723893808617634
quantile,kll-percall,k=200,pareto,3.0,,56234,16,0.002653334117421417,0.00034505569603390394
quantile,kll-percall,k=200,pareto,3.0,,56234,64,0.0014878153533602093,0.00015062937904777404
quantile,kll-percall,k=200,pareto,3.0,,56234,256,0.002041042315989614,0.00020226722928516863
quantile,kll-percall,k=200,pareto,3.0,,56234,1024,0.002253995005077202,0.00020244452165046444
quantile,kll-percall,k=200,pareto,3.0,,56234,3600,0.003332307445632354,0.000717595189229305
quantile,kll-percall,k=200,pareto,3.0,,56234,4096,0.004004181724855276,0.0004202993622383987
quantile,kll-percall,k=200,pareto,3.0,,100000,1,0.00202085808580858,0.0002762906151979188
quantile,kll-percall,k=200,pareto,3.0,,100000,4,0.0021951815181518158,0.0005966849634202156
quantile,kll-percall,k=200,pareto,3.0,,100000,16,0.002480627062706271,0.00045567238694864203
quantile,kll-percall,k=200,pareto,3.0,,100000,64,0.0014871947194719478,0.00011176648422707761
quantile,kll-percall,k=200,pareto,3.0,,100000,256,0.0018929042904290427,7.144256370638808e-05
quantile,kll-percall,k=200,pareto,3.0,,100000,1024,0.002272739273927392,0.00017963515375060858
quantile,kll-percall,k=200,pareto,3.0,,100000,3600,0.002277557755775579,0.00037079461429922686
quantile,kll-percall,k=200,pareto,3.0,,100000,4096,0.0023657095709570964,0.00019144020596519992
quantile,kll-percall,k=200,pareto,3.0,,177828,1,0.003501458857674687,0.0003312293724170995
quantile,kll-percall,k=200,pareto,3.0,,177828,4,0.0019372796986831418,0.0002278783733727352
quantile,kll-percall,k=200,pareto,3.0,,177828,16,0.0021290628961674763,0.0003278354298950261
quantile,kll-percall,k=200,pareto,3.0,,177828,64,0.0024804559543612076,0.00042652089976197863
quantile,kll-percall,k=200,pareto,3.0,,177828,256,0.0030589101153181623,0.0006641255968790345
quantile,kll-percall,k=200,pareto,3.0,,177828,1024,0.002471149672494752,0.0002934810209463975
quantile,kll-percall,k=200,pareto,3.0,,177828,3600,0.0022847449060986757,0.00033454555906307215
quantile,kll-percall,k=200,pareto,3.0,,177828,4096,0.002285944567194422,8.877688190958839e-05
quantile,kll-percall,k=200,pareto,3.0,,316228,1,0.002989564157473214,0.000770684330977812
quantile,kll-percall,k=200,pareto,3.0,,316228,4,0.0019150593228238917,5.2348852327508885e-05
quantile,kll-percall,k=200,pareto,3.0,,316228,16,0.0024987105639741676,0.00012319821002795706
quantile,kll-percall,k=200,pareto,3.0,,316228,64,0.002217506431316571,3.79583602736327e-05
quantile,kll-percall,k=200,pareto,3.0,,316228,256,0.0020471134354286967,5.057913474900482e-05
quantile,kll-percall,k=200,pareto,3.0,,316228,1024,0.002406973687489803,0.00017612108138877615
quantile,kll-percall,k=200,pareto,3.0,,316228,3600,0.002607066188739368,8.504271421626496e-05
quantile,kll-percall,k=200,pareto,3.0,,316228,4096,0.0026285037019076907,0.0003957475244863022
quantile,kll-percall,k=200,pareto,3.0,,562341,1,0.0023873048665144334,0.00033228045969685595
quantile,kll-percall,k=200,pareto,3.0,,562341,4,0.0030253664427083837,0.0008558712025051575
quantile,kll-percall,k=200,pareto,3.0,,562341,16,0.0021583523164770114,5.5678406816909774e-05
quantile,kll-percall,k=200,pareto,3.0,,562341,64,0.0029220157767749313,0.00029260071998487804
quantile,kll-percall,k=200,pareto,3.0,,562341,256,0.002112622631876998,0.00023875075996283293
quantile,kll-percall,k=200,pareto,3.0,,562341,1024,0.001879863798742832,0.0003566518229279228
quantile,kll-percall,k=200,pareto,3.0,,562341,3600,0.0028768330748048104,0.0003182054954921634
quantile,kll-percall,k=200,pareto,3.0,,562341,4096,0.002135021981394923,9.49680089871414e-05
quantile,kll-percall,k=200,pareto,3.0,,1000000,1,0.00245937293729373,0.00014424467851349167
quantile,kll-percall,k=200,pareto,3.0,,1000000,4,0.0021824455445544557,0.00021050244352701318
quantile,kll-percall,k=200,pareto,3.0,,1000000,16,0.0020540297029702976,0.0005731474000597143
quantile,kll-percall,k=200,pareto,3.0,,1000000,64,0.0018222277227722772,0.00018168381318398863
quantile,kll-percall,k=200,pareto,3.0,,1000000,256,0.0019727095709570954,0.0001475192156062569
quantile,kll-percall,k=200,pareto,3.0,,1000000,1024,0.0024681848184818483,0.0005528402642592822
quantile,kll-percall,k=200,pareto,3.0,,1000000,3600,0.0028541122112211224,0.00018027257953492112
quantile,kll-percall,k=200,pareto,3.0,,1000000,4096,0.00268683498349835,0.000505552542804765
quantile,kll-percall,k=200,pareto,3.0,,1778279,1,0.002394947466330398,0.00015801159867768482
quantile,kll-percall,k=200,pareto,3.0,,1778279,4,0.0029609249690680157,0.000412052128924369
quantile,kll-percall,k=200,pareto,3.0,,1778279,16,0.002879198586295106,0.0002353089415116429
quantile,kll-percall,k=200,pareto,3.0,,1778279,64,0.001765637825485578,0.00024297292195314273
quantile,kll-percall,k=200,pareto,3.0,,1778279,256,0.0019438272035544348,6.237316328382062e-05
quantile,kll-percall,k=200,pareto,3.0,,1778279,1024,0.0022486740466391934,0.00026593596843040013
quantile,kll-percall,k=200,pareto,3.0,,1778279,3600,0.0019195365396272527,0.00016018265018695406
quantile,kll-percall,k=200,pareto,3.0,,1778279,4096,0.0026531936483840785,0.000515571285240183
quantile,kll-percall,k=200,pareto,3.0,,3162278,1,0.002959405144702089,0.00046909983604879395
quantile,kll-percall,k=200,pareto,3.0,,3162278,4,0.0015868641563332056,7.767545231877025e-05
quantile,kll-percall,k=200,pareto,3.0,,3162278,16,0.00229817564965183,0.0003065072840187865
quantile,kll-percall,k=200,pareto,3.0,,3162278,64,0.0026387730596106177,0.00096140518460869
quantile,kll-percall,k=200,pareto,3.0,,3162278,256,0.0018906943001529362,8.372809826718116e-05
quantile,kll-percall,k=200,pareto,3.0,,3162278,1024,0.001983606599910302,2.5172625118407768e-05
quantile,kll-percall,k=200,pareto,3.0,,3162278,3600,0.002572878338861021,0.00023975680664597233
quantile,kll-percall,k=200,pareto,3.0,,3162278,4096,0.002061307155989152,0.00023519601368672373
quantile,kll-percall,k=200,pareto,3.0,,5623413,1,0.002286345830314521,0.00023269563034594893
quantile,kll-percall,k=200,pareto,3.0,,5623413,4,0.0018280774718951037,0.00023157340481460713
quantile,kll-percall,k=200,pareto,3.0,,5623413,16,0.0017498635048711787,0.00010061345264335263
quantile,kll-percall,k=200,pareto,3.0,,5623413,64,0.0023370085728078222,0.0002670864210892833
quantile,kll-percall,k=200,pareto,3.0,,5623413,256,0.002321672983934124,0.0003204723908219563
quantile,kll-percall,k=200,pareto,3.0,,5623413,1024,0.002672483891911546,0.0004305799123622112
quantile,kll-percall,k=200,pareto,3.0,,5623413,3600,0.00270510565445404,0.0005074715314913716
quantile,kll-percall,k=200,pareto,3.0,,5623413,4096,0.0025908548887848457,0.0002906112709412602
quantile,kll-percall,k=200,pareto,3.0,,10000000,1,0.0030670577557755786,0.0006522524223458877
quantile,kll-percall,k=200,pareto,3.0,,10000000,4,0.0032902521452145227,0.0005535965380343455
quantile,kll-percall,k=200,pareto,3.0,,10000000,16,0.0023150155115511544,0.00010247270630661315
quantile,kll-percall,k=200,pareto,3.0,,10000000,64,0.00280009108910891,0.00048791754537777797
quantile,kll-percall,k=200,pareto,3.0,,10000000,256,0.0030990867986798684,0.0001610757387153536
quantile,kll-percall,k=200,pareto,3.0,,10000000,1024,0.002092516501650165,6.923890546205394e-05
quantile,kll-percall,k=200,pareto,3.0,,10000000,3600,0.0031181003300330043,0.0005377784348105983
quantile,kll-percall,k=200,pareto,3.0,,10000000,4096,0.0028401056105610556,0.00038958529289900466
quantile,kll-percall,k=200,pareto,3.0,,17782794,1,0.002061204104754221,9.402751309765045e-05
quantile,kll-percall,k=200,pareto,3.0,,17782794,4,0.0035619253394295336,0.0006028268622649372
quantile,kll-percall,k=200,pareto,3.0,,17782794,16,0.0023695124037929967,0.00027239036181530315
quantile,kll-percall,k=200,pareto,3.0,,17782794,64,0.0027609335002794486,0.0005157205825567637
quantile,kll-percall,k=200,pareto,3.0,,17782794,256,0.001630498655957641,4.9257031991122255e-05
quantile,kll-percall,k=200,pareto,3.0,,17782794,1024,0.002717225336796999,0.0005795847948884354
quantile,kll-percall,k=200,pareto,3.0,,17782794,3600,0.002509509875766211,5.218756077370609e-05
quantile,kll-percall,k=200,pareto,3.0,,17782794,4096,0.003771165224285468,0.000400840871088015
quantile,kll-percall,k=200,pareto,3.0,,31622777,1,0.00397254823311975,0.00025638094720069885
quantile,kll-percall,k=200,pareto,3.0,,31622777,4,0.0018457541687514525,0.00023947233545439905
quantile,kll-percall,k=200,pareto,3.0,,31622777,16,0.0018298576298019932,0.00019193054011522591
quantile,kll-percall,k=200,pareto,3.0,,31622777,64,0.0019878648940548495,0.00022028608529561132
quantile,kll-percall,k=200,pareto,3.0,,31622777,256,0.0024449151331524133,0.00017018935977179214
quantile,kll-percall,k=200,pareto,3.0,,31622777,1024,0.003035000785550985,0.0007333475985925995
quantile,kll-percall,k=200,pareto,3.0,,31622777,3600,0.002563918138851472,0.00043646530586449
quantile,kll-percall,k=200,pareto,3.0,,31622777,4096,0.0022528307801537462,0.00021690895961419196
quantile,kll-percall,k=200,pareto,3.0,,56234133,1,0.0026585338464734736,0.0001399590948611338
quantile,kll-percall,k=200,pareto,3.0,,56234133,4,0.0015252433709764506,0.00011669050057962266
quantile,kll-percall,k=200,pareto,3.0,,56234133,16,0.002832113785186781,0.0003433784134961163
quantile,kll-percall,k=200,pareto,3.0,,56234133,64,0.0016050427931553585,0.00018163556814281156
quantile,kll-percall,k=200,pareto,3.0,,56234133,256,0.0025393355010386565,6.671010595698986e-05
quantile,kll-percall,k=200,pareto,3.0,,56234133,1024,0.0018262808637967076,5.62229910062162e-05
quantile,kll-percall,k=200,pareto,3.0,,56234133,3600,0.002609520869297709,0.0007389663353132282
quantile,kll-percall,k=200,pareto,3.0,,56234133,4096,0.0018905031893846182,4.3272894247438904e-05
quantile,kll-percall,k=200,pareto,3.0,,100000000,1,0.0020166396039603966,0.00024902810115235146
quantile,kll-percall,k=200,pareto,3.0,,100000000,4,0.0016598999669967002,0.00021310425979142696
quantile,kll-percall,k=200,pareto,3.0,,100000000,16,0.0020868621122112213,0.00022602902129422212
quantile,kll-percall,k=200,pareto,3.0,,100000000,64,0.001779080924092409,0.00021718824326841466
quantile,kll-percall,k=200,pareto,3.0,,100000000,256,0.0016508134323432358,9.429855794116165e-05
quantile,kll-percall,k=200,pareto,3.0,,100000000,1024,0.002461567722772278,0.0005626457704487139
quantile,kll-percall,k=200,pareto,3.0,,100000000,3600,0.0028057251815181527,0.0004162822192574001
quantile,kll-percall,k=200,pareto,3.0,,100000000,4096,0.002501277260726072,0.0002919715077322778
quantile,kll-percall,k=200,pareto,3.0,,177827941,1,0.0021546840591039266,0.0001588384791092355
quantile,kll-percall,k=200,pareto,3.0,,177827941,4,0.0018379033729815097,0.00013894086633977468
quantile,kll-percall,k=200,pareto,3.0,,177827941,16,0.0027072077670252472,0.0005007779296469471
quantile,kll-percall,k=200,pareto,3.0,,177827941,64,0.0021896531007421444,0.00021891808052299617
quantile,kll-percall,k=200,pareto,3.0,,177827941,256,0.0030385275576065083,0.0006053072318238539
quantile,kll-percall,k=200,pareto,3.0,,177827941,1024,0.002110224514318832,9.075355551188141e-05
quantile,kll-percall,k=200,pareto,3.0,,177827941,3600,0.0026580290044717907,0.0006013428118722455
quantile,kll-percall,k=200,pareto,3.0,,177827941,4096,0.0024578757208906107,0.0002960207758618109
quantile,kll-percall,k=200,pareto,3.0,,316227766,1,0.0021257541223047276,9.366043275364247e-05
quantile,kll-percall,k=200,pareto,3.0,,316227766,4,0.00250725761002682,0.00026467602376226173
quantile,kll-percall,k=200,pareto,3.0,,316227766,16,0.002130877424776056,4.250219198908299e-05
quantile,kll-percall,k=200,pareto,3.0,,316227766,64,0.0020211125047483046,7.924996981682037e-05
quantile,kll-percall,k=200,pareto,3.0,,316227766,256,0.0033864993191566415,0.00018405010538881286
quantile,kll-percall,k=200,pareto,3.0,,316227766,1024,0.0026550913201583612,4.433787851476341e-05
quantile,kll-percall,k=200,pareto,3.0,,316227766,3600,0.005035653220858655,0.0013504107178765774
quantile,kll-percall,k=200,pareto,3.0,,316227766,4096,0.0020872788286089316,0.00023043486742773113
quantile,kll-percall,k=800,pareto,3.0,,1000,1,3.3003300330033004e-06,3.3003300330033004e-06
quantile,kll-percall,k=800,pareto,3.0,,1000,4,0.000217821782178218,0.0002128904742293089
quantile,kll-percall,k=800,pareto,3.0,,1000,16,3.3003300330033004e-06,3.3003300330033004e-06
quantile,kll-percall,k=800,pareto,3.0,,1000,64,0.00023102310231023118,0.00011059799392815877
quantile,kll-percall,k=800,pareto,3.0,,1000,256,0.000217821782178218,0.00010950930708275294
quantile,kll-percall,k=800,pareto,3.0,,1000,1024,9.900990099009901e-06,5.7163392989071865e-06
quantile,kll-percall,k=800,pareto,3.0,,1000,3600,6.600660066006601e-06,3.3003300330033004e-06
quantile,kll-percall,k=800,pareto,3.0,,1000,4096,3.3003300330033004e-06,3.3003300330033004e-06
quantile,kll-percall,k=800,pareto,3.0,,1778,1,9.956676207553378e-05,9.745546292901836e-06
quantile,kll-percall,k=800,pareto,3.0,,1778,4,0.0003175964390589802,1.2188234948302324e-05
quantile,kll-percall,k=800,pareto,3.0,,1778,16,0.0001958294817108251,1.4295081900026347e-05
quantile,kll-percall,k=800,pareto,3.0,,1778,64,0.00015918802228929432,5.056741563046735e-05
quantile,kll-percall,k=800,pareto,3.0,,1778,256,7.751506309236279e-05,3.538296096389005e-06
quantile,kll-percall,k=800,pareto,3.0,,1778,1024,6.199720084494453e-05,1.4004192134787224e-06
quantile,kll-percall,k=800,pareto,3.0,,1778,3600,9.221619574780761e-05,1.3422239038282643e-05
quantile,kll-percall,k=800,pareto,3.0,,1778,4096,0.00011107522450782821,1.064645646250446e-05
quantile,kll-percall,k=800,pareto,3.0,,3162,1,0.00022023075172792348,3.89989876807253e-05
quantile,kll-percall,k=800,pareto,3.0,,3162,4,0.00010913425308375349,1.192793047716795e-05
quantile,kll-percall,k=800,pareto,3.0,,3162,16,0.00017526610346044118,4.377186909805167e-05
quantile,kll-percall,k=800,pareto,3.0,,3162,64,0.0002963199545761042,1.4661545035107588e-05
quantile,kll-percall,k=800,pareto,3.0,,3162,256,0.000276175625152651,3.426754956712943e-05
quantile,kll-percall,k=800,pareto,3.0,,3162,1024,0.00017501560402719612,2.068808926839009e-05
quantile,kll-percall,k=800,pareto,3.0,,3162,3600,0.00021762138263162328,5.372975622496948e-05
quantile,kll-percall,k=800,pareto,3.0,,3162,4096,0.00022014725191684436,2.1758461057329574e-05
quantile,kll-percall,k=800,pareto,3.0,,5623,1,0.0003391070033555021,4.0551395945254236e-05
quantile,kll-percall,k=800,pareto,3.0,,5623,4,0.00023699222136334248,2.615305116906247e-05
quantile,kll-percall,k=800,pareto,3.0,,5623,16,0.0003298393150714667,9.230426216675426e-05
quantile,kll-percall,k=800,pareto,3.0,,5623,64,0.00023802522525060612,1.888975472774128e-05
quantile,kll-percall,k=800,pareto,3.0,,5623,256,0.0002969123161649272,3.706097348437268e-05
quantile,kll-percall,k=800,pareto,3.0,,5623,1024,0.0004161773104217787,0.0001062661047556735
quantile,kll-percall,k=800,pareto,3.0,,5623,3600,0.0002038128408252558,2.535811970422989e-05
quantile,kll-percall,k=800,pareto,3.0,,5623,4096,0.00035987272922561654,1.945926900539626e-05
quantile,kll-percall,k=800,pareto,3.0,,10000,1,0.0003808580858085796,2.5315919354145645e-05
quantile,kll-percall,k=800,pareto,3.0,,10000,4,0.0002056105610561056,2.551520132370836e-05
quantile,kll-percall,k=800,pareto,3.0,,10000,16,0.00020792079207920656,1.4013778049875981e-05
quantile,kll-percall,k=800,pareto,3.0,,10000,64,0.00036435643564356536,4.696799842994595e-05
quantile,kll-percall,k=800,pareto,3.0,,10000,256,0.0003924092409240928,4.289286468831639e-05
quantile,kll-percall,k=800,pareto,3.0,,10000,1024,0.0006841584158415844,0.00011970101847303358
quantile,kll-percall,k=800,pareto,3.0,,10000,3600,0.0005198019801980189,0.00014889829488189859
quantile,kll-percall,k=800,pareto,3.0,,10000,4096,0.0005191419141914196,0.000210521479463428
quantile,kll-percall,k=800,pareto,3.0,,17783,1,0.0004502149028376384,8.000265533365632e-05
quantile,kll-percall,k=800,pareto,3.0,,17783,4,0.0003824860358160884,0.00011037173747210695
quantile,kll-percall,k=800,pareto,3.0,,17783,16,0.0003495625387765066,3.123110772398403e-05
quantile,kll-percall,k=800,pareto,3.0,,17783,64,0.0004747145130078422,7.772851278320191e-05
quantile,kll-percall,k=800,pareto,3.0,,17783,256,0.00044932036362833145,0.0001002889889444271
quantile,kll-percall,k=800,pareto,3.0,,17783,1024,0.0004095950279951795,6.602231909297992e-05
quantile,kll-percall,k=800,pareto,3.0,,17783,3600,0.0004401262822115281,4.7552427166541995e-05
quantile,kll-percall,k=800,pareto,3.0,,17783,4096,0.00032530048258720007,4.386139442993325e-05
quantile,kll-percall,k=800,pareto,3.0,,31623,1,0.0005827149454343952,0.00018307489340612458
quantile,kll-percall,k=800,pareto,3.0,,31623,4,0.0003558100805811538,6.967896080346478e-05
quantile,kll-percall,k=800,pareto,3.0,,31623,16,0.00038154749921439474,0.00010989930056852918
quantile,kll-percall,k=800,pareto,3.0,,31623,64,0.00027977923491998144,1.2132983664509659e-05
quantile,kll-percall,k=800,pareto,3.0,,31623,256,0.00044625371369316286,3.9753724655190967e-05
quantile,kll-percall,k=800,pareto,3.0,,31623,1024,0.0003664260743501552,8.099099900134928e-05
quantile,kll-percall,k=800,pareto,3.0,,31623,3600,0.0005360638520924456,7.558279709193177e-05
quantile,kll-percall,k=800,pareto,3.0,,31623,4096,0.0004520793602934877,4.148160957119689e-05
quantile,kll-percall,k=800,pareto,3.0,,56234,1,0.0005728784636474842,9.89597788867371e-05
quantile,kll-percall,k=800,pareto,3.0,,56234,4,0.0002758511082462952,0.00011480740980038212
quantile,kll-percall,k=800,pareto,3.0,,56234,16,0.0005162327948127175,0.00015106546127599213
quantile,kll-percall,k=800,pareto,3.0,,56234,64,0.00026820507565569637,5.0803362468408025e-05
quantile,kll-percall,k=800,pareto,3.0,,56234,256,0.0004112119431169896,7.520167073413555e-05
quantile,kll-percall,k=800,pareto,3.0,,56234,1024,0.0005069927627965709,0.00013842966777026912
quantile,kll-percall,k=800,pareto,3.0,,56234,3600,0.0003605948317561773,2.278604553154606e-05
quantile,kll-percall,k=800,pareto,3.0,,56234,4096,0.0007765829042270447,0.0001318694595021608
quantile,kll-percall,k=800,pareto,3.0,,100000,1,0.0004086468646864688,3.953944139528897e-05
quantile,kll-percall,k=800,pareto,3.0,,100000,4,0.00040986798679867875,1.8894151640742605e-05
quantile,kll-percall,k=800,pareto,3.0,,100000,16,0.00030462046204620443,5.3715778642044426e-05
quantile,kll-percall,k=800,pareto,3.0,,100000,64,0.0004028052805280526,0.00011662685985599435
quantile,kll-percall,k=800,pareto,3.0,,100000,256,0.0002732673267326734,5.991116297983534e-05
quantile,kll-percall,k=800,pareto,3.0,,100000,1024,0.00027970297029702973,3.119068562961441e-05
quantile,kll-percall,k=800,pareto,3.0,,100000,3600,0.0003935643564356432,9.12885784124922e-05
quantile,kll-percall,k=800,pareto,3.0,,100000,4096,0.0004919471947194701,8.037958368818494e-05
quantile,kll-percall,k=800,pareto,3.0,,177828,1,0.00042001872094895714,5.490494829097115e-05
quantile,kll-percall,k=800,pareto,3.0,,177828,4,0.00030204511779877776,3.599887801712539e-05
quantile,kll-percall,k=800,pareto,3.0,,177828,16,0.00043240730038318864,0.00016277193712408892
quantile,kll-percall,k=800,pareto,3.0,,177828,64,0.00045667519717758717,9.143128769706405e-05
quantile,kll-percall,k=800,pareto,3.0,,177828,256,0.0006165085096133642,8.657929926733764e-05
quantile,kll-percall,k=800,pareto,3.0,,177828,1024,0.00035802237353095914,1.3556152948843739e-05
quantile,kll-percall,k=800,pareto,3.0,,177828,3600,0.00030483343900892775,1.6754163295048306e-05
quantile,kll-percall,k=800,pareto,3.0,,177828,4096,0.0004941267458279662,3.331118109943102e-05
quantile,kll-percall,k=800,pareto,3.0,,316228,1,0.0006568285881043936,9.3963245845187e-05
quantile,kll-percall,k=800,pareto,3.0,,316228,4,0.00034027668802778295,8.959146003044046e-06
quantile,kll-percall,k=800,pareto,3.0,,316228,16,0.0003859462055847984,6.345123448314914e-05
quantile,kll-percall,k=800,pareto,3.0,,316228,64,0.0003079300555629515,1.0986098988684159e-05
quantile,kll-percall,k=800,pareto,3.0,,316228,256,0.00030592415022774193,1.548874064616506e-05
quantile,kll-percall,k=800,pareto,3.0,,316228,1024,0.00035521598632661243,6.584957520454483e-05
quantile,kll-percall,k=800,pareto,3.0,,316228,3600,0.0004889082201666662,0.00011873444708947668
quantile,kll-percall,k=800,pareto,3.0,,316228,4096,0.0003541297499723541,2.07010136635226e-05
quantile,kll-percall,k=800,pareto,3.0,,562341,1,0.0005736589492758308,0.00015181852958248286
quantile,kll-percall,k=800,pareto,3.0,,562341,4,0.00029615828686636815,2.2554545346294308e-05
quantile,kll-percall,k=800,pareto,3.0,,562341,16,0.0003902307305957161,3.819302167875039e-05
quantile,kll-percall,k=800,pareto,3.0,,562341,64,0.0003545935797866875,2.9700482458217552e-05
quantile,kll-percall,k=800,pareto,3.0,,562341,256,0.0003056727914811929,2.8255507950791407e-05
quantile,kll-percall,k=800,pareto,3.0,,562341,1024,0.000380009198111551,3.1640597748963515e-05
quantile,kll-percall,k=800,pareto,3.0,,562341,3600,0.0005107721450363407,8.717960391333851e-05
quantile,kll-percall,k=800,pareto,3.0,,562341,4096,0.00046332668391434385,2.5021319321571958e-05
quantile,kll-percall,k=800,pareto,3.0,,1000000,1,0.0003928085808580859,4.309004482841885e-05
quantile,kll-percall,k=800,pareto,3.0,,1000000,4,0.0003669141914191419,3.011335549947473e-05
quantile,kll-percall,k=800,pareto,3.0,,1000000,16,0.0003948580858085809,0.00011514929414861821
quantile,kll-percall,k=800,pareto,3.0,,1000000,64,0.00041459735973597354,8.584383104343613e-05
quantile,kll-percall,k=800,pareto,3.0,,1000000,256,0.0005937293729372935,0.0002063963249220387
quantile,kll-percall,k=800,pareto,3.0,,1000000,1024,0.0005982607260726073,0.00018984558485272743
quantile,kll-percall,k=800,pareto,3.0,,1000000,3600,0.00032210561056105613,2.0088295062406557e-05
quantile,kll-percall,k=800,pareto,3.0,,1000000,4096,0.0004844983498349834,5.182721928235302e-05
quantile,kll-percall,k=800,pareto,3.0,,1778279,1,0.00046136254217252144,4.938881945390179e-05
quantile,kll-percall,k=800,pareto,3.0,,1778279,4,0.00042239909054947716,0.00010310610437837783
quantile,kll-percall,k=800,pareto,3.0,,1778279,16,0.00045269578392399915,8.804742482549319e-06
quantile,kll-percall,k=800,pareto,3.0,,1778279,64,0.0004012923742450978,0.00011154192052867315
quantile,kll-percall,k=800,pareto,3.0,,1778279,256,0.00042872819722607306,9.369434586051394e-05
quantile,kll-percall,k=800,pareto,3.0,,1778279,1024,0.0003609730672647588,7.113575285082072e-05
quantile,kll-percall,k=800,pareto,3.0,,1778279,3600,0.0004050520444510948,7.78571494582058e-05
quantile,kll-percall,k=800,pareto,3.0,,1778279,4096,0.0003623543115035795,4.926897745774644e-05
quantile,kll-percall,k=800,pareto,3.0,,3162278,1,0.0004401738699806015,0.0001430442501064067
quantile,kll-percall,k=800,pareto,3.0,,3162278,4,0.0002854100141040289,3.340377416059416e-05
quantile,kll-percall,k=800,pareto,3.0,,3162278,16,0.00026658275422903455,5.214415433876712e-05
quantile,kll-percall,k=800,pareto,3.0,,3162278,64,0.00028627203211574703,5.202063269063513e-05
quantile,kll-percall,k=800,pareto,3.0,,3162278,256,0.0004120098767334492,0.00010002364074789593
quantile,kll-percall,k=800,pareto,3.0,,3162278,1024,0.000319432047812913,4.291822974605738e-05
quantile,kll-percall,k=800,pareto,3.0,,3162278,3600,0.0003442937677398163,5.448959641033122e-05
quantile,kll-percall,k=800,pareto,3.0,,3162278,4096,0.00042853145028923955,0.00015176660772048245
quantile,kll-percall,k=800,pareto,3.0,,5623413,1,0.0005358777045479347,0.00014964887713494004
quantile,kll-percall,k=800,pareto,3.0,,5623413,4,0.00025902074541967845,3.9627612425177023e-05
quantile,kll-percall,k=800,pareto,3.0,,5623413,16,0.00026599072068291343,9.603699589022634e-06
quantile,kll-percall,k=800,pareto,3.0,,5623413,64,0.0004370059870251121,0.00013191503224927476
quantile,kll-percall,k=800,pareto,3.0,,5623413,256,0.00033140440892143983,6.01698708672809e-05
quantile,kll-percall,k=800,pareto,3.0,,5623413,1024,0.0004959461099478545,4.308974536808994e-05
quantile,kll-percall,k=800,pareto,3.0,,5623413,3600,0.000351984983264268,4.5473673920185624e-05
quantile,kll-percall,k=800,pareto,3.0,,5623413,4096,0.00040944809541363253,2.9930563667556268e-05
quantile,kll-percall,k=800,pareto,3.0,,10000000,1,0.0004085544554455409,3.6569679074853825e-05
quantile,kll-percall,k=800,pareto,3.0,,10000000,4,0.0002824198019801979,3.465286115927894e-05
quantile,kll-percall,k=800,pareto,3.0,,10000000,16,0.00047534521452145383,0.00012984503917890102
quantile,kll-percall,k=800,pareto,3.0,,10000000,64,0.00035484983498349686,6.173781702717033e-05
quantile,kll-percall,k=800,pareto,3.0,,10000000,256,0.0003581924092409237,4.8852734058416766e-05
quantile,kll-percall,k=800,pareto,3.0,,10000000,1024,0.00044904983498349725,4.144243187918146e-05
quantile,kll-percall,k=800,pareto,3.0,,10000000,3600,0.0003654742574257417,1.528252790768242e-05
quantile,kll-percall,k=800,pareto,3.0,,10000000,4096,0.0005081660066006594,6.483397981393484e-05
quantile,kll-percall,k=800,pareto,3.0,,17782794,1,0.00042177641130542403,2.5301076803214295e-05
quantile,kll-percall,k=800,pareto,3.0,,17782794,4,0.00035100996805088164,6.631683660783343e-05
quantile,kll-percall,k=800,pareto,3.0,,17782794,16,0.0003522383182387011,4.809381332210544e-05
quantile,kll-percall,k=800,pareto,3.0,,17782794,64,0.0005577871839182715,0.00013694184804001727
quantile,kll-percall,k=800,pareto,3.0,,17782794,256,0.00031920672638652156,4.556692257735469e-05
quantile,kll-percall,k=800,pareto,3.0,,17782794,1024,0.00042378734389565963,7.937171133305622e-05
quantile,kll-percall,k=800,pareto,3.0,,17782794,3600,0.0003971119053575481,5.8514750404585776e-05
quantile,kll-percall,k=800,pareto,3.0,,17782794,4096,0.00064767934571127,0.00011288988148461231
quantile,kll-percall,k=800,pareto,3.0,,31622777,1,0.0003336534511143032,1.56532557567218e-05
quantile,kll-percall,k=800,pareto,3.0,,31622777,4,0.0005645557627686847,0.00017330768532367258
quantile,kll-percall,k=800,pareto,3.0,,31622777,16,0.0003975683355855119,0.00012571704140225667
quantile,kll-percall,k=800,pareto,3.0,,31622777,64,0.0002731744365913555,5.794506165116459e-05
quantile,kll-percall,k=800,pareto,3.0,,31622777,256,0.0004399061221384843,1.766975390766989e-05
quantile,kll-percall,k=800,pareto,3.0,,31622777,1024,0.0005112733782489313,4.9537729040902724e-05
quantile,kll-percall,k=800,pareto,3.0,,31622777,3600,0.0005655589843853482,0.00017593100484554453
quantile,kll-percall,k=800,pareto,3.0,,31622777,4096,0.00045109527792381844,7.861520467942999e-05
quantile,kll-percall,k=800,pareto,3.0,,56234133,1,0.00038090410109440346,0.00013132466405581535
quantile,kll-percall,k=800,pareto,3.0,,56234133,4,0.00042424182928445437,5.958094349045162e-05
quantile,kll-percall,k=800,pareto,3.0,,56234133,16,0.00038331695156824946,0.00012169079898806605
quantile,kll-percall,k=800,pareto,3.0,,56234133,64,0.00031534422652017134,1.5765612127291603e-05
quantile,kll-percall,k=800,pareto,3.0,,56234133,256,0.0003901110364338807,5.936410102161355e-05
quantile,kll-percall,k=800,pareto,3.0,,56234133,1024,0.0005467650060970465,0.00011235670986056511
quantile,kll-percall,k=800,pareto,3.0,,56234133,3600,0.00036569010744086665,4.487293271992175e-05
quantile,kll-percall,k=800,pareto,3.0,,56234133,4096,0.0005028823191978813,4.826791168661441e-05
quantile,kll-percall,k=800,pareto,3.0,,100000000,1,0.00036595788778877834,7.042260894284119e-05
quantile,kll-percall,k=800,pareto,3.0,,100000000,4,0.00032507247524752404,8.813169987576074e-05
quantile,kll-percall,k=800,pareto,3.0,,100000000,16,0.0002804048184818487,4.556895196213734e-05
quantile,kll-percall,k=800,pareto,3.0,,100000000,64,0.00027030900990098985,2.5762347310316498e-05
quantile,kll-percall,k=800,pareto,3.0,,100000000,256,0.0003515999339933988,7.020407749096611e-05
quantile,kll-percall,k=800,pareto,3.0,,100000000,1024,0.000325192046204621,1.8310379034454633e-05
quantile,kll-percall,k=800,pareto,3.0,,100000000,3600,0.00047986108910891165,8.684971122808231e-05
quantile,kll-percall,k=800,pareto,3.0,,100000000,4096,0.00035517689768977,2.8731685885117216e-05
quantile,kll-percall,k=800,pareto,3.0,,177827941,1,0.0003809398925260728,3.3542804048713045e-05
quantile,kll-percall,k=800,pareto,3.0,,177827941,4,0.00029310985469485146,5.8664121503667465e-05
quantile,kll-percall,k=800,pareto,3.0,,177827941,16,0.0003346742839016534,0.0001003344015334191
quantile,kll-percall,k=800,pareto,3.0,,177827941,64,0.00042884148179375383,5.904062697417721e-05
quantile,kll-percall,k=800,pareto,3.0,,177827941,256,0.0003794500666203284,6.126754054098453e-05
quantile,kll-percall,k=800,pareto,3.0,,177827941,1024,0.00042941487340438715,3.4661535670385164e-05
quantile,kll-percall,k=800,pareto,3.0,,177827941,3600,0.0003326996316177684,4.278684088373191e-05
quantile,kll-percall,k=800,pareto,3.0,,177827941,4096,0.0004677252837247618,7.03348664182153e-05
quantile,kll-percall,k=800,pareto,3.0,,316227766,1,0.00038667884608452183,2.4865442776242876e-05
quantile,kll-percall,k=800,pareto,3.0,,316227766,4,0.0003490882094789323,4.82019073693059e-05
quantile,kll-percall,k=800,pareto,3.0,,316227766,16,0.00032609228830837077,2.6342208888789495e-05
quantile,kll-percall,k=800,pareto,3.0,,316227766,64,0.00035622947591874447,2.2044415092100585e-05
quantile,kll-percall,k=800,pareto,3.0,,316227766,256,0.00033653064646275494,4.0882707487710045e-05
quantile,kll-percall,k=800,pareto,3.0,,316227766,1024,0.000449404844794719,9.424668130001135e-05
quantile,kll-percall,k=800,pareto,3.0,,316227766,3600,0.00037699261949498806,4.7339997931694936e-05
quantile,kll-percall,k=800,pareto,3.0,,316227766,4096,0.0003684441459669862,4.028242796860756e-05
