family,sketch,config,dist,param,cardinality,n,seed_mean_error,seed_se
frequency,cms-fastpath-vector2d,rows=3 cols=256,zipf,0.0,10,1000,0.0,0.0
frequency,cms-fastpath-vector2d,rows=3 cols=256,zipf,0.0,10,1778,0.0,0.0
frequency,cms-fastpath-vector2d,rows=3 cols=256,zipf,0.0,10,3162,0.0,0.0
frequency,cms-fastpath-vector2d,rows=3 cols=256,zipf,0.0,10,5623,0.0,0.0
frequency,cms-fastpath-vector2d,rows=3 cols=256,zipf,0.0,10,10000,0.0,0.0
frequency,cms-fastpath-vector2d,rows=3 cols=256,zipf,0.0,10,17783,0.0,0.0
frequency,cms-fastpath-vector2d,rows=3 cols=256,zipf,0.0,10,31623,0.0,0.0
frequency,cms-fastpath-vector2d,rows=3 cols=256,zipf,0.0,10,56234,0.0,0.0
frequency,cms-fastpath-vector2d,rows=3 cols=256,zipf,0.0,10,100000,0.0,0.0
frequency,cms-fastpath-vector2d,rows=3 cols=256,zipf,0.0,10,177828,0.0,0.0
frequency,cms-fastpath-vector2d,rows=3 cols=256,zipf,0.0,10,316228,0.0,0.0
frequency,cms-fastpath-vector2d,rows=3 cols=256,zipf,0.0,10,562341,0.0,0.0
frequency,cms-fastpath-vector2d,rows=3 cols=256,zipf,0.0,10,1000000,0.0,0.0
frequency,cms-fastpath-vector2d,rows=3 cols=256,zipf,0.0,10,1778279,0.0,0.0
frequency,cms-fastpath-vector2d,rows=3 cols=256,zipf,0.0,10,3162278,0.0,0.0
frequency,cms-fastpath-vector2d,rows=3 cols=256,zipf,0.0,10,5623413,0.0,0.0
frequency,cms-fastpath-vector2d,rows=3 cols=256,zipf,0.0,10,10000000,0.0,0.0
frequency,cms-fastpath-vector2d,rows=3 cols=256,zipf,0.0,10,17782794,0.0,0.0
frequency,cms-fastpath-vector2d,rows=3 cols=256,zipf,0.0,10,31622777,0.0,0.0
frequency,cms-fastpath-vector2d,rows=3 cols=256,zipf,0.0,10,56234133,0.0,0.0
frequency,cms-fastpath-vector2d,rows=3 cols=256,zipf,0.0,10,100000000,0.0,0.0
frequency,cms-fastpath-vector2d,rows=3 cols=256,zipf,0.0,100,1000,0.03241642616642617,0.0014227369232763993
frequency,cms-fastpath-vector2d,rows=3 cols=256,zipf,0.0,100,1778,0.03607936001620212,0.0008891192329725458
frequency,cms-fastpath-vector2d,rows=3 cols=256,zipf,0.0,100,3162,0.03385719348889928,0.002481264535167645
frequency,cms-fastpath-vector2d,rows=3 cols=256,zipf,0.0,100,5623,0.030625910095720757,0.001351581227259477
frequency,cms-fastpath-vector2d,rows=3 cols=256,zipf,0.0,100,10000,0.031260243123516364,0.0019688353493268703
frequency,cms-fastpath-vector2d,rows=3 cols=256,zipf,0.0,100,17783,0.03016620859405844,0.0009090095592519129
frequency,cms-fastpath-vector2d,rows=3 cols=256,zipf,0.0,100,31623,0.03026983229217108,0.0005763149623381603
frequency,cms-fastpath-vector2d,rows=3 cols=256,zipf,0.0,100,56234,0.029711571589780633,0.0005495592402219454
frequency,cms-fastpath-vector2d,rows=3 cols=256,zipf,0.0,100,100000,0.029633314075168237,9.659385653266931e-05
frequency,cms-fastpath-vector2d,rows=3 cols=256,zipf,0.0,100,177828,0.02936986420033215,0.0002852856639283893
frequency,cms-fastpath-vector2d,rows=3 cols=256,zipf,0.0,100,316228,0.029504891415260262,0.0001809549883257943
frequency,cms-fastpath-vector2d,rows=3 cols=256,zipf,0.0,100,562341,0.02974309302464928,7.693584927473797e-05
frequency,cms-fastpath-vector2d,rows=3 cols=256,zipf,0.0,100,1000000,0.029716286275411504,9.579162306227097e-05
frequency,cms-fastpath-vector2d,rows=3 cols=256,zipf,0.0,100,1778279,0.02977298289782304,2.568037786239747e-05
frequency,cms-fastpath-vector2d,rows=3 cols=256,zipf,0.0,100,3162278,0.029874093549497313,6.117140513526685e-05
frequency,cms-fastpath-vector2d,rows=3 cols=256,zipf,0.0,100,5623413,0.029891855195200698,5.021553545204516e-05
frequency,cms-fastpath-vector2d,rows=3 cols=256,zipf,0.0,100,10000000,0.0298652525104143,5.2312656508690486e-05
frequency,cms-fastpath-vector2d,rows=3 cols=256,zipf,0.0,100,17782794,0.029904160107954006,5.3878969315588625e-05
frequency,cms-fastpath-vector2d,rows=3 cols=256,zipf,0.0,100,31622777,0.029921929197000374,4.236362903420678e-05
frequency,cms-fastpath-vector2d,rows=3 cols=256,zipf,0.0,100,56234133,0.02995444532851411,2.504446303027575e-05
frequency,cms-fastpath-vector2d,rows=3 cols=256,zipf,0.0,100,100000000,0.02997482561803759,9.944181733702689e-06
frequency,cms-fastpath-vector2d,rows=3 cols=256,zipf,0.0,10000,1000,1.571111111111111,0.1097190576196236
frequency,cms-fastpath-vector2d,rows=3 cols=256,zipf,0.0,10000,1778,2.225,0.02291287847477925
frequency,cms-fastpath-vector2d,rows=3 cols=256,zipf,0.0,10000,3162,3.7061111111111114,0.13422125643508298
frequency,cms-fastpath-vector2d,rows=3 cols=256,zipf,0.0,10000,5623,5.520333333333332,0.06607200056952434
frequency,cms-fastpath-vector2d,rows=3 cols=256,zipf,0.0,10000,10000,7.280603174603175,0.10345278767097559
frequency,cms-fastpath-vector2d,rows=3 cols=256,zipf,0.0,10000,17783,9.39140079365079,0.13401505573307507
frequency,cms-fastpath-vector2d,rows=3 cols=256,zipf,0.0,10000,31623,12.14407744107744,0.09767602200555792
frequency,cms-fastpath-vector2d,rows=3 cols=256,zipf,0.0,10000,56234,14.669770903660611,0.041953952876853225
frequency,cms-fastpath-vector2d,rows=3 cols=256,zipf,0.0,10000,100000,17.113253826426135,0.12640312184994157
frequency,cms-fastpath-vector2d,rows=3 cols=256,zipf,0.0,10000,177828,19.933772365025746,0.12730259079164988
frequency,cms-fastpath-vector2d,rows=3 cols=256,zipf,0.0,10000,316228,22.618907582631266,0.2597058965298289
frequency,cms-fastpath-vector2d,rows=3 cols=256,zipf,0.0,10000,562341,24.62627660473088,0.03809095780682709
frequency,cms-fastpath-vector2d,rows=3 cols=256,zipf,0.0,10000,1000000,26.717213936674607,0.08921949658013784
frequency,cms-fastpath-vector2d,rows=3 cols=256,zipf,0.0,10000,1778279,28.152513156119607,0.3391919245875322
frequency,cms-fastpath-vector2d,rows=3 cols=256,zipf,0.0,10000,3162278,29.129849557477325,0.34473631105789243
frequency,cms-fastpath-vector2d,rows=3 cols=256,zipf,0.0,10000,5623413,30.287326272887952,0.15084053348225906
frequency,cms-fastpath-vector2d,rows=3 cols=256,zipf,0.0,10000,10000000,31.436847536887186,0.061618994744716334
frequency,cms-fastpath-vector2d,rows=3 cols=256,zipf,0.0,10000,17782794,31.991704287192178,0.26626067410849835
frequency,cms-fastpath-vector2d,rows=3 cols=256,zipf,0.0,10000,31622777,32.35339955765952,0.06818403177552222
frequency,cms-fastpath-vector2d,rows=3 cols=256,zipf,0.0,10000,56234133,32.96444514501756,0.1420357816808098
frequency,cms-fastpath-vector2d,rows=3 cols=256,zipf,0.0,10000,100000000,33.31212708426364,0.21133696308993483
frequency,cms-fastpath-vector2d,rows=3 cols=256,zipf,0.0,1000000,1000,2.3333333333333335,0.03179797338056495
frequency,cms-fastpath-vector2d,rows=3 cols=256,zipf,0.0,1000000,1778,4.73,0.07053367989832957
frequency,cms-fastpath-vector2d,rows=3 cols=256,zipf,0.0,1000000,3162,9.163333333333334,0.13869430814244407
frequency,cms-fastpath-vector2d,rows=3 cols=256,zipf,0.0,1000000,5623,16.810000000000002,0.20568989604094093
frequency,cms-fastpath-vector2d,rows=3 cols=256,zipf,0.0,1000000,10000,26.675,1.0955934464937251
frequency,cms-fastpath-vector2d,rows=3 cols=256,zipf,0.0,1000000,17783,31.12111111111111,0.15958665744531492
frequency,cms-fastpath-vector2d,rows=3 cols=256,zipf,0.0,1000000,31623,56.13333333333333,0.1928754155560683
frequency,cms-fastpath-vector2d,rows=3 cols=256,zipf,0.0,1000000,56234,94.62777777777778,0.6326328972761752
frequency,cms-fastpath-vector2d,rows=3 cols=256,zipf,0.0,1000000,100000,122.57155555555555,0.24849186463567638
frequency,cms-fastpath-vector2d,rows=3 cols=256,zipf,0.0,1000000,177828,200.36505555555559,1.3791169018659497
frequency,cms-fastpath-vector2d,rows=3 cols=256,zipf,0.0,1000000,316228,285.31222222222226,1.5241253907701104
frequency,cms-fastpath-vector2d,rows=3 cols=256,zipf,0.0,1000000,562341,408.02146031746025,2.8475535648803385
frequency,cms-fastpath-vector2d,rows=3 cols=256,zipf,0.0,1000000,1000000,549.1580952380954,7.060687374079796
frequency,cms-fastpath-vector2d,rows=3 cols=256,zipf,0.0,1000000,1778279,750.1533846801344,5.9217997792298975
frequency,cms-fastpath-vector2d,rows=3 cols=256,zipf,0.0,1000000,3162278,989.0819774114774,1.9331955349040382
frequency,cms-fastpath-vector2d,rows=3 cols=256,zipf,0.0,1000000,5623413,1272.57114414918,2.778458690487236
frequency,cms-fastpath-vector2d,rows=3 cols=256,zipf,0.0,1000000,10000000,1565.2398424433588,3.5151125938154477
frequency,cms-fastpath-vector2d,rows=3 cols=256,zipf,0.0,1000000,17782794,1863.117764262736,5.417283886894875
frequency,cms-fastpath-vector2d,rows=3 cols=256,zipf,0.0,1000000,31622777,2173.5505130867787,6.801161688909681
frequency,cms-fastpath-vector2d,rows=3 cols=256,zipf,0.0,1000000,56234133,2454.128369162495,7.802568549790478
frequency,cms-fastpath-vector2d,rows=3 cols=256,zipf,0.0,1000000,100000000,2709.904766565057,4.1224220704653165
frequency,cms-fastpath-vector2d,rows=3 cols=256,zipf,0.5,10,1000,0.0,0.0
frequency,cms-fastpath-vector2d,rows=3 cols=256,zipf,0.5,10,1778,0.0,0.0
frequency,cms-fastpath-vector2d,rows=3 cols=256,zipf,0.5,10,3162,0.0,0.0
frequency,cms-fastpath-vector2d,rows=3 cols=256,zipf,0.5,10,5623,0.0,0.0
frequency,cms-fastpath-vector2d,rows=3 cols=256,zipf,0.5,10,10000,0.0,0.0
frequency,cms-fastpath-vector2d,rows=3 cols=256,zipf,0.5,10,17783,0.0,0.0
frequency,cms-fastpath-vector2d,rows=3 cols=256,zipf,0.5,10,31623,0.0,0.0
frequency,cms-fastpath-vector2d,rows=3 cols=256,zipf,0.5,10,56234,0.0,0.0
frequency,cms-fastpath-vector2d,rows=3 cols=256,zipf,0.5,10,100000,0.0,0.0
frequency,cms-fastpath-vector2d,rows=3 cols=256,zipf,0.5,10,177828,0.0,0.0
frequency,cms-fastpath-vector2d,rows=3 cols=256,zipf,0.5,10,316228,0.0,0.0
frequency,cms-fastpath-vector2d,rows=3 cols=256,zipf,0.5,10,562341,0.0,0.0
frequency,cms-fastpath-vector2d,rows=3 cols=256,zipf,0.5,10,1000000,0.0,0.0
frequency,cms-fastpath-vector2d,rows=3 cols=256,zipf,0.5,10,1778279,0.0,0.0
frequency,cms-fastpath-vector2d,rows=3 cols=256,zipf,0.5,10,3162278,0.0,0.0
frequency,cms-fastpath-vector2d,rows=3 cols=256,zipf,0.5,10,5623413,0.0,0.0
frequency,cms-fastpath-vector2d,rows=3 cols=256,zipf,0.5,10,10000000,0.0,0.0
frequency,cms-fastpath-vector2d,rows=3 cols=256,zipf,0.5,10,17782794,0.0,0.0
frequency,cms-fastpath-vector2d,rows=3 cols=256,zipf,0.5,10,31622777,0.0,0.0
frequency,cms-fastpath-vector2d,rows=3 cols=256,zipf,0.5,10,56234133,0.0,0.0
frequency,cms-fastpath-vector2d,rows=3 cols=256,zipf,0.5,10,100000000,0.0,0.0
frequency,cms-fastpath-vector2d,rows=3 cols=256,zipf,0.5,100,1000,0.028439609772943106,0.006666868553227217
frequency,cms-fastpath-vector2d,rows=3 cols=256,zipf,0.5,100,1778,0.024797202797202798,0.003698247502145375
frequency,cms-fastpath-vector2d,rows=3 cols=256,zipf,0.5,100,3162,0.02760092256121668,0.004054628290204191
frequency,cms-fastpath-vector2d,rows=3 cols=256,zipf,0.5,100,5623,0.026305588439907865,0.003377803500553875
frequency,cms-fastpath-vector2d,rows=3 cols=256,zipf,0.5,100,10000,0.025595299400579738,0.00017723376587442858
frequency,cms-fastpath-vector2d,rows=3 cols=256,zipf,0.5,100,17783,0.025641767565399407,0.0006555650902274649
frequency,cms-fastpath-vector2d,rows=3 cols=256,zipf,0.5,100,31623,0.026064023632564746,0.0008755699698762839
frequency,cms-fastpath-vector2d,rows=3 cols=256,zipf,0.5,100,56234,0.026156499558812298,0.0002309152856055878
frequency,cms-fastpath-vector2d,rows=3 cols=256,zipf,0.5,100,100000,0.026706851389023286,0.00046588176240528676
frequency,cms-fastpath-vector2d,rows=3 cols=256,zipf,0.5,100,177828,0.02655969200930282,0.00035846088785787344
frequency,cms-fastpath-vector2d,rows=3 cols=256,zipf,0.5,100,316228,0.026341853682375734,0.0002790108844400241
frequency,cms-fastpath-vector2d,rows=3 cols=256,zipf,0.5,100,562341,0.026239699474193568,0.00021323816627241788
frequency,cms-fastpath-vector2d,rows=3 cols=256,zipf,0.5,100,1000000,0.02615626727028064,0.00016879286425894394
frequency,cms-fastpath-vector2d,rows=3 cols=256,zipf,0.5,100,1778279,0.026118467972428974,0.00012301042597488381
frequency,cms-fastpath-vector2d,rows=3 cols=256,zipf,0.5,100,3162278,0.026017677932183386,0.00011939799651797715
frequency,cms-fastpath-vector2d,rows=3 cols=256,zipf,0.5,100,5623413,0.025968793463808534,0.0001018789895949818
frequency,cms-fastpath-vector2d,rows=3 cols=256,zipf,0.5,100,10000000,0.02601917270338376,7.276519105325746e-05
frequency,cms-fastpath-vector2d,rows=3 cols=256,zipf,0.5,100,17782794,0.025993749818208706,6.798855151006507e-05
frequency,cms-fastpath-vector2d,rows=3 cols=256,zipf,0.5,100,31622777,0.02594967738776748,2.509064873930125e-05
frequency,cms-fastpath-vector2d,rows=3 cols=256,zipf,0.5,100,56234133,0.02594514992249743,2.156914434363289e-05
frequency,cms-fastpath-vector2d,rows=3 cols=256,zipf,0.5,100,100000000,0.02592757072731121,2.287351338518221e-05
frequency,cms-fastpath-vector2d,rows=3 cols=256,zipf,0.5,10000,1000,1.3660185185185185,0.040368140441301166
frequency,cms-fastpath-vector2d,rows=3 cols=256,zipf,0.5,10000,1778,1.9302896825396825,0.060099741648430606
frequency,cms-fastpath-vector2d,rows=3 cols=256,zipf,0.5,10000,3162,2.441194314944315,0.031988251294395455
frequency,cms-fastpath-vector2d,rows=3 cols=256,zipf,0.5,10000,5623,3.1470441250470658,0.10093167479260458
frequency,cms-fastpath-vector2d,rows=3 cols=256,zipf,0.5,10000,10000,3.524202186122577,0.02597236616779055
frequency,cms-fastpath-vector2d,rows=3 cols=256,zipf,0.5,10000,17783,3.7654875903294642,0.11203025942853538
frequency,cms-fastpath-vector2d,rows=3 cols=256,zipf,0.5,10000,31623,3.9322238174478916,0.05142965215758059
frequency,cms-fastpath-vector2d,rows=3 cols=256,zipf,0.5,10000,56234,4.11388282920517,0.05326312372232392
frequency,cms-fastpath-vector2d,rows=3 cols=256,zipf,0.5,10000,100000,4.186974578874284,0.020719925569045863
frequency,cms-fastpath-vector2d,rows=3 cols=256,zipf,0.5,10000,177828,4.191203490134646,0.02194275203056143
frequency,cms-fastpath-vector2d,rows=3 cols=256,zipf,0.5,10000,316228,4.258964994862046,0.009070407590855626
frequency,cms-fastpath-vector2d,rows=3 cols=256,zipf,0.5,10000,562341,4.253225943335696,0.019456231978180142
frequency,cms-fastpath-vector2d,rows=3 cols=256,zipf,0.5,10000,1000000,4.2710983028052425,0.036062788834584455
frequency,cms-fastpath-vector2d,rows=3 cols=256,zipf,0.5,10000,1778279,4.291884494733066,0.01823588649563362
frequency,cms-fastpath-vector2d,rows=3 cols=256,zipf,0.5,10000,3162278,4.276779548138129,0.0037569664710605326
frequency,cms-fastpath-vector2d,rows=3 cols=256,zipf,0.5,10000,5623413,4.277988242434879,0.005914145519799585
frequency,cms-fastpath-vector2d,rows=3 cols=256,zipf,0.5,10000,10000000,4.257127696434833,0.00781343508265385
frequency,cms-fastpath-vector2d,rows=3 cols=256,zipf,0.5,10000,17782794,4.257119269922105,0.008744349583633682
frequency,cms-fastpath-vector2d,rows=3 cols=256,zipf,0.5,10000,31622777,4.256090338240842,0.008631106521123765
frequency,cms-fastpath-vector2d,rows=3 cols=256,zipf,0.5,10000,56234133,4.24546234893068,0.006123518855697747
frequency,cms-fastpath-vector2d,rows=3 cols=256,zipf,0.5,10000,100000000,4.251289937433801,0.005519250986490543
frequency,cms-fastpath-vector2d,rows=3 cols=256,zipf,0.5,1000000,1000,2.1149999999999998,0.10323920443965726
frequency,cms-fastpath-vector2d,rows=3 cols=256,zipf,0.5,1000000,1778,4.603333333333334,0.06359594676112983
frequency,cms-fastpath-vector2d,rows=3 cols=256,zipf,0.5,1000000,3162,8.666666666666666,0.08166666666666678
frequency,cms-fastpath-vector2d,rows=3 cols=256,zipf,0.5,1000000,5623,13.7975,0.2771594506978092
frequency,cms-fastpath-vector2d,rows=3 cols=256,zipf,0.5,1000000,10000,16.188714285714283,0.1487954488581798
frequency,cms-fastpath-vector2d,rows=3 cols=256,zipf,0.5,1000000,17783,26.216509259259258,0.5478133775853328
frequency,cms-fastpath-vector2d,rows=3 cols=256,zipf,0.5,1000000,31623,32.026681669637554,0.5726343732563709
frequency,cms-fastpath-vector2d,rows=3 cols=256,zipf,0.5,1000000,56234,38.95625232634154,0.924801943554705
frequency,cms-fastpath-vector2d,rows=3 cols=256,zipf,0.5,1000000,100000,43.533252782902764,0.14401714356827292
frequency,cms-fastpath-vector2d,rows=3 cols=256,zipf,0.5,1000000,177828,45.74380787349395,0.09429525836737541
frequency,cms-fastpath-vector2d,rows=3 cols=256,zipf,0.5,1000000,316228,48.323943804585156,0.271662140145369
frequency,cms-fastpath-vector2d,rows=3 cols=256,zipf,0.5,1000000,562341,49.56380025658695,0.16786844722840974
frequency,cms-fastpath-vector2d,rows=3 cols=256,zipf,0.5,1000000,1000000,50.48442206860735,0.1953639945292466
frequency,cms-fastpath-vector2d,rows=3 cols=256,zipf,0.5,1000000,1778279,50.80419653716535,0.0827421279398522
frequency,cms-fastpath-vector2d,rows=3 cols=256,zipf,0.5,1000000,3162278,51.20157143238655,0.235559460654317
frequency,cms-fastpath-vector2d,rows=3 cols=256,zipf,0.5,1000000,5623413,51.397033221630856,0.12880294487053323
frequency,cms-fastpath-vector2d,rows=3 cols=256,zipf,0.5,1000000,10000000,51.21788431257247,0.04702581695042444
frequency,cms-fastpath-vector2d,rows=3 cols=256,zipf,0.5,1000000,17782794,51.09053277313453,0.08377504707821218
frequency,cms-fastpath-vector2d,rows=3 cols=256,zipf,0.5,1000000,31622777,51.17848939404263,0.0305362152995437
frequency,cms-fastpath-vector2d,rows=3 cols=256,zipf,0.5,1000000,56234133,51.126535088732936,0.044712111853717304
frequency,cms-fastpath-vector2d,rows=3 cols=256,zipf,0.5,1000000,100000000,51.08933773038971,0.00613805643723931
frequency,cms-fastpath-vector2d,rows=3 cols=256,zipf,1.0,10,1000,0.0,0.0
frequency,cms-fastpath-vector2d,rows=3 cols=256,zipf,1.0,10,1778,0.0,0.0
frequency,cms-fastpath-vector2d,rows=3 cols=256,zipf,1.0,10,3162,0.0,0.0
frequency,cms-fastpath-vector2d,rows=3 cols=256,zipf,1.0,10,5623,0.0,0.0
frequency,cms-fastpath-vector2d,rows=3 cols=256,zipf,1.0,10,10000,0.0,0.0
frequency,cms-fastpath-vector2d,rows=3 cols=256,zipf,1.0,10,17783,0.0,0.0
frequency,cms-fastpath-vector2d,rows=3 cols=256,zipf,1.0,10,31623,0.0,0.0
frequency,cms-fastpath-vector2d,rows=3 cols=256,zipf,1.0,10,56234,0.0,0.0
frequency,cms-fastpath-vector2d,rows=3 cols=256,zipf,1.0,10,100000,0.0,0.0
frequency,cms-fastpath-vector2d,rows=3 cols=256,zipf,1.0,10,177828,0.0,0.0
frequency,cms-fastpath-vector2d,rows=3 cols=256,zipf,1.0,10,316228,0.0,0.0
frequency,cms-fastpath-vector2d,rows=3 cols=256,zipf,1.0,10,562341,0.0,0.0
frequency,cms-fastpath-vector2d,rows=3 cols=256,zipf,1.0,10,1000000,0.0,0.0
frequency,cms-fastpath-vector2d,rows=3 cols=256,zipf,1.0,10,1778279,0.0,0.0
frequency,cms-fastpath-vector2d,rows=3 cols=256,zipf,1.0,10,3162278,0.0,0.0
frequency,cms-fastpath-vector2d,rows=3 cols=256,zipf,1.0,10,5623413,0.0,0.0
frequency,cms-fastpath-vector2d,rows=3 cols=256,zipf,1.0,10,10000000,0.0,0.0
frequency,cms-fastpath-vector2d,rows=3 cols=256,zipf,1.0,10,17782794,0.0,0.0
frequency,cms-fastpath-vector2d,rows=3 cols=256,zipf,1.0,10,31622777,0.0,0.0
frequency,cms-fastpath-vector2d,rows=3 cols=256,zipf,1.0,10,56234133,0.0,0.0
frequency,cms-fastpath-vector2d,rows=3 cols=256,zipf,1.0,10,100000000,0.0,0.0
frequency,cms-fastpath-vector2d,rows=3 cols=256,zipf,1.0,100,1000,0.022136407773839805,0.007872862982253306
frequency,cms-fastpath-vector2d,rows=3 cols=256,zipf,1.0,100,1778,0.019757757359798178,0.003955983431586212
frequency,cms-fastpath-vector2d,rows=3 cols=256,zipf,1.0,100,3162,0.0184033374033374,0.001928545574832132
frequency,cms-fastpath-vector2d,rows=3 cols=256,zipf,1.0,100,5623,0.0190633325008325,0.0006374613438690226
frequency,cms-fastpath-vector2d,rows=3 cols=256,zipf,1.0,100,10000,0.02169887974057196,0.002475170124769747
frequency,cms-fastpath-vector2d,rows=3 cols=256,zipf,1.0,100,17783,0.020247213048339405,0.0017043690950363031
frequency,cms-fastpath-vector2d,rows=3 cols=256,zipf,1.0,100,31623,0.022033250534437877,0.0018542721392319445
frequency,cms-fastpath-vector2d,rows=3 cols=256,zipf,1.0,100,56234,0.02362480182841704,0.0020267369736292865
frequency,cms-fastpath-vector2d,rows=3 cols=256,zipf,1.0,100,100000,0.023771173413984156,0.0009520257288902312
frequency,cms-fastpath-vector2d,rows=3 cols=256,zipf,1.0,100,177828,0.02397825335726062,0.00048771895406569737
frequency,cms-fastpath-vector2d,rows=3 cols=256,zipf,1.0,100,316228,0.02366375774394037,0.0001819243441378533
frequency,cms-fastpath-vector2d,rows=3 cols=256,zipf,1.0,100,562341,0.023779664772196906,0.0004383254799042425
frequency,cms-fastpath-vector2d,rows=3 cols=256,zipf,1.0,100,1000000,0.023942072119068816,0.00018564878382875473
frequency,cms-fastpath-vector2d,rows=3 cols=256,zipf,1.0,100,1778279,0.023928942635462556,0.00031303663166774116
frequency,cms-fastpath-vector2d,rows=3 cols=256,zipf,1.0,100,3162278,0.02392363241598859,0.00020126261065453246
frequency,cms-fastpath-vector2d,rows=3 cols=256,zipf,1.0,100,5623413,0.0238980108939755,0.00020084097945736537
frequency,cms-fastpath-vector2d,rows=3 cols=256,zipf,1.0,100,10000000,0.023848573504374682,0.00011782269496707797
frequency,cms-fastpath-vector2d,rows=3 cols=256,zipf,1.0,100,17782794,0.023905457840303346,7.16502229446748e-05
frequency,cms-fastpath-vector2d,rows=3 cols=256,zipf,1.0,100,31622777,0.023925505662573694,1.6152260077330793e-05
frequency,cms-fastpath-vector2d,rows=3 cols=256,zipf,1.0,100,56234133,0.02392918938066151,1.9181159610076862e-05
frequency,cms-fastpath-vector2d,rows=3 cols=256,zipf,1.0,100,100000000,0.023921501018944125,1.3652208375170603e-05
frequency,cms-fastpath-vector2d,rows=3 cols=256,zipf,1.0,10000,1000,0.3927799071364247,0.029852076550368034
frequency,cms-fastpath-vector2d,rows=3 cols=256,zipf,1.0,10000,1778,0.5438487550401246,0.00455527593549334
frequency,cms-fastpath-vector2d,rows=3 cols=256,zipf,1.0,10000,3162,0.6025308180355583,0.009612127129020712
frequency,cms-fastpath-vector2d,rows=3 cols=256,zipf,1.0,10000,5623,0.6875191581214679,0.007337402005217893
frequency,cms-fastpath-vector2d,rows=3 cols=256,zipf,1.0,10000,10000,0.7395933788565089,0.014062939077100172
frequency,cms-fastpath-vector2d,rows=3 cols=256,zipf,1.0,10000,17783,0.7550597419380235,0.020213569766371932
frequency,cms-fastpath-vector2d,rows=3 cols=256,zipf,1.0,10000,31623,0.7536286029262209,0.007654475550579454
frequency,cms-fastpath-vector2d,rows=3 cols=256,zipf,1.0,10000,56234,0.7599436138096499,0.013197249296301028
frequency,cms-fastpath-vector2d,rows=3 cols=256,zipf,1.0,10000,100000,0.7715480093541167,0.008656991870467465
frequency,cms-fastpath-vector2d,rows=3 cols=256,zipf,1.0,10000,177828,0.7537464061530317,0.004025214713574248
frequency,cms-fastpath-vector2d,rows=3 cols=256,zipf,1.0,10000,316228,0.7599990542914807,0.011476553715216692
frequency,cms-fastpath-vector2d,rows=3 cols=256,zipf,1.0,10000,562341,0.7552950524053242,0.002023707310777275
frequency,cms-fastpath-vector2d,rows=3 cols=256,zipf,1.0,10000,1000000,0.7558413492855541,0.0024185287164069235
frequency,cms-fastpath-vector2d,rows=3 cols=256,zipf,1.0,10000,1778279,0.7553340793949325,0.001580446959962898
frequency,cms-fastpath-vector2d,rows=3 cols=256,zipf,1.0,10000,3162278,0.7560173632070355,0.0007844475414656116
frequency,cms-fastpath-vector2d,rows=3 cols=256,zipf,1.0,10000,5623413,0.7542182367526329,0.000773911505233312
frequency,cms-fastpath-vector2d,rows=3 cols=256,zipf,1.0,10000,10000000,0.754286256225349,0.0006037156489640642
frequency,cms-fastpath-vector2d,rows=3 cols=256,zipf,1.0,10000,17782794,0.7545176254786958,0.00048558161149479736
frequency,cms-fastpath-vector2d,rows=3 cols=256,zipf,1.0,10000,31622777,0.7553597717198111,4.619252660793708e-05
frequency,cms-fastpath-vector2d,rows=3 cols=256,zipf,1.0,10000,56234133,0.7551813651357303,0.0002483649445490372
frequency,cms-fastpath-vector2d,rows=3 cols=256,zipf,1.0,10000,100000000,0.7552602534108663,0.0002363755701602504
frequency,cms-fastpath-vector2d,rows=3 cols=256,zipf,1.0,1000000,1000,0.8508921988846643,0.04931961166189139
frequency,cms-fastpath-vector2d,rows=3 cols=256,zipf,1.0,1000000,1778,1.0567144208053303,0.03439271812415387
frequency,cms-fastpath-vector2d,rows=3 cols=256,zipf,1.0,1000000,3162,1.240727392525029,0.0576412252252244
frequency,cms-fastpath-vector2d,rows=3 cols=256,zipf,1.0,1000000,5623,1.421798912708277,0.041727170637728905
frequency,cms-fastpath-vector2d,rows=3 cols=256,zipf,1.0,1000000,10000,1.5108312068188177,0.024146137495469032
frequency,cms-fastpath-vector2d,rows=3 cols=256,zipf,1.0,1000000,17783,1.598096559092059,0.010472474531763913
frequency,cms-fastpath-vector2d,rows=3 cols=256,zipf,1.0,1000000,31623,1.6205200641670914,0.020985397157587845
frequency,cms-fastpath-vector2d,rows=3 cols=256,zipf,1.0,1000000,56234,1.6725036469518457,0.0032910351935807043
frequency,cms-fastpath-vector2d,rows=3 cols=256,zipf,1.0,1000000,100000,1.6969027689793326,0.009878071842354367
frequency,cms-fastpath-vector2d,rows=3 cols=256,zipf,1.0,1000000,177828,1.693547380119999,0.008216846464667782
frequency,cms-fastpath-vector2d,rows=3 cols=256,zipf,1.0,1000000,316228,1.6785713967873852,0.0047431698846461074
frequency,cms-fastpath-vector2d,rows=3 cols=256,zipf,1.0,1000000,562341,1.6673193135121547,0.0062597138234627555
frequency,cms-fastpath-vector2d,rows=3 cols=256,zipf,1.0,1000000,1000000,1.66369897193597,0.004419278842138191
frequency,cms-fastpath-vector2d,rows=3 cols=256,zipf,1.0,1000000,1778279,1.6668307528526043,0.004513203878473653
frequency,cms-fastpath-vector2d,rows=3 cols=256,zipf,1.0,1000000,3162278,1.6700483419076935,0.0025643745328344705
frequency,cms-fastpath-vector2d,rows=3 cols=256,zipf,1.0,1000000,5623413,1.6701063812594326,0.005641879439768198
frequency,cms-fastpath-vector2d,rows=3 cols=256,zipf,1.0,1000000,10000000,1.6663587249276652,0.005364708288160574
frequency,cms-fastpath-vector2d,rows=3 cols=256,zipf,1.0,1000000,17782794,1.6620906497662986,0.0005054312502659029
frequency,cms-fastpath-vector2d,rows=3 cols=256,zipf,1.0,1000000,31622777,1.6609763787337455,0.0008067026103696547
frequency,cms-fastpath-vector2d,rows=3 cols=256,zipf,1.0,1000000,56234133,1.661112690261488,0.0010217005866382807
frequency,cms-fastpath-vector2d,rows=3 cols=256,zipf,1.0,1000000,100000000,1.6614726601040666,0.0006627762954632842
frequency,cms-fastpath-vector2d,rows=3 cols=256,zipf,1.5,10,1000,0.0,0.0
frequency,cms-fastpath-vector2d,rows=3 cols=256,zipf,1.5,10,1778,0.0,0.0
frequency,cms-fastpath-vector2d,rows=3 cols=256,zipf,1.5,10,3162,0.0,0.0
frequency,cms-fastpath-vector2d,rows=3 cols=256,zipf,1.5,10,5623,0.0,0.0
frequency,cms-fastpath-vector2d,rows=3 cols=256,zipf,1.5,10,10000,0.0,0.0
frequency,cms-fastpath-vector2d,rows=3 cols=256,zipf,1.5,10,17783,0.0,0.0
frequency,cms-fastpath-vector2d,rows=3 cols=256,zipf,1.5,10,31623,0.0,0.0
frequency,cms-fastpath-vector2d,rows=3 cols=256,zipf,1.5,10,56234,0.0,0.0
frequency,cms-fastpath-vector2d,rows=3 cols=256,zipf,1.5,10,100000,0.0,0.0
frequency,cms-fastpath-vector2d,rows=3 cols=256,zipf,1.5,10,177828,0.0,0.0
frequency,cms-fastpath-vector2d,rows=3 cols=256,zipf,1.5,10,316228,0.0,0.0
frequency,cms-fastpath-vector2d,rows=3 cols=256,zipf,1.5,10,562341,0.0,0.0
frequency,cms-fastpath-vector2d,rows=3 cols=256,zipf,1.5,10,1000000,0.0,0.0
frequency,cms-fastpath-vector2d,rows=3 cols=256,zipf,1.5,10,1778279,0.0,0.0
frequency,cms-fastpath-vector2d,rows=3 cols=256,zipf,1.5,10,3162278,0.0,0.0
frequency,cms-fastpath-vector2d,rows=3 cols=256,zipf,1.5,10,5623413,0.0,0.0
frequency,cms-fastpath-vector2d,rows=3 cols=256,zipf,1.5,10,10000000,0.0,0.0
frequency,cms-fastpath-vector2d,rows=3 cols=256,zipf,1.5,10,17782794,0.0,0.0
frequency,cms-fastpath-vector2d,rows=3 cols=256,zipf,1.5,10,31622777,0.0,0.0
frequency,cms-fastpath-vector2d,rows=3 cols=256,zipf,1.5,10,56234133,0.0,0.0
frequency,cms-fastpath-vector2d,rows=3 cols=256,zipf,1.5,10,100000000,0.0,0.0
frequency,cms-fastpath-vector2d,rows=3 cols=256,zipf,1.5,100,1000,0.01092896174863388,0.010928961748633882
frequency,cms-fastpath-vector2d,rows=3 cols=256,zipf,1.5,100,1778,0.026514559566598945,0.013429399867687064
frequency,cms-fastpath-vector2d,rows=3 cols=256,zipf,1.5,100,3162,0.01569080268780967,0.0033209871090477336
frequency,cms-fastpath-vector2d,rows=3 cols=256,zipf,1.5,100,5623,0.012597158473447135,0.004004817632834629
frequency,cms-fastpath-vector2d,rows=3 cols=256,zipf,1.5,100,10000,0.025639409609997842,0.008544226300830522
frequency,cms-fastpath-vector2d,rows=3 cols=256,zipf,1.5,100,17783,0.02053929539295393,0.004590319417731548
frequency,cms-fastpath-vector2d,rows=3 cols=256,zipf,1.5,100,31623,0.018874195446810318,0.003933915668867624
frequency,cms-fastpath-vector2d,rows=3 cols=256,zipf,1.5,100,56234,0.019895205624296895,0.002089081295121329
frequency,cms-fastpath-vector2d,rows=3 cols=256,zipf,1.5,100,100000,0.021829610730281557,0.0012193185146634545
frequency,cms-fastpath-vector2d,rows=3 cols=256,zipf,1.5,100,177828,0.02305546214882131,0.0007712056326632569
frequency,cms-fastpath-vector2d,rows=3 cols=256,zipf,1.5,100,316228,0.023873265246590128,0.0008063431343335141
frequency,cms-fastpath-vector2d,rows=3 cols=256,zipf,1.5,100,562341,0.023896333945852638,0.0005561655112705339
frequency,cms-fastpath-vector2d,rows=3 cols=256,zipf,1.5,100,1000000,0.023269178641135754,0.0001848903265233433
frequency,cms-fastpath-vector2d,rows=3 cols=256,zipf,1.5,100,1778279,0.02304889994766692,0.0004330610276526615
frequency,cms-fastpath-vector2d,rows=3 cols=256,zipf,1.5,100,3162278,0.02310179123108781,0.00028391078906924556
frequency,cms-fastpath-vector2d,rows=3 cols=256,zipf,1.5,100,5623413,0.02298980132219498,0.0002479153080248533
frequency,cms-fastpath-vector2d,rows=3 cols=256,zipf,1.5,100,10000000,0.022911319572972155,0.00018656577082079768
frequency,cms-fastpath-vector2d,rows=3 cols=256,zipf,1.5,100,17782794,0.023298334766921457,0.0001124582984442007
frequency,cms-fastpath-vector2d,rows=3 cols=256,zipf,1.5,100,31622777,0.023205741262520636,0.00015909807009879706
frequency,cms-fastpath-vector2d,rows=3 cols=256,zipf,1.5,100,56234133,0.023264836450936566,9.271711338511549e-05
frequency,cms-fastpath-vector2d,rows=3 cols=256,zipf,1.5,100,100000000,0.02328222424972609,7.04398110548948e-05
frequency,cms-fastpath-vector2d,rows=3 cols=256,zipf,1.5,10000,1000,0.05229024943310658,0.009831179124592757
frequency,cms-fastpath-vector2d,rows=3 cols=256,zipf,1.5,10000,1778,0.07674290524290524,0.010528051192198322
frequency,cms-fastpath-vector2d,rows=3 cols=256,zipf,1.5,10000,3162,0.11938802293872854,0.014111072212023897
frequency,cms-fastpath-vector2d,rows=3 cols=256,zipf,1.5,10000,5623,0.14175678365219868,0.004233237453412742
frequency,cms-fastpath-vector2d,rows=3 cols=256,zipf,1.5,10000,10000,0.1655693954846995,0.013859645793168668
frequency,cms-fastpath-vector2d,rows=3 cols=256,zipf,1.5,10000,17783,0.18918621502368727,0.012221682740769872
frequency,cms-fastpath-vector2d,rows=3 cols=256,zipf,1.5,10000,31623,0.20136373091724757,0.006671395622351621
frequency,cms-fastpath-vector2d,rows=3 cols=256,zipf,1.5,10000,56234,0.2109390687568521,0.004962304089002445
frequency,cms-fastpath-vector2d,rows=3 cols=256,zipf,1.5,10000,100000,0.19587801312630912,0.00804677859646281
frequency,cms-fastpath-vector2d,rows=3 cols=256,zipf,1.5,10000,177828,0.2069955579865652,0.003587777342054443
frequency,cms-fastpath-vector2d,rows=3 cols=256,zipf,1.5,10000,316228,0.21283450621455138,0.004152691531986929
frequency,cms-fastpath-vector2d,rows=3 cols=256,zipf,1.5,10000,562341,0.21444964948136488,0.0050589461156216545
frequency,cms-fastpath-vector2d,rows=3 cols=256,zipf,1.5,10000,1000000,0.21563423076100943,0.0036603268138759924
frequency,cms-fastpath-vector2d,rows=3 cols=256,zipf,1.5,10000,1778279,0.2144997915379627,0.0016611456404799774
frequency,cms-fastpath-vector2d,rows=3 cols=256,zipf,1.5,10000,3162278,0.21422456301960416,0.003484184416484054
frequency,cms-fastpath-vector2d,rows=3 cols=256,zipf,1.5,10000,5623413,0.21356700715983115,0.0020098170919281544
frequency,cms-fastpath-vector2d,rows=3 cols=256,zipf,1.5,10000,10000000,0.2141669325339803,0.0019243450968785825
frequency,cms-fastpath-vector2d,rows=3 cols=256,zipf,1.5,10000,17782794,0.21249467961070467,0.0003890538376268385
frequency,cms-fastpath-vector2d,rows=3 cols=256,zipf,1.5,10000,31622777,0.21144767353560004,0.0009180440389723139
frequency,cms-fastpath-vector2d,rows=3 cols=256,zipf,1.5,10000,56234133,0.21238508445327167,9.877462297953296e-05
frequency,cms-fastpath-vector2d,rows=3 cols=256,zipf,1.5,10000,100000000,0.2123903157054711,0.0001102388657638345
frequency,cms-fastpath-vector2d,rows=3 cols=256,zipf,1.5,1000000,1000,0.04196969696969697,0.013487401869253264
frequency,cms-fastpath-vector2d,rows=3 cols=256,zipf,1.5,1000000,1778,0.09311721026506702,0.03330915218838017
frequency,cms-fastpath-vector2d,rows=3 cols=256,zipf,1.5,1000000,3162,0.12435792574249517,0.01718822668637059
frequency,cms-fastpath-vector2d,rows=3 cols=256,zipf,1.5,1000000,5623,0.1676392174444491,0.027320666072568705
frequency,cms-fastpath-vector2d,rows=3 cols=256,zipf,1.5,1000000,10000,0.2227894633368098,0.02449786687653276
frequency,cms-fastpath-vector2d,rows=3 cols=256,zipf,1.5,1000000,17783,0.22395458266467083,0.007461062385330435
frequency,cms-fastpath-vector2d,rows=3 cols=256,zipf,1.5,1000000,31623,0.22829498632391557,0.01087755752786415
frequency,cms-fastpath-vector2d,rows=3 cols=256,zipf,1.5,1000000,56234,0.2446302357800787,0.011353131736305535
frequency,cms-fastpath-vector2d,rows=3 cols=256,zipf,1.5,1000000,100000,0.2487926570714841,0.005801418006380797
frequency,cms-fastpath-vector2d,rows=3 cols=256,zipf,1.5,1000000,177828,0.24613493001899975,0.0030665313765430163
frequency,cms-fastpath-vector2d,rows=3 cols=256,zipf,1.5,1000000,316228,0.24547308962463643,0.002864774824460764
frequency,cms-fastpath-vector2d,rows=3 cols=256,zipf,1.5,1000000,562341,0.24288688372542758,0.004274902740156665
frequency,cms-fastpath-vector2d,rows=3 cols=256,zipf,1.5,1000000,1000000,0.24116222941875412,0.004004606843973353
frequency,cms-fastpath-vector2d,rows=3 cols=256,zipf,1.5,1000000,1778279,0.24327718969180434,0.0027105658034128795
frequency,cms-fastpath-vector2d,rows=3 cols=256,zipf,1.5,1000000,3162278,0.24406513831718657,0.0017293457625307573
frequency,cms-fastpath-vector2d,rows=3 cols=256,zipf,1.5,1000000,5623413,0.24036215156949783,0.0004162753783531957
frequency,cms-fastpath-vector2d,rows=3 cols=256,zipf,1.5,1000000,10000000,0.24063285949991697,0.00026542620672384434
frequency,cms-fastpath-vector2d,rows=3 cols=256,zipf,1.5,1000000,17782794,0.24098093700729287,0.00023415591401427634
frequency,cms-fastpath-vector2d,rows=3 cols=256,zipf,1.5,1000000,31622777,0.2410033425586188,3.375693619146473e-05
frequency,cms-fastpath-vector2d,rows=3 cols=256,zipf,1.5,1000000,56234133,0.2411178631171873,0.00013833965292433452
frequency,cms-fastpath-vector2d,rows=3 cols=256,zipf,1.5,1000000,100000000,0.2411992856363441,8.039251845040678e-05
frequency,cms-fastpath-vector2d,rows=3 cols=256,zipf,2.0,10,1000,0.0,0.0
frequency,cms-fastpath-vector2d,rows=3 cols=256,zipf,2.0,10,1778,0.0,0.0
frequency,cms-fastpath-vector2d,rows=3 cols=256,zipf,2.0,10,3162,0.0,0.0
frequency,cms-fastpath-vector2d,rows=3 cols=256,zipf,2.0,10,5623,0.0,0.0
frequency,cms-fastpath-vector2d,rows=3 cols=256,zipf,2.0,10,10000,0.0,0.0
frequency,cms-fastpath-vector2d,rows=3 cols=256,zipf,2.0,10,17783,0.0,0.0
frequency,cms-fastpath-vector2d,rows=3 cols=256,zipf,2.0,10,31623,0.0,0.0
frequency,cms-fastpath-vector2d,rows=3 cols=256,zipf,2.0,10,56234,0.0,0.0
frequency,cms-fastpath-vector2d,rows=3 cols=256,zipf,2.0,10,100000,0.0,0.0
frequency,cms-fastpath-vector2d,rows=3 cols=256,zipf,2.0,10,177828,0.0,0.0
frequency,cms-fastpath-vector2d,rows=3 cols=256,zipf,2.0,10,316228,0.0,0.0
frequency,cms-fastpath-vector2d,rows=3 cols=256,zipf,2.0,10,562341,0.0,0.0
frequency,cms-fastpath-vector2d,rows=3 cols=256,zipf,2.0,10,1000000,0.0,0.0
frequency,cms-fastpath-vector2d,rows=3 cols=256,zipf,2.0,10,1778279,0.0,0.0
frequency,cms-fastpath-vector2d,rows=3 cols=256,zipf,2.0,10,3162278,0.0,0.0
frequency,cms-fastpath-vector2d,rows=3 cols=256,zipf,2.0,10,5623413,0.0,0.0
frequency,cms-fastpath-vector2d,rows=3 cols=256,zipf,2.0,10,10000000,0.0,0.0
frequency,cms-fastpath-vector2d,rows=3 cols=256,zipf,2.0,10,17782794,0.0,0.0
frequency,cms-fastpath-vector2d,rows=3 cols=256,zipf,2.0,10,31622777,0.0,0.0
frequency,cms-fastpath-vector2d,rows=3 cols=256,zipf,2.0,10,56234133,0.0,0.0
frequency,cms-fastpath-vector2d,rows=3 cols=256,zipf,2.0,10,100000000,0.0,0.0
frequency,cms-fastpath-vector2d,rows=3 cols=256,zipf,2.0,100,1000,0.0,0.0
frequency,cms-fastpath-vector2d,rows=3 cols=256,zipf,2.0,100,1778,0.0,0.0
frequency,cms-fastpath-vector2d,rows=3 cols=256,zipf,2.0,100,3162,0.0,0.0
frequency,cms-fastpath-vector2d,rows=3 cols=256,zipf,2.0,100,5623,0.0023809523809523807,0.002380952380952381
frequency,cms-fastpath-vector2d,rows=3 cols=256,zipf,2.0,100,10000,0.043273092369477906,0.021599146987470303
frequency,cms-fastpath-vector2d,rows=3 cols=256,zipf,2.0,100,17783,0.028973013700523964,0.00612097944715046
frequency,cms-fastpath-vector2d,rows=3 cols=256,zipf,2.0,100,31623,0.040015586333701204,0.005690234742240557
frequency,cms-fastpath-vector2d,rows=3 cols=256,zipf,2.0,100,56234,0.058218915343915344,0.03020346811268742
frequency,cms-fastpath-vector2d,rows=3 cols=256,zipf,2.0,100,100000,0.044342209644924246,0.01769377965248118
frequency,cms-fastpath-vector2d,rows=3 cols=256,zipf,2.0,100,177828,0.03378714394993465,0.007680498354840916
frequency,cms-fastpath-vector2d,rows=3 cols=256,zipf,2.0,100,316228,0.028399578848587886,0.003033045991372287
frequency,cms-fastpath-vector2d,rows=3 cols=256,zipf,2.0,100,562341,0.02538864036222371,0.0006673155754435169
frequency,cms-fastpath-vector2d,rows=3 cols=256,zipf,2.0,100,1000000,0.022767807561811265,0.0007508117354108954
frequency,cms-fastpath-vector2d,rows=3 cols=256,zipf,2.0,100,1778279,0.02336603615493743,0.0008848086630456496
frequency,cms-fastpath-vector2d,rows=3 cols=256,zipf,2.0,100,3162278,0.023988507829224025,0.0004751881903821633
frequency,cms-fastpath-vector2d,rows=3 cols=256,zipf,2.0,100,5623413,0.023607037891940765,0.0007528216618827287
frequency,cms-fastpath-vector2d,rows=3 cols=256,zipf,2.0,100,10000000,0.023314290045106434,0.00036901315333963294
frequency,cms-fastpath-vector2d,rows=3 cols=256,zipf,2.0,100,17782794,0.02325534973028094,0.0003517249323358623
frequency,cms-fastpath-vector2d,rows=3 cols=256,zipf,2.0,100,31622777,0.02350840793908664,7.624279162062388e-05
frequency,cms-fastpath-vector2d,rows=3 cols=256,zipf,2.0,100,56234133,0.023494397314605744,5.906789974012758e-05
frequency,cms-fastpath-vector2d,rows=3 cols=256,zipf,2.0,100,100000000,0.023564242835541805,0.0001748890437742445
frequency,cms-fastpath-vector2d,rows=3 cols=256,zipf,2.0,10000,1000,0.0040650406504065045,0.004065040650406504
frequency,cms-fastpath-vector2d,rows=3 cols=256,zipf,2.0,10000,1778,0.0029239766081871343,0.0029239766081871343
frequency,cms-fastpath-vector2d,rows=3 cols=256,zipf,2.0,10000,3162,0.028558375780598003,0.019723331331267704
frequency,cms-fastpath-vector2d,rows=3 cols=256,zipf,2.0,10000,5623,0.03557525998905309,0.013011761165046674
frequency,cms-fastpath-vector2d,rows=3 cols=256,zipf,2.0,10000,10000,0.04874361526282953,0.0017468799885803567
frequency,cms-fastpath-vector2d,rows=3 cols=256,zipf,2.0,10000,17783,0.06742774249473356,0.02341329939162182
frequency,cms-fastpath-vector2d,rows=3 cols=256,zipf,2.0,10000,31623,0.07683656222911651,0.0074485050818331126
frequency,cms-fastpath-vector2d,rows=3 cols=256,zipf,2.0,10000,56234,0.08239301627752899,0.01349241594086762
frequency,cms-fastpath-vector2d,rows=3 cols=256,zipf,2.0,10000,100000,0.08189828069352395,0.0033832088883238368
frequency,cms-fastpath-vector2d,rows=3 cols=256,zipf,2.0,10000,177828,0.08046156741514313,0.0025188297638235146
frequency,cms-fastpath-vector2d,rows=3 cols=256,zipf,2.0,10000,316228,0.0861860453604349,0.003973393350839823
frequency,cms-fastpath-vector2d,rows=3 cols=256,zipf,2.0,10000,562341,0.09336359410037225,0.00367336631975509
frequency,cms-fastpath-vector2d,rows=3 cols=256,zipf,2.0,10000,1000000,0.08358245421894905,0.002682241276419777
frequency,cms-fastpath-vector2d,rows=3 cols=256,zipf,2.0,10000,1778279,0.09209306962670961,0.0004457026334474632
frequency,cms-fastpath-vector2d,rows=3 cols=256,zipf,2.0,10000,3162278,0.09458963737636321,0.0005844233059025524
frequency,cms-fastpath-vector2d,rows=3 cols=256,zipf,2.0,10000,5623413,0.09406719271434431,0.0009957154778239081
frequency,cms-fastpath-vector2d,rows=3 cols=256,zipf,2.0,10000,10000000,0.09119038207156092,0.0009573828095540264
frequency,cms-fastpath-vector2d,rows=3 cols=256,zipf,2.0,10000,17782794,0.09147985471837065,0.000711757559876899
frequency,cms-fastpath-vector2d,rows=3 cols=256,zipf,2.0,10000,31622777,0.09179234210963454,0.00037188293638561746
frequency,cms-fastpath-vector2d,rows=3 cols=256,zipf,2.0,10000,56234133,0.09193437355741159,0.0003889263255216249
frequency,cms-fastpath-vector2d,rows=3 cols=256,zipf,2.0,10000,100000000,0.09196273659950484,0.00023065180613304146
frequency,cms-fastpath-vector2d,rows=3 cols=256,zipf,2.0,1000000,1000,0.0,0.0
frequency,cms-fastpath-vector2d,rows=3 cols=256,zipf,2.0,1000000,1778,0.003144654088050314,0.0031446540880503146
frequency,cms-fastpath-vector2d,rows=3 cols=256,zipf,2.0,1000000,3162,0.007036545829649278,0.002413267202352243
frequency,cms-fastpath-vector2d,rows=3 cols=256,zipf,2.0,1000000,5623,0.020944444444444443,0.00435287615998865
frequency,cms-fastpath-vector2d,rows=3 cols=256,zipf,2.0,1000000,10000,0.04173989683708353,0.0032335812030462566
frequency,cms-fastpath-vector2d,rows=3 cols=256,zipf,2.0,1000000,17783,0.058284911920939875,0.006382150026964536
frequency,cms-fastpath-vector2d,rows=3 cols=256,zipf,2.0,1000000,31623,0.08670666296190423,0.004754715711831004
frequency,cms-fastpath-vector2d,rows=3 cols=256,zipf,2.0,1000000,56234,0.08578854615282842,0.0018661591093418826
frequency,cms-fastpath-vector2d,rows=3 cols=256,zipf,2.0,1000000,100000,0.08732779881439706,0.010608831956464403
frequency,cms-fastpath-vector2d,rows=3 cols=256,zipf,2.0,1000000,177828,0.09551355083990203,0.00445054827089716
frequency,cms-fastpath-vector2d,rows=3 cols=256,zipf,2.0,1000000,316228,0.09457722560080922,0.003502865780320062
frequency,cms-fastpath-vector2d,rows=3 cols=256,zipf,2.0,1000000,562341,0.09149290628069963,0.0019674466297449665
frequency,cms-fastpath-vector2d,rows=3 cols=256,zipf,2.0,1000000,1000000,0.09866338802998109,0.009262941961244385
frequency,cms-fastpath-vector2d,rows=3 cols=256,zipf,2.0,1000000,1778279,0.0916998018892669,0.0011470808098884612
frequency,cms-fastpath-vector2d,rows=3 cols=256,zipf,2.0,1000000,3162278,0.09532659216049057,0.000787477417570368
frequency,cms-fastpath-vector2d,rows=3 cols=256,zipf,2.0,1000000,5623413,0.09374600777529818,0.0018095462547275606
frequency,cms-fastpath-vector2d,rows=3 cols=256,zipf,2.0,1000000,10000000,0.09409775257973245,0.0023743031147885826
frequency,cms-fastpath-vector2d,rows=3 cols=256,zipf,2.0,1000000,17782794,0.09405264661742953,0.0025726601411587904
frequency,cms-fastpath-vector2d,rows=3 cols=256,zipf,2.0,1000000,31622777,0.0918307180345278,0.0008058754047838739
frequency,cms-fastpath-vector2d,rows=3 cols=256,zipf,2.0,1000000,56234133,0.09197172883908165,0.0002135439377070005
frequency,cms-fastpath-vector2d,rows=3 cols=256,zipf,2.0,1000000,100000000,0.09243597508773203,0.00046524434305618206
frequency,cms-fastpath-vector2d,rows=3 cols=1024,zipf,0.0,10,1000,0.0,0.0
frequency,cms-fastpath-vector2d,rows=3 cols=1024,zipf,0.0,10,1778,0.0,0.0
frequency,cms-fastpath-vector2d,rows=3 cols=1024,zipf,0.0,10,3162,0.0,0.0
frequency,cms-fastpath-vector2d,rows=3 cols=1024,zipf,0.0,10,5623,0.0,0.0
frequency,cms-fastpath-vector2d,rows=3 cols=1024,zipf,0.0,10,10000,0.0,0.0
frequency,cms-fastpath-vector2d,rows=3 cols=1024,zipf,0.0,10,17783,0.0,0.0
frequency,cms-fastpath-vector2d,rows=3 cols=1024,zipf,0.0,10,31623,0.0,0.0
frequency,cms-fastpath-vector2d,rows=3 cols=1024,zipf,0.0,10,56234,0.0,0.0
frequency,cms-fastpath-vector2d,rows=3 cols=1024,zipf,0.0,10,100000,0.0,0.0
frequency,cms-fastpath-vector2d,rows=3 cols=1024,zipf,0.0,10,177828,0.0,0.0
frequency,cms-fastpath-vector2d,rows=3 cols=1024,zipf,0.0,10,316228,0.0,0.0
frequency,cms-fastpath-vector2d,rows=3 cols=1024,zipf,0.0,10,562341,0.0,0.0
frequency,cms-fastpath-vector2d,rows=3 cols=1024,zipf,0.0,10,1000000,0.0,0.0
frequency,cms-fastpath-vector2d,rows=3 cols=1024,zipf,0.0,10,1778279,0.0,0.0
frequency,cms-fastpath-vector2d,rows=3 cols=1024,zipf,0.0,10,3162278,0.0,0.0
frequency,cms-fastpath-vector2d,rows=3 cols=1024,zipf,0.0,10,5623413,0.0,0.0
frequency,cms-fastpath-vector2d,rows=3 cols=1024,zipf,0.0,10,10000000,0.0,0.0
frequency,cms-fastpath-vector2d,rows=3 cols=1024,zipf,0.0,10,17782794,0.0,0.0
frequency,cms-fastpath-vector2d,rows=3 cols=1024,zipf,0.0,10,31622777,0.0,0.0
frequency,cms-fastpath-vector2d,rows=3 cols=1024,zipf,0.0,10,56234133,0.0,0.0
frequency,cms-fastpath-vector2d,rows=3 cols=1024,zipf,0.0,10,100000000,0.0,0.0
frequency,cms-fastpath-vector2d,rows=3 cols=1024,zipf,0.0,100,1000,0.0,0.0
frequency,cms-fastpath-vector2d,rows=3 cols=1024,zipf,0.0,100,1778,0.0,0.0
frequency,cms-fastpath-vector2d,rows=3 cols=1024,zipf,0.0,100,3162,0.0,0.0
frequency,cms-fastpath-vector2d,rows=3 cols=1024,zipf,0.0,100,5623,0.0,0.0
frequency,cms-fastpath-vector2d,rows=3 cols=1024,zipf,0.0,100,10000,0.0,0.0
frequency,cms-fastpath-vector2d,rows=3 cols=1024,zipf,0.0,100,17783,0.0,0.0
frequency,cms-fastpath-vector2d,rows=3 cols=1024,zipf,0.0,100,31623,0.0,0.0
frequency,cms-fastpath-vector2d,rows=3 cols=1024,zipf,0.0,100,56234,0.0,0.0
frequency,cms-fastpath-vector2d,rows=3 cols=1024,zipf,0.0,100,100000,0.0,0.0
frequency,cms-fastpath-vector2d,rows=3 cols=1024,zipf,0.0,100,177828,0.0,0.0
frequency,cms-fastpath-vector2d,rows=3 cols=1024,zipf,0.0,100,316228,0.0,0.0
frequency,cms-fastpath-vector2d,rows=3 cols=1024,zipf,0.0,100,562341,0.0,0.0
frequency,cms-fastpath-vector2d,rows=3 cols=1024,zipf,0.0,100,1000000,0.0,0.0
frequency,cms-fastpath-vector2d,rows=3 cols=1024,zipf,0.0,100,1778279,0.0,0.0
frequency,cms-fastpath-vector2d,rows=3 cols=1024,zipf,0.0,100,3162278,0.0,0.0
frequency,cms-fastpath-vector2d,rows=3 cols=1024,zipf,0.0,100,5623413,0.0,0.0
frequency,cms-fastpath-vector2d,rows=3 cols=1024,zipf,0.0,100,10000000,0.0,0.0
frequency,cms-fastpath-vector2d,rows=3 cols=1024,zipf,0.0,100,17782794,0.0,0.0
frequency,cms-fastpath-vector2d,rows=3 cols=1024,zipf,0.0,100,31622777,0.0,0.0
frequency,cms-fastpath-vector2d,rows=3 cols=1024,zipf,0.0,100,56234133,0.0,0.0
frequency,cms-fastpath-vector2d,rows=3 cols=1024,zipf,0.0,100,100000000,0.0,0.0
frequency,cms-fastpath-vector2d,rows=3 cols=1024,zipf,0.0,10000,1000,0.16833333333333333,0.015898986690282432
frequency,cms-fastpath-vector2d,rows=3 cols=1024,zipf,0.0,10000,1778,0.3138888888888889,0.022553092366871585
frequency,cms-fastpath-vector2d,rows=3 cols=1024,zipf,0.0,10000,3162,0.6283888888888888,0.03374088811611508
frequency,cms-fastpath-vector2d,rows=3 cols=1024,zipf,0.0,10000,5623,0.9824444444444446,0.04295177456487229
frequency,cms-fastpath-vector2d,rows=3 cols=1024,zipf,0.0,10000,10000,1.4280873015873015,0.04466807612198448
frequency,cms-fastpath-vector2d,rows=3 cols=1024,zipf,0.0,10000,17783,1.9165119047619052,0.044031943859872365
frequency,cms-fastpath-vector2d,rows=3 cols=1024,zipf,0.0,10000,31623,2.443669645169645,0.04692060453882683
frequency,cms-fastpath-vector2d,rows=3 cols=1024,zipf,0.0,10000,56234,3.1161559380162323,0.05111472285064693
frequency,cms-fastpath-vector2d,rows=3 cols=1024,zipf,0.0,10000,100000,3.7473161244594877,0.08187986720176386
frequency,cms-fastpath-vector2d,rows=3 cols=1024,zipf,0.0,10000,177828,4.281627524286701,0.04121320145005802
frequency,cms-fastpath-vector2d,rows=3 cols=1024,zipf,0.0,10000,316228,4.879700196135644,0.08035200750196153
frequency,cms-fastpath-vector2d,rows=3 cols=1024,zipf,0.0,10000,562341,5.210476626779762,0.18945605784366487
frequency,cms-fastpath-vector2d,rows=3 cols=1024,zipf,0.0,10000,1000000,5.537103263460448,0.1253954913436169
frequency,cms-fastpath-vector2d,rows=3 cols=1024,zipf,0.0,10000,1778279,5.857750447369267,0.1852657574650018
frequency,cms-fastpath-vector2d,rows=3 cols=1024,zipf,0.0,10000,3162278,6.0511948630246595,0.10417805016736995
frequency,cms-fastpath-vector2d,rows=3 cols=1024,zipf,0.0,10000,5623413,6.474227832979369,0.035933445651381644
frequency,cms-fastpath-vector2d,rows=3 cols=1024,zipf,0.0,10000,10000000,6.7170511477950114,0.04292832344934971
frequency,cms-fastpath-vector2d,rows=3 cols=1024,zipf,0.0,10000,17782794,6.871861416629298,0.047817623866781955
frequency,cms-fastpath-vector2d,rows=3 cols=1024,zipf,0.0,10000,31622777,6.871098528240288,0.13112814153674088
frequency,cms-fastpath-vector2d,rows=3 cols=1024,zipf,0.0,10000,56234133,7.001728061153568,0.16957535608871813
frequency,cms-fastpath-vector2d,rows=3 cols=1024,zipf,0.0,10000,100000000,7.163256781349126,0.13154729901290965
frequency,cms-fastpath-vector2d,rows=3 cols=1024,zipf,0.0,1000000,1000,0.24,0.015275252316519472
frequency,cms-fastpath-vector2d,rows=3 cols=1024,zipf,0.0,1000000,1778,0.6633333333333333,0.03086709862908689
frequency,cms-fastpath-vector2d,rows=3 cols=1024,zipf,0.0,1000000,3162,1.6166666666666665,0.08192137151629672
frequency,cms-fastpath-vector2d,rows=3 cols=1024,zipf,0.0,1000000,5623,3.3800000000000003,0.05965176722724429
frequency,cms-fastpath-vector2d,rows=3 cols=1024,zipf,0.0,1000000,10000,5.658333333333334,0.21233490318624298
frequency,cms-fastpath-vector2d,rows=3 cols=1024,zipf,0.0,1000000,17783,6.833888888888889,0.10410257287412406
frequency,cms-fastpath-vector2d,rows=3 cols=1024,zipf,0.0,1000000,31623,12.879444444444445,0.10011259093739147
frequency,cms-fastpath-vector2d,rows=3 cols=1024,zipf,0.0,1000000,56234,22.10722222222222,0.026550673656330705
frequency,cms-fastpath-vector2d,rows=3 cols=1024,zipf,0.0,1000000,100000,29.31127777777778,0.13906221407239241
frequency,cms-fastpath-vector2d,rows=3 cols=1024,zipf,0.0,1000000,177828,48.39438888888889,0.33847950226976997
frequency,cms-fastpath-vector2d,rows=3 cols=1024,zipf,0.0,1000000,316228,69.39049999999999,0.3407403839571392
frequency,cms-fastpath-vector2d,rows=3 cols=1024,zipf,0.0,1000000,562341,99.33677777777775,0.42114538448171085
frequency,cms-fastpath-vector2d,rows=3 cols=1024,zipf,0.0,1000000,1000000,134.60251322751324,1.3196912120723137
frequency,cms-fastpath-vector2d,rows=3 cols=1024,zipf,0.0,1000000,1778279,185.0777946127946,1.8075595074952573
frequency,cms-fastpath-vector2d,rows=3 cols=1024,zipf,0.0,1000000,3162278,243.1818931623931,0.47803375232892487
frequency,cms-fastpath-vector2d,rows=3 cols=1024,zipf,0.0,1000000,5623413,312.72830836486634,0.5416281145179889
frequency,cms-fastpath-vector2d,rows=3 cols=1024,zipf,0.0,1000000,10000000,385.72055554198886,0.7041907639134205
frequency,cms-fastpath-vector2d,rows=3 cols=1024,zipf,0.0,1000000,17782794,458.528772800474,1.7345859172487499
frequency,cms-fastpath-vector2d,rows=3 cols=1024,zipf,0.0,1000000,31622777,536.3772079444136,2.1807558374179603
frequency,cms-fastpath-vector2d,rows=3 cols=1024,zipf,0.0,1000000,56234133,603.8236826079525,2.875006060054829
frequency,cms-fastpath-vector2d,rows=3 cols=1024,zipf,0.0,1000000,100000000,667.8582462739704,1.1206540104350962
frequency,cms-fastpath-vector2d,rows=3 cols=1024,zipf,0.5,10,1000,0.0,0.0
frequency,cms-fastpath-vector2d,rows=3 cols=1024,zipf,0.5,10,1778,0.0,0.0
frequency,cms-fastpath-vector2d,rows=3 cols=1024,zipf,0.5,10,3162,0.0,0.0
frequency,cms-fastpath-vector2d,rows=3 cols=1024,zipf,0.5,10,5623,0.0,0.0
frequency,cms-fastpath-vector2d,rows=3 cols=1024,zipf,0.5,10,10000,0.0,0.0
frequency,cms-fastpath-vector2d,rows=3 cols=1024,zipf,0.5,10,17783,0.0,0.0
frequency,cms-fastpath-vector2d,rows=3 cols=1024,zipf,0.5,10,31623,0.0,0.0
frequency,cms-fastpath-vector2d,rows=3 cols=1024,zipf,0.5,10,56234,0.0,0.0
frequency,cms-fastpath-vector2d,rows=3 cols=1024,zipf,0.5,10,100000,0.0,0.0
frequency,cms-fastpath-vector2d,rows=3 cols=1024,zipf,0.5,10,177828,0.0,0.0
frequency,cms-fastpath-vector2d,rows=3 cols=1024,zipf,0.5,10,316228,0.0,0.0
frequency,cms-fastpath-vector2d,rows=3 cols=1024,zipf,0.5,10,562341,0.0,0.0
frequency,cms-fastpath-vector2d,rows=3 cols=1024,zipf,0.5,10,1000000,0.0,0.0
frequency,cms-fastpath-vector2d,rows=3 cols=1024,zipf,0.5,10,1778279,0.0,0.0
frequency,cms-fastpath-vector2d,rows=3 cols=1024,zipf,0.5,10,3162278,0.0,0.0
frequency,cms-fastpath-vector2d,rows=3 cols=1024,zipf,0.5,10,5623413,0.0,0.0
frequency,cms-fastpath-vector2d,rows=3 cols=1024,zipf,0.5,10,10000000,0.0,0.0
frequency,cms-fastpath-vector2d,rows=3 cols=1024,zipf,0.5,10,17782794,0.0,0.0
frequency,cms-fastpath-vector2d,rows=3 cols=1024,zipf,0.5,10,31622777,0.0,0.0
frequency,cms-fastpath-vector2d,rows=3 cols=1024,zipf,0.5,10,56234133,0.0,0.0
frequency,cms-fastpath-vector2d,rows=3 cols=1024,zipf,0.5,10,100000000,0.0,0.0
frequency,cms-fastpath-vector2d,rows=3 cols=1024,zipf,0.5,100,1000,0.0,0.0
frequency,cms-fastpath-vector2d,rows=3 cols=1024,zipf,0.5,100,1778,0.0,0.0
frequency,cms-fastpath-vector2d,rows=3 cols=1024,zipf,0.5,100,3162,0.0,0.0
frequency,cms-fastpath-vector2d,rows=3 cols=1024,zipf,0.5,100,5623,0.0,0.0
frequency,cms-fastpath-vector2d,rows=3 cols=1024,zipf,0.5,100,10000,0.0,0.0
frequency,cms-fastpath-vector2d,rows=3 cols=1024,zipf,0.5,100,17783,0.0,0.0
frequency,cms-fastpath-vector2d,rows=3 cols=1024,zipf,0.5,100,31623,0.0,0.0
frequency,cms-fastpath-vector2d,rows=3 cols=1024,zipf,0.5,100,56234,0.0,0.0
frequency,cms-fastpath-vector2d,rows=3 cols=1024,zipf,0.5,100,100000,0.0,0.0
frequency,cms-fastpath-vector2d,rows=3 cols=1024,zipf,0.5,100,177828,0.0,0.0
frequency,cms-fastpath-vector2d,rows=3 cols=1024,zipf,0.5,100,316228,0.0,0.0
frequency,cms-fastpath-vector2d,rows=3 cols=1024,zipf,0.5,100,562341,0.0,0.0
frequency,cms-fastpath-vector2d,rows=3 cols=1024,zipf,0.5,100,1000000,0.0,0.0
frequency,cms-fastpath-vector2d,rows=3 cols=1024,zipf,0.5,100,1778279,0.0,0.0
frequency,cms-fastpath-vector2d,rows=3 cols=1024,zipf,0.5,100,3162278,0.0,0.0
frequency,cms-fastpath-vector2d,rows=3 cols=1024,zipf,0.5,100,5623413,0.0,0.0
frequency,cms-fastpath-vector2d,rows=3 cols=1024,zipf,0.5,100,10000000,0.0,0.0
frequency,cms-fastpath-vector2d,rows=3 cols=1024,zipf,0.5,100,17782794,0.0,0.0
frequency,cms-fastpath-vector2d,rows=3 cols=1024,zipf,0.5,100,31622777,0.0,0.0
frequency,cms-fastpath-vector2d,rows=3 cols=1024,zipf,0.5,100,56234133,0.0,0.0
frequency,cms-fastpath-vector2d,rows=3 cols=1024,zipf,0.5,100,100000000,0.0,0.0
frequency,cms-fastpath-vector2d,rows=3 cols=1024,zipf,0.5,10000,1000,0.1397222222222222,0.006279252530809619
frequency,cms-fastpath-vector2d,rows=3 cols=1024,zipf,0.5,10000,1778,0.2524444444444444,0.0037531879453454402
frequency,cms-fastpath-vector2d,rows=3 cols=1024,zipf,0.5,10000,3162,0.3732430162430162,0.002054284210659973
frequency,cms-fastpath-vector2d,rows=3 cols=1024,zipf,0.5,10000,5623,0.5317885257444082,0.04077882562041297
frequency,cms-fastpath-vector2d,rows=3 cols=1024,zipf,0.5,10000,10000,0.6903991148369016,0.023167525558422705
frequency,cms-fastpath-vector2d,rows=3 cols=1024,zipf,0.5,10000,17783,0.7438801607158857,0.03169719869726176
frequency,cms-fastpath-vector2d,rows=3 cols=1024,zipf,0.5,10000,31623,0.7574066455560109,0.022884518012430594
frequency,cms-fastpath-vector2d,rows=3 cols=1024,zipf,0.5,10000,56234,0.8000624478642817,0.010566592607539298
frequency,cms-fastpath-vector2d,rows=3 cols=1024,zipf,0.5,10000,100000,0.8336186829634276,0.0034607267581140285
frequency,cms-fastpath-vector2d,rows=3 cols=1024,zipf,0.5,10000,177828,0.8127581478643515,0.012873930674156124
frequency,cms-fastpath-vector2d,rows=3 cols=1024,zipf,0.5,10000,316228,0.8261549177904118,0.00714498217100378
frequency,cms-fastpath-vector2d,rows=3 cols=1024,zipf,0.5,10000,562341,0.8342620209907,0.006713936875942535
frequency,cms-fastpath-vector2d,rows=3 cols=1024,zipf,0.5,10000,1000000,0.8478885475114816,0.004190654329923941
frequency,cms-fastpath-vector2d,rows=3 cols=1024,zipf,0.5,10000,1778279,0.8595893762344146,0.0014934087445898265
frequency,cms-fastpath-vector2d,rows=3 cols=1024,zipf,0.5,10000,3162278,0.8618770222043004,0.0036534261859191533
frequency,cms-fastpath-vector2d,rows=3 cols=1024,zipf,0.5,10000,5623413,0.8633656945410455,0.003851132516620587
frequency,cms-fastpath-vector2d,rows=3 cols=1024,zipf,0.5,10000,10000000,0.8612859418084176,0.0050804980528858495
frequency,cms-fastpath-vector2d,rows=3 cols=1024,zipf,0.5,10000,17782794,0.8595461816999465,0.0017656090060693588
frequency,cms-fastpath-vector2d,rows=3 cols=1024,zipf,0.5,10000,31622777,0.8629637256298338,0.004842897013998375
frequency,cms-fastpath-vector2d,rows=3 cols=1024,zipf,0.5,10000,56234133,0.8595945622935509,0.0017873405743858211
frequency,cms-fastpath-vector2d,rows=3 cols=1024,zipf,0.5,10000,100000000,0.8578380244346532,0.002014750370461907
frequency,cms-fastpath-vector2d,rows=3 cols=1024,zipf,0.5,1000000,1000,0.22833333333333336,0.02420973174388992
frequency,cms-fastpath-vector2d,rows=3 cols=1024,zipf,0.5,1000000,1778,0.6261111111111111,0.08930976748318872
frequency,cms-fastpath-vector2d,rows=3 cols=1024,zipf,0.5,1000000,3162,1.555,0.10563301251660548
frequency,cms-fastpath-vector2d,rows=3 cols=1024,zipf,0.5,1000000,5623,2.789444444444444,0.13137567469373682
frequency,cms-fastpath-vector2d,rows=3 cols=1024,zipf,0.5,1000000,10000,3.431710317460317,0.04593965216282677
frequency,cms-fastpath-vector2d,rows=3 cols=1024,zipf,0.5,1000000,17783,5.761450142450141,0.14079848242976165
frequency,cms-fastpath-vector2d,rows=3 cols=1024,zipf,0.5,1000000,31623,7.349010758848995,0.08462951408380227
frequency,cms-fastpath-vector2d,rows=3 cols=1024,zipf,0.5,1000000,56234,9.039723457169002,0.1613684849043983
frequency,cms-fastpath-vector2d,rows=3 cols=1024,zipf,0.5,1000000,100000,10.30770649883893,0.053592231703316534
frequency,cms-fastpath-vector2d,rows=3 cols=1024,zipf,0.5,1000000,177828,10.920672777166464,0.023766899749144182
frequency,cms-fastpath-vector2d,rows=3 cols=1024,zipf,0.5,1000000,316228,11.620923446285147,0.07211004681716725
frequency,cms-fastpath-vector2d,rows=3 cols=1024,zipf,0.5,1000000,562341,11.986350227076349,0.036912942526387736
frequency,cms-fastpath-vector2d,rows=3 cols=1024,zipf,0.5,1000000,1000000,12.226766944047897,0.0623868575758621
frequency,cms-fastpath-vector2d,rows=3 cols=1024,zipf,0.5,1000000,1778279,12.369661980381624,0.05080100744395409
frequency,cms-fastpath-vector2d,rows=3 cols=1024,zipf,0.5,1000000,3162278,12.49457144864571,0.07210767775022556
frequency,cms-fastpath-vector2d,rows=3 cols=1024,zipf,0.5,1000000,5623413,12.56026623649086,0.049969692331954564
frequency,cms-fastpath-vector2d,rows=3 cols=1024,zipf,0.5,1000000,10000000,12.50871276066797,0.02634000697294653
frequency,cms-fastpath-vector2d,rows=3 cols=1024,zipf,0.5,1000000,17782794,12.506112834928198,0.018272764114653207
frequency,cms-fastpath-vector2d,rows=3 cols=1024,zipf,0.5,1000000,31622777,12.532017503601551,0.007585438661744706
frequency,cms-fastpath-vector2d,rows=3 cols=1024,zipf,0.5,1000000,56234133,12.526292684806592,0.008900077339907825
frequency,cms-fastpath-vector2d,rows=3 cols=1024,zipf,0.5,1000000,100000000,12.521812676983307,0.004841514275463427
frequency,cms-fastpath-vector2d,rows=3 cols=1024,zipf,1.0,10,1000,0.0,0.0
frequency,cms-fastpath-vector2d,rows=3 cols=1024,zipf,1.0,10,1778,0.0,0.0
frequency,cms-fastpath-vector2d,rows=3 cols=1024,zipf,1.0,10,3162,0.0,0.0
frequency,cms-fastpath-vector2d,rows=3 cols=1024,zipf,1.0,10,5623,0.0,0.0
frequency,cms-fastpath-vector2d,rows=3 cols=1024,zipf,1.0,10,10000,0.0,0.0
frequency,cms-fastpath-vector2d,rows=3 cols=1024,zipf,1.0,10,17783,0.0,0.0
frequency,cms-fastpath-vector2d,rows=3 cols=1024,zipf,1.0,10,31623,0.0,0.0
frequency,cms-fastpath-vector2d,rows=3 cols=1024,zipf,1.0,10,56234,0.0,0.0
frequency,cms-fastpath-vector2d,rows=3 cols=1024,zipf,1.0,10,100000,0.0,0.0
frequency,cms-fastpath-vector2d,rows=3 cols=1024,zipf,1.0,10,177828,0.0,0.0
frequency,cms-fastpath-vector2d,rows=3 cols=1024,zipf,1.0,10,316228,0.0,0.0
frequency,cms-fastpath-vector2d,rows=3 cols=1024,zipf,1.0,10,562341,0.0,0.0
frequency,cms-fastpath-vector2d,rows=3 cols=1024,zipf,1.0,10,1000000,0.0,0.0
frequency,cms-fastpath-vector2d,rows=3 cols=1024,zipf,1.0,10,1778279,0.0,0.0
frequency,cms-fastpath-vector2d,rows=3 cols=1024,zipf,1.0,10,3162278,0.0,0.0
frequency,cms-fastpath-vector2d,rows=3 cols=1024,zipf,1.0,10,5623413,0.0,0.0
frequency,cms-fastpath-vector2d,rows=3 cols=1024,zipf,1.0,10,10000000,0.0,0.0
frequency,cms-fastpath-vector2d,rows=3 cols=1024,zipf,1.0,10,17782794,0.0,0.0
frequency,cms-fastpath-vector2d,rows=3 cols=1024,zipf,1.0,10,31622777,0.0,0.0
frequency,cms-fastpath-vector2d,rows=3 cols=1024,zipf,1.0,10,56234133,0.0,0.0
frequency,cms-fastpath-vector2d,rows=3 cols=1024,zipf,1.0,10,100000000,0.0,0.0
frequency,cms-fastpath-vector2d,rows=3 cols=1024,zipf,1.0,100,1000,0.0,0.0
frequency,cms-fastpath-vector2d,rows=3 cols=1024,zipf,1.0,100,1778,0.0,0.0
frequency,cms-fastpath-vector2d,rows=3 cols=1024,zipf,1.0,100,3162,0.0,0.0
frequency,cms-fastpath-vector2d,rows=3 cols=1024,zipf,1.0,100,5623,0.0,0.0
frequency,cms-fastpath-vector2d,rows=3 cols=1024,zipf,1.0,100,10000,0.0,0.0
frequency,cms-fastpath-vector2d,rows=3 cols=1024,zipf,1.0,100,17783,0.0,0.0
frequency,cms-fastpath-vector2d,rows=3 cols=1024,zipf,1.0,100,31623,0.0,0.0
frequency,cms-fastpath-vector2d,rows=3 cols=1024,zipf,1.0,100,56234,0.0,0.0
frequency,cms-fastpath-vector2d,rows=3 cols=1024,zipf,1.0,100,100000,0.0,0.0
frequency,cms-fastpath-vector2d,rows=3 cols=1024,zipf,1.0,100,177828,0.0,0.0
frequency,cms-fastpath-vector2d,rows=3 cols=1024,zipf,1.0,100,316228,0.0,0.0
frequency,cms-fastpath-vector2d,rows=3 cols=1024,zipf,1.0,100,562341,0.0,0.0
frequency,cms-fastpath-vector2d,rows=3 cols=1024,zipf,1.0,100,1000000,0.0,0.0
frequency,cms-fastpath-vector2d,rows=3 cols=1024,zipf,1.0,100,1778279,0.0,0.0
frequency,cms-fastpath-vector2d,rows=3 cols=1024,zipf,1.0,100,3162278,0.0,0.0
frequency,cms-fastpath-vector2d,rows=3 cols=1024,zipf,1.0,100,5623413,0.0,0.0
frequency,cms-fastpath-vector2d,rows=3 cols=1024,zipf,1.0,100,10000000,0.0,0.0
frequency,cms-fastpath-vector2d,rows=3 cols=1024,zipf,1.0,100,17782794,0.0,0.0
frequency,cms-fastpath-vector2d,rows=3 cols=1024,zipf,1.0,100,31622777,0.0,0.0
frequency,cms-fastpath-vector2d,rows=3 cols=1024,zipf,1.0,100,56234133,0.0,0.0
frequency,cms-fastpath-vector2d,rows=3 cols=1024,zipf,1.0,100,100000000,0.0,0.0
frequency,cms-fastpath-vector2d,rows=3 cols=1024,zipf,1.0,10000,1000,0.01576470588235294,0.0066727360876018505
frequency,cms-fastpath-vector2d,rows=3 cols=1024,zipf,1.0,10000,1778,0.037068351426410774,0.006520307525145041
frequency,cms-fastpath-vector2d,rows=3 cols=1024,zipf,1.0,10000,3162,0.06064625735230291,0.003435716125103212
frequency,cms-fastpath-vector2d,rows=3 cols=1024,zipf,1.0,10000,5623,0.08560512660135655,0.005303758475693217
frequency,cms-fastpath-vector2d,rows=3 cols=1024,zipf,1.0,10000,10000,0.09499534588051213,0.005303672803450804
frequency,cms-fastpath-vector2d,rows=3 cols=1024,zipf,1.0,10000,17783,0.11005973751180387,0.0035075635337435663
frequency,cms-fastpath-vector2d,rows=3 cols=1024,zipf,1.0,10000,31623,0.11949624572539452,0.0012658680890080879
frequency,cms-fastpath-vector2d,rows=3 cols=1024,zipf,1.0,10000,56234,0.11667875490583816,0.0019038626594973088
frequency,cms-fastpath-vector2d,rows=3 cols=1024,zipf,1.0,10000,100000,0.12049310291738358,0.00349914356405415
frequency,cms-fastpath-vector2d,rows=3 cols=1024,zipf,1.0,10000,177828,0.11934980228387991,0.0022385807830200867
frequency,cms-fastpath-vector2d,rows=3 cols=1024,zipf,1.0,10000,316228,0.1220646338282747,0.002038850637348709
frequency,cms-fastpath-vector2d,rows=3 cols=1024,zipf,1.0,10000,562341,0.12147632558217773,0.001229060326712079
frequency,cms-fastpath-vector2d,rows=3 cols=1024,zipf,1.0,10000,1000000,0.12329238656416915,0.0011631838332854848
frequency,cms-fastpath-vector2d,rows=3 cols=1024,zipf,1.0,10000,1778279,0.12217285210661118,0.0008144650037296546
frequency,cms-fastpath-vector2d,rows=3 cols=1024,zipf,1.0,10000,3162278,0.12174014836481013,0.0006496330168262305
frequency,cms-fastpath-vector2d,rows=3 cols=1024,zipf,1.0,10000,5623413,0.12253649892364034,0.0006685353965363054
frequency,cms-fastpath-vector2d,rows=3 cols=1024,zipf,1.0,10000,10000000,0.12169825416459125,0.0003395974892078275
frequency,cms-fastpath-vector2d,rows=3 cols=1024,zipf,1.0,10000,17782794,0.1217131348168653,0.0004359647662004743
frequency,cms-fastpath-vector2d,rows=3 cols=1024,zipf,1.0,10000,31622777,0.12229936185148717,5.6633765197334584e-05
frequency,cms-fastpath-vector2d,rows=3 cols=1024,zipf,1.0,10000,56234133,0.12217823060471955,9.085065608583333e-05
frequency,cms-fastpath-vector2d,rows=3 cols=1024,zipf,1.0,10000,100000000,0.12213456231603455,8.079058159766242e-05
frequency,cms-fastpath-vector2d,rows=3 cols=1024,zipf,1.0,1000000,1000,0.07123243715348979,0.004197078568816237
frequency,cms-fastpath-vector2d,rows=3 cols=1024,zipf,1.0,1000000,1778,0.1301803138284711,0.0028787102773780524
frequency,cms-fastpath-vector2d,rows=3 cols=1024,zipf,1.0,1000000,3162,0.1612801394855131,0.008872516962499103
frequency,cms-fastpath-vector2d,rows=3 cols=1024,zipf,1.0,1000000,5623,0.20620161213203078,0.011883071945469705
frequency,cms-fastpath-vector2d,rows=3 cols=1024,zipf,1.0,1000000,10000,0.2693035550023014,0.006957538850623806
frequency,cms-fastpath-vector2d,rows=3 cols=1024,zipf,1.0,1000000,17783,0.30500713955268227,0.009040262118710632
frequency,cms-fastpath-vector2d,rows=3 cols=1024,zipf,1.0,1000000,31623,0.315548452451518,0.005404478759326647
frequency,cms-fastpath-vector2d,rows=3 cols=1024,zipf,1.0,1000000,56234,0.32790090444022874,0.006078090335186873
frequency,cms-fastpath-vector2d,rows=3 cols=1024,zipf,1.0,1000000,100000,0.33799801276450275,0.003647391045462827
frequency,cms-fastpath-vector2d,rows=3 cols=1024,zipf,1.0,1000000,177828,0.3426457610659976,0.0007261013610276968
frequency,cms-fastpath-vector2d,rows=3 cols=1024,zipf,1.0,1000000,316228,0.34566706903556704,0.0009015114112387714
frequency,cms-fastpath-vector2d,rows=3 cols=1024,zipf,1.0,1000000,562341,0.3467390703401639,0.0010937314288268637
frequency,cms-fastpath-vector2d,rows=3 cols=1024,zipf,1.0,1000000,1000000,0.3471028818655082,0.002061731464196991
frequency,cms-fastpath-vector2d,rows=3 cols=1024,zipf,1.0,1000000,1778279,0.35006168575002555,0.0005958501924061716
frequency,cms-fastpath-vector2d,rows=3 cols=1024,zipf,1.0,1000000,3162278,0.3508282726248155,0.0006943565867749699
frequency,cms-fastpath-vector2d,rows=3 cols=1024,zipf,1.0,1000000,5623413,0.35152933567285544,0.0008252703737094226
frequency,cms-fastpath-vector2d,rows=3 cols=1024,zipf,1.0,1000000,10000000,0.3514587618940406,0.0009272897650803461
frequency,cms-fastpath-vector2d,rows=3 cols=1024,zipf,1.0,1000000,17782794,0.35121984168877124,0.00048634202697803364
frequency,cms-fastpath-vector2d,rows=3 cols=1024,zipf,1.0,1000000,31622777,0.3506872251764041,0.0001187956402951059
frequency,cms-fastpath-vector2d,rows=3 cols=1024,zipf,1.0,1000000,56234133,0.35077524828894385,0.00016376057894385785
frequency,cms-fastpath-vector2d,rows=3 cols=1024,zipf,1.0,1000000,100000000,0.3507318503725733,0.00018655636698211228
frequency,cms-fastpath-vector2d,rows=3 cols=1024,zipf,1.5,10,1000,0.0,0.0
frequency,cms-fastpath-vector2d,rows=3 cols=1024,zipf,1.5,10,1778,0.0,0.0
frequency,cms-fastpath-vector2d,rows=3 cols=1024,zipf,1.5,10,3162,0.0,0.0
frequency,cms-fastpath-vector2d,rows=3 cols=1024,zipf,1.5,10,5623,0.0,0.0
frequency,cms-fastpath-vector2d,rows=3 cols=1024,zipf,1.5,10,10000,0.0,0.0
frequency,cms-fastpath-vector2d,rows=3 cols=1024,zipf,1.5,10,17783,0.0,0.0
frequency,cms-fastpath-vector2d,rows=3 cols=1024,zipf,1.5,10,31623,0.0,0.0
frequency,cms-fastpath-vector2d,rows=3 cols=1024,zipf,1.5,10,56234,0.0,0.0
frequency,cms-fastpath-vector2d,rows=3 cols=1024,zipf,1.5,10,100000,0.0,0.0
frequency,cms-fastpath-vector2d,rows=3 cols=1024,zipf,1.5,10,177828,0.0,0.0
frequency,cms-fastpath-vector2d,rows=3 cols=1024,zipf,1.5,10,316228,0.0,0.0
frequency,cms-fastpath-vector2d,rows=3 cols=1024,zipf,1.5,10,562341,0.0,0.0
frequency,cms-fastpath-vector2d,rows=3 cols=1024,zipf,1.5,10,1000000,0.0,0.0
frequency,cms-fastpath-vector2d,rows=3 cols=1024,zipf,1.5,10,1778279,0.0,0.0
frequency,cms-fastpath-vector2d,rows=3 cols=1024,zipf,1.5,10,3162278,0.0,0.0
frequency,cms-fastpath-vector2d,rows=3 cols=1024,zipf,1.5,10,5623413,0.0,0.0
frequency,cms-fastpath-vector2d,rows=3 cols=1024,zipf,1.5,10,10000000,0.0,0.0
frequency,cms-fastpath-vector2d,rows=3 cols=1024,zipf,1.5,10,17782794,0.0,0.0
frequency,cms-fastpath-vector2d,rows=3 cols=1024,zipf,1.5,10,31622777,0.0,0.0
frequency,cms-fastpath-vector2d,rows=3 cols=1024,zipf,1.5,10,56234133,0.0,0.0
frequency,cms-fastpath-vector2d,rows=3 cols=1024,zipf,1.5,10,100000000,0.0,0.0
frequency,cms-fastpath-vector2d,rows=3 cols=1024,zipf,1.5,100,1000,0.0,0.0
frequency,cms-fastpath-vector2d,rows=3 cols=1024,zipf,1.5,100,1778,0.0,0.0
frequency,cms-fastpath-vector2d,rows=3 cols=1024,zipf,1.5,100,3162,0.0,0.0
frequency,cms-fastpath-vector2d,rows=3 cols=1024,zipf,1.5,100,5623,0.0,0.0
frequency,cms-fastpath-vector2d,rows=3 cols=1024,zipf,1.5,100,10000,0.0,0.0
frequency,cms-fastpath-vector2d,rows=3 cols=1024,zipf,1.5,100,17783,0.0,0.0
frequency,cms-fastpath-vector2d,rows=3 cols=1024,zipf,1.5,100,31623,0.0,0.0
frequency,cms-fastpath-vector2d,rows=3 cols=1024,zipf,1.5,100,56234,0.0,0.0
frequency,cms-fastpath-vector2d,rows=3 cols=1024,zipf,1.5,100,100000,0.0,0.0
frequency,cms-fastpath-vector2d,rows=3 cols=1024,zipf,1.5,100,177828,0.0,0.0
frequency,cms-fastpath-vector2d,rows=3 cols=1024,zipf,1.5,100,316228,0.0,0.0
frequency,cms-fastpath-vector2d,rows=3 cols=1024,zipf,1.5,100,562341,0.0,0.0
frequency,cms-fastpath-vector2d,rows=3 cols=1024,zipf,1.5,100,1000000,0.0,0.0
frequency,cms-fastpath-vector2d,rows=3 cols=1024,zipf,1.5,100,1778279,0.0,0.0
frequency,cms-fastpath-vector2d,rows=3 cols=1024,zipf,1.5,100,3162278,0.0,0.0
frequency,cms-fastpath-vector2d,rows=3 cols=1024,zipf,1.5,100,5623413,0.0,0.0
frequency,cms-fastpath-vector2d,rows=3 cols=1024,zipf,1.5,100,10000000,0.0,0.0
frequency,cms-fastpath-vector2d,rows=3 cols=1024,zipf,1.5,100,17782794,0.0,0.0
frequency,cms-fastpath-vector2d,rows=3 cols=1024,zipf,1.5,100,31622777,0.0,0.0
frequency,cms-fastpath-vector2d,rows=3 cols=1024,zipf,1.5,100,56234133,0.0,0.0
frequency,cms-fastpath-vector2d,rows=3 cols=1024,zipf,1.5,100,100000000,0.0,0.0
frequency,cms-fastpath-vector2d,rows=3 cols=1024,zipf,1.5,10000,1000,0.0,0.0
frequency,cms-fastpath-vector2d,rows=3 cols=1024,zipf,1.5,10000,1778,0.00037037037037037035,0.0003703703703703704
frequency,cms-fastpath-vector2d,rows=3 cols=1024,zipf,1.5,10000,3162,0.00911752136752137,0.0060895145406017525
frequency,cms-fastpath-vector2d,rows=3 cols=1024,zipf,1.5,10000,5623,0.006085606473904346,0.003998186931817642
frequency,cms-fastpath-vector2d,rows=3 cols=1024,zipf,1.5,10000,10000,0.006407524132048796,0.002839796000933192
frequency,cms-fastpath-vector2d,rows=3 cols=1024,zipf,1.5,10000,17783,0.011845385618596724,0.0014551307240961836
frequency,cms-fastpath-vector2d,rows=3 cols=1024,zipf,1.5,10000,31623,0.014147751778144103,0.0014697277551865347
frequency,cms-fastpath-vector2d,rows=3 cols=1024,zipf,1.5,10000,56234,0.016731491084401865,0.0012539064880756074
frequency,cms-fastpath-vector2d,rows=3 cols=1024,zipf,1.5,10000,100000,0.01831443008544276,0.0010841883525862372
frequency,cms-fastpath-vector2d,rows=3 cols=1024,zipf,1.5,10000,177828,0.019424541193876748,0.00044377997128037193
frequency,cms-fastpath-vector2d,rows=3 cols=1024,zipf,1.5,10000,316228,0.020045290002518482,0.000527632445373386
frequency,cms-fastpath-vector2d,rows=3 cols=1024,zipf,1.5,10000,562341,0.020617811992642,0.0006043403045778667
frequency,cms-fastpath-vector2d,rows=3 cols=1024,zipf,1.5,10000,1000000,0.020659383157152964,0.00039399908378832705
frequency,cms-fastpath-vector2d,rows=3 cols=1024,zipf,1.5,10000,1778279,0.02102144603324278,0.00017384872670082955
frequency,cms-fastpath-vector2d,rows=3 cols=1024,zipf,1.5,10000,3162278,0.02136036710213603,0.00023248698024542716
frequency,cms-fastpath-vector2d,rows=3 cols=1024,zipf,1.5,10000,5623413,0.021411775110511327,0.00010568643595685047
frequency,cms-fastpath-vector2d,rows=3 cols=1024,zipf,1.5,10000,10000000,0.02140221227556567,9.632621804020366e-05
frequency,cms-fastpath-vector2d,rows=3 cols=1024,zipf,1.5,10000,17782794,0.02134296214691192,9.946547685173659e-05
frequency,cms-fastpath-vector2d,rows=3 cols=1024,zipf,1.5,10000,31622777,0.021148246054494058,8.922392076423434e-05
frequency,cms-fastpath-vector2d,rows=3 cols=1024,zipf,1.5,10000,56234133,0.021215390895427042,3.384935802983406e-05
frequency,cms-fastpath-vector2d,rows=3 cols=1024,zipf,1.5,10000,100000000,0.021189591322283017,3.132435188536786e-05
frequency,cms-fastpath-vector2d,rows=3 cols=1024,zipf,1.5,1000000,1000,0.0016666666666666668,0.0016666666666666668
frequency,cms-fastpath-vector2d,rows=3 cols=1024,zipf,1.5,1000000,1778,0.0016666666666666668,0.0016666666666666668
frequency,cms-fastpath-vector2d,rows=3 cols=1024,zipf,1.5,1000000,3162,0.007986111111111112,0.0053255332138994
frequency,cms-fastpath-vector2d,rows=3 cols=1024,zipf,1.5,1000000,5623,0.0055354497354497345,0.003157355438978451
frequency,cms-fastpath-vector2d,rows=3 cols=1024,zipf,1.5,1000000,10000,0.01175742733573941,0.001970132124385197
frequency,cms-fastpath-vector2d,rows=3 cols=1024,zipf,1.5,1000000,17783,0.016101653047552344,0.0028385788155973705
frequency,cms-fastpath-vector2d,rows=3 cols=1024,zipf,1.5,1000000,31623,0.01898290084161117,0.001966879790285706
frequency,cms-fastpath-vector2d,rows=3 cols=1024,zipf,1.5,1000000,56234,0.020619652589015384,0.0031658049308899284
frequency,cms-fastpath-vector2d,rows=3 cols=1024,zipf,1.5,1000000,100000,0.023981876766033337,0.0023462600130631137
frequency,cms-fastpath-vector2d,rows=3 cols=1024,zipf,1.5,1000000,177828,0.026761773682202127,0.001491140531187515
frequency,cms-fastpath-vector2d,rows=3 cols=1024,zipf,1.5,1000000,316228,0.02748840683997679,0.0009920954983804586
frequency,cms-fastpath-vector2d,rows=3 cols=1024,zipf,1.5,1000000,562341,0.028511542516954962,0.0004918358161753397
frequency,cms-fastpath-vector2d,rows=3 cols=1024,zipf,1.5,1000000,1000000,0.028548097016852306,0.0002082327474884479
frequency,cms-fastpath-vector2d,rows=3 cols=1024,zipf,1.5,1000000,1778279,0.02823099077616538,0.0002071339068566911
frequency,cms-fastpath-vector2d,rows=3 cols=1024,zipf,1.5,1000000,3162278,0.028555837202974152,0.0002694919971730026
frequency,cms-fastpath-vector2d,rows=3 cols=1024,zipf,1.5,1000000,5623413,0.028364155300473107,0.00018543312607839914
frequency,cms-fastpath-vector2d,rows=3 cols=1024,zipf,1.5,1000000,10000000,0.028447941646160674,6.842114898389984e-05
frequency,cms-fastpath-vector2d,rows=3 cols=1024,zipf,1.5,1000000,17782794,0.028460808820252276,1.2149915767165028e-05
frequency,cms-fastpath-vector2d,rows=3 cols=1024,zipf,1.5,1000000,31622777,0.028514947514356032,1.6935573398914226e-05
frequency,cms-fastpath-vector2d,rows=3 cols=1024,zipf,1.5,1000000,56234133,0.02851731830858772,5.621365976417513e-05
frequency,cms-fastpath-vector2d,rows=3 cols=1024,zipf,1.5,1000000,100000000,0.02852663174034833,4.081622519546882e-05
frequency,cms-fastpath-vector2d,rows=3 cols=1024,zipf,2.0,10,1000,0.0,0.0
frequency,cms-fastpath-vector2d,rows=3 cols=1024,zipf,2.0,10,1778,0.0,0.0
frequency,cms-fastpath-vector2d,rows=3 cols=1024,zipf,2.0,10,3162,0.0,0.0
frequency,cms-fastpath-vector2d,rows=3 cols=1024,zipf,2.0,10,5623,0.0,0.0
frequency,cms-fastpath-vector2d,rows=3 cols=1024,zipf,2.0,10,10000,0.0,0.0
frequency,cms-fastpath-vector2d,rows=3 cols=1024,zipf,2.0,10,17783,0.0,0.0
frequency,cms-fastpath-vector2d,rows=3 cols=1024,zipf,2.0,10,31623,0.0,0.0
frequency,cms-fastpath-vector2d,rows=3 cols=1024,zipf,2.0,10,56234,0.0,0.0
frequency,cms-fastpath-vector2d,rows=3 cols=1024,zipf,2.0,10,100000,0.0,0.0
frequency,cms-fastpath-vector2d,rows=3 cols=1024,zipf,2.0,10,177828,0.0,0.0
frequency,cms-fastpath-vector2d,rows=3 cols=1024,zipf,2.0,10,316228,0.0,0.0
frequency,cms-fastpath-vector2d,rows=3 cols=1024,zipf,2.0,10,562341,0.0,0.0
frequency,cms-fastpath-vector2d,rows=3 cols=1024,zipf,2.0,10,1000000,0.0,0.0
frequency,cms-fastpath-vector2d,rows=3 cols=1024,zipf,2.0,10,1778279,0.0,0.0
frequency,cms-fastpath-vector2d,rows=3 cols=1024,zipf,2.0,10,3162278,0.0,0.0
frequency,cms-fastpath-vector2d,rows=3 cols=1024,zipf,2.0,10,5623413,0.0,0.0
frequency,cms-fastpath-vector2d,rows=3 cols=1024,zipf,2.0,10,10000000,0.0,0.0
frequency,cms-fastpath-vector2d,rows=3 cols=1024,zipf,2.0,10,17782794,0.0,0.0
frequency,cms-fastpath-vector2d,rows=3 cols=1024,zipf,2.0,10,31622777,0.0,0.0
frequency,cms-fastpath-vector2d,rows=3 cols=1024,zipf,2.0,10,56234133,0.0,0.0
frequency,cms-fastpath-vector2d,rows=3 cols=1024,zipf,2.0,10,100000000,0.0,0.0
frequency,cms-fastpath-vector2d,rows=3 cols=1024,zipf,2.0,100,1000,0.0,0.0
frequency,cms-fastpath-vector2d,rows=3 cols=1024,zipf,2.0,100,1778,0.0,0.0
frequency,cms-fastpath-vector2d,rows=3 cols=1024,zipf,2.0,100,3162,0.0,0.0
frequency,cms-fastpath-vector2d,rows=3 cols=1024,zipf,2.0,100,5623,0.0,0.0
frequency,cms-fastpath-vector2d,rows=3 cols=1024,zipf,2.0,100,10000,0.0,0.0
frequency,cms-fastpath-vector2d,rows=3 cols=1024,zipf,2.0,100,17783,0.0,0.0
frequency,cms-fastpath-vector2d,rows=3 cols=1024,zipf,2.0,100,31623,0.0,0.0
frequency,cms-fastpath-vector2d,rows=3 cols=1024,zipf,2.0,100,56234,0.0,0.0
frequency,cms-fastpath-vector2d,rows=3 cols=1024,zipf,2.0,100,100000,0.0,0.0
frequency,cms-fastpath-vector2d,rows=3 cols=1024,zipf,2.0,100,177828,0.0,0.0
frequency,cms-fastpath-vector2d,rows=3 cols=1024,zipf,2.0,100,316228,0.0,0.0
frequency,cms-fastpath-vector2d,rows=3 cols=1024,zipf,2.0,100,562341,0.0,0.0
frequency,cms-fastpath-vector2d,rows=3 cols=1024,zipf,2.0,100,1000000,0.0,0.0
frequency,cms-fastpath-vector2d,rows=3 cols=1024,zipf,2.0,100,1778279,0.0,0.0
frequency,cms-fastpath-vector2d,rows=3 cols=1024,zipf,2.0,100,3162278,0.0,0.0
frequency,cms-fastpath-vector2d,rows=3 cols=1024,zipf,2.0,100,5623413,0.0,0.0
frequency,cms-fastpath-vector2d,rows=3 cols=1024,zipf,2.0,100,10000000,0.0,0.0
frequency,cms-fastpath-vector2d,rows=3 cols=1024,zipf,2.0,100,17782794,0.0,0.0
frequency,cms-fastpath-vector2d,rows=3 cols=1024,zipf,2.0,100,31622777,0.0,0.0
frequency,cms-fastpath-vector2d,rows=3 cols=1024,zipf,2.0,100,56234133,0.0,0.0
frequency,cms-fastpath-vector2d,rows=3 cols=1024,zipf,2.0,100,100000000,0.0,0.0
frequency,cms-fastpath-vector2d,rows=3 cols=1024,zipf,2.0,10000,1000,0.0,0.0
frequency,cms-fastpath-vector2d,rows=3 cols=1024,zipf,2.0,10000,1778,0.0,0.0
frequency,cms-fastpath-vector2d,rows=3 cols=1024,zipf,2.0,10000,3162,0.0,0.0
frequency,cms-fastpath-vector2d,rows=3 cols=1024,zipf,2.0,10000,5623,0.0,0.0
frequency,cms-fastpath-vector2d,rows=3 cols=1024,zipf,2.0,10000,10000,0.0,0.0
frequency,cms-fastpath-vector2d,rows=3 cols=1024,zipf,2.0,10000,17783,0.0023333333333333335,0.001452966314513558
frequency,cms-fastpath-vector2d,rows=3 cols=1024,zipf,2.0,10000,31623,0.0015277777777777779,0.0009722222222222222
frequency,cms-fastpath-vector2d,rows=3 cols=1024,zipf,2.0,10000,56234,0.00196969696969697,0.0015377108431957908
frequency,cms-fastpath-vector2d,rows=3 cols=1024,zipf,2.0,10000,100000,0.0009421381088047754,0.0004008270853475828
frequency,cms-fastpath-vector2d,rows=3 cols=1024,zipf,2.0,10000,177828,0.0014660645911204351,0.00019592884486334145
frequency,cms-fastpath-vector2d,rows=3 cols=1024,zipf,2.0,10000,316228,0.002168403230459123,0.0002712838857987803
frequency,cms-fastpath-vector2d,rows=3 cols=1024,zipf,2.0,10000,562341,0.0033349286066876025,0.00014520263361743387
frequency,cms-fastpath-vector2d,rows=3 cols=1024,zipf,2.0,10000,1000000,0.00346729631727948,0.00011412329677609937
frequency,cms-fastpath-vector2d,rows=3 cols=1024,zipf,2.0,10000,1778279,0.003952074224604373,4.822848898540931e-05
frequency,cms-fastpath-vector2d,rows=3 cols=1024,zipf,2.0,10000,3162278,0.004346907212909277,0.00021800276477571855
frequency,cms-fastpath-vector2d,rows=3 cols=1024,zipf,2.0,10000,5623413,0.0043507727777275665,6.522057349462173e-05
frequency,cms-fastpath-vector2d,rows=3 cols=1024,zipf,2.0,10000,10000000,0.004424183132358321,3.80132818952455e-05
frequency,cms-fastpath-vector2d,rows=3 cols=1024,zipf,2.0,10000,17782794,0.004458312337190203,6.71418095684158e-05
frequency,cms-fastpath-vector2d,rows=3 cols=1024,zipf,2.0,10000,31622777,0.004402992567537112,1.4563598795417573e-05
frequency,cms-fastpath-vector2d,rows=3 cols=1024,zipf,2.0,10000,56234133,0.004453185666662654,2.6446370089631447e-05
frequency,cms-fastpath-vector2d,rows=3 cols=1024,zipf,2.0,10000,100000000,0.0044842930269182735,4.0615505999812264e-05
frequency,cms-fastpath-vector2d,rows=3 cols=1024,zipf,2.0,1000000,1000,0.0,0.0
frequency,cms-fastpath-vector2d,rows=3 cols=1024,zipf,2.0,1000000,1778,0.0,0.0
frequency,cms-fastpath-vector2d,rows=3 cols=1024,zipf,2.0,1000000,3162,0.0,0.0
frequency,cms-fastpath-vector2d,rows=3 cols=1024,zipf,2.0,1000000,5623,0.0,0.0
frequency,cms-fastpath-vector2d,rows=3 cols=1024,zipf,2.0,1000000,10000,0.0,0.0
frequency,cms-fastpath-vector2d,rows=3 cols=1024,zipf,2.0,1000000,17783,0.0016666666666666668,0.0016666666666666668
frequency,cms-fastpath-vector2d,rows=3 cols=1024,zipf,2.0,1000000,31623,0.0033333333333333335,0.0033333333333333335
frequency,cms-fastpath-vector2d,rows=3 cols=1024,zipf,2.0,1000000,56234,0.00042034869301563817,0.0004167899799139745
frequency,cms-fastpath-vector2d,rows=3 cols=1024,zipf,2.0,1000000,100000,0.0008139604535250762,0.00048552306350793927
frequency,cms-fastpath-vector2d,rows=3 cols=1024,zipf,2.0,1000000,177828,0.0019257819334724746,0.00025120578610177103
frequency,cms-fastpath-vector2d,rows=3 cols=1024,zipf,2.0,1000000,316228,0.0023163642302596638,0.00016917967353463035
frequency,cms-fastpath-vector2d,rows=3 cols=1024,zipf,2.0,1000000,562341,0.0036781171967107443,0.0004044127237927449
frequency,cms-fastpath-vector2d,rows=3 cols=1024,zipf,2.0,1000000,1000000,0.004267718682001164,0.00024220126289772523
frequency,cms-fastpath-vector2d,rows=3 cols=1024,zipf,2.0,1000000,1778279,0.004353131623106505,2.3807821093983716e-05
frequency,cms-fastpath-vector2d,rows=3 cols=1024,zipf,2.0,1000000,3162278,0.0046355160191091,0.00018763934421032297
frequency,cms-fastpath-vector2d,rows=3 cols=1024,zipf,2.0,1000000,5623413,0.004642870981072294,0.00018114945937848368
frequency,cms-fastpath-vector2d,rows=3 cols=1024,zipf,2.0,1000000,10000000,0.004765342977832778,2.4602234709829567e-05
frequency,cms-fastpath-vector2d,rows=3 cols=1024,zipf,2.0,1000000,17782794,0.004791868053489675,3.0868636126566885e-05
frequency,cms-fastpath-vector2d,rows=3 cols=1024,zipf,2.0,1000000,31622777,0.004827281452733873,6.898841100898925e-05
frequency,cms-fastpath-vector2d,rows=3 cols=1024,zipf,2.0,1000000,56234133,0.0048615794247440745,2.903617740698151e-05
frequency,cms-fastpath-vector2d,rows=3 cols=1024,zipf,2.0,1000000,100000000,0.004839600401059073,1.543101186100177e-05
frequency,cms-fastpath-vector2d,rows=3 cols=4096,zipf,0.0,10,1000,0.0,0.0
frequency,cms-fastpath-vector2d,rows=3 cols=4096,zipf,0.0,10,1778,0.0,0.0
frequency,cms-fastpath-vector2d,rows=3 cols=4096,zipf,0.0,10,3162,0.0,0.0
frequency,cms-fastpath-vector2d,rows=3 cols=4096,zipf,0.0,10,5623,0.0,0.0
frequency,cms-fastpath-vector2d,rows=3 cols=4096,zipf,0.0,10,10000,0.0,0.0
frequency,cms-fastpath-vector2d,rows=3 cols=4096,zipf,0.0,10,17783,0.0,0.0
frequency,cms-fastpath-vector2d,rows=3 cols=4096,zipf,0.0,10,31623,0.0,0.0
frequency,cms-fastpath-vector2d,rows=3 cols=4096,zipf,0.0,10,56234,0.0,0.0
frequency,cms-fastpath-vector2d,rows=3 cols=4096,zipf,0.0,10,100000,0.0,0.0
frequency,cms-fastpath-vector2d,rows=3 cols=4096,zipf,0.0,10,177828,0.0,0.0
frequency,cms-fastpath-vector2d,rows=3 cols=4096,zipf,0.0,10,316228,0.0,0.0
frequency,cms-fastpath-vector2d,rows=3 cols=4096,zipf,0.0,10,562341,0.0,0.0
frequency,cms-fastpath-vector2d,rows=3 cols=4096,zipf,0.0,10,1000000,0.0,0.0
frequency,cms-fastpath-vector2d,rows=3 cols=4096,zipf,0.0,10,1778279,0.0,0.0
frequency,cms-fastpath-vector2d,rows=3 cols=4096,zipf,0.0,10,3162278,0.0,0.0
frequency,cms-fastpath-vector2d,rows=3 cols=4096,zipf,0.0,10,5623413,0.0,0.0
frequency,cms-fastpath-vector2d,rows=3 cols=4096,zipf,0.0,10,10000000,0.0,0.0
frequency,cms-fastpath-vector2d,rows=3 cols=4096,zipf,0.0,10,17782794,0.0,0.0
frequency,cms-fastpath-vector2d,rows=3 cols=4096,zipf,0.0,10,31622777,0.0,0.0
frequency,cms-fastpath-vector2d,rows=3 cols=4096,zipf,0.0,10,56234133,0.0,0.0
frequency,cms-fastpath-vector2d,rows=3 cols=4096,zipf,0.0,10,100000000,0.0,0.0
frequency,cms-fastpath-vector2d,rows=3 cols=4096,zipf,0.0,100,1000,0.0,0.0
frequency,cms-fastpath-vector2d,rows=3 cols=4096,zipf,0.0,100,1778,0.0,0.0
frequency,cms-fastpath-vector2d,rows=3 cols=4096,zipf,0.0,100,3162,0.0,0.0
frequency,cms-fastpath-vector2d,rows=3 cols=4096,zipf,0.0,100,5623,0.0,0.0
frequency,cms-fastpath-vector2d,rows=3 cols=4096,zipf,0.0,100,10000,0.0,0.0
frequency,cms-fastpath-vector2d,rows=3 cols=4096,zipf,0.0,100,17783,0.0,0.0
frequency,cms-fastpath-vector2d,rows=3 cols=4096,zipf,0.0,100,31623,0.0,0.0
frequency,cms-fastpath-vector2d,rows=3 cols=4096,zipf,0.0,100,56234,0.0,0.0
frequency,cms-fastpath-vector2d,rows=3 cols=4096,zipf,0.0,100,100000,0.0,0.0
frequency,cms-fastpath-vector2d,rows=3 cols=4096,zipf,0.0,100,177828,0.0,0.0
frequency,cms-fastpath-vector2d,rows=3 cols=4096,zipf,0.0,100,316228,0.0,0.0
frequency,cms-fastpath-vector2d,rows=3 cols=4096,zipf,0.0,100,562341,0.0,0.0
frequency,cms-fastpath-vector2d,rows=3 cols=4096,zipf,0.0,100,1000000,0.0,0.0
frequency,cms-fastpath-vector2d,rows=3 cols=4096,zipf,0.0,100,1778279,0.0,0.0
frequency,cms-fastpath-vector2d,rows=3 cols=4096,zipf,0.0,100,3162278,0.0,0.0
frequency,cms-fastpath-vector2d,rows=3 cols=4096,zipf,0.0,100,5623413,0.0,0.0
frequency,cms-fastpath-vector2d,rows=3 cols=4096,zipf,0.0,100,10000000,0.0,0.0
frequency,cms-fastpath-vector2d,rows=3 cols=4096,zipf,0.0,100,17782794,0.0,0.0
frequency,cms-fastpath-vector2d,rows=3 cols=4096,zipf,0.0,100,31622777,0.0,0.0
frequency,cms-fastpath-vector2d,rows=3 cols=4096,zipf,0.0,100,56234133,0.0,0.0
frequency,cms-fastpath-vector2d,rows=3 cols=4096,zipf,0.0,100,100000000,0.0,0.0
frequency,cms-fastpath-vector2d,rows=3 cols=4096,zipf,0.0,10000,1000,0.0033333333333333335,0.0016666666666666668
frequency,cms-fastpath-vector2d,rows=3 cols=4096,zipf,0.0,10000,1778,0.016666666666666666,0.0033333333333333335
frequency,cms-fastpath-vector2d,rows=3 cols=4096,zipf,0.0,10000,3162,0.04733333333333333,0.009985174194960431
frequency,cms-fastpath-vector2d,rows=3 cols=4096,zipf,0.0,10000,5623,0.09327777777777778,0.018550814430891797
frequency,cms-fastpath-vector2d,rows=3 cols=4096,zipf,0.0,10000,10000,0.17034920634920636,0.007856617747403993
frequency,cms-fastpath-vector2d,rows=3 cols=4096,zipf,0.0,10000,17783,0.2874907407407407,0.0050866640747679855
frequency,cms-fastpath-vector2d,rows=3 cols=4096,zipf,0.0,10000,31623,0.3627344599844599,0.051209222198027086
frequency,cms-fastpath-vector2d,rows=3 cols=4096,zipf,0.0,10000,56234,0.4565047014532308,0.03919453607598398
frequency,cms-fastpath-vector2d,rows=3 cols=4096,zipf,0.0,10000,100000,0.597862090447903,0.015327721218174653
frequency,cms-fastpath-vector2d,rows=3 cols=4096,zipf,0.0,10000,177828,0.6718925181179148,0.06268249327587297
frequency,cms-fastpath-vector2d,rows=3 cols=4096,zipf,0.0,10000,316228,0.8082784260963063,0.03878167870979235
frequency,cms-fastpath-vector2d,rows=3 cols=4096,zipf,0.0,10000,562341,0.8128709765204926,0.057402379559333305
frequency,cms-fastpath-vector2d,rows=3 cols=4096,zipf,0.0,10000,1000000,0.8462800005848492,0.08539332364248306
frequency,cms-fastpath-vector2d,rows=3 cols=4096,zipf,0.0,10000,1778279,1.0039519374474135,0.0688449283695461
frequency,cms-fastpath-vector2d,rows=3 cols=4096,zipf,0.0,10000,3162278,1.0264824693011805,0.06274991726238753
frequency,cms-fastpath-vector2d,rows=3 cols=4096,zipf,0.0,10000,5623413,1.0939529560883383,0.04438316150506794
frequency,cms-fastpath-vector2d,rows=3 cols=4096,zipf,0.0,10000,10000000,1.1617897487734126,0.047493014328997635
frequency,cms-fastpath-vector2d,rows=3 cols=4096,zipf,0.0,10000,17782794,1.113329076727265,0.0224070589208642
frequency,cms-fastpath-vector2d,rows=3 cols=4096,zipf,0.0,10000,31622777,1.2026071656096964,0.051789523876045754
frequency,cms-fastpath-vector2d,rows=3 cols=4096,zipf,0.0,10000,56234133,1.2562791188654667,0.014282794828106871
frequency,cms-fastpath-vector2d,rows=3 cols=4096,zipf,0.0,10000,100000000,1.2838276686726502,0.06192553674993164
frequency,cms-fastpath-vector2d,rows=3 cols=4096,zipf,0.0,1000000,1000,0.006666666666666667,0.0033333333333333335
frequency,cms-fastpath-vector2d,rows=3 cols=4096,zipf,0.0,1000000,1778,0.02666666666666667,0.006666666666666667
frequency,cms-fastpath-vector2d,rows=3 cols=4096,zipf,0.0,1000000,3162,0.12166666666666666,0.019220937657784657
frequency,cms-fastpath-vector2d,rows=3 cols=4096,zipf,0.0,1000000,5623,0.37666666666666665,0.010137937550497042
frequency,cms-fastpath-vector2d,rows=3 cols=4096,zipf,0.0,1000000,10000,0.8983333333333334,0.027284509239574855
frequency,cms-fastpath-vector2d,rows=3 cols=4096,zipf,0.0,1000000,17783,1.2766666666666666,0.014174834246858963
frequency,cms-fastpath-vector2d,rows=3 cols=4096,zipf,0.0,1000000,31623,2.672777777777778,0.04714372560794831
frequency,cms-fastpath-vector2d,rows=3 cols=4096,zipf,0.0,1000000,56234,4.820555555555555,0.08888888888888886
frequency,cms-fastpath-vector2d,rows=3 cols=4096,zipf,0.0,1000000,100000,6.485111111111112,0.11347790343455011
frequency,cms-fastpath-vector2d,rows=3 cols=4096,zipf,0.0,1000000,177828,11.150500000000001,0.12851469868376014
frequency,cms-fastpath-vector2d,rows=3 cols=4096,zipf,0.0,1000000,316228,16.168000000000003,0.15069858929271662
frequency,cms-fastpath-vector2d,rows=3 cols=4096,zipf,0.0,1000000,562341,23.560984126984135,0.2502269300113339
frequency,cms-fastpath-vector2d,rows=3 cols=4096,zipf,0.0,1000000,1000000,32.420641534391535,0.32968431677324106
frequency,cms-fastpath-vector2d,rows=3 cols=4096,zipf,0.0,1000000,1778279,44.30442424242424,0.3233801843520994
frequency,cms-fastpath-vector2d,rows=3 cols=4096,zipf,0.0,1000000,3162278,58.841466422466425,0.21440572392757543
frequency,cms-fastpath-vector2d,rows=3 cols=4096,zipf,0.0,1000000,5623413,76.1836544834308,0.15866384650485876
frequency,cms-fastpath-vector2d,rows=3 cols=4096,zipf,0.0,1000000,10000000,93.85946677520012,0.2911632903751977
frequency,cms-fastpath-vector2d,rows=3 cols=4096,zipf,0.0,1000000,17782794,110.56570122801641,0.5215566437353256
frequency,cms-fastpath-vector2d,rows=3 cols=4096,zipf,0.0,1000000,31622777,130.29873259250095,0.5620100612962295
frequency,cms-fastpath-vector2d,rows=3 cols=4096,zipf,0.0,1000000,56234133,146.52069820629552,0.7853248028528735
frequency,cms-fastpath-vector2d,rows=3 cols=4096,zipf,0.0,1000000,100000000,163.2718277019908,0.4029323732507994
frequency,cms-fastpath-vector2d,rows=3 cols=4096,zipf,0.5,10,1000,0.0,0.0
frequency,cms-fastpath-vector2d,rows=3 cols=4096,zipf,0.5,10,1778,0.0,0.0
frequency,cms-fastpath-vector2d,rows=3 cols=4096,zipf,0.5,10,3162,0.0,0.0
frequency,cms-fastpath-vector2d,rows=3 cols=4096,zipf,0.5,10,5623,0.0,0.0
frequency,cms-fastpath-vector2d,rows=3 cols=4096,zipf,0.5,10,10000,0.0,0.0
frequency,cms-fastpath-vector2d,rows=3 cols=4096,zipf,0.5,10,17783,0.0,0.0
frequency,cms-fastpath-vector2d,rows=3 cols=4096,zipf,0.5,10,31623,0.0,0.0
frequency,cms-fastpath-vector2d,rows=3 cols=4096,zipf,0.5,10,56234,0.0,0.0
frequency,cms-fastpath-vector2d,rows=3 cols=4096,zipf,0.5,10,100000,0.0,0.0
frequency,cms-fastpath-vector2d,rows=3 cols=4096,zipf,0.5,10,177828,0.0,0.0
frequency,cms-fastpath-vector2d,rows=3 cols=4096,zipf,0.5,10,316228,0.0,0.0
frequency,cms-fastpath-vector2d,rows=3 cols=4096,zipf,0.5,10,562341,0.0,0.0
frequency,cms-fastpath-vector2d,rows=3 cols=4096,zipf,0.5,10,1000000,0.0,0.0
frequency,cms-fastpath-vector2d,rows=3 cols=4096,zipf,0.5,10,1778279,0.0,0.0
frequency,cms-fastpath-vector2d,rows=3 cols=4096,zipf,0.5,10,3162278,0.0,0.0
frequency,cms-fastpath-vector2d,rows=3 cols=4096,zipf,0.5,10,5623413,0.0,0.0
frequency,cms-fastpath-vector2d,rows=3 cols=4096,zipf,0.5,10,10000000,0.0,0.0
frequency,cms-fastpath-vector2d,rows=3 cols=4096,zipf,0.5,10,17782794,0.0,0.0
frequency,cms-fastpath-vector2d,rows=3 cols=4096,zipf,0.5,10,31622777,0.0,0.0
frequency,cms-fastpath-vector2d,rows=3 cols=4096,zipf,0.5,10,56234133,0.0,0.0
frequency,cms-fastpath-vector2d,rows=3 cols=4096,zipf,0.5,10,100000000,0.0,0.0
frequency,cms-fastpath-vector2d,rows=3 cols=4096,zipf,0.5,100,1000,0.0,0.0
frequency,cms-fastpath-vector2d,rows=3 cols=4096,zipf,0.5,100,1778,0.0,0.0
frequency,cms-fastpath-vector2d,rows=3 cols=4096,zipf,0.5,100,3162,0.0,0.0
frequency,cms-fastpath-vector2d,rows=3 cols=4096,zipf,0.5,100,5623,0.0,0.0
frequency,cms-fastpath-vector2d,rows=3 cols=4096,zipf,0.5,100,10000,0.0,0.0
frequency,cms-fastpath-vector2d,rows=3 cols=4096,zipf,0.5,100,17783,0.0,0.0
frequency,cms-fastpath-vector2d,rows=3 cols=4096,zipf,0.5,100,31623,0.0,0.0
frequency,cms-fastpath-vector2d,rows=3 cols=4096,zipf,0.5,100,56234,0.0,0.0
frequency,cms-fastpath-vector2d,rows=3 cols=4096,zipf,0.5,100,100000,0.0,0.0
frequency,cms-fastpath-vector2d,rows=3 cols=4096,zipf,0.5,100,177828,0.0,0.0
frequency,cms-fastpath-vector2d,rows=3 cols=4096,zipf,0.5,100,316228,0.0,0.0
frequency,cms-fastpath-vector2d,rows=3 cols=4096,zipf,0.5,100,562341,0.0,0.0
frequency,cms-fastpath-vector2d,rows=3 cols=4096,zipf,0.5,100,1000000,0.0,0.0
frequency,cms-fastpath-vector2d,rows=3 cols=4096,zipf,0.5,100,1778279,0.0,0.0
frequency,cms-fastpath-vector2d,rows=3 cols=4096,zipf,0.5,100,3162278,0.0,0.0
frequency,cms-fastpath-vector2d,rows=3 cols=4096,zipf,0.5,100,5623413,0.0,0.0
frequency,cms-fastpath-vector2d,rows=3 cols=4096,zipf,0.5,100,10000000,0.0,0.0
frequency,cms-fastpath-vector2d,rows=3 cols=4096,zipf,0.5,100,17782794,0.0,0.0
frequency,cms-fastpath-vector2d,rows=3 cols=4096,zipf,0.5,100,31622777,0.0,0.0
frequency,cms-fastpath-vector2d,rows=3 cols=4096,zipf,0.5,100,56234133,0.0,0.0
frequency,cms-fastpath-vector2d,rows=3 cols=4096,zipf,0.5,100,100000000,0.0,0.0
frequency,cms-fastpath-vector2d,rows=3 cols=4096,zipf,0.5,10000,1000,0.011666666666666667,0.0016666666666666663
frequency,cms-fastpath-vector2d,rows=3 cols=4096,zipf,0.5,10000,1778,0.016666666666666666,0.004194352464039306
frequency,cms-fastpath-vector2d,rows=3 cols=4096,zipf,0.5,10000,3162,0.020156084656084657,0.007714550169293663
frequency,cms-fastpath-vector2d,rows=3 cols=4096,zipf,0.5,10000,5623,0.053094831094831096,0.00838551428704657
frequency,cms-fastpath-vector2d,rows=3 cols=4096,zipf,0.5,10000,10000,0.08127262948064658,0.0037159128290362624
frequency,cms-fastpath-vector2d,rows=3 cols=4096,zipf,0.5,10000,17783,0.1003623038924476,0.005817165421283495
frequency,cms-fastpath-vector2d,rows=3 cols=4096,zipf,0.5,10000,31623,0.10747756760015298,0.003440209161799343
frequency,cms-fastpath-vector2d,rows=3 cols=4096,zipf,0.5,10000,56234,0.12191310484209272,0.006290854467116304
frequency,cms-fastpath-vector2d,rows=3 cols=4096,zipf,0.5,10000,100000,0.12989628287023722,0.003913026676182701
frequency,cms-fastpath-vector2d,rows=3 cols=4096,zipf,0.5,10000,177828,0.12591082411453994,0.0012841729491248734
frequency,cms-fastpath-vector2d,rows=3 cols=4096,zipf,0.5,10000,316228,0.1242524886622202,0.00286792481884787
frequency,cms-fastpath-vector2d,rows=3 cols=4096,zipf,0.5,10000,562341,0.125823097269006,0.001508600212709005
frequency,cms-fastpath-vector2d,rows=3 cols=4096,zipf,0.5,10000,1000000,0.12498074200483678,0.0011560192017193787
frequency,cms-fastpath-vector2d,rows=3 cols=4096,zipf,0.5,10000,1778279,0.1273620312555995,0.0015031682968737557
frequency,cms-fastpath-vector2d,rows=3 cols=4096,zipf,0.5,10000,3162278,0.12664984610896252,0.0010183221500390804
frequency,cms-fastpath-vector2d,rows=3 cols=4096,zipf,0.5,10000,5623413,0.12552633918836895,0.00045563776458705204
frequency,cms-fastpath-vector2d,rows=3 cols=4096,zipf,0.5,10000,10000000,0.1247431688263313,0.00129676611981163
frequency,cms-fastpath-vector2d,rows=3 cols=4096,zipf,0.5,10000,17782794,0.12635545996492967,0.0018259890784505255
frequency,cms-fastpath-vector2d,rows=3 cols=4096,zipf,0.5,10000,31622777,0.12537147666135232,0.002214794189876438
frequency,cms-fastpath-vector2d,rows=3 cols=4096,zipf,0.5,10000,56234133,0.12577967757816744,0.0018716810932431602
frequency,cms-fastpath-vector2d,rows=3 cols=4096,zipf,0.5,10000,100000000,0.1276572942721945,0.0017359360288132953
frequency,cms-fastpath-vector2d,rows=3 cols=4096,zipf,0.5,1000000,1000,0.01,0.005773502691896258
frequency,cms-fastpath-vector2d,rows=3 cols=4096,zipf,0.5,1000000,1778,0.03,0.0
frequency,cms-fastpath-vector2d,rows=3 cols=4096,zipf,0.5,1000000,3162,0.1411111111111111,0.014572085609560007
frequency,cms-fastpath-vector2d,rows=3 cols=4096,zipf,0.5,1000000,5623,0.3438888888888889,0.04373037478700983
frequency,cms-fastpath-vector2d,rows=3 cols=4096,zipf,0.5,1000000,10000,0.5489563492063493,0.015898193820917134
frequency,cms-fastpath-vector2d,rows=3 cols=4096,zipf,0.5,1000000,17783,1.1143411680911681,0.02385742823919746
frequency,cms-fastpath-vector2d,rows=3 cols=4096,zipf,0.5,1000000,31623,1.51793565911213,0.037871213020349286
frequency,cms-fastpath-vector2d,rows=3 cols=4096,zipf,0.5,1000000,56234,2.0200599577526375,0.0584893263629201
frequency,cms-fastpath-vector2d,rows=3 cols=4096,zipf,0.5,1000000,100000,2.340390792246533,0.028945107572798463
frequency,cms-fastpath-vector2d,rows=3 cols=4096,zipf,0.5,1000000,177828,2.5155675959353165,0.03299523531257815
frequency,cms-fastpath-vector2d,rows=3 cols=4096,zipf,0.5,1000000,316228,2.7541060517130185,0.0013832596820642178
frequency,cms-fastpath-vector2d,rows=3 cols=4096,zipf,0.5,1000000,562341,2.865787444115638,0.01078185532570291
frequency,cms-fastpath-vector2d,rows=3 cols=4096,zipf,0.5,1000000,1000000,2.9179072411064872,0.0051113963384346196
frequency,cms-fastpath-vector2d,rows=3 cols=4096,zipf,0.5,1000000,1778279,2.961580057774356,0.010671199936709995
frequency,cms-fastpath-vector2d,rows=3 cols=4096,zipf,0.5,1000000,3162278,2.9918705071903404,0.007118485903818222
frequency,cms-fastpath-vector2d,rows=3 cols=4096,zipf,0.5,1000000,5623413,3.0068874782602926,0.004525793084909486
frequency,cms-fastpath-vector2d,rows=3 cols=4096,zipf,0.5,1000000,10000000,3.0037239809752747,0.00243169793334092
frequency,cms-fastpath-vector2d,rows=3 cols=4096,zipf,0.5,1000000,17782794,3.005728148709403,0.008683564555018345
frequency,cms-fastpath-vector2d,rows=3 cols=4096,zipf,0.5,1000000,31622777,3.00912575511242,0.0039716590802282795
frequency,cms-fastpath-vector2d,rows=3 cols=4096,zipf,0.5,1000000,56234133,3.0064476650301946,0.005324950671251685
frequency,cms-fastpath-vector2d,rows=3 cols=4096,zipf,0.5,1000000,100000000,3.010475946119264,0.003761408778374666
frequency,cms-fastpath-vector2d,rows=3 cols=4096,zipf,1.0,10,1000,0.0,0.0
frequency,cms-fastpath-vector2d,rows=3 cols=4096,zipf,1.0,10,1778,0.0,0.0
frequency,cms-fastpath-vector2d,rows=3 cols=4096,zipf,1.0,10,3162,0.0,0.0
frequency,cms-fastpath-vector2d,rows=3 cols=4096,zipf,1.0,10,5623,0.0,0.0
frequency,cms-fastpath-vector2d,rows=3 cols=4096,zipf,1.0,10,10000,0.0,0.0
frequency,cms-fastpath-vector2d,rows=3 cols=4096,zipf,1.0,10,17783,0.0,0.0
frequency,cms-fastpath-vector2d,rows=3 cols=4096,zipf,1.0,10,31623,0.0,0.0
frequency,cms-fastpath-vector2d,rows=3 cols=4096,zipf,1.0,10,56234,0.0,0.0
frequency,cms-fastpath-vector2d,rows=3 cols=4096,zipf,1.0,10,100000,0.0,0.0
frequency,cms-fastpath-vector2d,rows=3 cols=4096,zipf,1.0,10,177828,0.0,0.0
frequency,cms-fastpath-vector2d,rows=3 cols=4096,zipf,1.0,10,316228,0.0,0.0
frequency,cms-fastpath-vector2d,rows=3 cols=4096,zipf,1.0,10,562341,0.0,0.0
frequency,cms-fastpath-vector2d,rows=3 cols=4096,zipf,1.0,10,1000000,0.0,0.0
frequency,cms-fastpath-vector2d,rows=3 cols=4096,zipf,1.0,10,1778279,0.0,0.0
frequency,cms-fastpath-vector2d,rows=3 cols=4096,zipf,1.0,10,3162278,0.0,0.0
frequency,cms-fastpath-vector2d,rows=3 cols=4096,zipf,1.0,10,5623413,0.0,0.0
frequency,cms-fastpath-vector2d,rows=3 cols=4096,zipf,1.0,10,10000000,0.0,0.0
frequency,cms-fastpath-vector2d,rows=3 cols=4096,zipf,1.0,10,17782794,0.0,0.0
frequency,cms-fastpath-vector2d,rows=3 cols=4096,zipf,1.0,10,31622777,0.0,0.0
frequency,cms-fastpath-vector2d,rows=3 cols=4096,zipf,1.0,10,56234133,0.0,0.0
frequency,cms-fastpath-vector2d,rows=3 cols=4096,zipf,1.0,10,100000000,0.0,0.0
frequency,cms-fastpath-vector2d,rows=3 cols=4096,zipf,1.0,100,1000,0.0,0.0
frequency,cms-fastpath-vector2d,rows=3 cols=4096,zipf,1.0,100,1778,0.0,0.0
frequency,cms-fastpath-vector2d,rows=3 cols=4096,zipf,1.0,100,3162,0.0,0.0
frequency,cms-fastpath-vector2d,rows=3 cols=4096,zipf,1.0,100,5623,0.0,0.0
frequency,cms-fastpath-vector2d,rows=3 cols=4096,zipf,1.0,100,10000,0.0,0.0
frequency,cms-fastpath-vector2d,rows=3 cols=4096,zipf,1.0,100,17783,0.0,0.0
frequency,cms-fastpath-vector2d,rows=3 cols=4096,zipf,1.0,100,31623,0.0,0.0
frequency,cms-fastpath-vector2d,rows=3 cols=4096,zipf,1.0,100,56234,0.0,0.0
frequency,cms-fastpath-vector2d,rows=3 cols=4096,zipf,1.0,100,100000,0.0,0.0
frequency,cms-fastpath-vector2d,rows=3 cols=4096,zipf,1.0,100,177828,0.0,0.0
frequency,cms-fastpath-vector2d,rows=3 cols=4096,zipf,1.0,100,316228,0.0,0.0
frequency,cms-fastpath-vector2d,rows=3 cols=4096,zipf,1.0,100,562341,0.0,0.0
frequency,cms-fastpath-vector2d,rows=3 cols=4096,zipf,1.0,100,1000000,0.0,0.0
frequency,cms-fastpath-vector2d,rows=3 cols=4096,zipf,1.0,100,1778279,0.0,0.0
frequency,cms-fastpath-vector2d,rows=3 cols=4096,zipf,1.0,100,3162278,0.0,0.0
frequency,cms-fastpath-vector2d,rows=3 cols=4096,zipf,1.0,100,5623413,0.0,0.0
frequency,cms-fastpath-vector2d,rows=3 cols=4096,zipf,1.0,100,10000000,0.0,0.0
frequency,cms-fastpath-vector2d,rows=3 cols=4096,zipf,1.0,100,17782794,0.0,0.0
frequency,cms-fastpath-vector2d,rows=3 cols=4096,zipf,1.0,100,31622777,0.0,0.0
frequency,cms-fastpath-vector2d,rows=3 cols=4096,zipf,1.0,100,56234133,0.0,0.0
frequency,cms-fastpath-vector2d,rows=3 cols=4096,zipf,1.0,100,100000000,0.0,0.0
frequency,cms-fastpath-vector2d,rows=3 cols=4096,zipf,1.0,10000,1000,0.0006666666666666666,0.0006666666666666668
frequency,cms-fastpath-vector2d,rows=3 cols=4096,zipf,1.0,10000,1778,0.0021944444444444446,0.0013266615484732837
frequency,cms-fastpath-vector2d,rows=3 cols=4096,zipf,1.0,10000,3162,0.003155820782419248,0.0014462573662603253
frequency,cms-fastpath-vector2d,rows=3 cols=4096,zipf,1.0,10000,5623,0.00861962711883101,0.002564331615620011
frequency,cms-fastpath-vector2d,rows=3 cols=4096,zipf,1.0,10000,10000,0.012095791258367754,0.0015944807312721111
frequency,cms-fastpath-vector2d,rows=3 cols=4096,zipf,1.0,10000,17783,0.011740587998549422,0.0015174221622830935
frequency,cms-fastpath-vector2d,rows=3 cols=4096,zipf,1.0,10000,31623,0.013315042577115951,0.0005216226203542369
frequency,cms-fastpath-vector2d,rows=3 cols=4096,zipf,1.0,10000,56234,0.013459377625377881,0.001136143421437199
frequency,cms-fastpath-vector2d,rows=3 cols=4096,zipf,1.0,10000,100000,0.01531383373954682,0.0012770720171491432
frequency,cms-fastpath-vector2d,rows=3 cols=4096,zipf,1.0,10000,177828,0.014566988550612352,0.0012062967958636527
frequency,cms-fastpath-vector2d,rows=3 cols=4096,zipf,1.0,10000,316228,0.014032748977533474,0.00034278206236401204
frequency,cms-fastpath-vector2d,rows=3 cols=4096,zipf,1.0,10000,562341,0.01494216530049458,0.0005486337724071235
frequency,cms-fastpath-vector2d,rows=3 cols=4096,zipf,1.0,10000,1000000,0.015140480927061785,0.00026651179985189515
frequency,cms-fastpath-vector2d,rows=3 cols=4096,zipf,1.0,10000,1778279,0.015577951891900912,9.207273873864531e-05
frequency,cms-fastpath-vector2d,rows=3 cols=4096,zipf,1.0,10000,3162278,0.01519982655789528,0.0005664088213702907
frequency,cms-fastpath-vector2d,rows=3 cols=4096,zipf,1.0,10000,5623413,0.015256846721244097,0.0005526639419600498
frequency,cms-fastpath-vector2d,rows=3 cols=4096,zipf,1.0,10000,10000000,0.01488314223159408,0.0005652592039776355
frequency,cms-fastpath-vector2d,rows=3 cols=4096,zipf,1.0,10000,17782794,0.01493303049297979,0.0005605763896349788
frequency,cms-fastpath-vector2d,rows=3 cols=4096,zipf,1.0,10000,31622777,0.01438862228356129,1.9173779180597086e-05
frequency,cms-fastpath-vector2d,rows=3 cols=4096,zipf,1.0,10000,56234133,0.014394900076758579,1.3535148222838475e-05
frequency,cms-fastpath-vector2d,rows=3 cols=4096,zipf,1.0,10000,100000000,0.014385388146650748,2.745780074739852e-05
frequency,cms-fastpath-vector2d,rows=3 cols=4096,zipf,1.0,1000000,1000,0.0044444444444444444,0.0029397236789606563
frequency,cms-fastpath-vector2d,rows=3 cols=4096,zipf,1.0,1000000,1778,0.005833333333333334,0.001272937693043289
frequency,cms-fastpath-vector2d,rows=3 cols=4096,zipf,1.0,1000000,3162,0.010625217375217372,0.0015449754803001793
frequency,cms-fastpath-vector2d,rows=3 cols=4096,zipf,1.0,1000000,5623,0.03181569668298163,0.002080989678095153
frequency,cms-fastpath-vector2d,rows=3 cols=4096,zipf,1.0,1000000,10000,0.03760976089754566,0.0019380733475345489
frequency,cms-fastpath-vector2d,rows=3 cols=4096,zipf,1.0,1000000,17783,0.04854576078123291,0.0018264988602828653
frequency,cms-fastpath-vector2d,rows=3 cols=4096,zipf,1.0,1000000,31623,0.0542625898838029,0.0016696594246665424
frequency,cms-fastpath-vector2d,rows=3 cols=4096,zipf,1.0,1000000,56234,0.0630262555926005,0.001030564081475265
frequency,cms-fastpath-vector2d,rows=3 cols=4096,zipf,1.0,1000000,100000,0.06818709296638724,0.0008357463692944636
frequency,cms-fastpath-vector2d,rows=3 cols=4096,zipf,1.0,1000000,177828,0.06844082267890797,0.00033696423817257187
frequency,cms-fastpath-vector2d,rows=3 cols=4096,zipf,1.0,1000000,316228,0.0706264810391146,0.0009614739039691612
frequency,cms-fastpath-vector2d,rows=3 cols=4096,zipf,1.0,1000000,562341,0.07210402578768439,0.0003606820160894494
frequency,cms-fastpath-vector2d,rows=3 cols=4096,zipf,1.0,1000000,1000000,0.07192984500933881,6.624086961558453e-05
frequency,cms-fastpath-vector2d,rows=3 cols=4096,zipf,1.0,1000000,1778279,0.07158613545730798,0.0002943899236582777
frequency,cms-fastpath-vector2d,rows=3 cols=4096,zipf,1.0,1000000,3162278,0.07206085809493791,0.00017367795443193532
frequency,cms-fastpath-vector2d,rows=3 cols=4096,zipf,1.0,1000000,5623413,0.07200198394873442,0.00023130531748265674
frequency,cms-fastpath-vector2d,rows=3 cols=4096,zipf,1.0,1000000,10000000,0.07187394552505323,0.00011465462795690363
frequency,cms-fastpath-vector2d,rows=3 cols=4096,zipf,1.0,1000000,17782794,0.07248523196636358,0.0005341688227169974
frequency,cms-fastpath-vector2d,rows=3 cols=4096,zipf,1.0,1000000,31622777,0.07195737820568669,4.601927548087349e-05
frequency,cms-fastpath-vector2d,rows=3 cols=4096,zipf,1.0,1000000,56234133,0.07200065496017388,3.998753248375288e-05
frequency,cms-fastpath-vector2d,rows=3 cols=4096,zipf,1.0,1000000,100000000,0.07200434201698491,4.3067848932134563e-05
frequency,cms-fastpath-vector2d,rows=3 cols=4096,zipf,1.5,10,1000,0.0,0.0
frequency,cms-fastpath-vector2d,rows=3 cols=4096,zipf,1.5,10,1778,0.0,0.0
frequency,cms-fastpath-vector2d,rows=3 cols=4096,zipf,1.5,10,3162,0.0,0.0
frequency,cms-fastpath-vector2d,rows=3 cols=4096,zipf,1.5,10,5623,0.0,0.0
frequency,cms-fastpath-vector2d,rows=3 cols=4096,zipf,1.5,10,10000,0.0,0.0
frequency,cms-fastpath-vector2d,rows=3 cols=4096,zipf,1.5,10,17783,0.0,0.0
frequency,cms-fastpath-vector2d,rows=3 cols=4096,zipf,1.5,10,31623,0.0,0.0
frequency,cms-fastpath-vector2d,rows=3 cols=4096,zipf,1.5,10,56234,0.0,0.0
frequency,cms-fastpath-vector2d,rows=3 cols=4096,zipf,1.5,10,100000,0.0,0.0
frequency,cms-fastpath-vector2d,rows=3 cols=4096,zipf,1.5,10,177828,0.0,0.0
frequency,cms-fastpath-vector2d,rows=3 cols=4096,zipf,1.5,10,316228,0.0,0.0
frequency,cms-fastpath-vector2d,rows=3 cols=4096,zipf,1.5,10,562341,0.0,0.0
frequency,cms-fastpath-vector2d,rows=3 cols=4096,zipf,1.5,10,1000000,0.0,0.0
frequency,cms-fastpath-vector2d,rows=3 cols=4096,zipf,1.5,10,1778279,0.0,0.0
frequency,cms-fastpath-vector2d,rows=3 cols=4096,zipf,1.5,10,3162278,0.0,0.0
frequency,cms-fastpath-vector2d,rows=3 cols=4096,zipf,1.5,10,5623413,0.0,0.0
frequency,cms-fastpath-vector2d,rows=3 cols=4096,zipf,1.5,10,10000000,0.0,0.0
frequency,cms-fastpath-vector2d,rows=3 cols=4096,zipf,1.5,10,17782794,0.0,0.0
frequency,cms-fastpath-vector2d,rows=3 cols=4096,zipf,1.5,10,31622777,0.0,0.0
frequency,cms-fastpath-vector2d,rows=3 cols=4096,zipf,1.5,10,56234133,0.0,0.0
frequency,cms-fastpath-vector2d,rows=3 cols=4096,zipf,1.5,10,100000000,0.0,0.0
frequency,cms-fastpath-vector2d,rows=3 cols=4096,zipf,1.5,100,1000,0.0,0.0
frequency,cms-fastpath-vector2d,rows=3 cols=4096,zipf,1.5,100,1778,0.0,0.0
frequency,cms-fastpath-vector2d,rows=3 cols=4096,zipf,1.5,100,3162,0.0,0.0
frequency,cms-fastpath-vector2d,rows=3 cols=4096,zipf,1.5,100,5623,0.0,0.0
frequency,cms-fastpath-vector2d,rows=3 cols=4096,zipf,1.5,100,10000,0.0,0.0
frequency,cms-fastpath-vector2d,rows=3 cols=4096,zipf,1.5,100,17783,0.0,0.0
frequency,cms-fastpath-vector2d,rows=3 cols=4096,zipf,1.5,100,31623,0.0,0.0
frequency,cms-fastpath-vector2d,rows=3 cols=4096,zipf,1.5,100,56234,0.0,0.0
frequency,cms-fastpath-vector2d,rows=3 cols=4096,zipf,1.5,100,100000,0.0,0.0
frequency,cms-fastpath-vector2d,rows=3 cols=4096,zipf,1.5,100,177828,0.0,0.0
frequency,cms-fastpath-vector2d,rows=3 cols=4096,zipf,1.5,100,316228,0.0,0.0
frequency,cms-fastpath-vector2d,rows=3 cols=4096,zipf,1.5,100,562341,0.0,0.0
frequency,cms-fastpath-vector2d,rows=3 cols=4096,zipf,1.5,100,1000000,0.0,0.0
frequency,cms-fastpath-vector2d,rows=3 cols=4096,zipf,1.5,100,1778279,0.0,0.0
frequency,cms-fastpath-vector2d,rows=3 cols=4096,zipf,1.5,100,3162278,0.0,0.0
frequency,cms-fastpath-vector2d,rows=3 cols=4096,zipf,1.5,100,5623413,0.0,0.0
frequency,cms-fastpath-vector2d,rows=3 cols=4096,zipf,1.5,100,10000000,0.0,0.0
frequency,cms-fastpath-vector2d,rows=3 cols=4096,zipf,1.5,100,17782794,0.0,0.0
frequency,cms-fastpath-vector2d,rows=3 cols=4096,zipf,1.5,100,31622777,0.0,0.0
frequency,cms-fastpath-vector2d,rows=3 cols=4096,zipf,1.5,100,56234133,0.0,0.0
frequency,cms-fastpath-vector2d,rows=3 cols=4096,zipf,1.5,100,100000000,0.0,0.0
frequency,cms-fastpath-vector2d,rows=3 cols=4096,zipf,1.5,10000,1000,0.0,0.0
frequency,cms-fastpath-vector2d,rows=3 cols=4096,zipf,1.5,10000,1778,0.0,0.0
frequency,cms-fastpath-vector2d,rows=3 cols=4096,zipf,1.5,10000,3162,0.0,0.0
frequency,cms-fastpath-vector2d,rows=3 cols=4096,zipf,1.5,10000,5623,0.0,0.0
frequency,cms-fastpath-vector2d,rows=3 cols=4096,zipf,1.5,10000,10000,0.0,0.0
frequency,cms-fastpath-vector2d,rows=3 cols=4096,zipf,1.5,10000,17783,0.00034920634920634924,0.00020634920634920634
frequency,cms-fastpath-vector2d,rows=3 cols=4096,zipf,1.5,10000,31623,0.0007226112052199008,0.0002861907097429585
frequency,cms-fastpath-vector2d,rows=3 cols=4096,zipf,1.5,10000,56234,0.0007755942699595458,0.00010713919652723893
frequency,cms-fastpath-vector2d,rows=3 cols=4096,zipf,1.5,10000,100000,0.001306444323488909,0.0001819619746838265
frequency,cms-fastpath-vector2d,rows=3 cols=4096,zipf,1.5,10000,177828,0.0011207432507700516,7.028694155543416e-05
frequency,cms-fastpath-vector2d,rows=3 cols=4096,zipf,1.5,10000,316228,0.001561971295349666,8.764187801948169e-05
frequency,cms-fastpath-vector2d,rows=3 cols=4096,zipf,1.5,10000,562341,0.0017921813408020883,0.00029737207379432423
frequency,cms-fastpath-vector2d,rows=3 cols=4096,zipf,1.5,10000,1000000,0.0017345647495944708,3.544506064837536e-05
frequency,cms-fastpath-vector2d,rows=3 cols=4096,zipf,1.5,10000,1778279,0.0019645299275936243,0.00010838608194723868
frequency,cms-fastpath-vector2d,rows=3 cols=4096,zipf,1.5,10000,3162278,0.0019464236596550405,0.00014955797767754984
frequency,cms-fastpath-vector2d,rows=3 cols=4096,zipf,1.5,10000,5623413,0.001872909358969768,4.5839478595357084e-05
frequency,cms-fastpath-vector2d,rows=3 cols=4096,zipf,1.5,10000,10000000,0.0018635620295513378,3.4096052397102424e-05
frequency,cms-fastpath-vector2d,rows=3 cols=4096,zipf,1.5,10000,17782794,0.0018732830512649202,7.122607588203505e-06
frequency,cms-fastpath-vector2d,rows=3 cols=4096,zipf,1.5,10000,31622777,0.0020575712468515034,0.00016557763681236895
frequency,cms-fastpath-vector2d,rows=3 cols=4096,zipf,1.5,10000,56234133,0.0019047802848399919,8.256207882993382e-06
frequency,cms-fastpath-vector2d,rows=3 cols=4096,zipf,1.5,10000,100000000,0.0019092718108607721,6.56659221482164e-06
frequency,cms-fastpath-vector2d,rows=3 cols=4096,zipf,1.5,1000000,1000,0.0,0.0
frequency,cms-fastpath-vector2d,rows=3 cols=4096,zipf,1.5,1000000,1778,0.0,0.0
frequency,cms-fastpath-vector2d,rows=3 cols=4096,zipf,1.5,1000000,3162,0.0,0.0
frequency,cms-fastpath-vector2d,rows=3 cols=4096,zipf,1.5,1000000,5623,0.0,0.0
frequency,cms-fastpath-vector2d,rows=3 cols=4096,zipf,1.5,1000000,10000,0.0002564102564102564,0.0002564102564102564
frequency,cms-fastpath-vector2d,rows=3 cols=4096,zipf,1.5,1000000,17783,0.0006401197150364741,0.00030294879179297736
frequency,cms-fastpath-vector2d,rows=3 cols=4096,zipf,1.5,1000000,31623,0.001419575765000324,0.00018394700476358626
frequency,cms-fastpath-vector2d,rows=3 cols=4096,zipf,1.5,1000000,56234,0.0017896920523735752,0.0005737231536720378
frequency,cms-fastpath-vector2d,rows=3 cols=4096,zipf,1.5,1000000,100000,0.0019465743362890753,0.0002515754010382935
frequency,cms-fastpath-vector2d,rows=3 cols=4096,zipf,1.5,1000000,177828,0.002560648028843368,0.00015254106615252537
frequency,cms-fastpath-vector2d,rows=3 cols=4096,zipf,1.5,1000000,316228,0.0028671632425689396,0.00023060969258342914
frequency,cms-fastpath-vector2d,rows=3 cols=4096,zipf,1.5,1000000,562341,0.0033048036836599254,6.434697502696621e-05
frequency,cms-fastpath-vector2d,rows=3 cols=4096,zipf,1.5,1000000,1000000,0.003632328974783654,0.00012293922513922315
frequency,cms-fastpath-vector2d,rows=3 cols=4096,zipf,1.5,1000000,1778279,0.003921379708540331,9.794429174324334e-05
frequency,cms-fastpath-vector2d,rows=3 cols=4096,zipf,1.5,1000000,3162278,0.0036616297090327856,8.447422518696163e-05
frequency,cms-fastpath-vector2d,rows=3 cols=4096,zipf,1.5,1000000,5623413,0.0036368699583543243,5.396253218068308e-05
frequency,cms-fastpath-vector2d,rows=3 cols=4096,zipf,1.5,1000000,10000000,0.0036966714699801523,1.3498837060664828e-05
frequency,cms-fastpath-vector2d,rows=3 cols=4096,zipf,1.5,1000000,17782794,0.0037120873272063377,4.345868545722095e-06
frequency,cms-fastpath-vector2d,rows=3 cols=4096,zipf,1.5,1000000,31622777,0.003735604765768043,3.5604263734762816e-05
frequency,cms-fastpath-vector2d,rows=3 cols=4096,zipf,1.5,1000000,56234133,0.0037602313465735352,1.2862157431700382e-05
frequency,cms-fastpath-vector2d,rows=3 cols=4096,zipf,1.5,1000000,100000000,0.0037491601524134253,7.88884158003306e-06
frequency,cms-fastpath-vector2d,rows=3 cols=4096,zipf,2.0,10,1000,0.0,0.0
frequency,cms-fastpath-vector2d,rows=3 cols=4096,zipf,2.0,10,1778,0.0,0.0
frequency,cms-fastpath-vector2d,rows=3 cols=4096,zipf,2.0,10,3162,0.0,0.0
frequency,cms-fastpath-vector2d,rows=3 cols=4096,zipf,2.0,10,5623,0.0,0.0
frequency,cms-fastpath-vector2d,rows=3 cols=4096,zipf,2.0,10,10000,0.0,0.0
frequency,cms-fastpath-vector2d,rows=3 cols=4096,zipf,2.0,10,17783,0.0,0.0
frequency,cms-fastpath-vector2d,rows=3 cols=4096,zipf,2.0,10,31623,0.0,0.0
frequency,cms-fastpath-vector2d,rows=3 cols=4096,zipf,2.0,10,56234,0.0,0.0
frequency,cms-fastpath-vector2d,rows=3 cols=4096,zipf,2.0,10,100000,0.0,0.0
frequency,cms-fastpath-vector2d,rows=3 cols=4096,zipf,2.0,10,177828,0.0,0.0
frequency,cms-fastpath-vector2d,rows=3 cols=4096,zipf,2.0,10,316228,0.0,0.0
frequency,cms-fastpath-vector2d,rows=3 cols=4096,zipf,2.0,10,562341,0.0,0.0
frequency,cms-fastpath-vector2d,rows=3 cols=4096,zipf,2.0,10,1000000,0.0,0.0
frequency,cms-fastpath-vector2d,rows=3 cols=4096,zipf,2.0,10,1778279,0.0,0.0
frequency,cms-fastpath-vector2d,rows=3 cols=4096,zipf,2.0,10,3162278,0.0,0.0
frequency,cms-fastpath-vector2d,rows=3 cols=4096,zipf,2.0,10,5623413,0.0,0.0
frequency,cms-fastpath-vector2d,rows=3 cols=4096,zipf,2.0,10,10000000,0.0,0.0
frequency,cms-fastpath-vector2d,rows=3 cols=4096,zipf,2.0,10,17782794,0.0,0.0
frequency,cms-fastpath-vector2d,rows=3 cols=4096,zipf,2.0,10,31622777,0.0,0.0
frequency,cms-fastpath-vector2d,rows=3 cols=4096,zipf,2.0,10,56234133,0.0,0.0
frequency,cms-fastpath-vector2d,rows=3 cols=4096,zipf,2.0,10,100000000,0.0,0.0
frequency,cms-fastpath-vector2d,rows=3 cols=4096,zipf,2.0,100,1000,0.0,0.0
frequency,cms-fastpath-vector2d,rows=3 cols=4096,zipf,2.0,100,1778,0.0,0.0
frequency,cms-fastpath-vector2d,rows=3 cols=4096,zipf,2.0,100,3162,0.0,0.0
frequency,cms-fastpath-vector2d,rows=3 cols=4096,zipf,2.0,100,5623,0.0,0.0
frequency,cms-fastpath-vector2d,rows=3 cols=4096,zipf,2.0,100,10000,0.0,0.0
frequency,cms-fastpath-vector2d,rows=3 cols=4096,zipf,2.0,100,17783,0.0,0.0
frequency,cms-fastpath-vector2d,rows=3 cols=4096,zipf,2.0,100,31623,0.0,0.0
frequency,cms-fastpath-vector2d,rows=3 cols=4096,zipf,2.0,100,56234,0.0,0.0
frequency,cms-fastpath-vector2d,rows=3 cols=4096,zipf,2.0,100,100000,0.0,0.0
frequency,cms-fastpath-vector2d,rows=3 cols=4096,zipf,2.0,100,177828,0.0,0.0
frequency,cms-fastpath-vector2d,rows=3 cols=4096,zipf,2.0,100,316228,0.0,0.0
frequency,cms-fastpath-vector2d,rows=3 cols=4096,zipf,2.0,100,562341,0.0,0.0
frequency,cms-fastpath-vector2d,rows=3 cols=4096,zipf,2.0,100,1000000,0.0,0.0
frequency,cms-fastpath-vector2d,rows=3 cols=4096,zipf,2.0,100,1778279,0.0,0.0
frequency,cms-fastpath-vector2d,rows=3 cols=4096,zipf,2.0,100,3162278,0.0,0.0
frequency,cms-fastpath-vector2d,rows=3 cols=4096,zipf,2.0,100,5623413,0.0,0.0
frequency,cms-fastpath-vector2d,rows=3 cols=4096,zipf,2.0,100,10000000,0.0,0.0
frequency,cms-fastpath-vector2d,rows=3 cols=4096,zipf,2.0,100,17782794,0.0,0.0
frequency,cms-fastpath-vector2d,rows=3 cols=4096,zipf,2.0,100,31622777,0.0,0.0
frequency,cms-fastpath-vector2d,rows=3 cols=4096,zipf,2.0,100,56234133,0.0,0.0
frequency,cms-fastpath-vector2d,rows=3 cols=4096,zipf,2.0,100,100000000,0.0,0.0
frequency,cms-fastpath-vector2d,rows=3 cols=4096,zipf,2.0,10000,1000,0.0,0.0
frequency,cms-fastpath-vector2d,rows=3 cols=4096,zipf,2.0,10000,1778,0.0,0.0
frequency,cms-fastpath-vector2d,rows=3 cols=4096,zipf,2.0,10000,3162,0.0,0.0
frequency,cms-fastpath-vector2d,rows=3 cols=4096,zipf,2.0,10000,5623,0.0,0.0
frequency,cms-fastpath-vector2d,rows=3 cols=4096,zipf,2.0,10000,10000,0.0,0.0
frequency,cms-fastpath-vector2d,rows=3 cols=4096,zipf,2.0,10000,17783,0.0,0.0
frequency,cms-fastpath-vector2d,rows=3 cols=4096,zipf,2.0,10000,31623,0.0,0.0
frequency,cms-fastpath-vector2d,rows=3 cols=4096,zipf,2.0,10000,56234,0.0,0.0
frequency,cms-fastpath-vector2d,rows=3 cols=4096,zipf,2.0,10000,100000,0.0,0.0
frequency,cms-fastpath-vector2d,rows=3 cols=4096,zipf,2.0,10000,177828,0.0001449725587656622,0.00010325628322812859
frequency,cms-fastpath-vector2d,rows=3 cols=4096,zipf,2.0,10000,316228,0.00014281114262616298,4.792394632306407e-05
frequency,cms-fastpath-vector2d,rows=3 cols=4096,zipf,2.0,10000,562341,0.00022619322292000764,0.00012084026008357827
frequency,cms-fastpath-vector2d,rows=3 cols=4096,zipf,2.0,10000,1000000,0.00010350453138145135,2.8302119588486033e-05
frequency,cms-fastpath-vector2d,rows=3 cols=4096,zipf,2.0,10000,1778279,0.0001386655310852956,3.628485461226457e-05
frequency,cms-fastpath-vector2d,rows=3 cols=4096,zipf,2.0,10000,3162278,0.00017770858685228004,1.9127254081888624e-05
frequency,cms-fastpath-vector2d,rows=3 cols=4096,zipf,2.0,10000,5623413,0.00024143608018606746,4.545387903329889e-05
frequency,cms-fastpath-vector2d,rows=3 cols=4096,zipf,2.0,10000,10000000,0.00025438318346649407,4.522066672128921e-05
frequency,cms-fastpath-vector2d,rows=3 cols=4096,zipf,2.0,10000,17782794,0.0002759555770542776,2.843345691529733e-05
frequency,cms-fastpath-vector2d,rows=3 cols=4096,zipf,2.0,10000,31622777,0.00033266098194692094,5.248376013925725e-05
frequency,cms-fastpath-vector2d,rows=3 cols=4096,zipf,2.0,10000,56234133,0.0002894241062569391,1.1730289508781971e-05
frequency,cms-fastpath-vector2d,rows=3 cols=4096,zipf,2.0,10000,100000000,0.00028322327009376586,4.21531264232995e-06
frequency,cms-fastpath-vector2d,rows=3 cols=4096,zipf,2.0,1000000,1000,0.0,0.0
frequency,cms-fastpath-vector2d,rows=3 cols=4096,zipf,2.0,1000000,1778,0.0,0.0
frequency,cms-fastpath-vector2d,rows=3 cols=4096,zipf,2.0,1000000,3162,0.0,0.0
frequency,cms-fastpath-vector2d,rows=3 cols=4096,zipf,2.0,1000000,5623,0.0,0.0
frequency,cms-fastpath-vector2d,rows=3 cols=4096,zipf,2.0,1000000,10000,0.0,0.0
frequency,cms-fastpath-vector2d,rows=3 cols=4096,zipf,2.0,1000000,17783,0.0,0.0
frequency,cms-fastpath-vector2d,rows=3 cols=4096,zipf,2.0,1000000,31623,0.0,0.0
frequency,cms-fastpath-vector2d,rows=3 cols=4096,zipf,2.0,1000000,56234,0.0,0.0
frequency,cms-fastpath-vector2d,rows=3 cols=4096,zipf,2.0,1000000,100000,0.0,0.0
frequency,cms-fastpath-vector2d,rows=3 cols=4096,zipf,2.0,1000000,177828,0.0,0.0
frequency,cms-fastpath-vector2d,rows=3 cols=4096,zipf,2.0,1000000,316228,1.5503875968992248e-05,1.5503875968992245e-05
frequency,cms-fastpath-vector2d,rows=3 cols=4096,zipf,2.0,1000000,562341,0.00017938965694409728,0.00010079939628011877
frequency,cms-fastpath-vector2d,rows=3 cols=4096,zipf,2.0,1000000,1000000,0.00018580461539486376,8.883737781615215e-05
frequency,cms-fastpath-vector2d,rows=3 cols=4096,zipf,2.0,1000000,1778279,0.00023749112006195405,2.344572379364064e-05
frequency,cms-fastpath-vector2d,rows=3 cols=4096,zipf,2.0,1000000,3162278,0.0002993713662804238,7.233119087624251e-05
frequency,cms-fastpath-vector2d,rows=3 cols=4096,zipf,2.0,1000000,5623413,0.0003221330079212629,4.832256117011537e-05
frequency,cms-fastpath-vector2d,rows=3 cols=4096,zipf,2.0,1000000,10000000,0.0004049354040909429,4.012542165086947e-05
frequency,cms-fastpath-vector2d,rows=3 cols=4096,zipf,2.0,1000000,17782794,0.00041153068144560585,5.1686074251490616e-05
frequency,cms-fastpath-vector2d,rows=3 cols=4096,zipf,2.0,1000000,31622777,0.0005025033473655098,7.151534879865962e-06
frequency,cms-fastpath-vector2d,rows=3 cols=4096,zipf,2.0,1000000,56234133,0.0005113942565933368,1.456715262334564e-05
frequency,cms-fastpath-vector2d,rows=3 cols=4096,zipf,2.0,1000000,100000000,0.0004708652806027632,4.583247791592226e-05
frequency,cms-fastpath-vector2d,rows=3 cols=16384,zipf,0.0,10,1000,0.0,0.0
frequency,cms-fastpath-vector2d,rows=3 cols=16384,zipf,0.0,10,1778,0.0,0.0
frequency,cms-fastpath-vector2d,rows=3 cols=16384,zipf,0.0,10,3162,0.0,0.0
frequency,cms-fastpath-vector2d,rows=3 cols=16384,zipf,0.0,10,5623,0.0,0.0
frequency,cms-fastpath-vector2d,rows=3 cols=16384,zipf,0.0,10,10000,0.0,0.0
frequency,cms-fastpath-vector2d,rows=3 cols=16384,zipf,0.0,10,17783,0.0,0.0
frequency,cms-fastpath-vector2d,rows=3 cols=16384,zipf,0.0,10,31623,0.0,0.0
frequency,cms-fastpath-vector2d,rows=3 cols=16384,zipf,0.0,10,56234,0.0,0.0
frequency,cms-fastpath-vector2d,rows=3 cols=16384,zipf,0.0,10,100000,0.0,0.0
frequency,cms-fastpath-vector2d,rows=3 cols=16384,zipf,0.0,10,177828,0.0,0.0
frequency,cms-fastpath-vector2d,rows=3 cols=16384,zipf,0.0,10,316228,0.0,0.0
frequency,cms-fastpath-vector2d,rows=3 cols=16384,zipf,0.0,10,562341,0.0,0.0
frequency,cms-fastpath-vector2d,rows=3 cols=16384,zipf,0.0,10,1000000,0.0,0.0
frequency,cms-fastpath-vector2d,rows=3 cols=16384,zipf,0.0,10,1778279,0.0,0.0
frequency,cms-fastpath-vector2d,rows=3 cols=16384,zipf,0.0,10,3162278,0.0,0.0
frequency,cms-fastpath-vector2d,rows=3 cols=16384,zipf,0.0,10,5623413,0.0,0.0
frequency,cms-fastpath-vector2d,rows=3 cols=16384,zipf,0.0,10,10000000,0.0,0.0
frequency,cms-fastpath-vector2d,rows=3 cols=16384,zipf,0.0,10,17782794,0.0,0.0
frequency,cms-fastpath-vector2d,rows=3 cols=16384,zipf,0.0,10,31622777,0.0,0.0
frequency,cms-fastpath-vector2d,rows=3 cols=16384,zipf,0.0,10,56234133,0.0,0.0
frequency,cms-fastpath-vector2d,rows=3 cols=16384,zipf,0.0,10,100000000,0.0,0.0
frequency,cms-fastpath-vector2d,rows=3 cols=16384,zipf,0.0,100,1000,0.0,0.0
frequency,cms-fastpath-vector2d,rows=3 cols=16384,zipf,0.0,100,1778,0.0,0.0
frequency,cms-fastpath-vector2d,rows=3 cols=16384,zipf,0.0,100,3162,0.0,0.0
frequency,cms-fastpath-vector2d,rows=3 cols=16384,zipf,0.0,100,5623,0.0,0.0
frequency,cms-fastpath-vector2d,rows=3 cols=16384,zipf,0.0,100,10000,0.0,0.0
frequency,cms-fastpath-vector2d,rows=3 cols=16384,zipf,0.0,100,17783,0.0,0.0
frequency,cms-fastpath-vector2d,rows=3 cols=16384,zipf,0.0,100,31623,0.0,0.0
frequency,cms-fastpath-vector2d,rows=3 cols=16384,zipf,0.0,100,56234,0.0,0.0
frequency,cms-fastpath-vector2d,rows=3 cols=16384,zipf,0.0,100,100000,0.0,0.0
frequency,cms-fastpath-vector2d,rows=3 cols=16384,zipf,0.0,100,177828,0.0,0.0
frequency,cms-fastpath-vector2d,rows=3 cols=16384,zipf,0.0,100,316228,0.0,0.0
frequency,cms-fastpath-vector2d,rows=3 cols=16384,zipf,0.0,100,562341,0.0,0.0
frequency,cms-fastpath-vector2d,rows=3 cols=16384,zipf,0.0,100,1000000,0.0,0.0
frequency,cms-fastpath-vector2d,rows=3 cols=16384,zipf,0.0,100,1778279,0.0,0.0
frequency,cms-fastpath-vector2d,rows=3 cols=16384,zipf,0.0,100,3162278,0.0,0.0
frequency,cms-fastpath-vector2d,rows=3 cols=16384,zipf,0.0,100,5623413,0.0,0.0
frequency,cms-fastpath-vector2d,rows=3 cols=16384,zipf,0.0,100,10000000,0.0,0.0
frequency,cms-fastpath-vector2d,rows=3 cols=16384,zipf,0.0,100,17782794,0.0,0.0
frequency,cms-fastpath-vector2d,rows=3 cols=16384,zipf,0.0,100,31622777,0.0,0.0
frequency,cms-fastpath-vector2d,rows=3 cols=16384,zipf,0.0,100,56234133,0.0,0.0
frequency,cms-fastpath-vector2d,rows=3 cols=16384,zipf,0.0,100,100000000,0.0,0.0
frequency,cms-fastpath-vector2d,rows=3 cols=16384,zipf,0.0,10000,1000,0.0,0.0
frequency,cms-fastpath-vector2d,rows=3 cols=16384,zipf,0.0,10000,1778,0.0,0.0
frequency,cms-fastpath-vector2d,rows=3 cols=16384,zipf,0.0,10000,3162,0.0,0.0
frequency,cms-fastpath-vector2d,rows=3 cols=16384,zipf,0.0,10000,5623,0.006666666666666665,0.003849001794597505
frequency,cms-fastpath-vector2d,rows=3 cols=16384,zipf,0.0,10000,10000,0.0105,0.0021794494717703376
frequency,cms-fastpath-vector2d,rows=3 cols=16384,zipf,0.0,10000,17783,0.013353174603174603,0.0016858075109486175
frequency,cms-fastpath-vector2d,rows=3 cols=16384,zipf,0.0,10000,31623,0.024814814814814814,0.00555343323659391
frequency,cms-fastpath-vector2d,rows=3 cols=16384,zipf,0.0,10000,56234,0.039836601307189544,0.005444001239263352
frequency,cms-fastpath-vector2d,rows=3 cols=16384,zipf,0.0,10000,100000,0.04241133135869977,0.003513575142551208
frequency,cms-fastpath-vector2d,rows=3 cols=16384,zipf,0.0,10000,177828,0.047937892699298344,0.006332677631299618
frequency,cms-fastpath-vector2d,rows=3 cols=16384,zipf,0.0,10000,316228,0.06928891610843915,0.005036684508933741
frequency,cms-fastpath-vector2d,rows=3 cols=16384,zipf,0.0,10000,562341,0.056798552529284535,0.011895601148876484
frequency,cms-fastpath-vector2d,rows=3 cols=16384,zipf,0.0,10000,1000000,0.07958497498857259,0.009025012338772861
frequency,cms-fastpath-vector2d,rows=3 cols=16384,zipf,0.0,10000,1778279,0.09329485932669636,0.006708943627927158
frequency,cms-fastpath-vector2d,rows=3 cols=16384,zipf,0.0,10000,3162278,0.08279681296552092,0.017019981491232395
frequency,cms-fastpath-vector2d,rows=3 cols=16384,zipf,0.0,10000,5623413,0.10516728237554744,0.00013925542396393318
frequency,cms-fastpath-vector2d,rows=3 cols=16384,zipf,0.0,10000,10000000,0.07500278127050473,0.0035491806720404314
frequency,cms-fastpath-vector2d,rows=3 cols=16384,zipf,0.0,10000,17782794,0.0992281733257573,0.02171938201591663
frequency,cms-fastpath-vector2d,rows=3 cols=16384,zipf,0.0,10000,31622777,0.08476166711750312,0.014625941725360926
frequency,cms-fastpath-vector2d,rows=3 cols=16384,zipf,0.0,10000,56234133,0.09909177972399369,0.022542444111533926
frequency,cms-fastpath-vector2d,rows=3 cols=16384,zipf,0.0,10000,100000000,0.12259814493912997,0.00857140456513005
frequency,cms-fastpath-vector2d,rows=3 cols=16384,zipf,0.0,1000000,1000,0.0,0.0
frequency,cms-fastpath-vector2d,rows=3 cols=16384,zipf,0.0,1000000,1778,0.0,0.0
frequency,cms-fastpath-vector2d,rows=3 cols=16384,zipf,0.0,1000000,3162,0.0033333333333333335,0.0033333333333333335
frequency,cms-fastpath-vector2d,rows=3 cols=16384,zipf,0.0,1000000,5623,0.043333333333333335,0.016414763002993507
frequency,cms-fastpath-vector2d,rows=3 cols=16384,zipf,0.0,1000000,10000,0.075,0.015275252316519466
frequency,cms-fastpath-vector2d,rows=3 cols=16384,zipf,0.0,1000000,17783,0.1511111111111111,0.019539450438965527
frequency,cms-fastpath-vector2d,rows=3 cols=16384,zipf,0.0,1000000,31623,0.45,0.005091750772173152
frequency,cms-fastpath-vector2d,rows=3 cols=16384,zipf,0.0,1000000,56234,0.8488888888888888,0.047241825996216416
frequency,cms-fastpath-vector2d,rows=3 cols=16384,zipf,0.0,1000000,100000,1.2978333333333336,0.04290083310941035
frequency,cms-fastpath-vector2d,rows=3 cols=16384,zipf,0.0,1000000,177828,2.3436666666666666,0.03730095321987291
frequency,cms-fastpath-vector2d,rows=3 cols=16384,zipf,0.0,1000000,316228,3.584222222222222,0.005149913100069912
frequency,cms-fastpath-vector2d,rows=3 cols=16384,zipf,0.0,1000000,562341,5.3629999999999995,0.0779907741118192
frequency,cms-fastpath-vector2d,rows=3 cols=16384,zipf,0.0,1000000,1000000,7.423234126984127,0.12600433792228363
frequency,cms-fastpath-vector2d,rows=3 cols=16384,zipf,0.0,1000000,1778279,10.395627946127945,0.10058875447532058
frequency,cms-fastpath-vector2d,rows=3 cols=16384,zipf,0.0,1000000,3162278,13.813007326007329,0.014612891027899798
frequency,cms-fastpath-vector2d,rows=3 cols=16384,zipf,0.0,1000000,5623413,17.69535550682261,0.13063059825229414
frequency,cms-fastpath-vector2d,rows=3 cols=16384,zipf,0.0,1000000,10000000,22.03465375118709,0.018412887545528084
frequency,cms-fastpath-vector2d,rows=3 cols=16384,zipf,0.0,1000000,17782794,26.17673903093447,0.102307013255395
frequency,cms-fastpath-vector2d,rows=3 cols=16384,zipf,0.0,1000000,31622777,30.887441157953244,0.21095403115933206
frequency,cms-fastpath-vector2d,rows=3 cols=16384,zipf,0.0,1000000,56234133,34.56681767811108,0.33494589602742986
frequency,cms-fastpath-vector2d,rows=3 cols=16384,zipf,0.0,1000000,100000000,38.357742003806884,0.009509009124696155
frequency,cms-fastpath-vector2d,rows=3 cols=16384,zipf,0.5,10,1000,0.0,0.0
frequency,cms-fastpath-vector2d,rows=3 cols=16384,zipf,0.5,10,1778,0.0,0.0
frequency,cms-fastpath-vector2d,rows=3 cols=16384,zipf,0.5,10,3162,0.0,0.0
frequency,cms-fastpath-vector2d,rows=3 cols=16384,zipf,0.5,10,5623,0.0,0.0
frequency,cms-fastpath-vector2d,rows=3 cols=16384,zipf,0.5,10,10000,0.0,0.0
frequency,cms-fastpath-vector2d,rows=3 cols=16384,zipf,0.5,10,17783,0.0,0.0
frequency,cms-fastpath-vector2d,rows=3 cols=16384,zipf,0.5,10,31623,0.0,0.0
frequency,cms-fastpath-vector2d,rows=3 cols=16384,zipf,0.5,10,56234,0.0,0.0
frequency,cms-fastpath-vector2d,rows=3 cols=16384,zipf,0.5,10,100000,0.0,0.0
frequency,cms-fastpath-vector2d,rows=3 cols=16384,zipf,0.5,10,177828,0.0,0.0
frequency,cms-fastpath-vector2d,rows=3 cols=16384,zipf,0.5,10,316228,0.0,0.0
frequency,cms-fastpath-vector2d,rows=3 cols=16384,zipf,0.5,10,562341,0.0,0.0
frequency,cms-fastpath-vector2d,rows=3 cols=16384,zipf,0.5,10,1000000,0.0,0.0
frequency,cms-fastpath-vector2d,rows=3 cols=16384,zipf,0.5,10,1778279,0.0,0.0
frequency,cms-fastpath-vector2d,rows=3 cols=16384,zipf,0.5,10,3162278,0.0,0.0
frequency,cms-fastpath-vector2d,rows=3 cols=16384,zipf,0.5,10,5623413,0.0,0.0
frequency,cms-fastpath-vector2d,rows=3 cols=16384,zipf,0.5,10,10000000,0.0,0.0
frequency,cms-fastpath-vector2d,rows=3 cols=16384,zipf,0.5,10,17782794,0.0,0.0
frequency,cms-fastpath-vector2d,rows=3 cols=16384,zipf,0.5,10,31622777,0.0,0.0
frequency,cms-fastpath-vector2d,rows=3 cols=16384,zipf,0.5,10,56234133,0.0,0.0
frequency,cms-fastpath-vector2d,rows=3 cols=16384,zipf,0.5,10,100000000,0.0,0.0
frequency,cms-fastpath-vector2d,rows=3 cols=16384,zipf,0.5,100,1000,0.0,0.0
frequency,cms-fastpath-vector2d,rows=3 cols=16384,zipf,0.5,100,1778,0.0,0.0
frequency,cms-fastpath-vector2d,rows=3 cols=16384,zipf,0.5,100,3162,0.0,0.0
frequency,cms-fastpath-vector2d,rows=3 cols=16384,zipf,0.5,100,5623,0.0,0.0
frequency,cms-fastpath-vector2d,rows=3 cols=16384,zipf,0.5,100,10000,0.0,0.0
frequency,cms-fastpath-vector2d,rows=3 cols=16384,zipf,0.5,100,17783,0.0,0.0
frequency,cms-fastpath-vector2d,rows=3 cols=16384,zipf,0.5,100,31623,0.0,0.0
frequency,cms-fastpath-vector2d,rows=3 cols=16384,zipf,0.5,100,56234,0.0,0.0
frequency,cms-fastpath-vector2d,rows=3 cols=16384,zipf,0.5,100,100000,0.0,0.0
frequency,cms-fastpath-vector2d,rows=3 cols=16384,zipf,0.5,100,177828,0.0,0.0
frequency,cms-fastpath-vector2d,rows=3 cols=16384,zipf,0.5,100,316228,0.0,0.0
frequency,cms-fastpath-vector2d,rows=3 cols=16384,zipf,0.5,100,562341,0.0,0.0
frequency,cms-fastpath-vector2d,rows=3 cols=16384,zipf,0.5,100,1000000,0.0,0.0
frequency,cms-fastpath-vector2d,rows=3 cols=16384,zipf,0.5,100,1778279,0.0,0.0
frequency,cms-fastpath-vector2d,rows=3 cols=16384,zipf,0.5,100,3162278,0.0,0.0
frequency,cms-fastpath-vector2d,rows=3 cols=16384,zipf,0.5,100,5623413,0.0,0.0
frequency,cms-fastpath-vector2d,rows=3 cols=16384,zipf,0.5,100,10000000,0.0,0.0
frequency,cms-fastpath-vector2d,rows=3 cols=16384,zipf,0.5,100,17782794,0.0,0.0
frequency,cms-fastpath-vector2d,rows=3 cols=16384,zipf,0.5,100,31622777,0.0,0.0
frequency,cms-fastpath-vector2d,rows=3 cols=16384,zipf,0.5,100,56234133,0.0,0.0
frequency,cms-fastpath-vector2d,rows=3 cols=16384,zipf,0.5,100,100000000,0.0,0.0
frequency,cms-fastpath-vector2d,rows=3 cols=16384,zipf,0.5,10000,1000,0.0,0.0
frequency,cms-fastpath-vector2d,rows=3 cols=16384,zipf,0.5,10000,1778,0.0,0.0
frequency,cms-fastpath-vector2d,rows=3 cols=16384,zipf,0.5,10000,3162,0.0022222222222222222,0.0022222222222222222
frequency,cms-fastpath-vector2d,rows=3 cols=16384,zipf,0.5,10000,5623,0.0015000000000000002,0.0007637626158259734
frequency,cms-fastpath-vector2d,rows=3 cols=16384,zipf,0.5,10000,10000,0.002617845117845118,0.0003624663572356079
frequency,cms-fastpath-vector2d,rows=3 cols=16384,zipf,0.5,10000,17783,0.002626023486317604,0.0011632999008529652
frequency,cms-fastpath-vector2d,rows=3 cols=16384,zipf,0.5,10000,31623,0.004009128408215629,0.0020475532251736034
frequency,cms-fastpath-vector2d,rows=3 cols=16384,zipf,0.5,10000,56234,0.004477267636155104,0.0012677189855332578
frequency,cms-fastpath-vector2d,rows=3 cols=16384,zipf,0.5,10000,100000,0.0044273583431259575,0.0005726173651972467
frequency,cms-fastpath-vector2d,rows=3 cols=16384,zipf,0.5,10000,177828,0.004782636144927396,0.0009430888654568721
frequency,cms-fastpath-vector2d,rows=3 cols=16384,zipf,0.5,10000,316228,0.004881035018537024,0.00019606404741034933
frequency,cms-fastpath-vector2d,rows=3 cols=16384,zipf,0.5,10000,562341,0.004312386028612222,0.0005642307755410454
frequency,cms-fastpath-vector2d,rows=3 cols=16384,zipf,0.5,10000,1000000,0.005246334860028391,0.0001408315799500916
frequency,cms-fastpath-vector2d,rows=3 cols=16384,zipf,0.5,10000,1778279,0.005406837245940027,0.00014452798107106942
frequency,cms-fastpath-vector2d,rows=3 cols=16384,zipf,0.5,10000,3162278,0.005291030887547707,3.0255221140201438e-05
frequency,cms-fastpath-vector2d,rows=3 cols=16384,zipf,0.5,10000,5623413,0.005250733472196403,4.8158247903811725e-05
frequency,cms-fastpath-vector2d,rows=3 cols=16384,zipf,0.5,10000,10000000,0.00522608726660494,3.592013013090466e-05
frequency,cms-fastpath-vector2d,rows=3 cols=16384,zipf,0.5,10000,17782794,0.0052519318174127335,3.721479327519614e-05
frequency,cms-fastpath-vector2d,rows=3 cols=16384,zipf,0.5,10000,31622777,0.0052917639660543326,6.562338634411035e-05
frequency,cms-fastpath-vector2d,rows=3 cols=16384,zipf,0.5,10000,56234133,0.0053041730474067475,2.6358875913927487e-05
frequency,cms-fastpath-vector2d,rows=3 cols=16384,zipf,0.5,10000,100000000,0.005302478646749701,1.3871501410114603e-05
frequency,cms-fastpath-vector2d,rows=3 cols=16384,zipf,0.5,1000000,1000,0.0,0.0
frequency,cms-fastpath-vector2d,rows=3 cols=16384,zipf,0.5,1000000,1778,0.006666666666666667,0.006666666666666667
frequency,cms-fastpath-vector2d,rows=3 cols=16384,zipf,0.5,1000000,3162,0.016666666666666666,0.008819171036881969
frequency,cms-fastpath-vector2d,rows=3 cols=16384,zipf,0.5,1000000,5623,0.023333333333333334,0.004409585518440984
frequency,cms-fastpath-vector2d,rows=3 cols=16384,zipf,0.5,1000000,10000,0.05277777777777778,0.00862454149792224
frequency,cms-fastpath-vector2d,rows=3 cols=16384,zipf,0.5,1000000,17783,0.12089814814814814,0.012784884631246914
frequency,cms-fastpath-vector2d,rows=3 cols=16384,zipf,0.5,1000000,31623,0.23072188269247085,0.016775623539339903
frequency,cms-fastpath-vector2d,rows=3 cols=16384,zipf,0.5,1000000,56234,0.3603036428213633,0.007088124119987067
frequency,cms-fastpath-vector2d,rows=3 cols=16384,zipf,0.5,1000000,100000,0.43753959127267045,0.01961218559024792
frequency,cms-fastpath-vector2d,rows=3 cols=16384,zipf,0.5,1000000,177828,0.49987443176274,0.013184010006962909
frequency,cms-fastpath-vector2d,rows=3 cols=16384,zipf,0.5,1000000,316228,0.5624308614955732,0.006598355677629104
frequency,cms-fastpath-vector2d,rows=3 cols=16384,zipf,0.5,1000000,562341,0.6139771178564284,0.0004130300873516671
frequency,cms-fastpath-vector2d,rows=3 cols=16384,zipf,0.5,1000000,1000000,0.6445913567510391,0.007130492911289168
frequency,cms-fastpath-vector2d,rows=3 cols=16384,zipf,0.5,1000000,1778279,0.659118302424976,0.003602144380562286
frequency,cms-fastpath-vector2d,rows=3 cols=16384,zipf,0.5,1000000,3162278,0.668435056848646,0.007156862142090755
frequency,cms-fastpath-vector2d,rows=3 cols=16384,zipf,0.5,1000000,5623413,0.6726701293189805,0.002253681741516115
frequency,cms-fastpath-vector2d,rows=3 cols=16384,zipf,0.5,1000000,10000000,0.6760157650817065,0.0029209832608687995
frequency,cms-fastpath-vector2d,rows=3 cols=16384,zipf,0.5,1000000,17782794,0.6750196020037542,0.0029976701206846914
frequency,cms-fastpath-vector2d,rows=3 cols=16384,zipf,0.5,1000000,31622777,0.674737049713193,0.0005865001263078071
frequency,cms-fastpath-vector2d,rows=3 cols=16384,zipf,0.5,1000000,56234133,0.6736185303661983,0.0018349780953253474
frequency,cms-fastpath-vector2d,rows=3 cols=16384,zipf,0.5,1000000,100000000,0.6750981412439577,0.0022986874488271133
frequency,cms-fastpath-vector2d,rows=3 cols=16384,zipf,1.0,10,1000,0.0,0.0
frequency,cms-fastpath-vector2d,rows=3 cols=16384,zipf,1.0,10,1778,0.0,0.0
frequency,cms-fastpath-vector2d,rows=3 cols=16384,zipf,1.0,10,3162,0.0,0.0
frequency,cms-fastpath-vector2d,rows=3 cols=16384,zipf,1.0,10,5623,0.0,0.0
frequency,cms-fastpath-vector2d,rows=3 cols=16384,zipf,1.0,10,10000,0.0,0.0
frequency,cms-fastpath-vector2d,rows=3 cols=16384,zipf,1.0,10,17783,0.0,0.0
frequency,cms-fastpath-vector2d,rows=3 cols=16384,zipf,1.0,10,31623,0.0,0.0
frequency,cms-fastpath-vector2d,rows=3 cols=16384,zipf,1.0,10,56234,0.0,0.0
frequency,cms-fastpath-vector2d,rows=3 cols=16384,zipf,1.0,10,100000,0.0,0.0
frequency,cms-fastpath-vector2d,rows=3 cols=16384,zipf,1.0,10,177828,0.0,0.0
frequency,cms-fastpath-vector2d,rows=3 cols=16384,zipf,1.0,10,316228,0.0,0.0
frequency,cms-fastpath-vector2d,rows=3 cols=16384,zipf,1.0,10,562341,0.0,0.0
frequency,cms-fastpath-vector2d,rows=3 cols=16384,zipf,1.0,10,1000000,0.0,0.0
frequency,cms-fastpath-vector2d,rows=3 cols=16384,zipf,1.0,10,1778279,0.0,0.0
frequency,cms-fastpath-vector2d,rows=3 cols=16384,zipf,1.0,10,3162278,0.0,0.0
frequency,cms-fastpath-vector2d,rows=3 cols=16384,zipf,1.0,10,5623413,0.0,0.0
frequency,cms-fastpath-vector2d,rows=3 cols=16384,zipf,1.0,10,10000000,0.0,0.0
frequency,cms-fastpath-vector2d,rows=3 cols=16384,zipf,1.0,10,17782794,0.0,0.0
frequency,cms-fastpath-vector2d,rows=3 cols=16384,zipf,1.0,10,31622777,0.0,0.0
frequency,cms-fastpath-vector2d,rows=3 cols=16384,zipf,1.0,10,56234133,0.0,0.0
frequency,cms-fastpath-vector2d,rows=3 cols=16384,zipf,1.0,10,100000000,0.0,0.0
frequency,cms-fastpath-vector2d,rows=3 cols=16384,zipf,1.0,100,1000,0.0,0.0
frequency,cms-fastpath-vector2d,rows=3 cols=16384,zipf,1.0,100,1778,0.0,0.0
frequency,cms-fastpath-vector2d,rows=3 cols=16384,zipf,1.0,100,3162,0.0,0.0
frequency,cms-fastpath-vector2d,rows=3 cols=16384,zipf,1.0,100,5623,0.0,0.0
frequency,cms-fastpath-vector2d,rows=3 cols=16384,zipf,1.0,100,10000,0.0,0.0
frequency,cms-fastpath-vector2d,rows=3 cols=16384,zipf,1.0,100,17783,0.0,0.0
frequency,cms-fastpath-vector2d,rows=3 cols=16384,zipf,1.0,100,31623,0.0,0.0
frequency,cms-fastpath-vector2d,rows=3 cols=16384,zipf,1.0,100,56234,0.0,0.0
frequency,cms-fastpath-vector2d,rows=3 cols=16384,zipf,1.0,100,100000,0.0,0.0
frequency,cms-fastpath-vector2d,rows=3 cols=16384,zipf,1.0,100,177828,0.0,0.0
frequency,cms-fastpath-vector2d,rows=3 cols=16384,zipf,1.0,100,316228,0.0,0.0
frequency,cms-fastpath-vector2d,rows=3 cols=16384,zipf,1.0,100,562341,0.0,0.0
frequency,cms-fastpath-vector2d,rows=3 cols=16384,zipf,1.0,100,1000000,0.0,0.0
frequency,cms-fastpath-vector2d,rows=3 cols=16384,zipf,1.0,100,1778279,0.0,0.0
frequency,cms-fastpath-vector2d,rows=3 cols=16384,zipf,1.0,100,3162278,0.0,0.0
frequency,cms-fastpath-vector2d,rows=3 cols=16384,zipf,1.0,100,5623413,0.0,0.0
frequency,cms-fastpath-vector2d,rows=3 cols=16384,zipf,1.0,100,10000000,0.0,0.0
frequency,cms-fastpath-vector2d,rows=3 cols=16384,zipf,1.0,100,17782794,0.0,0.0
frequency,cms-fastpath-vector2d,rows=3 cols=16384,zipf,1.0,100,31622777,0.0,0.0
frequency,cms-fastpath-vector2d,rows=3 cols=16384,zipf,1.0,100,56234133,0.0,0.0
frequency,cms-fastpath-vector2d,rows=3 cols=16384,zipf,1.0,100,100000000,0.0,0.0
frequency,cms-fastpath-vector2d,rows=3 cols=16384,zipf,1.0,10000,1000,0.0,0.0
frequency,cms-fastpath-vector2d,rows=3 cols=16384,zipf,1.0,10000,1778,0.0,0.0
frequency,cms-fastpath-vector2d,rows=3 cols=16384,zipf,1.0,10000,3162,0.0,0.0
frequency,cms-fastpath-vector2d,rows=3 cols=16384,zipf,1.0,10000,5623,0.0,0.0
frequency,cms-fastpath-vector2d,rows=3 cols=16384,zipf,1.0,10000,10000,0.0,0.0
frequency,cms-fastpath-vector2d,rows=3 cols=16384,zipf,1.0,10000,17783,0.0003203661327231121,0.00016234780056287386
frequency,cms-fastpath-vector2d,rows=3 cols=16384,zipf,1.0,10000,31623,0.00033827597685380436,9.992357879978052e-05
frequency,cms-fastpath-vector2d,rows=3 cols=16384,zipf,1.0,10000,56234,0.0008294638499439988,0.00023359730838828186
frequency,cms-fastpath-vector2d,rows=3 cols=16384,zipf,1.0,10000,100000,0.0007037524074330142,0.00014622501783482134
frequency,cms-fastpath-vector2d,rows=3 cols=16384,zipf,1.0,10000,177828,0.0006450529290934216,5.482607934903975e-05
frequency,cms-fastpath-vector2d,rows=3 cols=16384,zipf,1.0,10000,316228,0.0005992439367723143,5.704658758811835e-05
frequency,cms-fastpath-vector2d,rows=3 cols=16384,zipf,1.0,10000,562341,0.0005643780145216547,2.3616026400691805e-05
frequency,cms-fastpath-vector2d,rows=3 cols=16384,zipf,1.0,10000,1000000,0.0005501005803102209,8.893730273891806e-06
frequency,cms-fastpath-vector2d,rows=3 cols=16384,zipf,1.0,10000,1778279,0.0006209089950184168,2.87351564702208e-05
frequency,cms-fastpath-vector2d,rows=3 cols=16384,zipf,1.0,10000,3162278,0.0006188343198334335,2.463116409845395e-05
frequency,cms-fastpath-vector2d,rows=3 cols=16384,zipf,1.0,10000,5623413,0.0006081613607328891,2.5629344749873968e-05
frequency,cms-fastpath-vector2d,rows=3 cols=16384,zipf,1.0,10000,10000000,0.0005988634036623915,1.1622708915929265e-05
frequency,cms-fastpath-vector2d,rows=3 cols=16384,zipf,1.0,10000,17782794,0.0005901793917376698,5.08153874496392e-06
frequency,cms-fastpath-vector2d,rows=3 cols=16384,zipf,1.0,10000,31622777,0.0005863423520958698,2.5225952599132604e-06
frequency,cms-fastpath-vector2d,rows=3 cols=16384,zipf,1.0,10000,56234133,0.0005897564092766254,3.001140527402995e-06
frequency,cms-fastpath-vector2d,rows=3 cols=16384,zipf,1.0,10000,100000000,0.0005907092178442194,3.767469256151866e-06
frequency,cms-fastpath-vector2d,rows=3 cols=16384,zipf,1.0,1000000,1000,0.0,0.0
frequency,cms-fastpath-vector2d,rows=3 cols=16384,zipf,1.0,1000000,1778,0.0,0.0
frequency,cms-fastpath-vector2d,rows=3 cols=16384,zipf,1.0,1000000,3162,0.0,0.0
frequency,cms-fastpath-vector2d,rows=3 cols=16384,zipf,1.0,1000000,5623,0.0,0.0
frequency,cms-fastpath-vector2d,rows=3 cols=16384,zipf,1.0,1000000,10000,0.0005681818181818183,0.0003652898015527635
frequency,cms-fastpath-vector2d,rows=3 cols=16384,zipf,1.0,1000000,17783,0.004154542167084278,0.0006782905604270752
frequency,cms-fastpath-vector2d,rows=3 cols=16384,zipf,1.0,1000000,31623,0.0050090947280368595,0.0009472285314147584
frequency,cms-fastpath-vector2d,rows=3 cols=16384,zipf,1.0,1000000,56234,0.008093774280519949,0.0009078932904654285
frequency,cms-fastpath-vector2d,rows=3 cols=16384,zipf,1.0,1000000,100000,0.010381150552083891,0.0009075517120672827
frequency,cms-fastpath-vector2d,rows=3 cols=16384,zipf,1.0,1000000,177828,0.011621965903438539,0.0006935133201827034
frequency,cms-fastpath-vector2d,rows=3 cols=16384,zipf,1.0,1000000,316228,0.012410416590878695,0.00011883214787686391
frequency,cms-fastpath-vector2d,rows=3 cols=16384,zipf,1.0,1000000,562341,0.012280703305579463,0.0001275548674285332
frequency,cms-fastpath-vector2d,rows=3 cols=16384,zipf,1.0,1000000,1000000,0.012878759260302915,0.00024298049195890022
frequency,cms-fastpath-vector2d,rows=3 cols=16384,zipf,1.0,1000000,1778279,0.012840693684325805,0.00016911076549830988
frequency,cms-fastpath-vector2d,rows=3 cols=16384,zipf,1.0,1000000,3162278,0.012988335906375147,0.00019603167982540278
frequency,cms-fastpath-vector2d,rows=3 cols=16384,zipf,1.0,1000000,5623413,0.012933327846120696,8.085584019920053e-05
frequency,cms-fastpath-vector2d,rows=3 cols=16384,zipf,1.0,1000000,10000000,0.013013327006327569,5.7760686059294094e-05
frequency,cms-fastpath-vector2d,rows=3 cols=16384,zipf,1.0,1000000,17782794,0.013045434541266982,3.0411282390913798e-05
frequency,cms-fastpath-vector2d,rows=3 cols=16384,zipf,1.0,1000000,31622777,0.01302166369644542,2.9546386875554187e-05
frequency,cms-fastpath-vector2d,rows=3 cols=16384,zipf,1.0,1000000,56234133,0.013000119756124135,3.318637731274287e-05
frequency,cms-fastpath-vector2d,rows=3 cols=16384,zipf,1.0,1000000,100000000,0.012972256425557467,3.240649795701998e-05
frequency,cms-fastpath-vector2d,rows=3 cols=16384,zipf,1.5,10,1000,0.0,0.0
frequency,cms-fastpath-vector2d,rows=3 cols=16384,zipf,1.5,10,1778,0.0,0.0
frequency,cms-fastpath-vector2d,rows=3 cols=16384,zipf,1.5,10,3162,0.0,0.0
frequency,cms-fastpath-vector2d,rows=3 cols=16384,zipf,1.5,10,5623,0.0,0.0
frequency,cms-fastpath-vector2d,rows=3 cols=16384,zipf,1.5,10,10000,0.0,0.0
frequency,cms-fastpath-vector2d,rows=3 cols=16384,zipf,1.5,10,17783,0.0,0.0
frequency,cms-fastpath-vector2d,rows=3 cols=16384,zipf,1.5,10,31623,0.0,0.0
frequency,cms-fastpath-vector2d,rows=3 cols=16384,zipf,1.5,10,56234,0.0,0.0
frequency,cms-fastpath-vector2d,rows=3 cols=16384,zipf,1.5,10,100000,0.0,0.0
frequency,cms-fastpath-vector2d,rows=3 cols=16384,zipf,1.5,10,177828,0.0,0.0
frequency,cms-fastpath-vector2d,rows=3 cols=16384,zipf,1.5,10,316228,0.0,0.0
frequency,cms-fastpath-vector2d,rows=3 cols=16384,zipf,1.5,10,562341,0.0,0.0
frequency,cms-fastpath-vector2d,rows=3 cols=16384,zipf,1.5,10,1000000,0.0,0.0
frequency,cms-fastpath-vector2d,rows=3 cols=16384,zipf,1.5,10,1778279,0.0,0.0
frequency,cms-fastpath-vector2d,rows=3 cols=16384,zipf,1.5,10,3162278,0.0,0.0
frequency,cms-fastpath-vector2d,rows=3 cols=16384,zipf,1.5,10,5623413,0.0,0.0
frequency,cms-fastpath-vector2d,rows=3 cols=16384,zipf,1.5,10,10000000,0.0,0.0
frequency,cms-fastpath-vector2d,rows=3 cols=16384,zipf,1.5,10,17782794,0.0,0.0
frequency,cms-fastpath-vector2d,rows=3 cols=16384,zipf,1.5,10,31622777,0.0,0.0
frequency,cms-fastpath-vector2d,rows=3 cols=16384,zipf,1.5,10,56234133,0.0,0.0
frequency,cms-fastpath-vector2d,rows=3 cols=16384,zipf,1.5,10,100000000,0.0,0.0
frequency,cms-fastpath-vector2d,rows=3 cols=16384,zipf,1.5,100,1000,0.0,0.0
frequency,cms-fastpath-vector2d,rows=3 cols=16384,zipf,1.5,100,1778,0.0,0.0
frequency,cms-fastpath-vector2d,rows=3 cols=16384,zipf,1.5,100,3162,0.0,0.0
frequency,cms-fastpath-vector2d,rows=3 cols=16384,zipf,1.5,100,5623,0.0,0.0
frequency,cms-fastpath-vector2d,rows=3 cols=16384,zipf,1.5,100,10000,0.0,0.0
frequency,cms-fastpath-vector2d,rows=3 cols=16384,zipf,1.5,100,17783,0.0,0.0
frequency,cms-fastpath-vector2d,rows=3 cols=16384,zipf,1.5,100,31623,0.0,0.0
frequency,cms-fastpath-vector2d,rows=3 cols=16384,zipf,1.5,100,56234,0.0,0.0
frequency,cms-fastpath-vector2d,rows=3 cols=16384,zipf,1.5,100,100000,0.0,0.0
frequency,cms-fastpath-vector2d,rows=3 cols=16384,zipf,1.5,100,177828,0.0,0.0
frequency,cms-fastpath-vector2d,rows=3 cols=16384,zipf,1.5,100,316228,0.0,0.0
frequency,cms-fastpath-vector2d,rows=3 cols=16384,zipf,1.5,100,562341,0.0,0.0
frequency,cms-fastpath-vector2d,rows=3 cols=16384,zipf,1.5,100,1000000,0.0,0.0
frequency,cms-fastpath-vector2d,rows=3 cols=16384,zipf,1.5,100,1778279,0.0,0.0
frequency,cms-fastpath-vector2d,rows=3 cols=16384,zipf,1.5,100,3162278,0.0,0.0
frequency,cms-fastpath-vector2d,rows=3 cols=16384,zipf,1.5,100,5623413,0.0,0.0
frequency,cms-fastpath-vector2d,rows=3 cols=16384,zipf,1.5,100,10000000,0.0,0.0
frequency,cms-fastpath-vector2d,rows=3 cols=16384,zipf,1.5,100,17782794,0.0,0.0
frequency,cms-fastpath-vector2d,rows=3 cols=16384,zipf,1.5,100,31622777,0.0,0.0
frequency,cms-fastpath-vector2d,rows=3 cols=16384,zipf,1.5,100,56234133,0.0,0.0
frequency,cms-fastpath-vector2d,rows=3 cols=16384,zipf,1.5,100,100000000,0.0,0.0
frequency,cms-fastpath-vector2d,rows=3 cols=16384,zipf,1.5,10000,1000,0.0,0.0
frequency,cms-fastpath-vector2d,rows=3 cols=16384,zipf,1.5,10000,1778,0.0,0.0
frequency,cms-fastpath-vector2d,rows=3 cols=16384,zipf,1.5,10000,3162,0.0,0.0
frequency,cms-fastpath-vector2d,rows=3 cols=16384,zipf,1.5,10000,5623,0.0,0.0
frequency,cms-fastpath-vector2d,rows=3 cols=16384,zipf,1.5,10000,10000,0.0,0.0
frequency,cms-fastpath-vector2d,rows=3 cols=16384,zipf,1.5,10000,17783,0.0,0.0
frequency,cms-fastpath-vector2d,rows=3 cols=16384,zipf,1.5,10000,31623,0.0,0.0
frequency,cms-fastpath-vector2d,rows=3 cols=16384,zipf,1.5,10000,56234,0.0,0.0
frequency,cms-fastpath-vector2d,rows=3 cols=16384,zipf,1.5,10000,100000,0.00015331986021641195,8.355453047491957e-05
frequency,cms-fastpath-vector2d,rows=3 cols=16384,zipf,1.5,10000,177828,8.919710652383922e-05,4.8911968113331464e-05
frequency,cms-fastpath-vector2d,rows=3 cols=16384,zipf,1.5,10000,316228,6.130487610548961e-05,1.7886000461115542e-05
frequency,cms-fastpath-vector2d,rows=3 cols=16384,zipf,1.5,10000,562341,7.70309608313199e-05,9.011655798146377e-06
frequency,cms-fastpath-vector2d,rows=3 cols=16384,zipf,1.5,10000,1000000,9.14839892769517e-05,1.002329351643429e-05
frequency,cms-fastpath-vector2d,rows=3 cols=16384,zipf,1.5,10000,1778279,7.643984903800843e-05,8.118961436685286e-06
frequency,cms-fastpath-vector2d,rows=3 cols=16384,zipf,1.5,10000,3162278,7.080110390689051e-05,4.062368322289196e-06
frequency,cms-fastpath-vector2d,rows=3 cols=16384,zipf,1.5,10000,5623413,7.427283383726433e-05,4.450127850364118e-06
frequency,cms-fastpath-vector2d,rows=3 cols=16384,zipf,1.5,10000,10000000,7.328052959222233e-05,6.014778362531316e-06
frequency,cms-fastpath-vector2d,rows=3 cols=16384,zipf,1.5,10000,17782794,7.144108035630783e-05,3.954400784244478e-06
frequency,cms-fastpath-vector2d,rows=3 cols=16384,zipf,1.5,10000,31622777,6.589144614307256e-05,3.453771846612709e-06
frequency,cms-fastpath-vector2d,rows=3 cols=16384,zipf,1.5,10000,56234133,6.758762414833069e-05,4.397270528377474e-06
frequency,cms-fastpath-vector2d,rows=3 cols=16384,zipf,1.5,10000,100000000,6.886757835861399e-05,2.4785601700104486e-06
frequency,cms-fastpath-vector2d,rows=3 cols=16384,zipf,1.5,1000000,1000,0.0,0.0
frequency,cms-fastpath-vector2d,rows=3 cols=16384,zipf,1.5,1000000,1778,0.0,0.0
frequency,cms-fastpath-vector2d,rows=3 cols=16384,zipf,1.5,1000000,3162,0.0,0.0
frequency,cms-fastpath-vector2d,rows=3 cols=16384,zipf,1.5,1000000,5623,0.0,0.0
frequency,cms-fastpath-vector2d,rows=3 cols=16384,zipf,1.5,1000000,10000,0.0,0.0
frequency,cms-fastpath-vector2d,rows=3 cols=16384,zipf,1.5,1000000,17783,0.0,0.0
frequency,cms-fastpath-vector2d,rows=3 cols=16384,zipf,1.5,1000000,31623,3.9215686274509805e-05,3.9215686274509805e-05
frequency,cms-fastpath-vector2d,rows=3 cols=16384,zipf,1.5,1000000,56234,2.666666666666667e-05,2.6666666666666667e-05
frequency,cms-fastpath-vector2d,rows=3 cols=16384,zipf,1.5,1000000,100000,1.4947683109118085e-05,1.4947683109118085e-05
frequency,cms-fastpath-vector2d,rows=3 cols=16384,zipf,1.5,1000000,177828,2.7958973003496685e-05,2.7958973003496688e-05
frequency,cms-fastpath-vector2d,rows=3 cols=16384,zipf,1.5,1000000,316228,0.00020358398085976235,7.602495903120721e-05
frequency,cms-fastpath-vector2d,rows=3 cols=16384,zipf,1.5,1000000,562341,0.00015231306057890217,1.6826492398389885e-05
frequency,cms-fastpath-vector2d,rows=3 cols=16384,zipf,1.5,1000000,1000000,0.0002559502980563468,2.3101980062201453e-05
frequency,cms-fastpath-vector2d,rows=3 cols=16384,zipf,1.5,1000000,1778279,0.00029062500505965894,6.341078787230592e-06
frequency,cms-fastpath-vector2d,rows=3 cols=16384,zipf,1.5,1000000,3162278,0.00032020313459821026,1.8074342460739346e-05
frequency,cms-fastpath-vector2d,rows=3 cols=16384,zipf,1.5,1000000,5623413,0.00034793924092833893,4.349516697133693e-06
frequency,cms-fastpath-vector2d,rows=3 cols=16384,zipf,1.5,1000000,10000000,0.0003817201529910321,2.093414330515999e-05
frequency,cms-fastpath-vector2d,rows=3 cols=16384,zipf,1.5,1000000,17782794,0.0003978254459530793,1.1379431287429095e-05
frequency,cms-fastpath-vector2d,rows=3 cols=16384,zipf,1.5,1000000,31622777,0.00041479945364065584,1.581027381667843e-05
frequency,cms-fastpath-vector2d,rows=3 cols=16384,zipf,1.5,1000000,56234133,0.0004253863529466836,1.0238441287018765e-05
frequency,cms-fastpath-vector2d,rows=3 cols=16384,zipf,1.5,1000000,100000000,0.00043578086312209027,7.524894451935575e-06
frequency,cms-fastpath-vector2d,rows=3 cols=16384,zipf,2.0,10,1000,0.0,0.0
frequency,cms-fastpath-vector2d,rows=3 cols=16384,zipf,2.0,10,1778,0.0,0.0
frequency,cms-fastpath-vector2d,rows=3 cols=16384,zipf,2.0,10,3162,0.0,0.0
frequency,cms-fastpath-vector2d,rows=3 cols=16384,zipf,2.0,10,5623,0.0,0.0
frequency,cms-fastpath-vector2d,rows=3 cols=16384,zipf,2.0,10,10000,0.0,0.0
frequency,cms-fastpath-vector2d,rows=3 cols=16384,zipf,2.0,10,17783,0.0,0.0
frequency,cms-fastpath-vector2d,rows=3 cols=16384,zipf,2.0,10,31623,0.0,0.0
frequency,cms-fastpath-vector2d,rows=3 cols=16384,zipf,2.0,10,56234,0.0,0.0
frequency,cms-fastpath-vector2d,rows=3 cols=16384,zipf,2.0,10,100000,0.0,0.0
frequency,cms-fastpath-vector2d,rows=3 cols=16384,zipf,2.0,10,177828,0.0,0.0
frequency,cms-fastpath-vector2d,rows=3 cols=16384,zipf,2.0,10,316228,0.0,0.0
frequency,cms-fastpath-vector2d,rows=3 cols=16384,zipf,2.0,10,562341,0.0,0.0
frequency,cms-fastpath-vector2d,rows=3 cols=16384,zipf,2.0,10,1000000,0.0,0.0
frequency,cms-fastpath-vector2d,rows=3 cols=16384,zipf,2.0,10,1778279,0.0,0.0
frequency,cms-fastpath-vector2d,rows=3 cols=16384,zipf,2.0,10,3162278,0.0,0.0
frequency,cms-fastpath-vector2d,rows=3 cols=16384,zipf,2.0,10,5623413,0.0,0.0
frequency,cms-fastpath-vector2d,rows=3 cols=16384,zipf,2.0,10,10000000,0.0,0.0
frequency,cms-fastpath-vector2d,rows=3 cols=16384,zipf,2.0,10,17782794,0.0,0.0
frequency,cms-fastpath-vector2d,rows=3 cols=16384,zipf,2.0,10,31622777,0.0,0.0
frequency,cms-fastpath-vector2d,rows=3 cols=16384,zipf,2.0,10,56234133,0.0,0.0
frequency,cms-fastpath-vector2d,rows=3 cols=16384,zipf,2.0,10,100000000,0.0,0.0
frequency,cms-fastpath-vector2d,rows=3 cols=16384,zipf,2.0,100,1000,0.0,0.0
frequency,cms-fastpath-vector2d,rows=3 cols=16384,zipf,2.0,100,1778,0.0,0.0
frequency,cms-fastpath-vector2d,rows=3 cols=16384,zipf,2.0,100,3162,0.0,0.0
frequency,cms-fastpath-vector2d,rows=3 cols=16384,zipf,2.0,100,5623,0.0,0.0
frequency,cms-fastpath-vector2d,rows=3 cols=16384,zipf,2.0,100,10000,0.0,0.0
frequency,cms-fastpath-vector2d,rows=3 cols=16384,zipf,2.0,100,17783,0.0,0.0
frequency,cms-fastpath-vector2d,rows=3 cols=16384,zipf,2.0,100,31623,0.0,0.0
frequency,cms-fastpath-vector2d,rows=3 cols=16384,zipf,2.0,100,56234,0.0,0.0
frequency,cms-fastpath-vector2d,rows=3 cols=16384,zipf,2.0,100,100000,0.0,0.0
frequency,cms-fastpath-vector2d,rows=3 cols=16384,zipf,2.0,100,177828,0.0,0.0
frequency,cms-fastpath-vector2d,rows=3 cols=16384,zipf,2.0,100,316228,0.0,0.0
frequency,cms-fastpath-vector2d,rows=3 cols=16384,zipf,2.0,100,562341,0.0,0.0
frequency,cms-fastpath-vector2d,rows=3 cols=16384,zipf,2.0,100,1000000,0.0,0.0
frequency,cms-fastpath-vector2d,rows=3 cols=16384,zipf,2.0,100,1778279,0.0,0.0
frequency,cms-fastpath-vector2d,rows=3 cols=16384,zipf,2.0,100,3162278,0.0,0.0
frequency,cms-fastpath-vector2d,rows=3 cols=16384,zipf,2.0,100,5623413,0.0,0.0
frequency,cms-fastpath-vector2d,rows=3 cols=16384,zipf,2.0,100,10000000,0.0,0.0
frequency,cms-fastpath-vector2d,rows=3 cols=16384,zipf,2.0,100,17782794,0.0,0.0
frequency,cms-fastpath-vector2d,rows=3 cols=16384,zipf,2.0,100,31622777,0.0,0.0
frequency,cms-fastpath-vector2d,rows=3 cols=16384,zipf,2.0,100,56234133,0.0,0.0
frequency,cms-fastpath-vector2d,rows=3 cols=16384,zipf,2.0,100,100000000,0.0,0.0
frequency,cms-fastpath-vector2d,rows=3 cols=16384,zipf,2.0,10000,1000,0.0,0.0
frequency,cms-fastpath-vector2d,rows=3 cols=16384,zipf,2.0,10000,1778,0.0,0.0
frequency,cms-fastpath-vector2d,rows=3 cols=16384,zipf,2.0,10000,3162,0.0,0.0
frequency,cms-fastpath-vector2d,rows=3 cols=16384,zipf,2.0,10000,5623,0.0,0.0
frequency,cms-fastpath-vector2d,rows=3 cols=16384,zipf,2.0,10000,10000,0.0,0.0
frequency,cms-fastpath-vector2d,rows=3 cols=16384,zipf,2.0,10000,17783,0.0,0.0
frequency,cms-fastpath-vector2d,rows=3 cols=16384,zipf,2.0,10000,31623,0.0,0.0
frequency,cms-fastpath-vector2d,rows=3 cols=16384,zipf,2.0,10000,56234,0.0,0.0
frequency,cms-fastpath-vector2d,rows=3 cols=16384,zipf,2.0,10000,100000,0.0,0.0
frequency,cms-fastpath-vector2d,rows=3 cols=16384,zipf,2.0,10000,177828,0.0,0.0
frequency,cms-fastpath-vector2d,rows=3 cols=16384,zipf,2.0,10000,316228,0.0,0.0
frequency,cms-fastpath-vector2d,rows=3 cols=16384,zipf,2.0,10000,562341,0.0,0.0
frequency,cms-fastpath-vector2d,rows=3 cols=16384,zipf,2.0,10000,1000000,0.0,0.0
frequency,cms-fastpath-vector2d,rows=3 cols=16384,zipf,2.0,10000,1778279,0.0,0.0
frequency,cms-fastpath-vector2d,rows=3 cols=16384,zipf,2.0,10000,3162278,1.3774104683195593e-05,1.3774104683195594e-05
frequency,cms-fastpath-vector2d,rows=3 cols=16384,zipf,2.0,10000,5623413,7.6103500761034996e-06,7.6103500761035e-06
frequency,cms-fastpath-vector2d,rows=3 cols=16384,zipf,2.0,10000,10000000,7.740030077494407e-06,2.467105430714078e-06
frequency,cms-fastpath-vector2d,rows=3 cols=16384,zipf,2.0,10000,17782794,4.561964717962457e-06,1.1655196193032e-06
frequency,cms-fastpath-vector2d,rows=3 cols=16384,zipf,2.0,10000,31622777,4.0976141305631284e-06,1.3611626688845208e-06
frequency,cms-fastpath-vector2d,rows=3 cols=16384,zipf,2.0,10000,56234133,5.306002728131394e-06,1.5520058082752114e-06
frequency,cms-fastpath-vector2d,rows=3 cols=16384,zipf,2.0,10000,100000000,5.312002236769399e-06,2.9812456237005663e-07
frequency,cms-fastpath-vector2d,rows=3 cols=16384,zipf,2.0,1000000,1000,0.0,0.0
frequency,cms-fastpath-vector2d,rows=3 cols=16384,zipf,2.0,1000000,1778,0.0,0.0
frequency,cms-fastpath-vector2d,rows=3 cols=16384,zipf,2.0,1000000,3162,0.0,0.0
frequency,cms-fastpath-vector2d,rows=3 cols=16384,zipf,2.0,1000000,5623,0.0,0.0
frequency,cms-fastpath-vector2d,rows=3 cols=16384,zipf,2.0,1000000,10000,0.0,0.0
frequency,cms-fastpath-vector2d,rows=3 cols=16384,zipf,2.0,1000000,17783,0.0,0.0
frequency,cms-fastpath-vector2d,rows=3 cols=16384,zipf,2.0,1000000,31623,0.0,0.0
frequency,cms-fastpath-vector2d,rows=3 cols=16384,zipf,2.0,1000000,56234,0.0,0.0
frequency,cms-fastpath-vector2d,rows=3 cols=16384,zipf,2.0,1000000,100000,0.0,0.0
frequency,cms-fastpath-vector2d,rows=3 cols=16384,zipf,2.0,1000000,177828,0.0,0.0
frequency,cms-fastpath-vector2d,rows=3 cols=16384,zipf,2.0,1000000,316228,0.0,0.0
frequency,cms-fastpath-vector2d,rows=3 cols=16384,zipf,2.0,1000000,562341,0.0,0.0
frequency,cms-fastpath-vector2d,rows=3 cols=16384,zipf,2.0,1000000,1000000,0.0,0.0
frequency,cms-fastpath-vector2d,rows=3 cols=16384,zipf,2.0,1000000,1778279,0.0,0.0
frequency,cms-fastpath-vector2d,rows=3 cols=16384,zipf,2.0,1000000,3162278,0.0,0.0
frequency,cms-fastpath-vector2d,rows=3 cols=16384,zipf,2.0,1000000,5623413,7.293946024799417e-06,7.293946024799416e-06
frequency,cms-fastpath-vector2d,rows=3 cols=16384,zipf,2.0,1000000,10000000,1.1715914843786877e-05,4.208653953289393e-06
frequency,cms-fastpath-vector2d,rows=3 cols=16384,zipf,2.0,1000000,17782794,1.3744778432362524e-05,1.6961585314737332e-06
frequency,cms-fastpath-vector2d,rows=3 cols=16384,zipf,2.0,1000000,31622777,1.4761911669394223e-05,3.055304176128219e-06
frequency,cms-fastpath-vector2d,rows=3 cols=16384,zipf,2.0,1000000,56234133,1.437094231705292e-05,3.282638583701321e-06
frequency,cms-fastpath-vector2d,rows=3 cols=16384,zipf,2.0,1000000,100000000,1.7767317802587202e-05,2.3777320229453803e-06
frequency,cms-fastpath-vector2d,rows=5 cols=256,zipf,0.0,10,1000,0.0,0.0
frequency,cms-fastpath-vector2d,rows=5 cols=256,zipf,0.0,10,1778,0.0,0.0
frequency,cms-fastpath-vector2d,rows=5 cols=256,zipf,0.0,10,3162,0.0,0.0
frequency,cms-fastpath-vector2d,rows=5 cols=256,zipf,0.0,10,5623,0.0,0.0
frequency,cms-fastpath-vector2d,rows=5 cols=256,zipf,0.0,10,10000,0.0,0.0
frequency,cms-fastpath-vector2d,rows=5 cols=256,zipf,0.0,10,17783,0.0,0.0
frequency,cms-fastpath-vector2d,rows=5 cols=256,zipf,0.0,10,31623,0.0,0.0
frequency,cms-fastpath-vector2d,rows=5 cols=256,zipf,0.0,10,56234,0.0,0.0
frequency,cms-fastpath-vector2d,rows=5 cols=256,zipf,0.0,10,100000,0.0,0.0
frequency,cms-fastpath-vector2d,rows=5 cols=256,zipf,0.0,10,177828,0.0,0.0
frequency,cms-fastpath-vector2d,rows=5 cols=256,zipf,0.0,10,316228,0.0,0.0
frequency,cms-fastpath-vector2d,rows=5 cols=256,zipf,0.0,10,562341,0.0,0.0
frequency,cms-fastpath-vector2d,rows=5 cols=256,zipf,0.0,10,1000000,0.0,0.0
frequency,cms-fastpath-vector2d,rows=5 cols=256,zipf,0.0,10,1778279,0.0,0.0
frequency,cms-fastpath-vector2d,rows=5 cols=256,zipf,0.0,10,3162278,0.0,0.0
frequency,cms-fastpath-vector2d,rows=5 cols=256,zipf,0.0,10,5623413,0.0,0.0
frequency,cms-fastpath-vector2d,rows=5 cols=256,zipf,0.0,10,10000000,0.0,0.0
frequency,cms-fastpath-vector2d,rows=5 cols=256,zipf,0.0,10,17782794,0.0,0.0
frequency,cms-fastpath-vector2d,rows=5 cols=256,zipf,0.0,10,31622777,0.0,0.0
frequency,cms-fastpath-vector2d,rows=5 cols=256,zipf,0.0,10,56234133,0.0,0.0
frequency,cms-fastpath-vector2d,rows=5 cols=256,zipf,0.0,10,100000000,0.0,0.0
frequency,cms-fastpath-vector2d,rows=5 cols=256,zipf,0.0,100,1000,0.0,0.0
frequency,cms-fastpath-vector2d,rows=5 cols=256,zipf,0.0,100,1778,0.0,0.0
frequency,cms-fastpath-vector2d,rows=5 cols=256,zipf,0.0,100,3162,0.0,0.0
frequency,cms-fastpath-vector2d,rows=5 cols=256,zipf,0.0,100,5623,0.0,0.0
frequency,cms-fastpath-vector2d,rows=5 cols=256,zipf,0.0,100,10000,0.0,0.0
frequency,cms-fastpath-vector2d,rows=5 cols=256,zipf,0.0,100,17783,0.0,0.0
frequency,cms-fastpath-vector2d,rows=5 cols=256,zipf,0.0,100,31623,0.0,0.0
frequency,cms-fastpath-vector2d,rows=5 cols=256,zipf,0.0,100,56234,0.0,0.0
frequency,cms-fastpath-vector2d,rows=5 cols=256,zipf,0.0,100,100000,0.0,0.0
frequency,cms-fastpath-vector2d,rows=5 cols=256,zipf,0.0,100,177828,0.0,0.0
frequency,cms-fastpath-vector2d,rows=5 cols=256,zipf,0.0,100,316228,0.0,0.0
frequency,cms-fastpath-vector2d,rows=5 cols=256,zipf,0.0,100,562341,0.0,0.0
frequency,cms-fastpath-vector2d,rows=5 cols=256,zipf,0.0,100,1000000,0.0,0.0
frequency,cms-fastpath-vector2d,rows=5 cols=256,zipf,0.0,100,1778279,0.0,0.0
frequency,cms-fastpath-vector2d,rows=5 cols=256,zipf,0.0,100,3162278,0.0,0.0
frequency,cms-fastpath-vector2d,rows=5 cols=256,zipf,0.0,100,5623413,0.0,0.0
frequency,cms-fastpath-vector2d,rows=5 cols=256,zipf,0.0,100,10000000,0.0,0.0
frequency,cms-fastpath-vector2d,rows=5 cols=256,zipf,0.0,100,17782794,0.0,0.0
frequency,cms-fastpath-vector2d,rows=5 cols=256,zipf,0.0,100,31622777,0.0,0.0
frequency,cms-fastpath-vector2d,rows=5 cols=256,zipf,0.0,100,56234133,0.0,0.0
frequency,cms-fastpath-vector2d,rows=5 cols=256,zipf,0.0,100,100000000,0.0,0.0
frequency,cms-fastpath-vector2d,rows=5 cols=256,zipf,0.0,10000,1000,1.207222222222222,0.10944444444444444
frequency,cms-fastpath-vector2d,rows=5 cols=256,zipf,0.0,10000,1778,1.8555555555555554,0.03793675698928678
frequency,cms-fastpath-vector2d,rows=5 cols=256,zipf,0.0,10000,3162,3.280444444444445,0.08100619165483433
frequency,cms-fastpath-vector2d,rows=5 cols=256,zipf,0.0,10000,5623,4.808666666666666,0.07156640273200786
frequency,cms-fastpath-vector2d,rows=5 cols=256,zipf,0.0,10000,10000,6.681380952380953,0.060734437987619086
frequency,cms-fastpath-vector2d,rows=5 cols=256,zipf,0.0,10000,17783,8.692219576719577,0.03263574399326903
frequency,cms-fastpath-vector2d,rows=5 cols=256,zipf,0.0,10000,31623,11.219952991452992,0.02455193629947373
frequency,cms-fastpath-vector2d,rows=5 cols=256,zipf,0.0,10000,56234,13.799258412339297,0.07453449950478189
frequency,cms-fastpath-vector2d,rows=5 cols=256,zipf,0.0,10000,100000,16.07907025534428,0.14847374258344145
frequency,cms-fastpath-vector2d,rows=5 cols=256,zipf,0.0,10000,177828,18.79788546402486,0.11903138914729972
frequency,cms-fastpath-vector2d,rows=5 cols=256,zipf,0.0,10000,316228,21.38751211165334,0.18064511138358266
frequency,cms-fastpath-vector2d,rows=5 cols=256,zipf,0.0,10000,562341,23.101814009541638,0.1785148071183417
frequency,cms-fastpath-vector2d,rows=5 cols=256,zipf,0.0,10000,1000000,24.948897406645575,0.07048257210949566
frequency,cms-fastpath-vector2d,rows=5 cols=256,zipf,0.0,10000,1778279,26.253322304843824,0.11701323590356745
frequency,cms-fastpath-vector2d,rows=5 cols=256,zipf,0.0,10000,3162278,27.670246133923115,0.13465092875148568
frequency,cms-fastpath-vector2d,rows=5 cols=256,zipf,0.0,10000,5623413,28.64067849107327,0.14818074605299864
frequency,cms-fastpath-vector2d,rows=5 cols=256,zipf,0.0,10000,10000000,29.850988396565842,0.11647800808514024
frequency,cms-fastpath-vector2d,rows=5 cols=256,zipf,0.0,10000,17782794,30.146782062125343,0.24613900157178556
frequency,cms-fastpath-vector2d,rows=5 cols=256,zipf,0.0,10000,31622777,30.524381076462717,0.10492323524538716
frequency,cms-fastpath-vector2d,rows=5 cols=256,zipf,0.0,10000,56234133,30.545635976713438,0.21461953406398657
frequency,cms-fastpath-vector2d,rows=5 cols=256,zipf,0.0,10000,100000000,31.271397335540016,0.19435355934763318
frequency,cms-fastpath-vector2d,rows=5 cols=256,zipf,0.0,1000000,1000,1.7666666666666666,0.03179797338056488
frequency,cms-fastpath-vector2d,rows=5 cols=256,zipf,0.0,1000000,1778,4.0633333333333335,0.099680043695371
frequency,cms-fastpath-vector2d,rows=5 cols=256,zipf,0.0,1000000,3162,8.245,0.1081665382639195
frequency,cms-fastpath-vector2d,rows=5 cols=256,zipf,0.0,1000000,5623,15.424999999999999,0.24780704859493694
frequency,cms-fastpath-vector2d,rows=5 cols=256,zipf,0.0,1000000,10000,25.011666666666667,0.8497123696352264
frequency,cms-fastpath-vector2d,rows=5 cols=256,zipf,0.0,1000000,17783,29.766111111111112,0.18339729523969223
frequency,cms-fastpath-vector2d,rows=5 cols=256,zipf,0.0,1000000,31623,54.291666666666664,0.09938701010583673
frequency,cms-fastpath-vector2d,rows=5 cols=256,zipf,0.0,1000000,56234,92.35666666666667,0.6079633578139735
frequency,cms-fastpath-vector2d,rows=5 cols=256,zipf,0.0,1000000,100000,120.48544444444444,0.11335360657453843
frequency,cms-fastpath-vector2d,rows=5 cols=256,zipf,0.0,1000000,177828,197.88644444444444,1.0717275874049967
frequency,cms-fastpath-vector2d,rows=5 cols=256,zipf,0.0,1000000,316228,281.7385555555556,1.021988259759587
frequency,cms-fastpath-vector2d,rows=5 cols=256,zipf,0.0,1000000,562341,404.91388888888895,2.5715883628090666
frequency,cms-fastpath-vector2d,rows=5 cols=256,zipf,0.0,1000000,1000000,545.5153769841271,6.538195616044066
frequency,cms-fastpath-vector2d,rows=5 cols=256,zipf,0.0,1000000,1778279,744.671287037037,5.0046620698081
frequency,cms-fastpath-vector2d,rows=5 cols=256,zipf,0.0,1000000,3162278,983.7143156288156,2.303639650350345
frequency,cms-fastpath-vector2d,rows=5 cols=256,zipf,0.0,1000000,5623413,1265.9205943699114,2.578520250195132
frequency,cms-fastpath-vector2d,rows=5 cols=256,zipf,0.0,1000000,10000000,1556.908566564916,3.2609993141920217
frequency,cms-fastpath-vector2d,rows=5 cols=256,zipf,0.0,1000000,17782794,1854.6901029260755,4.862404998205049
frequency,cms-fastpath-vector2d,rows=5 cols=256,zipf,0.0,1000000,31622777,2162.5772112918326,6.6574387197849
frequency,cms-fastpath-vector2d,rows=5 cols=256,zipf,0.0,1000000,56234133,2441.6382629281457,9.991668646329257
frequency,cms-fastpath-vector2d,rows=5 cols=256,zipf,0.0,1000000,100000000,2696.335481787908,4.505993225825741
frequency,cms-fastpath-vector2d,rows=5 cols=256,zipf,0.5,10,1000,0.0,0.0
frequency,cms-fastpath-vector2d,rows=5 cols=256,zipf,0.5,10,1778,0.0,0.0
frequency,cms-fastpath-vector2d,rows=5 cols=256,zipf,0.5,10,3162,0.0,0.0
frequency,cms-fastpath-vector2d,rows=5 cols=256,zipf,0.5,10,5623,0.0,0.0
frequency,cms-fastpath-vector2d,rows=5 cols=256,zipf,0.5,10,10000,0.0,0.0
frequency,cms-fastpath-vector2d,rows=5 cols=256,zipf,0.5,10,17783,0.0,0.0
frequency,cms-fastpath-vector2d,rows=5 cols=256,zipf,0.5,10,31623,0.0,0.0
frequency,cms-fastpath-vector2d,rows=5 cols=256,zipf,0.5,10,56234,0.0,0.0
frequency,cms-fastpath-vector2d,rows=5 cols=256,zipf,0.5,10,100000,0.0,0.0
frequency,cms-fastpath-vector2d,rows=5 cols=256,zipf,0.5,10,177828,0.0,0.0
frequency,cms-fastpath-vector2d,rows=5 cols=256,zipf,0.5,10,316228,0.0,0.0
frequency,cms-fastpath-vector2d,rows=5 cols=256,zipf,0.5,10,562341,0.0,0.0
frequency,cms-fastpath-vector2d,rows=5 cols=256,zipf,0.5,10,1000000,0.0,0.0
frequency,cms-fastpath-vector2d,rows=5 cols=256,zipf,0.5,10,1778279,0.0,0.0
frequency,cms-fastpath-vector2d,rows=5 cols=256,zipf,0.5,10,3162278,0.0,0.0
frequency,cms-fastpath-vector2d,rows=5 cols=256,zipf,0.5,10,5623413,0.0,0.0
frequency,cms-fastpath-vector2d,rows=5 cols=256,zipf,0.5,10,10000000,0.0,0.0
frequency,cms-fastpath-vector2d,rows=5 cols=256,zipf,0.5,10,17782794,0.0,0.0
frequency,cms-fastpath-vector2d,rows=5 cols=256,zipf,0.5,10,31622777,0.0,0.0
frequency,cms-fastpath-vector2d,rows=5 cols=256,zipf,0.5,10,56234133,0.0,0.0
frequency,cms-fastpath-vector2d,rows=5 cols=256,zipf,0.5,10,100000000,0.0,0.0
frequency,cms-fastpath-vector2d,rows=5 cols=256,zipf,0.5,100,1000,0.0,0.0
frequency,cms-fastpath-vector2d,rows=5 cols=256,zipf,0.5,100,1778,0.0,0.0
frequency,cms-fastpath-vector2d,rows=5 cols=256,zipf,0.5,100,3162,0.0,0.0
frequency,cms-fastpath-vector2d,rows=5 cols=256,zipf,0.5,100,5623,0.0,0.0
frequency,cms-fastpath-vector2d,rows=5 cols=256,zipf,0.5,100,10000,0.0,0.0
frequency,cms-fastpath-vector2d,rows=5 cols=256,zipf,0.5,100,17783,0.0,0.0
frequency,cms-fastpath-vector2d,rows=5 cols=256,zipf,0.5,100,31623,0.0,0.0
frequency,cms-fastpath-vector2d,rows=5 cols=256,zipf,0.5,100,56234,0.0,0.0
frequency,cms-fastpath-vector2d,rows=5 cols=256,zipf,0.5,100,100000,0.0,0.0
frequency,cms-fastpath-vector2d,rows=5 cols=256,zipf,0.5,100,177828,0.0,0.0
frequency,cms-fastpath-vector2d,rows=5 cols=256,zipf,0.5,100,316228,0.0,0.0
frequency,cms-fastpath-vector2d,rows=5 cols=256,zipf,0.5,100,562341,0.0,0.0
frequency,cms-fastpath-vector2d,rows=5 cols=256,zipf,0.5,100,1000000,0.0,0.0
frequency,cms-fastpath-vector2d,rows=5 cols=256,zipf,0.5,100,1778279,0.0,0.0
frequency,cms-fastpath-vector2d,rows=5 cols=256,zipf,0.5,100,3162278,0.0,0.0
frequency,cms-fastpath-vector2d,rows=5 cols=256,zipf,0.5,100,5623413,0.0,0.0
frequency,cms-fastpath-vector2d,rows=5 cols=256,zipf,0.5,100,10000000,0.0,0.0
frequency,cms-fastpath-vector2d,rows=5 cols=256,zipf,0.5,100,17782794,0.0,0.0
frequency,cms-fastpath-vector2d,rows=5 cols=256,zipf,0.5,100,31622777,0.0,0.0
frequency,cms-fastpath-vector2d,rows=5 cols=256,zipf,0.5,100,56234133,0.0,0.0
frequency,cms-fastpath-vector2d,rows=5 cols=256,zipf,0.5,100,100000000,0.0,0.0
frequency,cms-fastpath-vector2d,rows=5 cols=256,zipf,0.5,10000,1000,0.9875185185185186,0.020857771674649795
frequency,cms-fastpath-vector2d,rows=5 cols=256,zipf,0.5,10000,1778,1.579234126984127,0.03902094782919212
frequency,cms-fastpath-vector2d,rows=5 cols=256,zipf,0.5,10000,3162,2.1254161949161943,0.029920848965128012
frequency,cms-fastpath-vector2d,rows=5 cols=256,zipf,0.5,10000,5623,2.825236284739226,0.10175338595604969
frequency,cms-fastpath-vector2d,rows=5 cols=256,zipf,0.5,10000,10000,3.2053162777925834,0.030430619819641305
frequency,cms-fastpath-vector2d,rows=5 cols=256,zipf,0.5,10000,17783,3.4742870462576203,0.08833308059400959
frequency,cms-fastpath-vector2d,rows=5 cols=256,zipf,0.5,10000,31623,3.6472684148004255,0.02484916646271516
frequency,cms-fastpath-vector2d,rows=5 cols=256,zipf,0.5,10000,56234,3.7868367054981107,0.05500812303339449
frequency,cms-fastpath-vector2d,rows=5 cols=256,zipf,0.5,10000,100000,3.839040678349104,0.021727827586516174
frequency,cms-fastpath-vector2d,rows=5 cols=256,zipf,0.5,10000,177828,3.857337853508612,0.00254535258424254
frequency,cms-fastpath-vector2d,rows=5 cols=256,zipf,0.5,10000,316228,3.9048072615150016,0.028402609732378098
frequency,cms-fastpath-vector2d,rows=5 cols=256,zipf,0.5,10000,562341,3.8947264355626263,0.011127655999248899
frequency,cms-fastpath-vector2d,rows=5 cols=256,zipf,0.5,10000,1000000,3.9059370695614923,0.023011204199182015
frequency,cms-fastpath-vector2d,rows=5 cols=256,zipf,0.5,10000,1778279,3.916866642722796,0.010598809088687959
frequency,cms-fastpath-vector2d,rows=5 cols=256,zipf,0.5,10000,3162278,3.9144500364706096,0.007882628214937418
frequency,cms-fastpath-vector2d,rows=5 cols=256,zipf,0.5,10000,5623413,3.9145856677130806,0.0006557328412253707
frequency,cms-fastpath-vector2d,rows=5 cols=256,zipf,0.5,10000,10000000,3.906470449377183,0.0066243261439194664
frequency,cms-fastpath-vector2d,rows=5 cols=256,zipf,0.5,10000,17782794,3.9041808957157507,0.006155900042932698
frequency,cms-fastpath-vector2d,rows=5 cols=256,zipf,0.5,10000,31622777,3.903500850973117,0.00823179865133968
frequency,cms-fastpath-vector2d,rows=5 cols=256,zipf,0.5,10000,56234133,3.8947884905920858,0.0030306403497507564
frequency,cms-fastpath-vector2d,rows=5 cols=256,zipf,0.5,10000,100000000,3.8975281795260996,0.0027969415470612477
frequency,cms-fastpath-vector2d,rows=5 cols=256,zipf,0.5,1000000,1000,1.655,0.022912878474779172
frequency,cms-fastpath-vector2d,rows=5 cols=256,zipf,0.5,1000000,1778,3.941666666666667,0.046933759467762376
frequency,cms-fastpath-vector2d,rows=5 cols=256,zipf,0.5,1000000,3162,7.7763333333333335,0.13063987820637954
frequency,cms-fastpath-vector2d,rows=5 cols=256,zipf,0.5,1000000,5623,12.936944444444444,0.2826684737450975
frequency,cms-fastpath-vector2d,rows=5 cols=256,zipf,0.5,1000000,10000,15.279825396825396,0.23258976775212659
frequency,cms-fastpath-vector2d,rows=5 cols=256,zipf,0.5,1000000,17783,25.267537037037034,0.5499280976601241
frequency,cms-fastpath-vector2d,rows=5 cols=256,zipf,0.5,1000000,31623,31.099074526780413,0.4860581509777537
frequency,cms-fastpath-vector2d,rows=5 cols=256,zipf,0.5,1000000,56234,38.00161847902271,0.9006600629555697
frequency,cms-fastpath-vector2d,rows=5 cols=256,zipf,0.5,1000000,100000,42.814632338376306,0.08436967965385288
frequency,cms-fastpath-vector2d,rows=5 cols=256,zipf,0.5,1000000,177828,45.22284639219881,0.14194406772330195
frequency,cms-fastpath-vector2d,rows=5 cols=256,zipf,0.5,1000000,316228,47.7664947944906,0.3259119133294523
frequency,cms-fastpath-vector2d,rows=5 cols=256,zipf,0.5,1000000,562341,49.10815862347215,0.15656262332151305
frequency,cms-fastpath-vector2d,rows=5 cols=256,zipf,0.5,1000000,1000000,50.01998709562881,0.2196715003189363
frequency,cms-fastpath-vector2d,rows=5 cols=256,zipf,0.5,1000000,1778279,50.327455426152085,0.0827049650449269
frequency,cms-fastpath-vector2d,rows=5 cols=256,zipf,0.5,1000000,3162278,50.78064199108814,0.21536023056045706
frequency,cms-fastpath-vector2d,rows=5 cols=256,zipf,0.5,1000000,5623413,50.93633068058617,0.1215636308183258
frequency,cms-fastpath-vector2d,rows=5 cols=256,zipf,0.5,1000000,10000000,50.735335621720594,0.048340743819050826
frequency,cms-fastpath-vector2d,rows=5 cols=256,zipf,0.5,1000000,17782794,50.6438376996473,0.07022986777415387
frequency,cms-fastpath-vector2d,rows=5 cols=256,zipf,0.5,1000000,31622777,50.71772037730512,0.039538978237856175
frequency,cms-fastpath-vector2d,rows=5 cols=256,zipf,0.5,1000000,56234133,50.68835388857934,0.04866883006046101
frequency,cms-fastpath-vector2d,rows=5 cols=256,zipf,0.5,1000000,100000000,50.6631390640674,0.006673493855436427
frequency,cms-fastpath-vector2d,rows=5 cols=256,zipf,1.0,10,1000,0.0,0.0
frequency,cms-fastpath-vector2d,rows=5 cols=256,zipf,1.0,10,1778,0.0,0.0
frequency,cms-fastpath-vector2d,rows=5 cols=256,zipf,1.0,10,3162,0.0,0.0
frequency,cms-fastpath-vector2d,rows=5 cols=256,zipf,1.0,10,5623,0.0,0.0
frequency,cms-fastpath-vector2d,rows=5 cols=256,zipf,1.0,10,10000,0.0,0.0
frequency,cms-fastpath-vector2d,rows=5 cols=256,zipf,1.0,10,17783,0.0,0.0
frequency,cms-fastpath-vector2d,rows=5 cols=256,zipf,1.0,10,31623,0.0,0.0
frequency,cms-fastpath-vector2d,rows=5 cols=256,zipf,1.0,10,56234,0.0,0.0
frequency,cms-fastpath-vector2d,rows=5 cols=256,zipf,1.0,10,100000,0.0,0.0
frequency,cms-fastpath-vector2d,rows=5 cols=256,zipf,1.0,10,177828,0.0,0.0
frequency,cms-fastpath-vector2d,rows=5 cols=256,zipf,1.0,10,316228,0.0,0.0
frequency,cms-fastpath-vector2d,rows=5 cols=256,zipf,1.0,10,562341,0.0,0.0
frequency,cms-fastpath-vector2d,rows=5 cols=256,zipf,1.0,10,1000000,0.0,0.0
frequency,cms-fastpath-vector2d,rows=5 cols=256,zipf,1.0,10,1778279,0.0,0.0
frequency,cms-fastpath-vector2d,rows=5 cols=256,zipf,1.0,10,3162278,0.0,0.0
frequency,cms-fastpath-vector2d,rows=5 cols=256,zipf,1.0,10,5623413,0.0,0.0
frequency,cms-fastpath-vector2d,rows=5 cols=256,zipf,1.0,10,10000000,0.0,0.0
frequency,cms-fastpath-vector2d,rows=5 cols=256,zipf,1.0,10,17782794,0.0,0.0
frequency,cms-fastpath-vector2d,rows=5 cols=256,zipf,1.0,10,31622777,0.0,0.0
frequency,cms-fastpath-vector2d,rows=5 cols=256,zipf,1.0,10,56234133,0.0,0.0
frequency,cms-fastpath-vector2d,rows=5 cols=256,zipf,1.0,10,100000000,0.0,0.0
frequency,cms-fastpath-vector2d,rows=5 cols=256,zipf,1.0,100,1000,0.0,0.0
frequency,cms-fastpath-vector2d,rows=5 cols=256,zipf,1.0,100,1778,0.0,0.0
frequency,cms-fastpath-vector2d,rows=5 cols=256,zipf,1.0,100,3162,0.0,0.0
frequency,cms-fastpath-vector2d,rows=5 cols=256,zipf,1.0,100,5623,0.0,0.0
frequency,cms-fastpath-vector2d,rows=5 cols=256,zipf,1.0,100,10000,0.0,0.0
frequency,cms-fastpath-vector2d,rows=5 cols=256,zipf,1.0,100,17783,0.0,0.0
frequency,cms-fastpath-vector2d,rows=5 cols=256,zipf,1.0,100,31623,0.0,0.0
frequency,cms-fastpath-vector2d,rows=5 cols=256,zipf,1.0,100,56234,0.0,0.0
frequency,cms-fastpath-vector2d,rows=5 cols=256,zipf,1.0,100,100000,0.0,0.0
frequency,cms-fastpath-vector2d,rows=5 cols=256,zipf,1.0,100,177828,0.0,0.0
frequency,cms-fastpath-vector2d,rows=5 cols=256,zipf,1.0,100,316228,0.0,0.0
frequency,cms-fastpath-vector2d,rows=5 cols=256,zipf,1.0,100,562341,0.0,0.0
frequency,cms-fastpath-vector2d,rows=5 cols=256,zipf,1.0,100,1000000,0.0,0.0
frequency,cms-fastpath-vector2d,rows=5 cols=256,zipf,1.0,100,1778279,0.0,0.0
frequency,cms-fastpath-vector2d,rows=5 cols=256,zipf,1.0,100,3162278,0.0,0.0
frequency,cms-fastpath-vector2d,rows=5 cols=256,zipf,1.0,100,5623413,0.0,0.0
frequency,cms-fastpath-vector2d,rows=5 cols=256,zipf,1.0,100,10000000,0.0,0.0
frequency,cms-fastpath-vector2d,rows=5 cols=256,zipf,1.0,100,17782794,0.0,0.0
frequency,cms-fastpath-vector2d,rows=5 cols=256,zipf,1.0,100,31622777,0.0,0.0
frequency,cms-fastpath-vector2d,rows=5 cols=256,zipf,1.0,100,56234133,0.0,0.0
frequency,cms-fastpath-vector2d,rows=5 cols=256,zipf,1.0,100,100000000,0.0,0.0
frequency,cms-fastpath-vector2d,rows=5 cols=256,zipf,1.0,10000,1000,0.2513596930912106,0.018425487956242537
frequency,cms-fastpath-vector2d,rows=5 cols=256,zipf,1.0,10000,1778,0.37184485674941975,0.014002206777146859
frequency,cms-fastpath-vector2d,rows=5 cols=256,zipf,1.0,10000,3162,0.45169925013129647,0.010825838468226816
frequency,cms-fastpath-vector2d,rows=5 cols=256,zipf,1.0,10000,5623,0.524967011470561,0.010742116519199152
frequency,cms-fastpath-vector2d,rows=5 cols=256,zipf,1.0,10000,10000,0.5974197065419702,0.013965322638029331
frequency,cms-fastpath-vector2d,rows=5 cols=256,zipf,1.0,10000,17783,0.6141319149379637,0.017155217488787827
frequency,cms-fastpath-vector2d,rows=5 cols=256,zipf,1.0,10000,31623,0.6228050554854957,0.013373779125580543
frequency,cms-fastpath-vector2d,rows=5 cols=256,zipf,1.0,10000,56234,0.6328600617249079,0.01128067042043747
frequency,cms-fastpath-vector2d,rows=5 cols=256,zipf,1.0,10000,100000,0.6428587513203973,0.010224804532036657
frequency,cms-fastpath-vector2d,rows=5 cols=256,zipf,1.0,10000,177828,0.634423673607521,0.0063685058942867575
frequency,cms-fastpath-vector2d,rows=5 cols=256,zipf,1.0,10000,316228,0.6327778080367884,0.007887478289975009
frequency,cms-fastpath-vector2d,rows=5 cols=256,zipf,1.0,10000,562341,0.63725268971737,0.0006859025861504059
frequency,cms-fastpath-vector2d,rows=5 cols=256,zipf,1.0,10000,1000000,0.6381561200122925,0.0028782699588655565
frequency,cms-fastpath-vector2d,rows=5 cols=256,zipf,1.0,10000,1778279,0.6384467774687396,0.0018065506510581226
frequency,cms-fastpath-vector2d,rows=5 cols=256,zipf,1.0,10000,3162278,0.638623263990325,0.000889260534902576
frequency,cms-fastpath-vector2d,rows=5 cols=256,zipf,1.0,10000,5623413,0.6372574618700625,0.0012078822359575172
frequency,cms-fastpath-vector2d,rows=5 cols=256,zipf,1.0,10000,10000000,0.6367807500361518,0.0003867119462926256
frequency,cms-fastpath-vector2d,rows=5 cols=256,zipf,1.0,10000,17782794,0.6368632526253535,0.0002504626445336771
frequency,cms-fastpath-vector2d,rows=5 cols=256,zipf,1.0,10000,31622777,0.6373433716179019,0.0001439962178544636
frequency,cms-fastpath-vector2d,rows=5 cols=256,zipf,1.0,10000,56234133,0.6373641695802189,0.00017870420264916618
frequency,cms-fastpath-vector2d,rows=5 cols=256,zipf,1.0,10000,100000000,0.6373418908729448,0.00014169753645424537
frequency,cms-fastpath-vector2d,rows=5 cols=256,zipf,1.0,1000000,1000,0.5996777929202582,0.01968405682591318
frequency,cms-fastpath-vector2d,rows=5 cols=256,zipf,1.0,1000000,1778,0.7992624944091314,0.00993217235747673
frequency,cms-fastpath-vector2d,rows=5 cols=256,zipf,1.0,1000000,3162,1.02207928989453,0.048744143211751134
frequency,cms-fastpath-vector2d,rows=5 cols=256,zipf,1.0,1000000,5623,1.2481334924455327,0.05338229082718639
frequency,cms-fastpath-vector2d,rows=5 cols=256,zipf,1.0,1000000,10000,1.3267046392526307,0.00095921000967507
frequency,cms-fastpath-vector2d,rows=5 cols=256,zipf,1.0,1000000,17783,1.4534410717747208,0.014531965050820278
frequency,cms-fastpath-vector2d,rows=5 cols=256,zipf,1.0,1000000,31623,1.4892576595954303,0.018220200943022673
frequency,cms-fastpath-vector2d,rows=5 cols=256,zipf,1.0,1000000,56234,1.5261513803273958,0.007168343569107086
frequency,cms-fastpath-vector2d,rows=5 cols=256,zipf,1.0,1000000,100000,1.5710221595771012,0.0043990671770126125
frequency,cms-fastpath-vector2d,rows=5 cols=256,zipf,1.0,1000000,177828,1.566554412012206,0.004799145020400183
frequency,cms-fastpath-vector2d,rows=5 cols=256,zipf,1.0,1000000,316228,1.5606207728103516,0.003557979612139578
frequency,cms-fastpath-vector2d,rows=5 cols=256,zipf,1.0,1000000,562341,1.552735107606092,0.007710354142142796
frequency,cms-fastpath-vector2d,rows=5 cols=256,zipf,1.0,1000000,1000000,1.550781462044478,0.004714172130691907
frequency,cms-fastpath-vector2d,rows=5 cols=256,zipf,1.0,1000000,1778279,1.550546945466363,0.0035576030385000485
frequency,cms-fastpath-vector2d,rows=5 cols=256,zipf,1.0,1000000,3162278,1.5533325305581827,0.0009397997864259225
frequency,cms-fastpath-vector2d,rows=5 cols=256,zipf,1.0,1000000,5623413,1.5534169207251372,0.003541308328799151
frequency,cms-fastpath-vector2d,rows=5 cols=256,zipf,1.0,1000000,10000000,1.5510447423814595,0.003251940535481832
frequency,cms-fastpath-vector2d,rows=5 cols=256,zipf,1.0,1000000,17782794,1.5478068732439858,0.0008034361673299497
frequency,cms-fastpath-vector2d,rows=5 cols=256,zipf,1.0,1000000,31622777,1.54657624477077,0.0009468374262660115
frequency,cms-fastpath-vector2d,rows=5 cols=256,zipf,1.0,1000000,56234133,1.5465271399544045,0.0010484381040546406
frequency,cms-fastpath-vector2d,rows=5 cols=256,zipf,1.0,1000000,100000000,1.5465870043726107,0.0006041729876433113
frequency,cms-fastpath-vector2d,rows=5 cols=256,zipf,1.5,10,1000,0.0,0.0
frequency,cms-fastpath-vector2d,rows=5 cols=256,zipf,1.5,10,1778,0.0,0.0
frequency,cms-fastpath-vector2d,rows=5 cols=256,zipf,1.5,10,3162,0.0,0.0
frequency,cms-fastpath-vector2d,rows=5 cols=256,zipf,1.5,10,5623,0.0,0.0
frequency,cms-fastpath-vector2d,rows=5 cols=256,zipf,1.5,10,10000,0.0,0.0
frequency,cms-fastpath-vector2d,rows=5 cols=256,zipf,1.5,10,17783,0.0,0.0
frequency,cms-fastpath-vector2d,rows=5 cols=256,zipf,1.5,10,31623,0.0,0.0
frequency,cms-fastpath-vector2d,rows=5 cols=256,zipf,1.5,10,56234,0.0,0.0
frequency,cms-fastpath-vector2d,rows=5 cols=256,zipf,1.5,10,100000,0.0,0.0
frequency,cms-fastpath-vector2d,rows=5 cols=256,zipf,1.5,10,177828,0.0,0.0
frequency,cms-fastpath-vector2d,rows=5 cols=256,zipf,1.5,10,316228,0.0,0.0
frequency,cms-fastpath-vector2d,rows=5 cols=256,zipf,1.5,10,562341,0.0,0.0
frequency,cms-fastpath-vector2d,rows=5 cols=256,zipf,1.5,10,1000000,0.0,0.0
frequency,cms-fastpath-vector2d,rows=5 cols=256,zipf,1.5,10,1778279,0.0,0.0
frequency,cms-fastpath-vector2d,rows=5 cols=256,zipf,1.5,10,3162278,0.0,0.0
frequency,cms-fastpath-vector2d,rows=5 cols=256,zipf,1.5,10,5623413,0.0,0.0
frequency,cms-fastpath-vector2d,rows=5 cols=256,zipf,1.5,10,10000000,0.0,0.0
frequency,cms-fastpath-vector2d,rows=5 cols=256,zipf,1.5,10,17782794,0.0,0.0
frequency,cms-fastpath-vector2d,rows=5 cols=256,zipf,1.5,10,31622777,0.0,0.0
frequency,cms-fastpath-vector2d,rows=5 cols=256,zipf,1.5,10,56234133,0.0,0.0
frequency,cms-fastpath-vector2d,rows=5 cols=256,zipf,1.5,10,100000000,0.0,0.0
frequency,cms-fastpath-vector2d,rows=5 cols=256,zipf,1.5,100,1000,0.0,0.0
frequency,cms-fastpath-vector2d,rows=5 cols=256,zipf,1.5,100,1778,0.0,0.0
frequency,cms-fastpath-vector2d,rows=5 cols=256,zipf,1.5,100,3162,0.0,0.0
frequency,cms-fastpath-vector2d,rows=5 cols=256,zipf,1.5,100,5623,0.0,0.0
frequency,cms-fastpath-vector2d,rows=5 cols=256,zipf,1.5,100,10000,0.0,0.0
frequency,cms-fastpath-vector2d,rows=5 cols=256,zipf,1.5,100,17783,0.0,0.0
frequency,cms-fastpath-vector2d,rows=5 cols=256,zipf,1.5,100,31623,0.0,0.0
frequency,cms-fastpath-vector2d,rows=5 cols=256,zipf,1.5,100,56234,0.0,0.0
frequency,cms-fastpath-vector2d,rows=5 cols=256,zipf,1.5,100,100000,0.0,0.0
frequency,cms-fastpath-vector2d,rows=5 cols=256,zipf,1.5,100,177828,0.0,0.0
frequency,cms-fastpath-vector2d,rows=5 cols=256,zipf,1.5,100,316228,0.0,0.0
frequency,cms-fastpath-vector2d,rows=5 cols=256,zipf,1.5,100,562341,0.0,0.0
frequency,cms-fastpath-vector2d,rows=5 cols=256,zipf,1.5,100,1000000,0.0,0.0
frequency,cms-fastpath-vector2d,rows=5 cols=256,zipf,1.5,100,1778279,0.0,0.0
frequency,cms-fastpath-vector2d,rows=5 cols=256,zipf,1.5,100,3162278,0.0,0.0
frequency,cms-fastpath-vector2d,rows=5 cols=256,zipf,1.5,100,5623413,0.0,0.0
frequency,cms-fastpath-vector2d,rows=5 cols=256,zipf,1.5,100,10000000,0.0,0.0
frequency,cms-fastpath-vector2d,rows=5 cols=256,zipf,1.5,100,17782794,0.0,0.0
frequency,cms-fastpath-vector2d,rows=5 cols=256,zipf,1.5,100,31622777,0.0,0.0
frequency,cms-fastpath-vector2d,rows=5 cols=256,zipf,1.5,100,56234133,0.0,0.0
frequency,cms-fastpath-vector2d,rows=5 cols=256,zipf,1.5,100,100000000,0.0,0.0
frequency,cms-fastpath-vector2d,rows=5 cols=256,zipf,1.5,10000,1000,0.0016666666666666668,0.0016666666666666668
frequency,cms-fastpath-vector2d,rows=5 cols=256,zipf,1.5,10000,1778,0.01611111111111111,0.009638528651609708
frequency,cms-fastpath-vector2d,rows=5 cols=256,zipf,1.5,10000,3162,0.036653920153920154,0.001039675307404028
frequency,cms-fastpath-vector2d,rows=5 cols=256,zipf,1.5,10000,5623,0.06928196386700557,0.00400295308962818
frequency,cms-fastpath-vector2d,rows=5 cols=256,zipf,1.5,10000,10000,0.09894316783649326,0.004150479068866175
frequency,cms-fastpath-vector2d,rows=5 cols=256,zipf,1.5,10000,17783,0.11580124259296536,0.005177728483092721
frequency,cms-fastpath-vector2d,rows=5 cols=256,zipf,1.5,10000,31623,0.1255545582226549,0.0078106409175577925
frequency,cms-fastpath-vector2d,rows=5 cols=256,zipf,1.5,10000,56234,0.13216937512772864,0.004823387370603039
frequency,cms-fastpath-vector2d,rows=5 cols=256,zipf,1.5,10000,100000,0.13686856875574416,0.006011967106854356
frequency,cms-fastpath-vector2d,rows=5 cols=256,zipf,1.5,10000,177828,0.13984842450296592,0.0049738142151672035
frequency,cms-fastpath-vector2d,rows=5 cols=256,zipf,1.5,10000,316228,0.14420374040207928,0.0038943134689551945
frequency,cms-fastpath-vector2d,rows=5 cols=256,zipf,1.5,10000,562341,0.14305178695667797,0.003186160776547308
frequency,cms-fastpath-vector2d,rows=5 cols=256,zipf,1.5,10000,1000000,0.14597450103465948,0.002575449732101069
frequency,cms-fastpath-vector2d,rows=5 cols=256,zipf,1.5,10000,1778279,0.14490927146264376,0.0014869986558655823
frequency,cms-fastpath-vector2d,rows=5 cols=256,zipf,1.5,10000,3162278,0.1441435561817299,0.0020942057567760277
frequency,cms-fastpath-vector2d,rows=5 cols=256,zipf,1.5,10000,5623413,0.14393995412692687,0.0014101833040069324
frequency,cms-fastpath-vector2d,rows=5 cols=256,zipf,1.5,10000,10000000,0.14469613142493384,0.001378159625845633
frequency,cms-fastpath-vector2d,rows=5 cols=256,zipf,1.5,10000,17782794,0.1435997165463909,0.0002812363061911822
frequency,cms-fastpath-vector2d,rows=5 cols=256,zipf,1.5,10000,31622777,0.14333773701346622,0.00019409830077479117
frequency,cms-fastpath-vector2d,rows=5 cols=256,zipf,1.5,10000,56234133,0.14346277043686603,1.4125374834360261e-05
frequency,cms-fastpath-vector2d,rows=5 cols=256,zipf,1.5,10000,100000000,0.14347357949157227,9.49273998552433e-05
frequency,cms-fastpath-vector2d,rows=5 cols=256,zipf,1.5,1000000,1000,0.0,0.0
frequency,cms-fastpath-vector2d,rows=5 cols=256,zipf,1.5,1000000,1778,0.01651851851851852,0.0033472446339088847
frequency,cms-fastpath-vector2d,rows=5 cols=256,zipf,1.5,1000000,3162,0.041167691350044285,0.004254765216710532
frequency,cms-fastpath-vector2d,rows=5 cols=256,zipf,1.5,1000000,5623,0.09424772544542648,0.013307702161269223
frequency,cms-fastpath-vector2d,rows=5 cols=256,zipf,1.5,1000000,10000,0.12042956776406866,0.00843822755091776
frequency,cms-fastpath-vector2d,rows=5 cols=256,zipf,1.5,1000000,17783,0.14002955571755094,0.0022106510418487286
frequency,cms-fastpath-vector2d,rows=5 cols=256,zipf,1.5,1000000,31623,0.14791809865968988,0.01111893975854378
frequency,cms-fastpath-vector2d,rows=5 cols=256,zipf,1.5,1000000,56234,0.15636651537238785,0.00763437244613588
frequency,cms-fastpath-vector2d,rows=5 cols=256,zipf,1.5,1000000,100000,0.16341492354493414,0.0038546823733321117
frequency,cms-fastpath-vector2d,rows=5 cols=256,zipf,1.5,1000000,177828,0.16854321165586975,0.0021495435114297023
frequency,cms-fastpath-vector2d,rows=5 cols=256,zipf,1.5,1000000,316228,0.17366151468515023,0.004071229870546216
frequency,cms-fastpath-vector2d,rows=5 cols=256,zipf,1.5,1000000,562341,0.17263314972720076,0.004275206368056598
frequency,cms-fastpath-vector2d,rows=5 cols=256,zipf,1.5,1000000,1000000,0.1724496026608157,0.003294263402029827
frequency,cms-fastpath-vector2d,rows=5 cols=256,zipf,1.5,1000000,1778279,0.17439121730240828,0.00158155907067197
frequency,cms-fastpath-vector2d,rows=5 cols=256,zipf,1.5,1000000,3162278,0.17410373355208775,0.0013457427245290947
frequency,cms-fastpath-vector2d,rows=5 cols=256,zipf,1.5,1000000,5623413,0.17168533803917016,0.00029231044509538616
frequency,cms-fastpath-vector2d,rows=5 cols=256,zipf,1.5,1000000,10000000,0.17200970245813085,2.285456610719045e-05
frequency,cms-fastpath-vector2d,rows=5 cols=256,zipf,1.5,1000000,17782794,0.17222374213843472,6.462418168582292e-05
frequency,cms-fastpath-vector2d,rows=5 cols=256,zipf,1.5,1000000,31622777,0.172040975915861,0.00018869029073358048
frequency,cms-fastpath-vector2d,rows=5 cols=256,zipf,1.5,1000000,56234133,0.17212204725905064,0.00014458420171222088
frequency,cms-fastpath-vector2d,rows=5 cols=256,zipf,1.5,1000000,100000000,0.1721363033879398,9.062687404009469e-05
frequency,cms-fastpath-vector2d,rows=5 cols=256,zipf,2.0,10,1000,0.0,0.0
frequency,cms-fastpath-vector2d,rows=5 cols=256,zipf,2.0,10,1778,0.0,0.0
frequency,cms-fastpath-vector2d,rows=5 cols=256,zipf,2.0,10,3162,0.0,0.0
frequency,cms-fastpath-vector2d,rows=5 cols=256,zipf,2.0,10,5623,0.0,0.0
frequency,cms-fastpath-vector2d,rows=5 cols=256,zipf,2.0,10,10000,0.0,0.0
frequency,cms-fastpath-vector2d,rows=5 cols=256,zipf,2.0,10,17783,0.0,0.0
frequency,cms-fastpath-vector2d,rows=5 cols=256,zipf,2.0,10,31623,0.0,0.0
frequency,cms-fastpath-vector2d,rows=5 cols=256,zipf,2.0,10,56234,0.0,0.0
frequency,cms-fastpath-vector2d,rows=5 cols=256,zipf,2.0,10,100000,0.0,0.0
frequency,cms-fastpath-vector2d,rows=5 cols=256,zipf,2.0,10,177828,0.0,0.0
frequency,cms-fastpath-vector2d,rows=5 cols=256,zipf,2.0,10,316228,0.0,0.0
frequency,cms-fastpath-vector2d,rows=5 cols=256,zipf,2.0,10,562341,0.0,0.0
frequency,cms-fastpath-vector2d,rows=5 cols=256,zipf,2.0,10,1000000,0.0,0.0
frequency,cms-fastpath-vector2d,rows=5 cols=256,zipf,2.0,10,1778279,0.0,0.0
frequency,cms-fastpath-vector2d,rows=5 cols=256,zipf,2.0,10,3162278,0.0,0.0
frequency,cms-fastpath-vector2d,rows=5 cols=256,zipf,2.0,10,5623413,0.0,0.0
frequency,cms-fastpath-vector2d,rows=5 cols=256,zipf,2.0,10,10000000,0.0,0.0
frequency,cms-fastpath-vector2d,rows=5 cols=256,zipf,2.0,10,17782794,0.0,0.0
frequency,cms-fastpath-vector2d,rows=5 cols=256,zipf,2.0,10,31622777,0.0,0.0
frequency,cms-fastpath-vector2d,rows=5 cols=256,zipf,2.0,10,56234133,0.0,0.0
frequency,cms-fastpath-vector2d,rows=5 cols=256,zipf,2.0,10,100000000,0.0,0.0
frequency,cms-fastpath-vector2d,rows=5 cols=256,zipf,2.0,100,1000,0.0,0.0
frequency,cms-fastpath-vector2d,rows=5 cols=256,zipf,2.0,100,1778,0.0,0.0
frequency,cms-fastpath-vector2d,rows=5 cols=256,zipf,2.0,100,3162,0.0,0.0
frequency,cms-fastpath-vector2d,rows=5 cols=256,zipf,2.0,100,5623,0.0,0.0
frequency,cms-fastpath-vector2d,rows=5 cols=256,zipf,2.0,100,10000,0.0,0.0
frequency,cms-fastpath-vector2d,rows=5 cols=256,zipf,2.0,100,17783,0.0,0.0
frequency,cms-fastpath-vector2d,rows=5 cols=256,zipf,2.0,100,31623,0.0,0.0
frequency,cms-fastpath-vector2d,rows=5 cols=256,zipf,2.0,100,56234,0.0,0.0
frequency,cms-fastpath-vector2d,rows=5 cols=256,zipf,2.0,100,100000,0.0,0.0
frequency,cms-fastpath-vector2d,rows=5 cols=256,zipf,2.0,100,177828,0.0,0.0
frequency,cms-fastpath-vector2d,rows=5 cols=256,zipf,2.0,100,316228,0.0,0.0
frequency,cms-fastpath-vector2d,rows=5 cols=256,zipf,2.0,100,562341,0.0,0.0
frequency,cms-fastpath-vector2d,rows=5 cols=256,zipf,2.0,100,1000000,0.0,0.0
frequency,cms-fastpath-vector2d,rows=5 cols=256,zipf,2.0,100,1778279,0.0,0.0
frequency,cms-fastpath-vector2d,rows=5 cols=256,zipf,2.0,100,3162278,0.0,0.0
frequency,cms-fastpath-vector2d,rows=5 cols=256,zipf,2.0,100,5623413,0.0,0.0
frequency,cms-fastpath-vector2d,rows=5 cols=256,zipf,2.0,100,10000000,0.0,0.0
frequency,cms-fastpath-vector2d,rows=5 cols=256,zipf,2.0,100,17782794,0.0,0.0
frequency,cms-fastpath-vector2d,rows=5 cols=256,zipf,2.0,100,31622777,0.0,0.0
frequency,cms-fastpath-vector2d,rows=5 cols=256,zipf,2.0,100,56234133,0.0,0.0
frequency,cms-fastpath-vector2d,rows=5 cols=256,zipf,2.0,100,100000000,0.0,0.0
frequency,cms-fastpath-vector2d,rows=5 cols=256,zipf,2.0,10000,1000,0.0,0.0
frequency,cms-fastpath-vector2d,rows=5 cols=256,zipf,2.0,10000,1778,0.0,0.0
frequency,cms-fastpath-vector2d,rows=5 cols=256,zipf,2.0,10000,3162,0.0,0.0
frequency,cms-fastpath-vector2d,rows=5 cols=256,zipf,2.0,10000,5623,0.0016666666666666668,0.0016666666666666668
frequency,cms-fastpath-vector2d,rows=5 cols=256,zipf,2.0,10000,10000,0.005666666666666667,0.00348010216963685
frequency,cms-fastpath-vector2d,rows=5 cols=256,zipf,2.0,10000,17783,0.01459536805748296,0.005303779023228107
frequency,cms-fastpath-vector2d,rows=5 cols=256,zipf,2.0,10000,31623,0.01794702027864654,0.005919357756579542
frequency,cms-fastpath-vector2d,rows=5 cols=256,zipf,2.0,10000,56234,0.02646898044892428,0.006001763318506532
frequency,cms-fastpath-vector2d,rows=5 cols=256,zipf,2.0,10000,100000,0.0314706413454565,0.0012395946648241763
frequency,cms-fastpath-vector2d,rows=5 cols=256,zipf,2.0,10000,177828,0.03516426848648126,0.0010876874191070986
frequency,cms-fastpath-vector2d,rows=5 cols=256,zipf,2.0,10000,316228,0.038054526075648305,0.00013422607777711305
frequency,cms-fastpath-vector2d,rows=5 cols=256,zipf,2.0,10000,562341,0.040582060235270084,0.0013363531177612421
frequency,cms-fastpath-vector2d,rows=5 cols=256,zipf,2.0,10000,1000000,0.04055197317584466,0.0008616233153678168
frequency,cms-fastpath-vector2d,rows=5 cols=256,zipf,2.0,10000,1778279,0.043813023832490465,0.0007157448694529917
frequency,cms-fastpath-vector2d,rows=5 cols=256,zipf,2.0,10000,3162278,0.04464960632070212,0.0011072816292676823
frequency,cms-fastpath-vector2d,rows=5 cols=256,zipf,2.0,10000,5623413,0.04463959891247813,0.00035988906162159515
frequency,cms-fastpath-vector2d,rows=5 cols=256,zipf,2.0,10000,10000000,0.04383232533662141,0.0008257416071017626
frequency,cms-fastpath-vector2d,rows=5 cols=256,zipf,2.0,10000,17782794,0.044317396468007704,0.0005991086150371509
frequency,cms-fastpath-vector2d,rows=5 cols=256,zipf,2.0,10000,31622777,0.04436982236051673,0.0004041183465996999
frequency,cms-fastpath-vector2d,rows=5 cols=256,zipf,2.0,10000,56234133,0.04419099060830208,0.000259383575054967
frequency,cms-fastpath-vector2d,rows=5 cols=256,zipf,2.0,10000,100000000,0.04413619645954025,0.00012967961708845082
frequency,cms-fastpath-vector2d,rows=5 cols=256,zipf,2.0,1000000,1000,0.0,0.0
frequency,cms-fastpath-vector2d,rows=5 cols=256,zipf,2.0,1000000,1778,0.0,0.0
frequency,cms-fastpath-vector2d,rows=5 cols=256,zipf,2.0,1000000,3162,0.0,0.0
frequency,cms-fastpath-vector2d,rows=5 cols=256,zipf,2.0,1000000,5623,0.0,0.0
frequency,cms-fastpath-vector2d,rows=5 cols=256,zipf,2.0,1000000,10000,0.0033333333333333335,0.0016666666666666668
frequency,cms-fastpath-vector2d,rows=5 cols=256,zipf,2.0,1000000,17783,0.010207229123533472,0.004381637616229303
frequency,cms-fastpath-vector2d,rows=5 cols=256,zipf,2.0,1000000,31623,0.015012796629205695,0.005852911898715438
frequency,cms-fastpath-vector2d,rows=5 cols=256,zipf,2.0,1000000,56234,0.02591476898758401,0.004878021656857241
frequency,cms-fastpath-vector2d,rows=5 cols=256,zipf,2.0,1000000,100000,0.033901511582803204,0.0036357173535576945
frequency,cms-fastpath-vector2d,rows=5 cols=256,zipf,2.0,1000000,177828,0.04550517339697401,0.0010489857697998063
frequency,cms-fastpath-vector2d,rows=5 cols=256,zipf,2.0,1000000,316228,0.04248352286438867,0.0005913687053320793
frequency,cms-fastpath-vector2d,rows=5 cols=256,zipf,2.0,1000000,562341,0.044620068250253275,0.0011497409302972637
frequency,cms-fastpath-vector2d,rows=5 cols=256,zipf,2.0,1000000,1000000,0.045622998975558125,0.0019224960755238876
frequency,cms-fastpath-vector2d,rows=5 cols=256,zipf,2.0,1000000,1778279,0.0453692852014877,0.0012555864104799774
frequency,cms-fastpath-vector2d,rows=5 cols=256,zipf,2.0,1000000,3162278,0.04683040141365576,0.00161967687508346
frequency,cms-fastpath-vector2d,rows=5 cols=256,zipf,2.0,1000000,5623413,0.04567057824248264,0.0003893466460405904
frequency,cms-fastpath-vector2d,rows=5 cols=256,zipf,2.0,1000000,10000000,0.04610115560184643,0.0010207549223222936
frequency,cms-fastpath-vector2d,rows=5 cols=256,zipf,2.0,1000000,17782794,0.04596004209555649,0.0008907535510045328
frequency,cms-fastpath-vector2d,rows=5 cols=256,zipf,2.0,1000000,31622777,0.04480600650556108,0.0003848551691048305
frequency,cms-fastpath-vector2d,rows=5 cols=256,zipf,2.0,1000000,56234133,0.044843281009352365,0.00013370548800249052
frequency,cms-fastpath-vector2d,rows=5 cols=256,zipf,2.0,1000000,100000000,0.04525777281420737,0.00019827561011375927
frequency,cms-fastpath-vector2d,rows=5 cols=1024,zipf,0.0,10,1000,0.0,0.0
frequency,cms-fastpath-vector2d,rows=5 cols=1024,zipf,0.0,10,1778,0.0,0.0
frequency,cms-fastpath-vector2d,rows=5 cols=1024,zipf,0.0,10,3162,0.0,0.0
frequency,cms-fastpath-vector2d,rows=5 cols=1024,zipf,0.0,10,5623,0.0,0.0
frequency,cms-fastpath-vector2d,rows=5 cols=1024,zipf,0.0,10,10000,0.0,0.0
frequency,cms-fastpath-vector2d,rows=5 cols=1024,zipf,0.0,10,17783,0.0,0.0
frequency,cms-fastpath-vector2d,rows=5 cols=1024,zipf,0.0,10,31623,0.0,0.0
frequency,cms-fastpath-vector2d,rows=5 cols=1024,zipf,0.0,10,56234,0.0,0.0
frequency,cms-fastpath-vector2d,rows=5 cols=1024,zipf,0.0,10,100000,0.0,0.0
frequency,cms-fastpath-vector2d,rows=5 cols=1024,zipf,0.0,10,177828,0.0,0.0
frequency,cms-fastpath-vector2d,rows=5 cols=1024,zipf,0.0,10,316228,0.0,0.0
frequency,cms-fastpath-vector2d,rows=5 cols=1024,zipf,0.0,10,562341,0.0,0.0
frequency,cms-fastpath-vector2d,rows=5 cols=1024,zipf,0.0,10,1000000,0.0,0.0
frequency,cms-fastpath-vector2d,rows=5 cols=1024,zipf,0.0,10,1778279,0.0,0.0
frequency,cms-fastpath-vector2d,rows=5 cols=1024,zipf,0.0,10,3162278,0.0,0.0
frequency,cms-fastpath-vector2d,rows=5 cols=1024,zipf,0.0,10,5623413,0.0,0.0
frequency,cms-fastpath-vector2d,rows=5 cols=1024,zipf,0.0,10,10000000,0.0,0.0
frequency,cms-fastpath-vector2d,rows=5 cols=1024,zipf,0.0,10,17782794,0.0,0.0
frequency,cms-fastpath-vector2d,rows=5 cols=1024,zipf,0.0,10,31622777,0.0,0.0
frequency,cms-fastpath-vector2d,rows=5 cols=1024,zipf,0.0,10,56234133,0.0,0.0
frequency,cms-fastpath-vector2d,rows=5 cols=1024,zipf,0.0,10,100000000,0.0,0.0
frequency,cms-fastpath-vector2d,rows=5 cols=1024,zipf,0.0,100,1000,0.0,0.0
frequency,cms-fastpath-vector2d,rows=5 cols=1024,zipf,0.0,100,1778,0.0,0.0
frequency,cms-fastpath-vector2d,rows=5 cols=1024,zipf,0.0,100,3162,0.0,0.0
frequency,cms-fastpath-vector2d,rows=5 cols=1024,zipf,0.0,100,5623,0.0,0.0
frequency,cms-fastpath-vector2d,rows=5 cols=1024,zipf,0.0,100,10000,0.0,0.0
frequency,cms-fastpath-vector2d,rows=5 cols=1024,zipf,0.0,100,17783,0.0,0.0
frequency,cms-fastpath-vector2d,rows=5 cols=1024,zipf,0.0,100,31623,0.0,0.0
frequency,cms-fastpath-vector2d,rows=5 cols=1024,zipf,0.0,100,56234,0.0,0.0
frequency,cms-fastpath-vector2d,rows=5 cols=1024,zipf,0.0,100,100000,0.0,0.0
frequency,cms-fastpath-vector2d,rows=5 cols=1024,zipf,0.0,100,177828,0.0,0.0
frequency,cms-fastpath-vector2d,rows=5 cols=1024,zipf,0.0,100,316228,0.0,0.0
frequency,cms-fastpath-vector2d,rows=5 cols=1024,zipf,0.0,100,562341,0.0,0.0
frequency,cms-fastpath-vector2d,rows=5 cols=1024,zipf,0.0,100,1000000,0.0,0.0
frequency,cms-fastpath-vector2d,rows=5 cols=1024,zipf,0.0,100,1778279,0.0,0.0
frequency,cms-fastpath-vector2d,rows=5 cols=1024,zipf,0.0,100,3162278,0.0,0.0
frequency,cms-fastpath-vector2d,rows=5 cols=1024,zipf,0.0,100,5623413,0.0,0.0
frequency,cms-fastpath-vector2d,rows=5 cols=1024,zipf,0.0,100,10000000,0.0,0.0
frequency,cms-fastpath-vector2d,rows=5 cols=1024,zipf,0.0,100,17782794,0.0,0.0
frequency,cms-fastpath-vector2d,rows=5 cols=1024,zipf,0.0,100,31622777,0.0,0.0
frequency,cms-fastpath-vector2d,rows=5 cols=1024,zipf,0.0,100,56234133,0.0,0.0
frequency,cms-fastpath-vector2d,rows=5 cols=1024,zipf,0.0,100,100000000,0.0,0.0
frequency,cms-fastpath-vector2d,rows=5 cols=1024,zipf,0.0,10000,1000,0.055,0.010408329997330662
frequency,cms-fastpath-vector2d,rows=5 cols=1024,zipf,0.0,10000,1778,0.1911111111111111,0.009875771574795104
frequency,cms-fastpath-vector2d,rows=5 cols=1024,zipf,0.0,10000,3162,0.4367222222222222,0.010396016568562585
frequency,cms-fastpath-vector2d,rows=5 cols=1024,zipf,0.0,10000,5623,0.7584444444444444,0.0125684545343776
frequency,cms-fastpath-vector2d,rows=5 cols=1024,zipf,0.0,10000,10000,1.1940873015873015,0.03303637946801604
frequency,cms-fastpath-vector2d,rows=5 cols=1024,zipf,0.0,10000,17783,1.5895965608465612,0.02452362698487429
frequency,cms-fastpath-vector2d,rows=5 cols=1024,zipf,0.0,10000,31623,2.1501014633514632,0.07667004380856386
frequency,cms-fastpath-vector2d,rows=5 cols=1024,zipf,0.0,10000,56234,2.7398894544997483,0.04219368059907099
frequency,cms-fastpath-vector2d,rows=5 cols=1024,zipf,0.0,10000,100000,3.251314442608835,0.044604880459439396
frequency,cms-fastpath-vector2d,rows=5 cols=1024,zipf,0.0,10000,177828,3.6792311494941505,0.0612286332730894
frequency,cms-fastpath-vector2d,rows=5 cols=1024,zipf,0.0,10000,316228,4.2760972286642405,0.046696602846849594
frequency,cms-fastpath-vector2d,rows=5 cols=1024,zipf,0.0,10000,562341,4.59222971554278,0.13794431661861434
frequency,cms-fastpath-vector2d,rows=5 cols=1024,zipf,0.0,10000,1000000,4.887437272971994,0.08174585268396994
frequency,cms-fastpath-vector2d,rows=5 cols=1024,zipf,0.0,10000,1778279,5.217473245851565,0.13036143533328842
frequency,cms-fastpath-vector2d,rows=5 cols=1024,zipf,0.0,10000,3162278,5.394281883121953,0.14258470463938205
frequency,cms-fastpath-vector2d,rows=5 cols=1024,zipf,0.0,10000,5623413,5.655035360804924,0.03925136386147981
frequency,cms-fastpath-vector2d,rows=5 cols=1024,zipf,0.0,10000,10000000,5.786002771500304,0.057832277352715365
frequency,cms-fastpath-vector2d,rows=5 cols=1024,zipf,0.0,10000,17782794,5.978409663584316,0.060736042981311175
frequency,cms-fastpath-vector2d,rows=5 cols=1024,zipf,0.0,10000,31622777,6.006750565522222,0.11227354100829806
frequency,cms-fastpath-vector2d,rows=5 cols=1024,zipf,0.0,10000,56234133,5.955990422995844,0.05369420040147945
frequency,cms-fastpath-vector2d,rows=5 cols=1024,zipf,0.0,10000,100000000,6.145689619352855,0.09060800600447182
frequency,cms-fastpath-vector2d,rows=5 cols=1024,zipf,0.0,1000000,1000,0.09333333333333334,0.026034165586355518
frequency,cms-fastpath-vector2d,rows=5 cols=1024,zipf,0.0,1000000,1778,0.4383333333333333,0.033706247360261135
frequency,cms-fastpath-vector2d,rows=5 cols=1024,zipf,0.0,1000000,3162,1.1900000000000002,0.020816659994661348
frequency,cms-fastpath-vector2d,rows=5 cols=1024,zipf,0.0,1000000,5623,2.7616666666666667,0.024551533104427068
frequency,cms-fastpath-vector2d,rows=5 cols=1024,zipf,0.0,1000000,10000,4.998333333333334,0.25334978016787607
frequency,cms-fastpath-vector2d,rows=5 cols=1024,zipf,0.0,1000000,17783,6.23888888888889,0.07388888888888873
frequency,cms-fastpath-vector2d,rows=5 cols=1024,zipf,0.0,1000000,31623,12.078333333333333,0.04504113346379747
frequency,cms-fastpath-vector2d,rows=5 cols=1024,zipf,0.0,1000000,56234,21.13277777777778,0.11661242125144204
frequency,cms-fastpath-vector2d,rows=5 cols=1024,zipf,0.0,1000000,100000,28.387111111111114,0.04002850064888311
frequency,cms-fastpath-vector2d,rows=5 cols=1024,zipf,0.0,1000000,177828,47.22911111111111,0.301734834737104
frequency,cms-fastpath-vector2d,rows=5 cols=1024,zipf,0.0,1000000,316228,67.73005555555555,0.4178357524786289
frequency,cms-fastpath-vector2d,rows=5 cols=1024,zipf,0.0,1000000,562341,97.96101587301587,0.49531810810701826
frequency,cms-fastpath-vector2d,rows=5 cols=1024,zipf,0.0,1000000,1000000,132.61112433862436,1.3332751586289506
frequency,cms-fastpath-vector2d,rows=5 cols=1024,zipf,0.0,1000000,1778279,182.28602609427605,1.6631724254624947
frequency,cms-fastpath-vector2d,rows=5 cols=1024,zipf,0.0,1000000,3162278,240.3071098901099,0.514295620793292
frequency,cms-fastpath-vector2d,rows=5 cols=1024,zipf,0.0,1000000,5623413,309.22596230363484,0.4885367226106581
frequency,cms-fastpath-vector2d,rows=5 cols=1024,zipf,0.0,1000000,10000000,381.3323633767468,0.6836377737801174
frequency,cms-fastpath-vector2d,rows=5 cols=1024,zipf,0.0,1000000,17782794,453.9020752999222,1.4521146459313559
frequency,cms-fastpath-vector2d,rows=5 cols=1024,zipf,0.0,1000000,31622777,531.4131642129738,2.0935904659717783
frequency,cms-fastpath-vector2d,rows=5 cols=1024,zipf,0.0,1000000,56234133,597.8089741068105,2.736428732407868
frequency,cms-fastpath-vector2d,rows=5 cols=1024,zipf,0.0,1000000,100000000,660.8432477362561,1.0754018672078318
frequency,cms-fastpath-vector2d,rows=5 cols=1024,zipf,0.5,10,1000,0.0,0.0
frequency,cms-fastpath-vector2d,rows=5 cols=1024,zipf,0.5,10,1778,0.0,0.0
frequency,cms-fastpath-vector2d,rows=5 cols=1024,zipf,0.5,10,3162,0.0,0.0
frequency,cms-fastpath-vector2d,rows=5 cols=1024,zipf,0.5,10,5623,0.0,0.0
frequency,cms-fastpath-vector2d,rows=5 cols=1024,zipf,0.5,10,10000,0.0,0.0
frequency,cms-fastpath-vector2d,rows=5 cols=1024,zipf,0.5,10,17783,0.0,0.0
frequency,cms-fastpath-vector2d,rows=5 cols=1024,zipf,0.5,10,31623,0.0,0.0
frequency,cms-fastpath-vector2d,rows=5 cols=1024,zipf,0.5,10,56234,0.0,0.0
frequency,cms-fastpath-vector2d,rows=5 cols=1024,zipf,0.5,10,100000,0.0,0.0
frequency,cms-fastpath-vector2d,rows=5 cols=1024,zipf,0.5,10,177828,0.0,0.0
frequency,cms-fastpath-vector2d,rows=5 cols=1024,zipf,0.5,10,316228,0.0,0.0
frequency,cms-fastpath-vector2d,rows=5 cols=1024,zipf,0.5,10,562341,0.0,0.0
frequency,cms-fastpath-vector2d,rows=5 cols=1024,zipf,0.5,10,1000000,0.0,0.0
frequency,cms-fastpath-vector2d,rows=5 cols=1024,zipf,0.5,10,1778279,0.0,0.0
frequency,cms-fastpath-vector2d,rows=5 cols=1024,zipf,0.5,10,3162278,0.0,0.0
frequency,cms-fastpath-vector2d,rows=5 cols=1024,zipf,0.5,10,5623413,0.0,0.0
frequency,cms-fastpath-vector2d,rows=5 cols=1024,zipf,0.5,10,10000000,0.0,0.0
frequency,cms-fastpath-vector2d,rows=5 cols=1024,zipf,0.5,10,17782794,0.0,0.0
frequency,cms-fastpath-vector2d,rows=5 cols=1024,zipf,0.5,10,31622777,0.0,0.0
frequency,cms-fastpath-vector2d,rows=5 cols=1024,zipf,0.5,10,56234133,0.0,0.0
frequency,cms-fastpath-vector2d,rows=5 cols=1024,zipf,0.5,10,100000000,0.0,0.0
frequency,cms-fastpath-vector2d,rows=5 cols=1024,zipf,0.5,100,1000,0.0,0.0
frequency,cms-fastpath-vector2d,rows=5 cols=1024,zipf,0.5,100,1778,0.0,0.0
frequency,cms-fastpath-vector2d,rows=5 cols=1024,zipf,0.5,100,3162,0.0,0.0
frequency,cms-fastpath-vector2d,rows=5 cols=1024,zipf,0.5,100,5623,0.0,0.0
frequency,cms-fastpath-vector2d,rows=5 cols=1024,zipf,0.5,100,10000,0.0,0.0
frequency,cms-fastpath-vector2d,rows=5 cols=1024,zipf,0.5,100,17783,0.0,0.0
frequency,cms-fastpath-vector2d,rows=5 cols=1024,zipf,0.5,100,31623,0.0,0.0
frequency,cms-fastpath-vector2d,rows=5 cols=1024,zipf,0.5,100,56234,0.0,0.0
frequency,cms-fastpath-vector2d,rows=5 cols=1024,zipf,0.5,100,100000,0.0,0.0
frequency,cms-fastpath-vector2d,rows=5 cols=1024,zipf,0.5,100,177828,0.0,0.0
frequency,cms-fastpath-vector2d,rows=5 cols=1024,zipf,0.5,100,316228,0.0,0.0
frequency,cms-fastpath-vector2d,rows=5 cols=1024,zipf,0.5,100,562341,0.0,0.0
frequency,cms-fastpath-vector2d,rows=5 cols=1024,zipf,0.5,100,1000000,0.0,0.0
frequency,cms-fastpath-vector2d,rows=5 cols=1024,zipf,0.5,100,1778279,0.0,0.0
frequency,cms-fastpath-vector2d,rows=5 cols=1024,zipf,0.5,100,3162278,0.0,0.0
frequency,cms-fastpath-vector2d,rows=5 cols=1024,zipf,0.5,100,5623413,0.0,0.0
frequency,cms-fastpath-vector2d,rows=5 cols=1024,zipf,0.5,100,10000000,0.0,0.0
frequency,cms-fastpath-vector2d,rows=5 cols=1024,zipf,0.5,100,17782794,0.0,0.0
frequency,cms-fastpath-vector2d,rows=5 cols=1024,zipf,0.5,100,31622777,0.0,0.0
frequency,cms-fastpath-vector2d,rows=5 cols=1024,zipf,0.5,100,56234133,0.0,0.0
frequency,cms-fastpath-vector2d,rows=5 cols=1024,zipf,0.5,100,100000000,0.0,0.0
frequency,cms-fastpath-vector2d,rows=5 cols=1024,zipf,0.5,10000,1000,0.06388888888888888,0.014476460245328202
frequency,cms-fastpath-vector2d,rows=5 cols=1024,zipf,0.5,10000,1778,0.11372222222222222,0.011363657687971011
frequency,cms-fastpath-vector2d,rows=5 cols=1024,zipf,0.5,10000,3162,0.2336202038702038,0.014189172891029257
frequency,cms-fastpath-vector2d,rows=5 cols=1024,zipf,0.5,10000,5623,0.39308496079084304,0.04213119308291647
frequency,cms-fastpath-vector2d,rows=5 cols=1024,zipf,0.5,10000,10000,0.5156251013653076,0.020016795903774937
frequency,cms-fastpath-vector2d,rows=5 cols=1024,zipf,0.5,10000,17783,0.5988387503294255,0.02731913580686353
frequency,cms-fastpath-vector2d,rows=5 cols=1024,zipf,0.5,10000,31623,0.6311395982436168,0.014557244330068128
frequency,cms-fastpath-vector2d,rows=5 cols=1024,zipf,0.5,10000,56234,0.6738621233652262,0.013487416133642136
frequency,cms-fastpath-vector2d,rows=5 cols=1024,zipf,0.5,10000,100000,0.6984783271735541,0.0008699198706869817
frequency,cms-fastpath-vector2d,rows=5 cols=1024,zipf,0.5,10000,177828,0.6950285425338439,0.011249106485396539
frequency,cms-fastpath-vector2d,rows=5 cols=1024,zipf,0.5,10000,316228,0.7061822538965137,0.006229080443803604
frequency,cms-fastpath-vector2d,rows=5 cols=1024,zipf,0.5,10000,562341,0.7108898355905664,0.0037525481112427148
frequency,cms-fastpath-vector2d,rows=5 cols=1024,zipf,0.5,10000,1000000,0.7221136886492535,0.002767250557261556
frequency,cms-fastpath-vector2d,rows=5 cols=1024,zipf,0.5,10000,1778279,0.7277709622437216,0.003654321436481259
frequency,cms-fastpath-vector2d,rows=5 cols=1024,zipf,0.5,10000,3162278,0.7270880970071003,0.00359055462686682
frequency,cms-fastpath-vector2d,rows=5 cols=1024,zipf,0.5,10000,5623413,0.7302255617342065,0.003975849206513723
frequency,cms-fastpath-vector2d,rows=5 cols=1024,zipf,0.5,10000,10000000,0.7239564138892117,0.0036837404742189185
frequency,cms-fastpath-vector2d,rows=5 cols=1024,zipf,0.5,10000,17782794,0.7243578241788221,0.0014818146422720248
frequency,cms-fastpath-vector2d,rows=5 cols=1024,zipf,0.5,10000,31622777,0.727809792171675,0.004791301296870703
frequency,cms-fastpath-vector2d,rows=5 cols=1024,zipf,0.5,10000,56234133,0.7244501011353335,0.0016761129767358313
frequency,cms-fastpath-vector2d,rows=5 cols=1024,zipf,0.5,10000,100000000,0.7226323196641165,0.002004405058710874
frequency,cms-fastpath-vector2d,rows=5 cols=1024,zipf,0.5,1000000,1000,0.08166666666666667,0.01481365736219265
frequency,cms-fastpath-vector2d,rows=5 cols=1024,zipf,0.5,1000000,1778,0.3661111111111111,0.03899588455652313
frequency,cms-fastpath-vector2d,rows=5 cols=1024,zipf,0.5,1000000,3162,1.1233333333333333,0.09382311963358378
frequency,cms-fastpath-vector2d,rows=5 cols=1024,zipf,0.5,1000000,5623,2.3166666666666664,0.10947264160172274
frequency,cms-fastpath-vector2d,rows=5 cols=1024,zipf,0.5,1000000,10000,3.000543650793651,0.07038399439713937
frequency,cms-fastpath-vector2d,rows=5 cols=1024,zipf,0.5,1000000,17783,5.210200142450142,0.15493590137647437
frequency,cms-fastpath-vector2d,rows=5 cols=1024,zipf,0.5,1000000,31623,6.849470163823106,0.1078429685748353
frequency,cms-fastpath-vector2d,rows=5 cols=1024,zipf,0.5,1000000,56234,8.654981569988783,0.20494545165337294
frequency,cms-fastpath-vector2d,rows=5 cols=1024,zipf,0.5,1000000,100000,9.917944100434392,0.034548332572451115
frequency,cms-fastpath-vector2d,rows=5 cols=1024,zipf,0.5,1000000,177828,10.65493067680731,0.028446447338517238
frequency,cms-fastpath-vector2d,rows=5 cols=1024,zipf,0.5,1000000,316228,11.345369434400851,0.08310003438326453
frequency,cms-fastpath-vector2d,rows=5 cols=1024,zipf,0.5,1000000,562341,11.744655299535495,0.02199331049401182
frequency,cms-fastpath-vector2d,rows=5 cols=1024,zipf,0.5,1000000,1000000,12.015152839572771,0.04373018262646128
frequency,cms-fastpath-vector2d,rows=5 cols=1024,zipf,0.5,1000000,1778279,12.13408764643705,0.030196967755774407
frequency,cms-fastpath-vector2d,rows=5 cols=1024,zipf,0.5,1000000,3162278,12.275764587296953,0.0634158005349274
frequency,cms-fastpath-vector2d,rows=5 cols=1024,zipf,0.5,1000000,5623413,12.325423160497676,0.03593795524018084
frequency,cms-fastpath-vector2d,rows=5 cols=1024,zipf,0.5,1000000,10000000,12.293691985818226,0.015660683188122918
frequency,cms-fastpath-vector2d,rows=5 cols=1024,zipf,0.5,1000000,17782794,12.281279351156392,0.015694447961344886
frequency,cms-fastpath-vector2d,rows=5 cols=1024,zipf,0.5,1000000,31622777,12.298570939969721,0.00635846759974498
frequency,cms-fastpath-vector2d,rows=5 cols=1024,zipf,0.5,1000000,56234133,12.29127672002213,0.006993012213439155
frequency,cms-fastpath-vector2d,rows=5 cols=1024,zipf,0.5,1000000,100000000,12.289366148958836,0.0022706378384051177
frequency,cms-fastpath-vector2d,rows=5 cols=1024,zipf,1.0,10,1000,0.0,0.0
frequency,cms-fastpath-vector2d,rows=5 cols=1024,zipf,1.0,10,1778,0.0,0.0
frequency,cms-fastpath-vector2d,rows=5 cols=1024,zipf,1.0,10,3162,0.0,0.0
frequency,cms-fastpath-vector2d,rows=5 cols=1024,zipf,1.0,10,5623,0.0,0.0
frequency,cms-fastpath-vector2d,rows=5 cols=1024,zipf,1.0,10,10000,0.0,0.0
frequency,cms-fastpath-vector2d,rows=5 cols=1024,zipf,1.0,10,17783,0.0,0.0
frequency,cms-fastpath-vector2d,rows=5 cols=1024,zipf,1.0,10,31623,0.0,0.0
frequency,cms-fastpath-vector2d,rows=5 cols=1024,zipf,1.0,10,56234,0.0,0.0
frequency,cms-fastpath-vector2d,rows=5 cols=1024,zipf,1.0,10,100000,0.0,0.0
frequency,cms-fastpath-vector2d,rows=5 cols=1024,zipf,1.0,10,177828,0.0,0.0
frequency,cms-fastpath-vector2d,rows=5 cols=1024,zipf,1.0,10,316228,0.0,0.0
frequency,cms-fastpath-vector2d,rows=5 cols=1024,zipf,1.0,10,562341,0.0,0.0
frequency,cms-fastpath-vector2d,rows=5 cols=1024,zipf,1.0,10,1000000,0.0,0.0
frequency,cms-fastpath-vector2d,rows=5 cols=1024,zipf,1.0,10,1778279,0.0,0.0
frequency,cms-fastpath-vector2d,rows=5 cols=1024,zipf,1.0,10,3162278,0.0,0.0
frequency,cms-fastpath-vector2d,rows=5 cols=1024,zipf,1.0,10,5623413,0.0,0.0
frequency,cms-fastpath-vector2d,rows=5 cols=1024,zipf,1.0,10,10000000,0.0,0.0
frequency,cms-fastpath-vector2d,rows=5 cols=1024,zipf,1.0,10,17782794,0.0,0.0
frequency,cms-fastpath-vector2d,rows=5 cols=1024,zipf,1.0,10,31622777,0.0,0.0
frequency,cms-fastpath-vector2d,rows=5 cols=1024,zipf,1.0,10,56234133,0.0,0.0
frequency,cms-fastpath-vector2d,rows=5 cols=1024,zipf,1.0,10,100000000,0.0,0.0
frequency,cms-fastpath-vector2d,rows=5 cols=1024,zipf,1.0,100,1000,0.0,0.0
frequency,cms-fastpath-vector2d,rows=5 cols=1024,zipf,1.0,100,1778,0.0,0.0
frequency,cms-fastpath-vector2d,rows=5 cols=1024,zipf,1.0,100,3162,0.0,0.0
frequency,cms-fastpath-vector2d,rows=5 cols=1024,zipf,1.0,100,5623,0.0,0.0
frequency,cms-fastpath-vector2d,rows=5 cols=1024,zipf,1.0,100,10000,0.0,0.0
frequency,cms-fastpath-vector2d,rows=5 cols=1024,zipf,1.0,100,17783,0.0,0.0
frequency,cms-fastpath-vector2d,rows=5 cols=1024,zipf,1.0,100,31623,0.0,0.0
frequency,cms-fastpath-vector2d,rows=5 cols=1024,zipf,1.0,100,56234,0.0,0.0
frequency,cms-fastpath-vector2d,rows=5 cols=1024,zipf,1.0,100,100000,0.0,0.0
frequency,cms-fastpath-vector2d,rows=5 cols=1024,zipf,1.0,100,177828,0.0,0.0
frequency,cms-fastpath-vector2d,rows=5 cols=1024,zipf,1.0,100,316228,0.0,0.0
frequency,cms-fastpath-vector2d,rows=5 cols=1024,zipf,1.0,100,562341,0.0,0.0
frequency,cms-fastpath-vector2d,rows=5 cols=1024,zipf,1.0,100,1000000,0.0,0.0
frequency,cms-fastpath-vector2d,rows=5 cols=1024,zipf,1.0,100,1778279,0.0,0.0
frequency,cms-fastpath-vector2d,rows=5 cols=1024,zipf,1.0,100,3162278,0.0,0.0
frequency,cms-fastpath-vector2d,rows=5 cols=1024,zipf,1.0,100,5623413,0.0,0.0
frequency,cms-fastpath-vector2d,rows=5 cols=1024,zipf,1.0,100,10000000,0.0,0.0
frequency,cms-fastpath-vector2d,rows=5 cols=1024,zipf,1.0,100,17782794,0.0,0.0
frequency,cms-fastpath-vector2d,rows=5 cols=1024,zipf,1.0,100,31622777,0.0,0.0
frequency,cms-fastpath-vector2d,rows=5 cols=1024,zipf,1.0,100,56234133,0.0,0.0
frequency,cms-fastpath-vector2d,rows=5 cols=1024,zipf,1.0,100,100000000,0.0,0.0
frequency,cms-fastpath-vector2d,rows=5 cols=1024,zipf,1.0,10000,1000,0.0016666666666666668,0.0016666666666666668
frequency,cms-fastpath-vector2d,rows=5 cols=1024,zipf,1.0,10000,1778,0.010346560846560847,0.0017381999275889427
frequency,cms-fastpath-vector2d,rows=5 cols=1024,zipf,1.0,10000,3162,0.02573210395269218,0.002051102425219637
frequency,cms-fastpath-vector2d,rows=5 cols=1024,zipf,1.0,10000,5623,0.04704090468587472,0.0057567533623884655
frequency,cms-fastpath-vector2d,rows=5 cols=1024,zipf,1.0,10000,10000,0.0618743355653631,0.00239103827940156
frequency,cms-fastpath-vector2d,rows=5 cols=1024,zipf,1.0,10000,17783,0.07629183471409808,0.0010171672482627429
frequency,cms-fastpath-vector2d,rows=5 cols=1024,zipf,1.0,10000,31623,0.08354455572088289,0.002115552874025382
frequency,cms-fastpath-vector2d,rows=5 cols=1024,zipf,1.0,10000,56234,0.08628763448461578,0.002005762221021958
frequency,cms-fastpath-vector2d,rows=5 cols=1024,zipf,1.0,10000,100000,0.09011076660691104,0.00208735509422367
frequency,cms-fastpath-vector2d,rows=5 cols=1024,zipf,1.0,10000,177828,0.08914955488619906,0.001237095927240145
frequency,cms-fastpath-vector2d,rows=5 cols=1024,zipf,1.0,10000,316228,0.09207659068576908,0.0009545901301871853
frequency,cms-fastpath-vector2d,rows=5 cols=1024,zipf,1.0,10000,562341,0.09127431430652871,0.00114977586616533
frequency,cms-fastpath-vector2d,rows=5 cols=1024,zipf,1.0,10000,1000000,0.09291507952827771,0.0009992059548825348
frequency,cms-fastpath-vector2d,rows=5 cols=1024,zipf,1.0,10000,1778279,0.09268119564484949,0.0009401487189103581
frequency,cms-fastpath-vector2d,rows=5 cols=1024,zipf,1.0,10000,3162278,0.09268217931967275,0.0007312724603862437
frequency,cms-fastpath-vector2d,rows=5 cols=1024,zipf,1.0,10000,5623413,0.09318696210413129,0.0006212054373343414
frequency,cms-fastpath-vector2d,rows=5 cols=1024,zipf,1.0,10000,10000000,0.09271339103930461,0.0004315531578457706
frequency,cms-fastpath-vector2d,rows=5 cols=1024,zipf,1.0,10000,17782794,0.09267961258949581,0.0004330179670348935
frequency,cms-fastpath-vector2d,rows=5 cols=1024,zipf,1.0,10000,31622777,0.09318418961357154,5.971190224085983e-05
frequency,cms-fastpath-vector2d,rows=5 cols=1024,zipf,1.0,10000,56234133,0.09311539394852486,6.268200853847488e-05
frequency,cms-fastpath-vector2d,rows=5 cols=1024,zipf,1.0,10000,100000000,0.0930850595634148,5.047517334248443e-05
frequency,cms-fastpath-vector2d,rows=5 cols=1024,zipf,1.0,1000000,1000,0.013619883040935673,0.0018268747517847692
frequency,cms-fastpath-vector2d,rows=5 cols=1024,zipf,1.0,1000000,1778,0.05000438868554453,0.005688457190665548
frequency,cms-fastpath-vector2d,rows=5 cols=1024,zipf,1.0,1000000,3162,0.10097668226548012,0.008097013446432036
frequency,cms-fastpath-vector2d,rows=5 cols=1024,zipf,1.0,1000000,5623,0.1553277475555159,0.015995600522351914
frequency,cms-fastpath-vector2d,rows=5 cols=1024,zipf,1.0,1000000,10000,0.2084255858913424,0.0058314408322549145
frequency,cms-fastpath-vector2d,rows=5 cols=1024,zipf,1.0,1000000,17783,0.25109537864466386,0.0030832161091592894
frequency,cms-fastpath-vector2d,rows=5 cols=1024,zipf,1.0,1000000,31623,0.2773055423679185,0.002902846474136166
frequency,cms-fastpath-vector2d,rows=5 cols=1024,zipf,1.0,1000000,56234,0.2906806299878028,0.0030644085899181866
frequency,cms-fastpath-vector2d,rows=5 cols=1024,zipf,1.0,1000000,100000,0.30598747930110654,0.003333634521067703
frequency,cms-fastpath-vector2d,rows=5 cols=1024,zipf,1.0,1000000,177828,0.3106830716973695,0.000852800112193589
frequency,cms-fastpath-vector2d,rows=5 cols=1024,zipf,1.0,1000000,316228,0.31320464311782814,0.0012531813125535227
frequency,cms-fastpath-vector2d,rows=5 cols=1024,zipf,1.0,1000000,562341,0.314375917347112,0.0012648319931561943
frequency,cms-fastpath-vector2d,rows=5 cols=1024,zipf,1.0,1000000,1000000,0.3152594164222872,0.001767938912436589
frequency,cms-fastpath-vector2d,rows=5 cols=1024,zipf,1.0,1000000,1778279,0.3173502431638548,0.0010656630793478617
frequency,cms-fastpath-vector2d,rows=5 cols=1024,zipf,1.0,1000000,3162278,0.3184950951237787,0.0007752249813913613
frequency,cms-fastpath-vector2d,rows=5 cols=1024,zipf,1.0,1000000,5623413,0.3195784585554172,0.0008965737272559133
frequency,cms-fastpath-vector2d,rows=5 cols=1024,zipf,1.0,1000000,10000000,0.3193553301125487,0.000956897235135302
frequency,cms-fastpath-vector2d,rows=5 cols=1024,zipf,1.0,1000000,17782794,0.3189897424804639,0.0004803965275390292
frequency,cms-fastpath-vector2d,rows=5 cols=1024,zipf,1.0,1000000,31622777,0.31859026950206704,0.00026911259346435124
frequency,cms-fastpath-vector2d,rows=5 cols=1024,zipf,1.0,1000000,56234133,0.3188013852891994,0.00031867176203589524
frequency,cms-fastpath-vector2d,rows=5 cols=1024,zipf,1.0,1000000,100000000,0.31873209147859544,0.0002265002493381997
frequency,cms-fastpath-vector2d,rows=5 cols=1024,zipf,1.5,10,1000,0.0,0.0
frequency,cms-fastpath-vector2d,rows=5 cols=1024,zipf,1.5,10,1778,0.0,0.0
frequency,cms-fastpath-vector2d,rows=5 cols=1024,zipf,1.5,10,3162,0.0,0.0
frequency,cms-fastpath-vector2d,rows=5 cols=1024,zipf,1.5,10,5623,0.0,0.0
frequency,cms-fastpath-vector2d,rows=5 cols=1024,zipf,1.5,10,10000,0.0,0.0
frequency,cms-fastpath-vector2d,rows=5 cols=1024,zipf,1.5,10,17783,0.0,0.0
frequency,cms-fastpath-vector2d,rows=5 cols=1024,zipf,1.5,10,31623,0.0,0.0
frequency,cms-fastpath-vector2d,rows=5 cols=1024,zipf,1.5,10,56234,0.0,0.0
frequency,cms-fastpath-vector2d,rows=5 cols=1024,zipf,1.5,10,100000,0.0,0.0
frequency,cms-fastpath-vector2d,rows=5 cols=1024,zipf,1.5,10,177828,0.0,0.0
frequency,cms-fastpath-vector2d,rows=5 cols=1024,zipf,1.5,10,316228,0.0,0.0
frequency,cms-fastpath-vector2d,rows=5 cols=1024,zipf,1.5,10,562341,0.0,0.0
frequency,cms-fastpath-vector2d,rows=5 cols=1024,zipf,1.5,10,1000000,0.0,0.0
frequency,cms-fastpath-vector2d,rows=5 cols=1024,zipf,1.5,10,1778279,0.0,0.0
frequency,cms-fastpath-vector2d,rows=5 cols=1024,zipf,1.5,10,3162278,0.0,0.0
frequency,cms-fastpath-vector2d,rows=5 cols=1024,zipf,1.5,10,5623413,0.0,0.0
frequency,cms-fastpath-vector2d,rows=5 cols=1024,zipf,1.5,10,10000000,0.0,0.0
frequency,cms-fastpath-vector2d,rows=5 cols=1024,zipf,1.5,10,17782794,0.0,0.0
frequency,cms-fastpath-vector2d,rows=5 cols=1024,zipf,1.5,10,31622777,0.0,0.0
frequency,cms-fastpath-vector2d,rows=5 cols=1024,zipf,1.5,10,56234133,0.0,0.0
frequency,cms-fastpath-vector2d,rows=5 cols=1024,zipf,1.5,10,100000000,0.0,0.0
frequency,cms-fastpath-vector2d,rows=5 cols=1024,zipf,1.5,100,1000,0.0,0.0
frequency,cms-fastpath-vector2d,rows=5 cols=1024,zipf,1.5,100,1778,0.0,0.0
frequency,cms-fastpath-vector2d,rows=5 cols=1024,zipf,1.5,100,3162,0.0,0.0
frequency,cms-fastpath-vector2d,rows=5 cols=1024,zipf,1.5,100,5623,0.0,0.0
frequency,cms-fastpath-vector2d,rows=5 cols=1024,zipf,1.5,100,10000,0.0,0.0
frequency,cms-fastpath-vector2d,rows=5 cols=1024,zipf,1.5,100,17783,0.0,0.0
frequency,cms-fastpath-vector2d,rows=5 cols=1024,zipf,1.5,100,31623,0.0,0.0
frequency,cms-fastpath-vector2d,rows=5 cols=1024,zipf,1.5,100,56234,0.0,0.0
frequency,cms-fastpath-vector2d,rows=5 cols=1024,zipf,1.5,100,100000,0.0,0.0
frequency,cms-fastpath-vector2d,rows=5 cols=1024,zipf,1.5,100,177828,0.0,0.0
frequency,cms-fastpath-vector2d,rows=5 cols=1024,zipf,1.5,100,316228,0.0,0.0
frequency,cms-fastpath-vector2d,rows=5 cols=1024,zipf,1.5,100,562341,0.0,0.0
frequency,cms-fastpath-vector2d,rows=5 cols=1024,zipf,1.5,100,1000000,0.0,0.0
frequency,cms-fastpath-vector2d,rows=5 cols=1024,zipf,1.5,100,1778279,0.0,0.0
frequency,cms-fastpath-vector2d,rows=5 cols=1024,zipf,1.5,100,3162278,0.0,0.0
frequency,cms-fastpath-vector2d,rows=5 cols=1024,zipf,1.5,100,5623413,0.0,0.0
frequency,cms-fastpath-vector2d,rows=5 cols=1024,zipf,1.5,100,10000000,0.0,0.0
frequency,cms-fastpath-vector2d,rows=5 cols=1024,zipf,1.5,100,17782794,0.0,0.0
frequency,cms-fastpath-vector2d,rows=5 cols=1024,zipf,1.5,100,31622777,0.0,0.0
frequency,cms-fastpath-vector2d,rows=5 cols=1024,zipf,1.5,100,56234133,0.0,0.0
frequency,cms-fastpath-vector2d,rows=5 cols=1024,zipf,1.5,100,100000000,0.0,0.0
frequency,cms-fastpath-vector2d,rows=5 cols=1024,zipf,1.5,10000,1000,0.0,0.0
frequency,cms-fastpath-vector2d,rows=5 cols=1024,zipf,1.5,10000,1778,0.0,0.0
frequency,cms-fastpath-vector2d,rows=5 cols=1024,zipf,1.5,10000,3162,0.0,0.0
frequency,cms-fastpath-vector2d,rows=5 cols=1024,zipf,1.5,10000,5623,0.0001388888888888889,0.0001388888888888889
frequency,cms-fastpath-vector2d,rows=5 cols=1024,zipf,1.5,10000,10000,0.000855683269476373,0.0006904824516430789
frequency,cms-fastpath-vector2d,rows=5 cols=1024,zipf,1.5,10000,17783,0.002824496977568146,0.0004523747155124283
frequency,cms-fastpath-vector2d,rows=5 cols=1024,zipf,1.5,10000,31623,0.0041329717645794085,0.0002272271810005576
frequency,cms-fastpath-vector2d,rows=5 cols=1024,zipf,1.5,10000,56234,0.0072548539350742415,0.00031076004310019305
frequency,cms-fastpath-vector2d,rows=5 cols=1024,zipf,1.5,10000,100000,0.00917869994603517,0.000384389397683262
frequency,cms-fastpath-vector2d,rows=5 cols=1024,zipf,1.5,10000,177828,0.010954613588748307,0.000523650334035073
frequency,cms-fastpath-vector2d,rows=5 cols=1024,zipf,1.5,10000,316228,0.012362208741607919,0.0005116016220824285
frequency,cms-fastpath-vector2d,rows=5 cols=1024,zipf,1.5,10000,562341,0.012774632570437214,9.027036415796907e-05
frequency,cms-fastpath-vector2d,rows=5 cols=1024,zipf,1.5,10000,1000000,0.013316383600247303,0.00025003721063177037
frequency,cms-fastpath-vector2d,rows=5 cols=1024,zipf,1.5,10000,1778279,0.01370300963455509,0.00019001387894817837
frequency,cms-fastpath-vector2d,rows=5 cols=1024,zipf,1.5,10000,3162278,0.013783074608148772,0.00015095394441453256
frequency,cms-fastpath-vector2d,rows=5 cols=1024,zipf,1.5,10000,5623413,0.013900414921875728,6.962241661773221e-05
frequency,cms-fastpath-vector2d,rows=5 cols=1024,zipf,1.5,10000,10000000,0.013905353112328808,1.8126100391941327e-05
frequency,cms-fastpath-vector2d,rows=5 cols=1024,zipf,1.5,10000,17782794,0.013792844950542305,4.6261507694966095e-05
frequency,cms-fastpath-vector2d,rows=5 cols=1024,zipf,1.5,10000,31622777,0.01362402882467354,0.00010478254251533299
frequency,cms-fastpath-vector2d,rows=5 cols=1024,zipf,1.5,10000,56234133,0.013719508248342489,1.3127822234857691e-05
frequency,cms-fastpath-vector2d,rows=5 cols=1024,zipf,1.5,10000,100000000,0.013739926122466717,1.852895233940925e-05
frequency,cms-fastpath-vector2d,rows=5 cols=1024,zipf,1.5,1000000,1000,0.0,0.0
frequency,cms-fastpath-vector2d,rows=5 cols=1024,zipf,1.5,1000000,1778,0.0,0.0
frequency,cms-fastpath-vector2d,rows=5 cols=1024,zipf,1.5,1000000,3162,0.0033333333333333335,0.0016666666666666668
frequency,cms-fastpath-vector2d,rows=5 cols=1024,zipf,1.5,1000000,5623,0.0019444444444444442,0.0012108052620946315
frequency,cms-fastpath-vector2d,rows=5 cols=1024,zipf,1.5,1000000,10000,0.0030471281480053407,0.00053760593358789
frequency,cms-fastpath-vector2d,rows=5 cols=1024,zipf,1.5,1000000,17783,0.005939415424734799,0.0010064490466440109
frequency,cms-fastpath-vector2d,rows=5 cols=1024,zipf,1.5,1000000,31623,0.00927215728369909,0.0004284381786837604
frequency,cms-fastpath-vector2d,rows=5 cols=1024,zipf,1.5,1000000,56234,0.011315477608904062,0.0017646305016199213
frequency,cms-fastpath-vector2d,rows=5 cols=1024,zipf,1.5,1000000,100000,0.016047234033965355,0.0011482326794749892
frequency,cms-fastpath-vector2d,rows=5 cols=1024,zipf,1.5,1000000,177828,0.0174293715141775,0.0006816190405841958
frequency,cms-fastpath-vector2d,rows=5 cols=1024,zipf,1.5,1000000,316228,0.01900381289332756,0.0005964699888828268
frequency,cms-fastpath-vector2d,rows=5 cols=1024,zipf,1.5,1000000,562341,0.020082695338103352,4.086065469661406e-05
frequency,cms-fastpath-vector2d,rows=5 cols=1024,zipf,1.5,1000000,1000000,0.02021345136130558,0.00036838065602462353
frequency,cms-fastpath-vector2d,rows=5 cols=1024,zipf,1.5,1000000,1778279,0.02024010819850546,0.0001966359856754289
frequency,cms-fastpath-vector2d,rows=5 cols=1024,zipf,1.5,1000000,3162278,0.02064400275590805,0.00012706012577845137
frequency,cms-fastpath-vector2d,rows=5 cols=1024,zipf,1.5,1000000,5623413,0.02072698375301626,7.507802822435223e-05
frequency,cms-fastpath-vector2d,rows=5 cols=1024,zipf,1.5,1000000,10000000,0.020772472526779617,0.0001386103742102131
frequency,cms-fastpath-vector2d,rows=5 cols=1024,zipf,1.5,1000000,17782794,0.020818619617781222,8.035412133557446e-05
frequency,cms-fastpath-vector2d,rows=5 cols=1024,zipf,1.5,1000000,31622777,0.020854289628824726,5.4284735566561515e-05
frequency,cms-fastpath-vector2d,rows=5 cols=1024,zipf,1.5,1000000,56234133,0.020889431969391883,4.415000585152958e-05
frequency,cms-fastpath-vector2d,rows=5 cols=1024,zipf,1.5,1000000,100000000,0.020911400385091986,8.856773274232247e-06
frequency,cms-fastpath-vector2d,rows=5 cols=1024,zipf,2.0,10,1000,0.0,0.0
frequency,cms-fastpath-vector2d,rows=5 cols=1024,zipf,2.0,10,1778,0.0,0.0
frequency,cms-fastpath-vector2d,rows=5 cols=1024,zipf,2.0,10,3162,0.0,0.0
frequency,cms-fastpath-vector2d,rows=5 cols=1024,zipf,2.0,10,5623,0.0,0.0
frequency,cms-fastpath-vector2d,rows=5 cols=1024,zipf,2.0,10,10000,0.0,0.0
frequency,cms-fastpath-vector2d,rows=5 cols=1024,zipf,2.0,10,17783,0.0,0.0
frequency,cms-fastpath-vector2d,rows=5 cols=1024,zipf,2.0,10,31623,0.0,0.0
frequency,cms-fastpath-vector2d,rows=5 cols=1024,zipf,2.0,10,56234,0.0,0.0
frequency,cms-fastpath-vector2d,rows=5 cols=1024,zipf,2.0,10,100000,0.0,0.0
frequency,cms-fastpath-vector2d,rows=5 cols=1024,zipf,2.0,10,177828,0.0,0.0
frequency,cms-fastpath-vector2d,rows=5 cols=1024,zipf,2.0,10,316228,0.0,0.0
frequency,cms-fastpath-vector2d,rows=5 cols=1024,zipf,2.0,10,562341,0.0,0.0
frequency,cms-fastpath-vector2d,rows=5 cols=1024,zipf,2.0,10,1000000,0.0,0.0
frequency,cms-fastpath-vector2d,rows=5 cols=1024,zipf,2.0,10,1778279,0.0,0.0
frequency,cms-fastpath-vector2d,rows=5 cols=1024,zipf,2.0,10,3162278,0.0,0.0
frequency,cms-fastpath-vector2d,rows=5 cols=1024,zipf,2.0,10,5623413,0.0,0.0
frequency,cms-fastpath-vector2d,rows=5 cols=1024,zipf,2.0,10,10000000,0.0,0.0
frequency,cms-fastpath-vector2d,rows=5 cols=1024,zipf,2.0,10,17782794,0.0,0.0
frequency,cms-fastpath-vector2d,rows=5 cols=1024,zipf,2.0,10,31622777,0.0,0.0
frequency,cms-fastpath-vector2d,rows=5 cols=1024,zipf,2.0,10,56234133,0.0,0.0
frequency,cms-fastpath-vector2d,rows=5 cols=1024,zipf,2.0,10,100000000,0.0,0.0
frequency,cms-fastpath-vector2d,rows=5 cols=1024,zipf,2.0,100,1000,0.0,0.0
frequency,cms-fastpath-vector2d,rows=5 cols=1024,zipf,2.0,100,1778,0.0,0.0
frequency,cms-fastpath-vector2d,rows=5 cols=1024,zipf,2.0,100,3162,0.0,0.0
frequency,cms-fastpath-vector2d,rows=5 cols=1024,zipf,2.0,100,5623,0.0,0.0
frequency,cms-fastpath-vector2d,rows=5 cols=1024,zipf,2.0,100,10000,0.0,0.0
frequency,cms-fastpath-vector2d,rows=5 cols=1024,zipf,2.0,100,17783,0.0,0.0
frequency,cms-fastpath-vector2d,rows=5 cols=1024,zipf,2.0,100,31623,0.0,0.0
frequency,cms-fastpath-vector2d,rows=5 cols=1024,zipf,2.0,100,56234,0.0,0.0
frequency,cms-fastpath-vector2d,rows=5 cols=1024,zipf,2.0,100,100000,0.0,0.0
frequency,cms-fastpath-vector2d,rows=5 cols=1024,zipf,2.0,100,177828,0.0,0.0
frequency,cms-fastpath-vector2d,rows=5 cols=1024,zipf,2.0,100,316228,0.0,0.0
frequency,cms-fastpath-vector2d,rows=5 cols=1024,zipf,2.0,100,562341,0.0,0.0
frequency,cms-fastpath-vector2d,rows=5 cols=1024,zipf,2.0,100,1000000,0.0,0.0
frequency,cms-fastpath-vector2d,rows=5 cols=1024,zipf,2.0,100,1778279,0.0,0.0
frequency,cms-fastpath-vector2d,rows=5 cols=1024,zipf,2.0,100,3162278,0.0,0.0
frequency,cms-fastpath-vector2d,rows=5 cols=1024,zipf,2.0,100,5623413,0.0,0.0
frequency,cms-fastpath-vector2d,rows=5 cols=1024,zipf,2.0,100,10000000,0.0,0.0
frequency,cms-fastpath-vector2d,rows=5 cols=1024,zipf,2.0,100,17782794,0.0,0.0
frequency,cms-fastpath-vector2d,rows=5 cols=1024,zipf,2.0,100,31622777,0.0,0.0
frequency,cms-fastpath-vector2d,rows=5 cols=1024,zipf,2.0,100,56234133,0.0,0.0
frequency,cms-fastpath-vector2d,rows=5 cols=1024,zipf,2.0,100,100000000,0.0,0.0
frequency,cms-fastpath-vector2d,rows=5 cols=1024,zipf,2.0,10000,1000,0.0,0.0
frequency,cms-fastpath-vector2d,rows=5 cols=1024,zipf,2.0,10000,1778,0.0,0.0
frequency,cms-fastpath-vector2d,rows=5 cols=1024,zipf,2.0,10000,3162,0.0,0.0
frequency,cms-fastpath-vector2d,rows=5 cols=1024,zipf,2.0,10000,5623,0.0,0.0
frequency,cms-fastpath-vector2d,rows=5 cols=1024,zipf,2.0,10000,10000,0.0,0.0
frequency,cms-fastpath-vector2d,rows=5 cols=1024,zipf,2.0,10000,17783,0.0,0.0
frequency,cms-fastpath-vector2d,rows=5 cols=1024,zipf,2.0,10000,31623,0.0,0.0
frequency,cms-fastpath-vector2d,rows=5 cols=1024,zipf,2.0,10000,56234,0.0,0.0
frequency,cms-fastpath-vector2d,rows=5 cols=1024,zipf,2.0,10000,100000,8.547008547008547e-05,8.547008547008547e-05
frequency,cms-fastpath-vector2d,rows=5 cols=1024,zipf,2.0,10000,177828,9.687730592160169e-05,4.961705563051863e-05
frequency,cms-fastpath-vector2d,rows=5 cols=1024,zipf,2.0,10000,316228,0.0005914772425405762,0.00027958143969130647
frequency,cms-fastpath-vector2d,rows=5 cols=1024,zipf,2.0,10000,562341,0.0009866007852548646,0.00020815026299796265
frequency,cms-fastpath-vector2d,rows=5 cols=1024,zipf,2.0,10000,1000000,0.0010578847366863155,4.007899141604069e-05
frequency,cms-fastpath-vector2d,rows=5 cols=1024,zipf,2.0,10000,1778279,0.0015826772246156303,0.00017219615348661445
frequency,cms-fastpath-vector2d,rows=5 cols=1024,zipf,2.0,10000,3162278,0.0018654646177919283,6.702053361150351e-05
frequency,cms-fastpath-vector2d,rows=5 cols=1024,zipf,2.0,10000,5623413,0.0020382476384776392,2.0459537379525757e-05
frequency,cms-fastpath-vector2d,rows=5 cols=1024,zipf,2.0,10000,10000000,0.00207843037083136,8.908752058227277e-05
frequency,cms-fastpath-vector2d,rows=5 cols=1024,zipf,2.0,10000,17782794,0.002192055254704139,3.459172805218033e-05
frequency,cms-fastpath-vector2d,rows=5 cols=1024,zipf,2.0,10000,31622777,0.0022364560545976736,2.51676006585009e-06
frequency,cms-fastpath-vector2d,rows=5 cols=1024,zipf,2.0,10000,56234133,0.002253210010112137,2.2352682843911256e-05
frequency,cms-fastpath-vector2d,rows=5 cols=1024,zipf,2.0,10000,100000000,0.0023108291119710704,1.31873773482252e-05
frequency,cms-fastpath-vector2d,rows=5 cols=1024,zipf,2.0,1000000,1000,0.0,0.0
frequency,cms-fastpath-vector2d,rows=5 cols=1024,zipf,2.0,1000000,1778,0.0,0.0
frequency,cms-fastpath-vector2d,rows=5 cols=1024,zipf,2.0,1000000,3162,0.0,0.0
frequency,cms-fastpath-vector2d,rows=5 cols=1024,zipf,2.0,1000000,5623,0.0,0.0
frequency,cms-fastpath-vector2d,rows=5 cols=1024,zipf,2.0,1000000,10000,0.0,0.0
frequency,cms-fastpath-vector2d,rows=5 cols=1024,zipf,2.0,1000000,17783,0.0,0.0
frequency,cms-fastpath-vector2d,rows=5 cols=1024,zipf,2.0,1000000,31623,0.0,0.0
frequency,cms-fastpath-vector2d,rows=5 cols=1024,zipf,2.0,1000000,56234,0.0,0.0
frequency,cms-fastpath-vector2d,rows=5 cols=1024,zipf,2.0,1000000,100000,0.0,0.0
frequency,cms-fastpath-vector2d,rows=5 cols=1024,zipf,2.0,1000000,177828,2.6455026455026456e-05,2.6455026455026453e-05
frequency,cms-fastpath-vector2d,rows=5 cols=1024,zipf,2.0,1000000,316228,0.00013292282942062474,8.962473480220803e-05
frequency,cms-fastpath-vector2d,rows=5 cols=1024,zipf,2.0,1000000,562341,0.0007643187532255409,0.000274500465321618
frequency,cms-fastpath-vector2d,rows=5 cols=1024,zipf,2.0,1000000,1000000,0.0010478383145494082,8.275807738611539e-05
frequency,cms-fastpath-vector2d,rows=5 cols=1024,zipf,2.0,1000000,1778279,0.0015014944004487288,4.9827420631167635e-05
frequency,cms-fastpath-vector2d,rows=5 cols=1024,zipf,2.0,1000000,3162278,0.0019106054413511623,0.00010541733738388572
frequency,cms-fastpath-vector2d,rows=5 cols=1024,zipf,2.0,1000000,5623413,0.002222659662171141,7.223807542682095e-05
frequency,cms-fastpath-vector2d,rows=5 cols=1024,zipf,2.0,1000000,10000000,0.0024537712964085245,5.4331616935077215e-05
frequency,cms-fastpath-vector2d,rows=5 cols=1024,zipf,2.0,1000000,17782794,0.0025478254028155566,8.238013743911213e-05
frequency,cms-fastpath-vector2d,rows=5 cols=1024,zipf,2.0,1000000,31622777,0.002595272094369907,7.649357084003598e-05
frequency,cms-fastpath-vector2d,rows=5 cols=1024,zipf,2.0,1000000,56234133,0.002645027778718895,2.579239049781229e-05
frequency,cms-fastpath-vector2d,rows=5 cols=1024,zipf,2.0,1000000,100000000,0.0027158915245592947,5.182064386881089e-05
frequency,cms-fastpath-vector2d,rows=5 cols=4096,zipf,0.0,10,1000,0.0,0.0
frequency,cms-fastpath-vector2d,rows=5 cols=4096,zipf,0.0,10,1778,0.0,0.0
frequency,cms-fastpath-vector2d,rows=5 cols=4096,zipf,0.0,10,3162,0.0,0.0
frequency,cms-fastpath-vector2d,rows=5 cols=4096,zipf,0.0,10,5623,0.0,0.0
frequency,cms-fastpath-vector2d,rows=5 cols=4096,zipf,0.0,10,10000,0.0,0.0
frequency,cms-fastpath-vector2d,rows=5 cols=4096,zipf,0.0,10,17783,0.0,0.0
frequency,cms-fastpath-vector2d,rows=5 cols=4096,zipf,0.0,10,31623,0.0,0.0
frequency,cms-fastpath-vector2d,rows=5 cols=4096,zipf,0.0,10,56234,0.0,0.0
frequency,cms-fastpath-vector2d,rows=5 cols=4096,zipf,0.0,10,100000,0.0,0.0
frequency,cms-fastpath-vector2d,rows=5 cols=4096,zipf,0.0,10,177828,0.0,0.0
frequency,cms-fastpath-vector2d,rows=5 cols=4096,zipf,0.0,10,316228,0.0,0.0
frequency,cms-fastpath-vector2d,rows=5 cols=4096,zipf,0.0,10,562341,0.0,0.0
frequency,cms-fastpath-vector2d,rows=5 cols=4096,zipf,0.0,10,1000000,0.0,0.0
frequency,cms-fastpath-vector2d,rows=5 cols=4096,zipf,0.0,10,1778279,0.0,0.0
frequency,cms-fastpath-vector2d,rows=5 cols=4096,zipf,0.0,10,3162278,0.0,0.0
frequency,cms-fastpath-vector2d,rows=5 cols=4096,zipf,0.0,10,5623413,0.0,0.0
frequency,cms-fastpath-vector2d,rows=5 cols=4096,zipf,0.0,10,10000000,0.0,0.0
frequency,cms-fastpath-vector2d,rows=5 cols=4096,zipf,0.0,10,17782794,0.0,0.0
frequency,cms-fastpath-vector2d,rows=5 cols=4096,zipf,0.0,10,31622777,0.0,0.0
frequency,cms-fastpath-vector2d,rows=5 cols=4096,zipf,0.0,10,56234133,0.0,0.0
frequency,cms-fastpath-vector2d,rows=5 cols=4096,zipf,0.0,10,100000000,0.0,0.0
frequency,cms-fastpath-vector2d,rows=5 cols=4096,zipf,0.0,100,1000,0.0,0.0
frequency,cms-fastpath-vector2d,rows=5 cols=4096,zipf,0.0,100,1778,0.0,0.0
frequency,cms-fastpath-vector2d,rows=5 cols=4096,zipf,0.0,100,3162,0.0,0.0
frequency,cms-fastpath-vector2d,rows=5 cols=4096,zipf,0.0,100,5623,0.0,0.0
frequency,cms-fastpath-vector2d,rows=5 cols=4096,zipf,0.0,100,10000,0.0,0.0
frequency,cms-fastpath-vector2d,rows=5 cols=4096,zipf,0.0,100,17783,0.0,0.0
frequency,cms-fastpath-vector2d,rows=5 cols=4096,zipf,0.0,100,31623,0.0,0.0
frequency,cms-fastpath-vector2d,rows=5 cols=4096,zipf,0.0,100,56234,0.0,0.0
frequency,cms-fastpath-vector2d,rows=5 cols=4096,zipf,0.0,100,100000,0.0,0.0
frequency,cms-fastpath-vector2d,rows=5 cols=4096,zipf,0.0,100,177828,0.0,0.0
frequency,cms-fastpath-vector2d,rows=5 cols=4096,zipf,0.0,100,316228,0.0,0.0
frequency,cms-fastpath-vector2d,rows=5 cols=4096,zipf,0.0,100,562341,0.0,0.0
frequency,cms-fastpath-vector2d,rows=5 cols=4096,zipf,0.0,100,1000000,0.0,0.0
frequency,cms-fastpath-vector2d,rows=5 cols=4096,zipf,0.0,100,1778279,0.0,0.0
frequency,cms-fastpath-vector2d,rows=5 cols=4096,zipf,0.0,100,3162278,0.0,0.0
frequency,cms-fastpath-vector2d,rows=5 cols=4096,zipf,0.0,100,5623413,0.0,0.0
frequency,cms-fastpath-vector2d,rows=5 cols=4096,zipf,0.0,100,10000000,0.0,0.0
frequency,cms-fastpath-vector2d,rows=5 cols=4096,zipf,0.0,100,17782794,0.0,0.0
frequency,cms-fastpath-vector2d,rows=5 cols=4096,zipf,0.0,100,31622777,0.0,0.0
frequency,cms-fastpath-vector2d,rows=5 cols=4096,zipf,0.0,100,56234133,0.0,0.0
frequency,cms-fastpath-vector2d,rows=5 cols=4096,zipf,0.0,100,100000000,0.0,0.0
frequency,cms-fastpath-vector2d,rows=5 cols=4096,zipf,0.0,10000,1000,0.0,0.0
frequency,cms-fastpath-vector2d,rows=5 cols=4096,zipf,0.0,10000,1778,0.0,0.0
frequency,cms-fastpath-vector2d,rows=5 cols=4096,zipf,0.0,10000,3162,0.012222222222222223,0.0020030840419244383
frequency,cms-fastpath-vector2d,rows=5 cols=4096,zipf,0.0,10000,5623,0.04,0.0053575837561071924
frequency,cms-fastpath-vector2d,rows=5 cols=4096,zipf,0.0,10000,10000,0.09299999999999999,0.004945068624771923
frequency,cms-fastpath-vector2d,rows=5 cols=4096,zipf,0.0,10000,17783,0.14438624338624337,0.01883865345547725
frequency,cms-fastpath-vector2d,rows=5 cols=4096,zipf,0.0,10000,31623,0.22010521885521883,0.018065529980978535
frequency,cms-fastpath-vector2d,rows=5 cols=4096,zipf,0.0,10000,56234,0.2762213334051569,0.007408821947359256
frequency,cms-fastpath-vector2d,rows=5 cols=4096,zipf,0.0,10000,100000,0.3583183725419423,0.03366336744306972
frequency,cms-fastpath-vector2d,rows=5 cols=4096,zipf,0.0,10000,177828,0.41885703934160357,0.013800320682690251
frequency,cms-fastpath-vector2d,rows=5 cols=4096,zipf,0.0,10000,316228,0.4908303246703474,0.014389343711915447
frequency,cms-fastpath-vector2d,rows=5 cols=4096,zipf,0.0,10000,562341,0.5188401461122926,0.03465604032853932
frequency,cms-fastpath-vector2d,rows=5 cols=4096,zipf,0.0,10000,1000000,0.6108734027883962,0.043946499269336636
frequency,cms-fastpath-vector2d,rows=5 cols=4096,zipf,0.0,10000,1778279,0.6189568534918011,0.02329951548207987
frequency,cms-fastpath-vector2d,rows=5 cols=4096,zipf,0.0,10000,3162278,0.724912943781213,0.031010052945998314
frequency,cms-fastpath-vector2d,rows=5 cols=4096,zipf,0.0,10000,5623413,0.7236441033073965,0.011748783665420577
frequency,cms-fastpath-vector2d,rows=5 cols=4096,zipf,0.0,10000,10000000,0.7319336058784752,0.04470898703024338
frequency,cms-fastpath-vector2d,rows=5 cols=4096,zipf,0.0,10000,17782794,0.7648199384805748,0.02397239428013534
frequency,cms-fastpath-vector2d,rows=5 cols=4096,zipf,0.0,10000,31622777,0.7052009683782403,0.03540823034934648
frequency,cms-fastpath-vector2d,rows=5 cols=4096,zipf,0.0,10000,56234133,0.7435435492067781,0.02757260033739814
frequency,cms-fastpath-vector2d,rows=5 cols=4096,zipf,0.0,10000,100000000,0.8127800023186135,0.06212055069974453
frequency,cms-fastpath-vector2d,rows=5 cols=4096,zipf,0.0,1000000,1000,0.0,0.0
frequency,cms-fastpath-vector2d,rows=5 cols=4096,zipf,0.0,1000000,1778,0.01,0.005773502691896258
frequency,cms-fastpath-vector2d,rows=5 cols=4096,zipf,0.0,1000000,3162,0.07,0.005773502691896259
frequency,cms-fastpath-vector2d,rows=5 cols=4096,zipf,0.0,1000000,5623,0.28,0.018929694486000914
frequency,cms-fastpath-vector2d,rows=5 cols=4096,zipf,0.0,1000000,10000,0.6083333333333333,0.004409585518440989
frequency,cms-fastpath-vector2d,rows=5 cols=4096,zipf,0.0,1000000,17783,1.03,0.0270972186627938
frequency,cms-fastpath-vector2d,rows=5 cols=4096,zipf,0.0,1000000,31623,2.295,0.047032297807326234
frequency,cms-fastpath-vector2d,rows=5 cols=4096,zipf,0.0,1000000,56234,4.266111111111111,0.09344404809005648
frequency,cms-fastpath-vector2d,rows=5 cols=4096,zipf,0.0,1000000,100000,6.194500000000001,0.050266604037684195
frequency,cms-fastpath-vector2d,rows=5 cols=4096,zipf,0.0,1000000,177828,10.664833333333332,0.050468453659834656
frequency,cms-fastpath-vector2d,rows=5 cols=4096,zipf,0.0,1000000,316228,15.66788888888889,0.08079754839820712
frequency,cms-fastpath-vector2d,rows=5 cols=4096,zipf,0.0,1000000,562341,22.826952380952378,0.15673901209919824
frequency,cms-fastpath-vector2d,rows=5 cols=4096,zipf,0.0,1000000,1000000,31.386878306878305,0.25801710491241453
frequency,cms-fastpath-vector2d,rows=5 cols=4096,zipf,0.0,1000000,1778279,43.3604941077441,0.24916347713967366
frequency,cms-fastpath-vector2d,rows=5 cols=4096,zipf,0.0,1000000,3162278,57.54022771672771,0.2744010457132449
frequency,cms-fastpath-vector2d,rows=5 cols=4096,zipf,0.0,1000000,5623413,74.38596969957574,0.0813963960019887
frequency,cms-fastpath-vector2d,rows=5 cols=4096,zipf,0.0,1000000,10000000,91.72914257902589,0.2752726481007631
frequency,cms-fastpath-vector2d,rows=5 cols=4096,zipf,0.0,1000000,17782794,109.14407257491659,0.21104016809005718
frequency,cms-fastpath-vector2d,rows=5 cols=4096,zipf,0.0,1000000,31622777,127.89884980713782,0.42682101747539214
frequency,cms-fastpath-vector2d,rows=5 cols=4096,zipf,0.0,1000000,56234133,144.3138600612145,0.3069343158122611
frequency,cms-fastpath-vector2d,rows=5 cols=4096,zipf,0.0,1000000,100000000,158.90038315302408,0.7728581546471809
frequency,cms-fastpath-vector2d,rows=5 cols=4096,zipf,0.5,10,1000,0.0,0.0
frequency,cms-fastpath-vector2d,rows=5 cols=4096,zipf,0.5,10,1778,0.0,0.0
frequency,cms-fastpath-vector2d,rows=5 cols=4096,zipf,0.5,10,3162,0.0,0.0
frequency,cms-fastpath-vector2d,rows=5 cols=4096,zipf,0.5,10,5623,0.0,0.0
frequency,cms-fastpath-vector2d,rows=5 cols=4096,zipf,0.5,10,10000,0.0,0.0
frequency,cms-fastpath-vector2d,rows=5 cols=4096,zipf,0.5,10,17783,0.0,0.0
frequency,cms-fastpath-vector2d,rows=5 cols=4096,zipf,0.5,10,31623,0.0,0.0
frequency,cms-fastpath-vector2d,rows=5 cols=4096,zipf,0.5,10,56234,0.0,0.0
frequency,cms-fastpath-vector2d,rows=5 cols=4096,zipf,0.5,10,100000,0.0,0.0
frequency,cms-fastpath-vector2d,rows=5 cols=4096,zipf,0.5,10,177828,0.0,0.0
frequency,cms-fastpath-vector2d,rows=5 cols=4096,zipf,0.5,10,316228,0.0,0.0
frequency,cms-fastpath-vector2d,rows=5 cols=4096,zipf,0.5,10,562341,0.0,0.0
frequency,cms-fastpath-vector2d,rows=5 cols=4096,zipf,0.5,10,1000000,0.0,0.0
frequency,cms-fastpath-vector2d,rows=5 cols=4096,zipf,0.5,10,1778279,0.0,0.0
frequency,cms-fastpath-vector2d,rows=5 cols=4096,zipf,0.5,10,3162278,0.0,0.0
frequency,cms-fastpath-vector2d,rows=5 cols=4096,zipf,0.5,10,5623413,0.0,0.0
frequency,cms-fastpath-vector2d,rows=5 cols=4096,zipf,0.5,10,10000000,0.0,0.0
frequency,cms-fastpath-vector2d,rows=5 cols=4096,zipf,0.5,10,17782794,0.0,0.0
frequency,cms-fastpath-vector2d,rows=5 cols=4096,zipf,0.5,10,31622777,0.0,0.0
frequency,cms-fastpath-vector2d,rows=5 cols=4096,zipf,0.5,10,56234133,0.0,0.0
frequency,cms-fastpath-vector2d,rows=5 cols=4096,zipf,0.5,10,100000000,0.0,0.0
frequency,cms-fastpath-vector2d,rows=5 cols=4096,zipf,0.5,100,1000,0.0,0.0
frequency,cms-fastpath-vector2d,rows=5 cols=4096,zipf,0.5,100,1778,0.0,0.0
frequency,cms-fastpath-vector2d,rows=5 cols=4096,zipf,0.5,100,3162,0.0,0.0
frequency,cms-fastpath-vector2d,rows=5 cols=4096,zipf,0.5,100,5623,0.0,0.0
frequency,cms-fastpath-vector2d,rows=5 cols=4096,zipf,0.5,100,10000,0.0,0.0
frequency,cms-fastpath-vector2d,rows=5 cols=4096,zipf,0.5,100,17783,0.0,0.0
frequency,cms-fastpath-vector2d,rows=5 cols=4096,zipf,0.5,100,31623,0.0,0.0
frequency,cms-fastpath-vector2d,rows=5 cols=4096,zipf,0.5,100,56234,0.0,0.0
frequency,cms-fastpath-vector2d,rows=5 cols=4096,zipf,0.5,100,100000,0.0,0.0
frequency,cms-fastpath-vector2d,rows=5 cols=4096,zipf,0.5,100,177828,0.0,0.0
frequency,cms-fastpath-vector2d,rows=5 cols=4096,zipf,0.5,100,316228,0.0,0.0
frequency,cms-fastpath-vector2d,rows=5 cols=4096,zipf,0.5,100,562341,0.0,0.0
frequency,cms-fastpath-vector2d,rows=5 cols=4096,zipf,0.5,100,1000000,0.0,0.0
frequency,cms-fastpath-vector2d,rows=5 cols=4096,zipf,0.5,100,1778279,0.0,0.0
frequency,cms-fastpath-vector2d,rows=5 cols=4096,zipf,0.5,100,3162278,0.0,0.0
frequency,cms-fastpath-vector2d,rows=5 cols=4096,zipf,0.5,100,5623413,0.0,0.0
frequency,cms-fastpath-vector2d,rows=5 cols=4096,zipf,0.5,100,10000000,0.0,0.0
frequency,cms-fastpath-vector2d,rows=5 cols=4096,zipf,0.5,100,17782794,0.0,0.0
frequency,cms-fastpath-vector2d,rows=5 cols=4096,zipf,0.5,100,31622777,0.0,0.0
frequency,cms-fastpath-vector2d,rows=5 cols=4096,zipf,0.5,100,56234133,0.0,0.0
frequency,cms-fastpath-vector2d,rows=5 cols=4096,zipf,0.5,100,100000000,0.0,0.0
frequency,cms-fastpath-vector2d,rows=5 cols=4096,zipf,0.5,10000,1000,0.0,0.0
frequency,cms-fastpath-vector2d,rows=5 cols=4096,zipf,0.5,10000,1778,0.0033333333333333335,0.0033333333333333335
frequency,cms-fastpath-vector2d,rows=5 cols=4096,zipf,0.5,10000,3162,0.0067777777777777775,0.004212342241614969
frequency,cms-fastpath-vector2d,rows=5 cols=4096,zipf,0.5,10000,5623,0.016637482887482888,0.002746814923364713
frequency,cms-fastpath-vector2d,rows=5 cols=4096,zipf,0.5,10000,10000,0.02741413887592209,0.0014366872396271257
frequency,cms-fastpath-vector2d,rows=5 cols=4096,zipf,0.5,10000,17783,0.04307043437535051,0.0059394717539606725
frequency,cms-fastpath-vector2d,rows=5 cols=4096,zipf,0.5,10000,31623,0.05421237707608457,0.003749433075151798
frequency,cms-fastpath-vector2d,rows=5 cols=4096,zipf,0.5,10000,56234,0.06114761163811954,0.0011711591183416641
frequency,cms-fastpath-vector2d,rows=5 cols=4096,zipf,0.5,10000,100000,0.06560443913108795,0.002475642227539926
frequency,cms-fastpath-vector2d,rows=5 cols=4096,zipf,0.5,10000,177828,0.068714557260115,0.004002868600782322
frequency,cms-fastpath-vector2d,rows=5 cols=4096,zipf,0.5,10000,316228,0.07036805044118255,0.0026601614453892228
frequency,cms-fastpath-vector2d,rows=5 cols=4096,zipf,0.5,10000,562341,0.07229251138113983,0.001577335607004489
frequency,cms-fastpath-vector2d,rows=5 cols=4096,zipf,0.5,10000,1000000,0.07556093113222676,0.00029913364105194296
frequency,cms-fastpath-vector2d,rows=5 cols=4096,zipf,0.5,10000,1778279,0.07488758825002446,0.0015923955954049835
frequency,cms-fastpath-vector2d,rows=5 cols=4096,zipf,0.5,10000,3162278,0.07426842032760274,0.0014893930584951513
frequency,cms-fastpath-vector2d,rows=5 cols=4096,zipf,0.5,10000,5623413,0.07423474885582355,0.0011099086892919785
frequency,cms-fastpath-vector2d,rows=5 cols=4096,zipf,0.5,10000,10000000,0.07416310332537962,0.0009419611017885591
frequency,cms-fastpath-vector2d,rows=5 cols=4096,zipf,0.5,10000,17782794,0.07418039892827048,0.00037145893071825574
frequency,cms-fastpath-vector2d,rows=5 cols=4096,zipf,0.5,10000,31622777,0.07369036200270189,0.0006811407730509347
frequency,cms-fastpath-vector2d,rows=5 cols=4096,zipf,0.5,10000,56234133,0.07427580204633195,0.0002484145495260909
frequency,cms-fastpath-vector2d,rows=5 cols=4096,zipf,0.5,10000,100000000,0.0745628080323755,0.0003357385066595016
frequency,cms-fastpath-vector2d,rows=5 cols=4096,zipf,0.5,1000000,1000,0.0,0.0
frequency,cms-fastpath-vector2d,rows=5 cols=4096,zipf,0.5,1000000,1778,0.0033333333333333335,0.0033333333333333335
frequency,cms-fastpath-vector2d,rows=5 cols=4096,zipf,0.5,1000000,3162,0.055,0.008660254037844388
frequency,cms-fastpath-vector2d,rows=5 cols=4096,zipf,0.5,1000000,5623,0.19805555555555554,0.0073650408797571384
frequency,cms-fastpath-vector2d,rows=5 cols=4096,zipf,0.5,1000000,10000,0.42367063492063495,0.021559902152523916
frequency,cms-fastpath-vector2d,rows=5 cols=4096,zipf,0.5,1000000,17783,0.8543126780626781,0.03587824893245262
frequency,cms-fastpath-vector2d,rows=5 cols=4096,zipf,0.5,1000000,31623,1.3483403997962824,0.010437375087283702
frequency,cms-fastpath-vector2d,rows=5 cols=4096,zipf,0.5,1000000,56234,1.75527910239309,0.018990913224558745
frequency,cms-fastpath-vector2d,rows=5 cols=4096,zipf,0.5,1000000,100000,2.147948952484835,0.02455067724725657
frequency,cms-fastpath-vector2d,rows=5 cols=4096,zipf,0.5,1000000,177828,2.3824574869814277,0.009656824609834939
frequency,cms-fastpath-vector2d,rows=5 cols=4096,zipf,0.5,1000000,316228,2.603860657952437,0.03275384497273103
frequency,cms-fastpath-vector2d,rows=5 cols=4096,zipf,0.5,1000000,562341,2.713214518488126,0.022814647212449808
frequency,cms-fastpath-vector2d,rows=5 cols=4096,zipf,0.5,1000000,1000000,2.7930273835085315,0.012801521719581302
frequency,cms-fastpath-vector2d,rows=5 cols=4096,zipf,0.5,1000000,1778279,2.832503069762874,0.008842164808050687
frequency,cms-fastpath-vector2d,rows=5 cols=4096,zipf,0.5,1000000,3162278,2.8805027601635618,0.013015932745830959
frequency,cms-fastpath-vector2d,rows=5 cols=4096,zipf,0.5,1000000,5623413,2.902035145026494,0.003964087582181463
frequency,cms-fastpath-vector2d,rows=5 cols=4096,zipf,0.5,1000000,10000000,2.9027111974497086,0.004812771886581338
frequency,cms-fastpath-vector2d,rows=5 cols=4096,zipf,0.5,1000000,17782794,2.889701722036659,0.004816776675467787
frequency,cms-fastpath-vector2d,rows=5 cols=4096,zipf,0.5,1000000,31622777,2.8902249042068155,0.003979135776773498
frequency,cms-fastpath-vector2d,rows=5 cols=4096,zipf,0.5,1000000,56234133,2.8890431167704285,0.006396619073106108
frequency,cms-fastpath-vector2d,rows=5 cols=4096,zipf,0.5,1000000,100000000,2.88885904909476,0.0041942598394339985
frequency,cms-fastpath-vector2d,rows=5 cols=4096,zipf,1.0,10,1000,0.0,0.0
frequency,cms-fastpath-vector2d,rows=5 cols=4096,zipf,1.0,10,1778,0.0,0.0
frequency,cms-fastpath-vector2d,rows=5 cols=4096,zipf,1.0,10,3162,0.0,0.0
frequency,cms-fastpath-vector2d,rows=5 cols=4096,zipf,1.0,10,5623,0.0,0.0
frequency,cms-fastpath-vector2d,rows=5 cols=4096,zipf,1.0,10,10000,0.0,0.0
frequency,cms-fastpath-vector2d,rows=5 cols=4096,zipf,1.0,10,17783,0.0,0.0
frequency,cms-fastpath-vector2d,rows=5 cols=4096,zipf,1.0,10,31623,0.0,0.0
frequency,cms-fastpath-vector2d,rows=5 cols=4096,zipf,1.0,10,56234,0.0,0.0
frequency,cms-fastpath-vector2d,rows=5 cols=4096,zipf,1.0,10,100000,0.0,0.0
frequency,cms-fastpath-vector2d,rows=5 cols=4096,zipf,1.0,10,177828,0.0,0.0
frequency,cms-fastpath-vector2d,rows=5 cols=4096,zipf,1.0,10,316228,0.0,0.0
frequency,cms-fastpath-vector2d,rows=5 cols=4096,zipf,1.0,10,562341,0.0,0.0
frequency,cms-fastpath-vector2d,rows=5 cols=4096,zipf,1.0,10,1000000,0.0,0.0
frequency,cms-fastpath-vector2d,rows=5 cols=4096,zipf,1.0,10,1778279,0.0,0.0
frequency,cms-fastpath-vector2d,rows=5 cols=4096,zipf,1.0,10,3162278,0.0,0.0
frequency,cms-fastpath-vector2d,rows=5 cols=4096,zipf,1.0,10,5623413,0.0,0.0
frequency,cms-fastpath-vector2d,rows=5 cols=4096,zipf,1.0,10,10000000,0.0,0.0
frequency,cms-fastpath-vector2d,rows=5 cols=4096,zipf,1.0,10,17782794,0.0,0.0
frequency,cms-fastpath-vector2d,rows=5 cols=4096,zipf,1.0,10,31622777,0.0,0.0
frequency,cms-fastpath-vector2d,rows=5 cols=4096,zipf,1.0,10,56234133,0.0,0.0
frequency,cms-fastpath-vector2d,rows=5 cols=4096,zipf,1.0,10,100000000,0.0,0.0
frequency,cms-fastpath-vector2d,rows=5 cols=4096,zipf,1.0,100,1000,0.0,0.0
frequency,cms-fastpath-vector2d,rows=5 cols=4096,zipf,1.0,100,1778,0.0,0.0
frequency,cms-fastpath-vector2d,rows=5 cols=4096,zipf,1.0,100,3162,0.0,0.0
frequency,cms-fastpath-vector2d,rows=5 cols=4096,zipf,1.0,100,5623,0.0,0.0
frequency,cms-fastpath-vector2d,rows=5 cols=4096,zipf,1.0,100,10000,0.0,0.0
frequency,cms-fastpath-vector2d,rows=5 cols=4096,zipf,1.0,100,17783,0.0,0.0
frequency,cms-fastpath-vector2d,rows=5 cols=4096,zipf,1.0,100,31623,0.0,0.0
frequency,cms-fastpath-vector2d,rows=5 cols=4096,zipf,1.0,100,56234,0.0,0.0
frequency,cms-fastpath-vector2d,rows=5 cols=4096,zipf,1.0,100,100000,0.0,0.0
frequency,cms-fastpath-vector2d,rows=5 cols=4096,zipf,1.0,100,177828,0.0,0.0
frequency,cms-fastpath-vector2d,rows=5 cols=4096,zipf,1.0,100,316228,0.0,0.0
frequency,cms-fastpath-vector2d,rows=5 cols=4096,zipf,1.0,100,562341,0.0,0.0
frequency,cms-fastpath-vector2d,rows=5 cols=4096,zipf,1.0,100,1000000,0.0,0.0
frequency,cms-fastpath-vector2d,rows=5 cols=4096,zipf,1.0,100,1778279,0.0,0.0
frequency,cms-fastpath-vector2d,rows=5 cols=4096,zipf,1.0,100,3162278,0.0,0.0
frequency,cms-fastpath-vector2d,rows=5 cols=4096,zipf,1.0,100,5623413,0.0,0.0
frequency,cms-fastpath-vector2d,rows=5 cols=4096,zipf,1.0,100,10000000,0.0,0.0
frequency,cms-fastpath-vector2d,rows=5 cols=4096,zipf,1.0,100,17782794,0.0,0.0
frequency,cms-fastpath-vector2d,rows=5 cols=4096,zipf,1.0,100,31622777,0.0,0.0
frequency,cms-fastpath-vector2d,rows=5 cols=4096,zipf,1.0,100,56234133,0.0,0.0
frequency,cms-fastpath-vector2d,rows=5 cols=4096,zipf,1.0,100,100000000,0.0,0.0
frequency,cms-fastpath-vector2d,rows=5 cols=4096,zipf,1.0,10000,1000,0.0,0.0
frequency,cms-fastpath-vector2d,rows=5 cols=4096,zipf,1.0,10000,1778,0.0,0.0
frequency,cms-fastpath-vector2d,rows=5 cols=4096,zipf,1.0,10000,3162,0.0006666666666666666,0.0006666666666666668
frequency,cms-fastpath-vector2d,rows=5 cols=4096,zipf,1.0,10000,5623,0.0008928571428571428,0.00044939490686135417
frequency,cms-fastpath-vector2d,rows=5 cols=4096,zipf,1.0,10000,10000,0.0008141914774567836,0.0004485804594047874
frequency,cms-fastpath-vector2d,rows=5 cols=4096,zipf,1.0,10000,17783,0.0020116076232042173,0.0001620350334600778
frequency,cms-fastpath-vector2d,rows=5 cols=4096,zipf,1.0,10000,31623,0.003605645714279713,0.00021966864757161098
frequency,cms-fastpath-vector2d,rows=5 cols=4096,zipf,1.0,10000,56234,0.0049370658677312705,0.00043164113268829457
frequency,cms-fastpath-vector2d,rows=5 cols=4096,zipf,1.0,10000,100000,0.006089142896194055,0.0002591570402290889
frequency,cms-fastpath-vector2d,rows=5 cols=4096,zipf,1.0,10000,177828,0.006508136195290388,0.00012154415105011873
frequency,cms-fastpath-vector2d,rows=5 cols=4096,zipf,1.0,10000,316228,0.007107138131123143,0.00014509438526353165
frequency,cms-fastpath-vector2d,rows=5 cols=4096,zipf,1.0,10000,562341,0.007122987374671648,0.00012584596555385388
frequency,cms-fastpath-vector2d,rows=5 cols=4096,zipf,1.0,10000,1000000,0.007142118621246786,0.0001259540270606587
frequency,cms-fastpath-vector2d,rows=5 cols=4096,zipf,1.0,10000,1778279,0.007193045739432143,0.00018129586112413545
frequency,cms-fastpath-vector2d,rows=5 cols=4096,zipf,1.0,10000,3162278,0.007286812574986069,0.00016994278207795754
frequency,cms-fastpath-vector2d,rows=5 cols=4096,zipf,1.0,10000,5623413,0.007324466405052247,0.00011152442251116929
frequency,cms-fastpath-vector2d,rows=5 cols=4096,zipf,1.0,10000,10000000,0.0074401949573121295,6.246238307197903e-05
frequency,cms-fastpath-vector2d,rows=5 cols=4096,zipf,1.0,10000,17782794,0.007478555185336604,6.930276010179954e-05
frequency,cms-fastpath-vector2d,rows=5 cols=4096,zipf,1.0,10000,31622777,0.007431571873031363,1.637729428260861e-05
frequency,cms-fastpath-vector2d,rows=5 cols=4096,zipf,1.0,10000,56234133,0.0074412638435177566,9.580811580302733e-06
frequency,cms-fastpath-vector2d,rows=5 cols=4096,zipf,1.0,10000,100000000,0.007458517123779383,2.4810897120926376e-05
frequency,cms-fastpath-vector2d,rows=5 cols=4096,zipf,1.0,1000000,1000,0.0,0.0
frequency,cms-fastpath-vector2d,rows=5 cols=4096,zipf,1.0,1000000,1778,0.0,0.0
frequency,cms-fastpath-vector2d,rows=5 cols=4096,zipf,1.0,1000000,3162,0.0020555555555555557,0.0016564501684306193
frequency,cms-fastpath-vector2d,rows=5 cols=4096,zipf,1.0,1000000,5623,0.005113318746470919,0.0019173090155535624
frequency,cms-fastpath-vector2d,rows=5 cols=4096,zipf,1.0,1000000,10000,0.016102542353665136,0.0021113341560547116
frequency,cms-fastpath-vector2d,rows=5 cols=4096,zipf,1.0,1000000,17783,0.027805932850273007,0.00118269524082669
frequency,cms-fastpath-vector2d,rows=5 cols=4096,zipf,1.0,1000000,31623,0.04000849197697252,0.0014451399648444882
frequency,cms-fastpath-vector2d,rows=5 cols=4096,zipf,1.0,1000000,56234,0.047502251850398525,0.0013059856473009888
frequency,cms-fastpath-vector2d,rows=5 cols=4096,zipf,1.0,1000000,100000,0.053220660339029856,0.0003858826089400982
frequency,cms-fastpath-vector2d,rows=5 cols=4096,zipf,1.0,1000000,177828,0.057365479653424166,0.0005678660304487394
frequency,cms-fastpath-vector2d,rows=5 cols=4096,zipf,1.0,1000000,316228,0.05882758365860957,0.0008440187454997947
frequency,cms-fastpath-vector2d,rows=5 cols=4096,zipf,1.0,1000000,562341,0.06076115431345521,0.0008246416853735168
frequency,cms-fastpath-vector2d,rows=5 cols=4096,zipf,1.0,1000000,1000000,0.06151050747018333,0.0007808882490651414
frequency,cms-fastpath-vector2d,rows=5 cols=4096,zipf,1.0,1000000,1778279,0.06229748030052368,0.00035359780957768547
frequency,cms-fastpath-vector2d,rows=5 cols=4096,zipf,1.0,1000000,3162278,0.06267243633699005,0.00011750738207242575
frequency,cms-fastpath-vector2d,rows=5 cols=4096,zipf,1.0,1000000,5623413,0.06256737747729574,0.00019878054778711053
frequency,cms-fastpath-vector2d,rows=5 cols=4096,zipf,1.0,1000000,10000000,0.06248637617927851,0.00020132276898389743
frequency,cms-fastpath-vector2d,rows=5 cols=4096,zipf,1.0,1000000,17782794,0.06264917455932671,0.00021663872557727465
frequency,cms-fastpath-vector2d,rows=5 cols=4096,zipf,1.0,1000000,31622777,0.0628730787379199,4.608156600153665e-05
frequency,cms-fastpath-vector2d,rows=5 cols=4096,zipf,1.0,1000000,56234133,0.06289367707620742,6.0705088219656795e-05
frequency,cms-fastpath-vector2d,rows=5 cols=4096,zipf,1.0,1000000,100000000,0.06289347291215995,3.754133131221762e-05
frequency,cms-fastpath-vector2d,rows=5 cols=4096,zipf,1.5,10,1000,0.0,0.0
frequency,cms-fastpath-vector2d,rows=5 cols=4096,zipf,1.5,10,1778,0.0,0.0
frequency,cms-fastpath-vector2d,rows=5 cols=4096,zipf,1.5,10,3162,0.0,0.0
frequency,cms-fastpath-vector2d,rows=5 cols=4096,zipf,1.5,10,5623,0.0,0.0
frequency,cms-fastpath-vector2d,rows=5 cols=4096,zipf,1.5,10,10000,0.0,0.0
frequency,cms-fastpath-vector2d,rows=5 cols=4096,zipf,1.5,10,17783,0.0,0.0
frequency,cms-fastpath-vector2d,rows=5 cols=4096,zipf,1.5,10,31623,0.0,0.0
frequency,cms-fastpath-vector2d,rows=5 cols=4096,zipf,1.5,10,56234,0.0,0.0
frequency,cms-fastpath-vector2d,rows=5 cols=4096,zipf,1.5,10,100000,0.0,0.0
frequency,cms-fastpath-vector2d,rows=5 cols=4096,zipf,1.5,10,177828,0.0,0.0
frequency,cms-fastpath-vector2d,rows=5 cols=4096,zipf,1.5,10,316228,0.0,0.0
frequency,cms-fastpath-vector2d,rows=5 cols=4096,zipf,1.5,10,562341,0.0,0.0
frequency,cms-fastpath-vector2d,rows=5 cols=4096,zipf,1.5,10,1000000,0.0,0.0
frequency,cms-fastpath-vector2d,rows=5 cols=4096,zipf,1.5,10,1778279,0.0,0.0
frequency,cms-fastpath-vector2d,rows=5 cols=4096,zipf,1.5,10,3162278,0.0,0.0
frequency,cms-fastpath-vector2d,rows=5 cols=4096,zipf,1.5,10,5623413,0.0,0.0
frequency,cms-fastpath-vector2d,rows=5 cols=4096,zipf,1.5,10,10000000,0.0,0.0
frequency,cms-fastpath-vector2d,rows=5 cols=4096,zipf,1.5,10,17782794,0.0,0.0
frequency,cms-fastpath-vector2d,rows=5 cols=4096,zipf,1.5,10,31622777,0.0,0.0
frequency,cms-fastpath-vector2d,rows=5 cols=4096,zipf,1.5,10,56234133,0.0,0.0
frequency,cms-fastpath-vector2d,rows=5 cols=4096,zipf,1.5,10,100000000,0.0,0.0
frequency,cms-fastpath-vector2d,rows=5 cols=4096,zipf,1.5,100,1000,0.0,0.0
frequency,cms-fastpath-vector2d,rows=5 cols=4096,zipf,1.5,100,1778,0.0,0.0
frequency,cms-fastpath-vector2d,rows=5 cols=4096,zipf,1.5,100,3162,0.0,0.0
frequency,cms-fastpath-vector2d,rows=5 cols=4096,zipf,1.5,100,5623,0.0,0.0
frequency,cms-fastpath-vector2d,rows=5 cols=4096,zipf,1.5,100,10000,0.0,0.0
frequency,cms-fastpath-vector2d,rows=5 cols=4096,zipf,1.5,100,17783,0.0,0.0
frequency,cms-fastpath-vector2d,rows=5 cols=4096,zipf,1.5,100,31623,0.0,0.0
frequency,cms-fastpath-vector2d,rows=5 cols=4096,zipf,1.5,100,56234,0.0,0.0
frequency,cms-fastpath-vector2d,rows=5 cols=4096,zipf,1.5,100,100000,0.0,0.0
frequency,cms-fastpath-vector2d,rows=5 cols=4096,zipf,1.5,100,177828,0.0,0.0
frequency,cms-fastpath-vector2d,rows=5 cols=4096,zipf,1.5,100,316228,0.0,0.0
frequency,cms-fastpath-vector2d,rows=5 cols=4096,zipf,1.5,100,562341,0.0,0.0
frequency,cms-fastpath-vector2d,rows=5 cols=4096,zipf,1.5,100,1000000,0.0,0.0
frequency,cms-fastpath-vector2d,rows=5 cols=4096,zipf,1.5,100,1778279,0.0,0.0
frequency,cms-fastpath-vector2d,rows=5 cols=4096,zipf,1.5,100,3162278,0.0,0.0
frequency,cms-fastpath-vector2d,rows=5 cols=4096,zipf,1.5,100,5623413,0.0,0.0
frequency,cms-fastpath-vector2d,rows=5 cols=4096,zipf,1.5,100,10000000,0.0,0.0
frequency,cms-fastpath-vector2d,rows=5 cols=4096,zipf,1.5,100,17782794,0.0,0.0
frequency,cms-fastpath-vector2d,rows=5 cols=4096,zipf,1.5,100,31622777,0.0,0.0
frequency,cms-fastpath-vector2d,rows=5 cols=4096,zipf,1.5,100,56234133,0.0,0.0
frequency,cms-fastpath-vector2d,rows=5 cols=4096,zipf,1.5,100,100000000,0.0,0.0
frequency,cms-fastpath-vector2d,rows=5 cols=4096,zipf,1.5,10000,1000,0.0,0.0
frequency,cms-fastpath-vector2d,rows=5 cols=4096,zipf,1.5,10000,1778,0.0,0.0
frequency,cms-fastpath-vector2d,rows=5 cols=4096,zipf,1.5,10000,3162,0.0,0.0
frequency,cms-fastpath-vector2d,rows=5 cols=4096,zipf,1.5,10000,5623,0.0,0.0
frequency,cms-fastpath-vector2d,rows=5 cols=4096,zipf,1.5,10000,10000,0.0,0.0
frequency,cms-fastpath-vector2d,rows=5 cols=4096,zipf,1.5,10000,17783,0.0,0.0
frequency,cms-fastpath-vector2d,rows=5 cols=4096,zipf,1.5,10000,31623,0.0,0.0
frequency,cms-fastpath-vector2d,rows=5 cols=4096,zipf,1.5,10000,56234,0.0,0.0
frequency,cms-fastpath-vector2d,rows=5 cols=4096,zipf,1.5,10000,100000,3.7381812871901585e-05,2.5831887289463366e-05
frequency,cms-fastpath-vector2d,rows=5 cols=4096,zipf,1.5,10000,177828,7.495569478836962e-05,1.0061868101671138e-05
frequency,cms-fastpath-vector2d,rows=5 cols=4096,zipf,1.5,10000,316228,0.00030735231497331115,1.800343399521067e-05
frequency,cms-fastpath-vector2d,rows=5 cols=4096,zipf,1.5,10000,562341,0.000410495188085503,1.5682300055354376e-05
frequency,cms-fastpath-vector2d,rows=5 cols=4096,zipf,1.5,10000,1000000,0.0005504756714538465,4.951997150858369e-05
frequency,cms-fastpath-vector2d,rows=5 cols=4096,zipf,1.5,10000,1778279,0.0006164330396758671,7.714352901795572e-05
frequency,cms-fastpath-vector2d,rows=5 cols=4096,zipf,1.5,10000,3162278,0.0006997182572003013,3.098369992991519e-05
frequency,cms-fastpath-vector2d,rows=5 cols=4096,zipf,1.5,10000,5623413,0.000749416393903107,2.659392390172403e-05
frequency,cms-fastpath-vector2d,rows=5 cols=4096,zipf,1.5,10000,10000000,0.000768588466353842,5.954848043430119e-06
frequency,cms-fastpath-vector2d,rows=5 cols=4096,zipf,1.5,10000,17782794,0.0007709232914191351,4.04521205934725e-06
frequency,cms-fastpath-vector2d,rows=5 cols=4096,zipf,1.5,10000,31622777,0.0007872130312551656,7.777609023606718e-06
frequency,cms-fastpath-vector2d,rows=5 cols=4096,zipf,1.5,10000,56234133,0.0007777983354788903,7.817334815625811e-06
frequency,cms-fastpath-vector2d,rows=5 cols=4096,zipf,1.5,10000,100000000,0.000778809132240126,1.0368871318099248e-05
frequency,cms-fastpath-vector2d,rows=5 cols=4096,zipf,1.5,1000000,1000,0.0,0.0
frequency,cms-fastpath-vector2d,rows=5 cols=4096,zipf,1.5,1000000,1778,0.0,0.0
frequency,cms-fastpath-vector2d,rows=5 cols=4096,zipf,1.5,1000000,3162,0.0,0.0
frequency,cms-fastpath-vector2d,rows=5 cols=4096,zipf,1.5,1000000,5623,0.0,0.0
frequency,cms-fastpath-vector2d,rows=5 cols=4096,zipf,1.5,1000000,10000,0.0,0.0
frequency,cms-fastpath-vector2d,rows=5 cols=4096,zipf,1.5,1000000,17783,0.0,0.0
frequency,cms-fastpath-vector2d,rows=5 cols=4096,zipf,1.5,1000000,31623,0.000196078431372549,0.00019607843137254898
frequency,cms-fastpath-vector2d,rows=5 cols=4096,zipf,1.5,1000000,56234,0.00022912801484230056,0.00011472000381440467
frequency,cms-fastpath-vector2d,rows=5 cols=4096,zipf,1.5,1000000,100000,0.00034306394347927025,0.00018005305283897864
frequency,cms-fastpath-vector2d,rows=5 cols=4096,zipf,1.5,1000000,177828,0.00039748006876889045,9.616693347625302e-05
frequency,cms-fastpath-vector2d,rows=5 cols=4096,zipf,1.5,1000000,316228,0.00116838130851765,4.8792635102952694e-05
frequency,cms-fastpath-vector2d,rows=5 cols=4096,zipf,1.5,1000000,562341,0.0014368170166991188,0.00017967103809707872
frequency,cms-fastpath-vector2d,rows=5 cols=4096,zipf,1.5,1000000,1000000,0.001887695837286424,0.00018101473889628534
frequency,cms-fastpath-vector2d,rows=5 cols=4096,zipf,1.5,1000000,1778279,0.00214509065035689,0.00012765491528228263
frequency,cms-fastpath-vector2d,rows=5 cols=4096,zipf,1.5,1000000,3162278,0.002290339177599856,7.066859326799893e-05
frequency,cms-fastpath-vector2d,rows=5 cols=4096,zipf,1.5,1000000,5623413,0.002411420219813191,5.306617135001441e-05
frequency,cms-fastpath-vector2d,rows=5 cols=4096,zipf,1.5,1000000,10000000,0.0024148604155854914,2.2964027683895197e-05
frequency,cms-fastpath-vector2d,rows=5 cols=4096,zipf,1.5,1000000,17782794,0.0024670472647981183,2.3982397876081855e-05
frequency,cms-fastpath-vector2d,rows=5 cols=4096,zipf,1.5,1000000,31622777,0.0024961401243754414,3.877132711720697e-05
frequency,cms-fastpath-vector2d,rows=5 cols=4096,zipf,1.5,1000000,56234133,0.002516352465169392,1.4322794269718033e-05
frequency,cms-fastpath-vector2d,rows=5 cols=4096,zipf,1.5,1000000,100000000,0.0025120499863403637,2.509954560155823e-05
frequency,cms-fastpath-vector2d,rows=5 cols=4096,zipf,2.0,10,1000,0.0,0.0
frequency,cms-fastpath-vector2d,rows=5 cols=4096,zipf,2.0,10,1778,0.0,0.0
frequency,cms-fastpath-vector2d,rows=5 cols=4096,zipf,2.0,10,3162,0.0,0.0
frequency,cms-fastpath-vector2d,rows=5 cols=4096,zipf,2.0,10,5623,0.0,0.0
frequency,cms-fastpath-vector2d,rows=5 cols=4096,zipf,2.0,10,10000,0.0,0.0
frequency,cms-fastpath-vector2d,rows=5 cols=4096,zipf,2.0,10,17783,0.0,0.0
frequency,cms-fastpath-vector2d,rows=5 cols=4096,zipf,2.0,10,31623,0.0,0.0
frequency,cms-fastpath-vector2d,rows=5 cols=4096,zipf,2.0,10,56234,0.0,0.0
frequency,cms-fastpath-vector2d,rows=5 cols=4096,zipf,2.0,10,100000,0.0,0.0
frequency,cms-fastpath-vector2d,rows=5 cols=4096,zipf,2.0,10,177828,0.0,0.0
frequency,cms-fastpath-vector2d,rows=5 cols=4096,zipf,2.0,10,316228,0.0,0.0
frequency,cms-fastpath-vector2d,rows=5 cols=4096,zipf,2.0,10,562341,0.0,0.0
frequency,cms-fastpath-vector2d,rows=5 cols=4096,zipf,2.0,10,1000000,0.0,0.0
frequency,cms-fastpath-vector2d,rows=5 cols=4096,zipf,2.0,10,1778279,0.0,0.0
frequency,cms-fastpath-vector2d,rows=5 cols=4096,zipf,2.0,10,3162278,0.0,0.0
frequency,cms-fastpath-vector2d,rows=5 cols=4096,zipf,2.0,10,5623413,0.0,0.0
frequency,cms-fastpath-vector2d,rows=5 cols=4096,zipf,2.0,10,10000000,0.0,0.0
frequency,cms-fastpath-vector2d,rows=5 cols=4096,zipf,2.0,10,17782794,0.0,0.0
frequency,cms-fastpath-vector2d,rows=5 cols=4096,zipf,2.0,10,31622777,0.0,0.0
frequency,cms-fastpath-vector2d,rows=5 cols=4096,zipf,2.0,10,56234133,0.0,0.0
frequency,cms-fastpath-vector2d,rows=5 cols=4096,zipf,2.0,10,100000000,0.0,0.0
frequency,cms-fastpath-vector2d,rows=5 cols=4096,zipf,2.0,100,1000,0.0,0.0
frequency,cms-fastpath-vector2d,rows=5 cols=4096,zipf,2.0,100,1778,0.0,0.0
frequency,cms-fastpath-vector2d,rows=5 cols=4096,zipf,2.0,100,3162,0.0,0.0
frequency,cms-fastpath-vector2d,rows=5 cols=4096,zipf,2.0,100,5623,0.0,0.0
frequency,cms-fastpath-vector2d,rows=5 cols=4096,zipf,2.0,100,10000,0.0,0.0
frequency,cms-fastpath-vector2d,rows=5 cols=4096,zipf,2.0,100,17783,0.0,0.0
frequency,cms-fastpath-vector2d,rows=5 cols=4096,zipf,2.0,100,31623,0.0,0.0
frequency,cms-fastpath-vector2d,rows=5 cols=4096,zipf,2.0,100,56234,0.0,0.0
frequency,cms-fastpath-vector2d,rows=5 cols=4096,zipf,2.0,100,100000,0.0,0.0
frequency,cms-fastpath-vector2d,rows=5 cols=4096,zipf,2.0,100,177828,0.0,0.0
frequency,cms-fastpath-vector2d,rows=5 cols=4096,zipf,2.0,100,316228,0.0,0.0
frequency,cms-fastpath-vector2d,rows=5 cols=4096,zipf,2.0,100,562341,0.0,0.0
frequency,cms-fastpath-vector2d,rows=5 cols=4096,zipf,2.0,100,1000000,0.0,0.0
frequency,cms-fastpath-vector2d,rows=5 cols=4096,zipf,2.0,100,1778279,0.0,0.0
frequency,cms-fastpath-vector2d,rows=5 cols=4096,zipf,2.0,100,3162278,0.0,0.0
frequency,cms-fastpath-vector2d,rows=5 cols=4096,zipf,2.0,100,5623413,0.0,0.0
frequency,cms-fastpath-vector2d,rows=5 cols=4096,zipf,2.0,100,10000000,0.0,0.0
frequency,cms-fastpath-vector2d,rows=5 cols=4096,zipf,2.0,100,17782794,0.0,0.0
frequency,cms-fastpath-vector2d,rows=5 cols=4096,zipf,2.0,100,31622777,0.0,0.0
frequency,cms-fastpath-vector2d,rows=5 cols=4096,zipf,2.0,100,56234133,0.0,0.0
frequency,cms-fastpath-vector2d,rows=5 cols=4096,zipf,2.0,100,100000000,0.0,0.0
frequency,cms-fastpath-vector2d,rows=5 cols=4096,zipf,2.0,10000,1000,0.0,0.0
frequency,cms-fastpath-vector2d,rows=5 cols=4096,zipf,2.0,10000,1778,0.0,0.0
frequency,cms-fastpath-vector2d,rows=5 cols=4096,zipf,2.0,10000,3162,0.0,0.0
frequency,cms-fastpath-vector2d,rows=5 cols=4096,zipf,2.0,10000,5623,0.0,0.0
frequency,cms-fastpath-vector2d,rows=5 cols=4096,zipf,2.0,10000,10000,0.0,0.0
frequency,cms-fastpath-vector2d,rows=5 cols=4096,zipf,2.0,10000,17783,0.0,0.0
frequency,cms-fastpath-vector2d,rows=5 cols=4096,zipf,2.0,10000,31623,0.0,0.0
frequency,cms-fastpath-vector2d,rows=5 cols=4096,zipf,2.0,10000,56234,0.0,0.0
frequency,cms-fastpath-vector2d,rows=5 cols=4096,zipf,2.0,10000,100000,0.0,0.0
frequency,cms-fastpath-vector2d,rows=5 cols=4096,zipf,2.0,10000,177828,0.0,0.0
frequency,cms-fastpath-vector2d,rows=5 cols=4096,zipf,2.0,10000,316228,0.0,0.0
frequency,cms-fastpath-vector2d,rows=5 cols=4096,zipf,2.0,10000,562341,0.0,0.0
frequency,cms-fastpath-vector2d,rows=5 cols=4096,zipf,2.0,10000,1000000,0.0,0.0
frequency,cms-fastpath-vector2d,rows=5 cols=4096,zipf,2.0,10000,1778279,0.0,0.0
frequency,cms-fastpath-vector2d,rows=5 cols=4096,zipf,2.0,10000,3162278,1.7979725415070242e-05,1.1122837979768634e-05
frequency,cms-fastpath-vector2d,rows=5 cols=4096,zipf,2.0,10000,5623413,2.991554590624534e-05,8.439059000158048e-06
frequency,cms-fastpath-vector2d,rows=5 cols=4096,zipf,2.0,10000,10000000,3.474968422252257e-05,3.8998598822567015e-06
frequency,cms-fastpath-vector2d,rows=5 cols=4096,zipf,2.0,10000,17782794,4.581181072591447e-05,8.713754515416305e-06
frequency,cms-fastpath-vector2d,rows=5 cols=4096,zipf,2.0,10000,31622777,4.8277233910324546e-05,5.101244711380002e-06
frequency,cms-fastpath-vector2d,rows=5 cols=4096,zipf,2.0,10000,56234133,5.9893831308524904e-05,2.831346762808097e-06
frequency,cms-fastpath-vector2d,rows=5 cols=4096,zipf,2.0,10000,100000000,7.257191719149077e-05,4.085579492574779e-06
frequency,cms-fastpath-vector2d,rows=5 cols=4096,zipf,2.0,1000000,1000,0.0,0.0
frequency,cms-fastpath-vector2d,rows=5 cols=4096,zipf,2.0,1000000,1778,0.0,0.0
frequency,cms-fastpath-vector2d,rows=5 cols=4096,zipf,2.0,1000000,3162,0.0,0.0
frequency,cms-fastpath-vector2d,rows=5 cols=4096,zipf,2.0,1000000,5623,0.0,0.0
frequency,cms-fastpath-vector2d,rows=5 cols=4096,zipf,2.0,1000000,10000,0.0,0.0
frequency,cms-fastpath-vector2d,rows=5 cols=4096,zipf,2.0,1000000,17783,0.0,0.0
frequency,cms-fastpath-vector2d,rows=5 cols=4096,zipf,2.0,1000000,31623,0.0,0.0
frequency,cms-fastpath-vector2d,rows=5 cols=4096,zipf,2.0,1000000,56234,0.0,0.0
frequency,cms-fastpath-vector2d,rows=5 cols=4096,zipf,2.0,1000000,100000,0.0,0.0
frequency,cms-fastpath-vector2d,rows=5 cols=4096,zipf,2.0,1000000,177828,0.0,0.0
frequency,cms-fastpath-vector2d,rows=5 cols=4096,zipf,2.0,1000000,316228,0.0,0.0
frequency,cms-fastpath-vector2d,rows=5 cols=4096,zipf,2.0,1000000,562341,0.0,0.0
frequency,cms-fastpath-vector2d,rows=5 cols=4096,zipf,2.0,1000000,1000000,0.0,0.0
frequency,cms-fastpath-vector2d,rows=5 cols=4096,zipf,2.0,1000000,1778279,4.933374773681432e-08,4.9333747736814326e-08
frequency,cms-fastpath-vector2d,rows=5 cols=4096,zipf,2.0,1000000,3162278,1.7467893988185862e-06,8.737133923218045e-07
frequency,cms-fastpath-vector2d,rows=5 cols=4096,zipf,2.0,1000000,5623413,2.5572944561417162e-05,1.3776338423512734e-05
frequency,cms-fastpath-vector2d,rows=5 cols=4096,zipf,2.0,1000000,10000000,6.19170548681838e-05,1.059893806906904e-05
frequency,cms-fastpath-vector2d,rows=5 cols=4096,zipf,2.0,1000000,17782794,8.154592952472484e-05,7.126859159666737e-06
frequency,cms-fastpath-vector2d,rows=5 cols=4096,zipf,2.0,1000000,31622777,0.00011079186046042805,1.13247975099938e-05
frequency,cms-fastpath-vector2d,rows=5 cols=4096,zipf,2.0,1000000,56234133,0.00012382427395747416,5.085087647044864e-06
frequency,cms-fastpath-vector2d,rows=5 cols=4096,zipf,2.0,1000000,100000000,0.00014342596989165297,4.4927111269831e-06
frequency,cms-fastpath-vector2d,rows=5 cols=16384,zipf,0.0,10,1000,0.0,0.0
frequency,cms-fastpath-vector2d,rows=5 cols=16384,zipf,0.0,10,1778,0.0,0.0
frequency,cms-fastpath-vector2d,rows=5 cols=16384,zipf,0.0,10,3162,0.0,0.0
frequency,cms-fastpath-vector2d,rows=5 cols=16384,zipf,0.0,10,5623,0.0,0.0
frequency,cms-fastpath-vector2d,rows=5 cols=16384,zipf,0.0,10,10000,0.0,0.0
frequency,cms-fastpath-vector2d,rows=5 cols=16384,zipf,0.0,10,17783,0.0,0.0
frequency,cms-fastpath-vector2d,rows=5 cols=16384,zipf,0.0,10,31623,0.0,0.0
frequency,cms-fastpath-vector2d,rows=5 cols=16384,zipf,0.0,10,56234,0.0,0.0
frequency,cms-fastpath-vector2d,rows=5 cols=16384,zipf,0.0,10,100000,0.0,0.0
frequency,cms-fastpath-vector2d,rows=5 cols=16384,zipf,0.0,10,177828,0.0,0.0
frequency,cms-fastpath-vector2d,rows=5 cols=16384,zipf,0.0,10,316228,0.0,0.0
frequency,cms-fastpath-vector2d,rows=5 cols=16384,zipf,0.0,10,562341,0.0,0.0
frequency,cms-fastpath-vector2d,rows=5 cols=16384,zipf,0.0,10,1000000,0.0,0.0
frequency,cms-fastpath-vector2d,rows=5 cols=16384,zipf,0.0,10,1778279,0.0,0.0
frequency,cms-fastpath-vector2d,rows=5 cols=16384,zipf,0.0,10,3162278,0.0,0.0
frequency,cms-fastpath-vector2d,rows=5 cols=16384,zipf,0.0,10,5623413,0.0,0.0
frequency,cms-fastpath-vector2d,rows=5 cols=16384,zipf,0.0,10,10000000,0.0,0.0
frequency,cms-fastpath-vector2d,rows=5 cols=16384,zipf,0.0,10,17782794,0.0,0.0
frequency,cms-fastpath-vector2d,rows=5 cols=16384,zipf,0.0,10,31622777,0.0,0.0
frequency,cms-fastpath-vector2d,rows=5 cols=16384,zipf,0.0,10,56234133,0.0,0.0
frequency,cms-fastpath-vector2d,rows=5 cols=16384,zipf,0.0,10,100000000,0.0,0.0
frequency,cms-fastpath-vector2d,rows=5 cols=16384,zipf,0.0,100,1000,0.0,0.0
frequency,cms-fastpath-vector2d,rows=5 cols=16384,zipf,0.0,100,1778,0.0,0.0
frequency,cms-fastpath-vector2d,rows=5 cols=16384,zipf,0.0,100,3162,0.0,0.0
frequency,cms-fastpath-vector2d,rows=5 cols=16384,zipf,0.0,100,5623,0.0,0.0
frequency,cms-fastpath-vector2d,rows=5 cols=16384,zipf,0.0,100,10000,0.0,0.0
frequency,cms-fastpath-vector2d,rows=5 cols=16384,zipf,0.0,100,17783,0.0,0.0
frequency,cms-fastpath-vector2d,rows=5 cols=16384,zipf,0.0,100,31623,0.0,0.0
frequency,cms-fastpath-vector2d,rows=5 cols=16384,zipf,0.0,100,56234,0.0,0.0
frequency,cms-fastpath-vector2d,rows=5 cols=16384,zipf,0.0,100,100000,0.0,0.0
frequency,cms-fastpath-vector2d,rows=5 cols=16384,zipf,0.0,100,177828,0.0,0.0
frequency,cms-fastpath-vector2d,rows=5 cols=16384,zipf,0.0,100,316228,0.0,0.0
frequency,cms-fastpath-vector2d,rows=5 cols=16384,zipf,0.0,100,562341,0.0,0.0
frequency,cms-fastpath-vector2d,rows=5 cols=16384,zipf,0.0,100,1000000,0.0,0.0
frequency,cms-fastpath-vector2d,rows=5 cols=16384,zipf,0.0,100,1778279,0.0,0.0
frequency,cms-fastpath-vector2d,rows=5 cols=16384,zipf,0.0,100,3162278,0.0,0.0
frequency,cms-fastpath-vector2d,rows=5 cols=16384,zipf,0.0,100,5623413,0.0,0.0
frequency,cms-fastpath-vector2d,rows=5 cols=16384,zipf,0.0,100,10000000,0.0,0.0
frequency,cms-fastpath-vector2d,rows=5 cols=16384,zipf,0.0,100,17782794,0.0,0.0
frequency,cms-fastpath-vector2d,rows=5 cols=16384,zipf,0.0,100,31622777,0.0,0.0
frequency,cms-fastpath-vector2d,rows=5 cols=16384,zipf,0.0,100,56234133,0.0,0.0
frequency,cms-fastpath-vector2d,rows=5 cols=16384,zipf,0.0,100,100000000,0.0,0.0
frequency,cms-fastpath-vector2d,rows=5 cols=16384,zipf,0.0,10000,1000,0.0,0.0
frequency,cms-fastpath-vector2d,rows=5 cols=16384,zipf,0.0,10000,1778,0.0,0.0
frequency,cms-fastpath-vector2d,rows=5 cols=16384,zipf,0.0,10000,3162,0.0,0.0
frequency,cms-fastpath-vector2d,rows=5 cols=16384,zipf,0.0,10000,5623,0.0,0.0
frequency,cms-fastpath-vector2d,rows=5 cols=16384,zipf,0.0,10000,10000,0.0008333333333333334,0.0008333333333333334
frequency,cms-fastpath-vector2d,rows=5 cols=16384,zipf,0.0,10000,17783,0.00375,0.00041666666666666675
frequency,cms-fastpath-vector2d,rows=5 cols=16384,zipf,0.0,10000,31623,0.003675925925925925,0.001933855648190528
frequency,cms-fastpath-vector2d,rows=5 cols=16384,zipf,0.0,10000,56234,0.008341727716727717,0.004180850988541247
frequency,cms-fastpath-vector2d,rows=5 cols=16384,zipf,0.0,10000,100000,0.006616161616161616,0.003805346927448402
frequency,cms-fastpath-vector2d,rows=5 cols=16384,zipf,0.0,10000,177828,0.00923811700751356,0.005122633587138583
frequency,cms-fastpath-vector2d,rows=5 cols=16384,zipf,0.0,10000,316228,0.007468030690537084,0.0037346065117292216
frequency,cms-fastpath-vector2d,rows=5 cols=16384,zipf,0.0,10000,562341,0.008367812329289818,0.002679339675912719
frequency,cms-fastpath-vector2d,rows=5 cols=16384,zipf,0.0,10000,1000000,0.017513759506988687,0.010861026628919739
frequency,cms-fastpath-vector2d,rows=5 cols=16384,zipf,0.0,10000,1778279,0.007017565894859472,0.003913871201268327
frequency,cms-fastpath-vector2d,rows=5 cols=16384,zipf,0.0,10000,3162278,0.027830271293539866,0.005990028206052837
frequency,cms-fastpath-vector2d,rows=5 cols=16384,zipf,0.0,10000,5623413,0.026121101451239984,0.008992147861938615
frequency,cms-fastpath-vector2d,rows=5 cols=16384,zipf,0.0,10000,10000000,0.023618051314273487,0.007786569911730474
frequency,cms-fastpath-vector2d,rows=5 cols=16384,zipf,0.0,10000,17782794,0.012222314895772168,0.003028964228565864
frequency,cms-fastpath-vector2d,rows=5 cols=16384,zipf,0.0,10000,31622777,0.021969254796055205,0.01761166091362663
frequency,cms-fastpath-vector2d,rows=5 cols=16384,zipf,0.0,10000,56234133,0.03485625142947394,0.006225863293612966
frequency,cms-fastpath-vector2d,rows=5 cols=16384,zipf,0.0,10000,100000000,0.012732429148595433,0.012732429148595435
frequency,cms-fastpath-vector2d,rows=5 cols=16384,zipf,0.0,1000000,1000,0.0,0.0
frequency,cms-fastpath-vector2d,rows=5 cols=16384,zipf,0.0,1000000,1778,0.0,0.0
frequency,cms-fastpath-vector2d,rows=5 cols=16384,zipf,0.0,1000000,3162,0.0,0.0
frequency,cms-fastpath-vector2d,rows=5 cols=16384,zipf,0.0,1000000,5623,0.0,0.0
frequency,cms-fastpath-vector2d,rows=5 cols=16384,zipf,0.0,1000000,10000,0.021666666666666667,0.00726483157256779
frequency,cms-fastpath-vector2d,rows=5 cols=16384,zipf,0.0,1000000,17783,0.045000000000000005,0.005773502691896256
frequency,cms-fastpath-vector2d,rows=5 cols=16384,zipf,0.0,1000000,31623,0.27444444444444444,0.01613982116259327
frequency,cms-fastpath-vector2d,rows=5 cols=16384,zipf,0.0,1000000,56234,0.6455555555555557,0.017222222222222264
frequency,cms-fastpath-vector2d,rows=5 cols=16384,zipf,0.0,1000000,100000,1.0048333333333332,0.019731531449265077
frequency,cms-fastpath-vector2d,rows=5 cols=16384,zipf,0.0,1000000,177828,2.040277777777778,0.04784430123320686
frequency,cms-fastpath-vector2d,rows=5 cols=16384,zipf,0.0,1000000,316228,3.214,0.06566546812216986
frequency,cms-fastpath-vector2d,rows=5 cols=16384,zipf,0.0,1000000,562341,4.969126984126984,0.05191284583424727
frequency,cms-fastpath-vector2d,rows=5 cols=16384,zipf,0.0,1000000,1000000,7.00797619047619,0.08856219416573773
frequency,cms-fastpath-vector2d,rows=5 cols=16384,zipf,0.0,1000000,1778279,9.758675925925928,0.039101733561154595
frequency,cms-fastpath-vector2d,rows=5 cols=16384,zipf,0.0,1000000,3162278,13.180949938949936,0.008305584180083845
frequency,cms-fastpath-vector2d,rows=5 cols=16384,zipf,0.0,1000000,5623413,17.06916572067423,0.08809761666122168
frequency,cms-fastpath-vector2d,rows=5 cols=16384,zipf,0.0,1000000,10000000,20.94056381766382,0.14244453500991922
frequency,cms-fastpath-vector2d,rows=5 cols=16384,zipf,0.0,1000000,17782794,24.972124941114995,0.039549661873755894
frequency,cms-fastpath-vector2d,rows=5 cols=16384,zipf,0.0,1000000,31622777,29.158775632115333,0.14941130068245975
frequency,cms-fastpath-vector2d,rows=5 cols=16384,zipf,0.0,1000000,56234133,33.20617167231555,0.06046972368609896
frequency,cms-fastpath-vector2d,rows=5 cols=16384,zipf,0.0,1000000,100000000,36.73865152750195,0.14134144540417906
frequency,cms-fastpath-vector2d,rows=5 cols=16384,zipf,0.5,10,1000,0.0,0.0
frequency,cms-fastpath-vector2d,rows=5 cols=16384,zipf,0.5,10,1778,0.0,0.0
frequency,cms-fastpath-vector2d,rows=5 cols=16384,zipf,0.5,10,3162,0.0,0.0
frequency,cms-fastpath-vector2d,rows=5 cols=16384,zipf,0.5,10,5623,0.0,0.0
frequency,cms-fastpath-vector2d,rows=5 cols=16384,zipf,0.5,10,10000,0.0,0.0
frequency,cms-fastpath-vector2d,rows=5 cols=16384,zipf,0.5,10,17783,0.0,0.0
frequency,cms-fastpath-vector2d,rows=5 cols=16384,zipf,0.5,10,31623,0.0,0.0
frequency,cms-fastpath-vector2d,rows=5 cols=16384,zipf,0.5,10,56234,0.0,0.0
frequency,cms-fastpath-vector2d,rows=5 cols=16384,zipf,0.5,10,100000,0.0,0.0
frequency,cms-fastpath-vector2d,rows=5 cols=16384,zipf,0.5,10,177828,0.0,0.0
frequency,cms-fastpath-vector2d,rows=5 cols=16384,zipf,0.5,10,316228,0.0,0.0
frequency,cms-fastpath-vector2d,rows=5 cols=16384,zipf,0.5,10,562341,0.0,0.0
frequency,cms-fastpath-vector2d,rows=5 cols=16384,zipf,0.5,10,1000000,0.0,0.0
frequency,cms-fastpath-vector2d,rows=5 cols=16384,zipf,0.5,10,1778279,0.0,0.0
frequency,cms-fastpath-vector2d,rows=5 cols=16384,zipf,0.5,10,3162278,0.0,0.0
frequency,cms-fastpath-vector2d,rows=5 cols=16384,zipf,0.5,10,5623413,0.0,0.0
frequency,cms-fastpath-vector2d,rows=5 cols=16384,zipf,0.5,10,10000000,0.0,0.0
frequency,cms-fastpath-vector2d,rows=5 cols=16384,zipf,0.5,10,17782794,0.0,0.0
frequency,cms-fastpath-vector2d,rows=5 cols=16384,zipf,0.5,10,31622777,0.0,0.0
frequency,cms-fastpath-vector2d,rows=5 cols=16384,zipf,0.5,10,56234133,0.0,0.0
frequency,cms-fastpath-vector2d,rows=5 cols=16384,zipf,0.5,10,100000000,0.0,0.0
frequency,cms-fastpath-vector2d,rows=5 cols=16384,zipf,0.5,100,1000,0.0,0.0
frequency,cms-fastpath-vector2d,rows=5 cols=16384,zipf,0.5,100,1778,0.0,0.0
frequency,cms-fastpath-vector2d,rows=5 cols=16384,zipf,0.5,100,3162,0.0,0.0
frequency,cms-fastpath-vector2d,rows=5 cols=16384,zipf,0.5,100,5623,0.0,0.0
frequency,cms-fastpath-vector2d,rows=5 cols=16384,zipf,0.5,100,10000,0.0,0.0
frequency,cms-fastpath-vector2d,rows=5 cols=16384,zipf,0.5,100,17783,0.0,0.0
frequency,cms-fastpath-vector2d,rows=5 cols=16384,zipf,0.5,100,31623,0.0,0.0
frequency,cms-fastpath-vector2d,rows=5 cols=16384,zipf,0.5,100,56234,0.0,0.0
frequency,cms-fastpath-vector2d,rows=5 cols=16384,zipf,0.5,100,100000,0.0,0.0
frequency,cms-fastpath-vector2d,rows=5 cols=16384,zipf,0.5,100,177828,0.0,0.0
frequency,cms-fastpath-vector2d,rows=5 cols=16384,zipf,0.5,100,316228,0.0,0.0
frequency,cms-fastpath-vector2d,rows=5 cols=16384,zipf,0.5,100,562341,0.0,0.0
frequency,cms-fastpath-vector2d,rows=5 cols=16384,zipf,0.5,100,1000000,0.0,0.0
frequency,cms-fastpath-vector2d,rows=5 cols=16384,zipf,0.5,100,1778279,0.0,0.0
frequency,cms-fastpath-vector2d,rows=5 cols=16384,zipf,0.5,100,3162278,0.0,0.0
frequency,cms-fastpath-vector2d,rows=5 cols=16384,zipf,0.5,100,5623413,0.0,0.0
frequency,cms-fastpath-vector2d,rows=5 cols=16384,zipf,0.5,100,10000000,0.0,0.0
frequency,cms-fastpath-vector2d,rows=5 cols=16384,zipf,0.5,100,17782794,0.0,0.0
frequency,cms-fastpath-vector2d,rows=5 cols=16384,zipf,0.5,100,31622777,0.0,0.0
frequency,cms-fastpath-vector2d,rows=5 cols=16384,zipf,0.5,100,56234133,0.0,0.0
frequency,cms-fastpath-vector2d,rows=5 cols=16384,zipf,0.5,100,100000000,0.0,0.0
frequency,cms-fastpath-vector2d,rows=5 cols=16384,zipf,0.5,10000,1000,0.0,0.0
frequency,cms-fastpath-vector2d,rows=5 cols=16384,zipf,0.5,10000,1778,0.0,0.0
frequency,cms-fastpath-vector2d,rows=5 cols=16384,zipf,0.5,10000,3162,0.0,0.0
frequency,cms-fastpath-vector2d,rows=5 cols=16384,zipf,0.5,10000,5623,0.0008333333333333334,0.0008333333333333334
frequency,cms-fastpath-vector2d,rows=5 cols=16384,zipf,0.5,10000,10000,0.00037037037037037035,0.0003703703703703704
frequency,cms-fastpath-vector2d,rows=5 cols=16384,zipf,0.5,10000,17783,0.0002380952380952381,0.0002380952380952381
frequency,cms-fastpath-vector2d,rows=5 cols=16384,zipf,0.5,10000,31623,0.0004928989139515455,0.0004928989139515456
frequency,cms-fastpath-vector2d,rows=5 cols=16384,zipf,0.5,10000,56234,0.000918560606060606,0.0005249493011945151
frequency,cms-fastpath-vector2d,rows=5 cols=16384,zipf,0.5,10000,100000,0.0008640071344989377,4.8832709546967415e-05
frequency,cms-fastpath-vector2d,rows=5 cols=16384,zipf,0.5,10000,177828,0.0007226813590449954,6.213802450217509e-05
frequency,cms-fastpath-vector2d,rows=5 cols=16384,zipf,0.5,10000,316228,0.0006976547821468896,5.026350135577051e-05
frequency,cms-fastpath-vector2d,rows=5 cols=16384,zipf,0.5,10000,562341,0.000736890649287413,8.641436711108067e-05
frequency,cms-fastpath-vector2d,rows=5 cols=16384,zipf,0.5,10000,1000000,0.0007271566769610897,3.753099107165661e-05
frequency,cms-fastpath-vector2d,rows=5 cols=16384,zipf,0.5,10000,1778279,0.0007499634853482742,3.9667085116012374e-05
frequency,cms-fastpath-vector2d,rows=5 cols=16384,zipf,0.5,10000,3162278,0.0007587063835326653,1.7149789112574683e-05
frequency,cms-fastpath-vector2d,rows=5 cols=16384,zipf,0.5,10000,5623413,0.0007970264427159416,3.4980354075492505e-05
frequency,cms-fastpath-vector2d,rows=5 cols=16384,zipf,0.5,10000,10000000,0.0008202868616090138,3.677197570671691e-05
frequency,cms-fastpath-vector2d,rows=5 cols=16384,zipf,0.5,10000,17782794,0.0008301969629146556,2.336228180464899e-05
frequency,cms-fastpath-vector2d,rows=5 cols=16384,zipf,0.5,10000,31622777,0.0008427848360550135,1.3712145015405271e-05
frequency,cms-fastpath-vector2d,rows=5 cols=16384,zipf,0.5,10000,56234133,0.0008304728199954569,1.1198467256088776e-05
frequency,cms-fastpath-vector2d,rows=5 cols=16384,zipf,0.5,10000,100000000,0.0008341637535803294,4.8807156797705335e-06
frequency,cms-fastpath-vector2d,rows=5 cols=16384,zipf,0.5,1000000,1000,0.0,0.0
frequency,cms-fastpath-vector2d,rows=5 cols=16384,zipf,0.5,1000000,1778,0.0,0.0
frequency,cms-fastpath-vector2d,rows=5 cols=16384,zipf,0.5,1000000,3162,0.0,0.0
frequency,cms-fastpath-vector2d,rows=5 cols=16384,zipf,0.5,1000000,5623,0.0,0.0
frequency,cms-fastpath-vector2d,rows=5 cols=16384,zipf,0.5,1000000,10000,0.010833333333333334,0.005833333333333334
frequency,cms-fastpath-vector2d,rows=5 cols=16384,zipf,0.5,1000000,17783,0.06513888888888887,0.002682389988309438
frequency,cms-fastpath-vector2d,rows=5 cols=16384,zipf,0.5,1000000,31623,0.11007883456412869,0.0046135697675143885
frequency,cms-fastpath-vector2d,rows=5 cols=16384,zipf,0.5,1000000,56234,0.25240724692331307,0.0059840956565484285
frequency,cms-fastpath-vector2d,rows=5 cols=16384,zipf,0.5,1000000,100000,0.3704355573098967,0.008597477515129943
frequency,cms-fastpath-vector2d,rows=5 cols=16384,zipf,0.5,1000000,177828,0.45119407048291543,0.006426387225875543
frequency,cms-fastpath-vector2d,rows=5 cols=16384,zipf,0.5,1000000,316228,0.5284647186999925,0.006480257495569238
frequency,cms-fastpath-vector2d,rows=5 cols=16384,zipf,0.5,1000000,562341,0.5702537843780998,0.002488294781710782
frequency,cms-fastpath-vector2d,rows=5 cols=16384,zipf,0.5,1000000,1000000,0.6079810243492589,0.00019776768984326154
frequency,cms-fastpath-vector2d,rows=5 cols=16384,zipf,0.5,1000000,1778279,0.6302210395739187,0.0023197898623656538
frequency,cms-fastpath-vector2d,rows=5 cols=16384,zipf,0.5,1000000,3162278,0.6478116228611445,0.003781889421566454
frequency,cms-fastpath-vector2d,rows=5 cols=16384,zipf,0.5,1000000,5623413,0.6570751248454808,0.0032980165616584133
frequency,cms-fastpath-vector2d,rows=5 cols=16384,zipf,0.5,1000000,10000000,0.6613561230432681,0.00317721254722721
frequency,cms-fastpath-vector2d,rows=5 cols=16384,zipf,0.5,1000000,17782794,0.6568646697439932,0.002200115370682215
frequency,cms-fastpath-vector2d,rows=5 cols=16384,zipf,0.5,1000000,31622777,0.6551494255409046,0.000291678227735311
frequency,cms-fastpath-vector2d,rows=5 cols=16384,zipf,0.5,1000000,56234133,0.6546071529025982,0.002459694277204232
frequency,cms-fastpath-vector2d,rows=5 cols=16384,zipf,0.5,1000000,100000000,0.6563946103085013,0.0012613778842089202
frequency,cms-fastpath-vector2d,rows=5 cols=16384,zipf,1.0,10,1000,0.0,0.0
frequency,cms-fastpath-vector2d,rows=5 cols=16384,zipf,1.0,10,1778,0.0,0.0
frequency,cms-fastpath-vector2d,rows=5 cols=16384,zipf,1.0,10,3162,0.0,0.0
frequency,cms-fastpath-vector2d,rows=5 cols=16384,zipf,1.0,10,5623,0.0,0.0
frequency,cms-fastpath-vector2d,rows=5 cols=16384,zipf,1.0,10,10000,0.0,0.0
frequency,cms-fastpath-vector2d,rows=5 cols=16384,zipf,1.0,10,17783,0.0,0.0
frequency,cms-fastpath-vector2d,rows=5 cols=16384,zipf,1.0,10,31623,0.0,0.0
frequency,cms-fastpath-vector2d,rows=5 cols=16384,zipf,1.0,10,56234,0.0,0.0
frequency,cms-fastpath-vector2d,rows=5 cols=16384,zipf,1.0,10,100000,0.0,0.0
frequency,cms-fastpath-vector2d,rows=5 cols=16384,zipf,1.0,10,177828,0.0,0.0
frequency,cms-fastpath-vector2d,rows=5 cols=16384,zipf,1.0,10,316228,0.0,0.0
frequency,cms-fastpath-vector2d,rows=5 cols=16384,zipf,1.0,10,562341,0.0,0.0
frequency,cms-fastpath-vector2d,rows=5 cols=16384,zipf,1.0,10,1000000,0.0,0.0
frequency,cms-fastpath-vector2d,rows=5 cols=16384,zipf,1.0,10,1778279,0.0,0.0
frequency,cms-fastpath-vector2d,rows=5 cols=16384,zipf,1.0,10,3162278,0.0,0.0
frequency,cms-fastpath-vector2d,rows=5 cols=16384,zipf,1.0,10,5623413,0.0,0.0
frequency,cms-fastpath-vector2d,rows=5 cols=16384,zipf,1.0,10,10000000,0.0,0.0
frequency,cms-fastpath-vector2d,rows=5 cols=16384,zipf,1.0,10,17782794,0.0,0.0
frequency,cms-fastpath-vector2d,rows=5 cols=16384,zipf,1.0,10,31622777,0.0,0.0
frequency,cms-fastpath-vector2d,rows=5 cols=16384,zipf,1.0,10,56234133,0.0,0.0
frequency,cms-fastpath-vector2d,rows=5 cols=16384,zipf,1.0,10,100000000,0.0,0.0
frequency,cms-fastpath-vector2d,rows=5 cols=16384,zipf,1.0,100,1000,0.0,0.0
frequency,cms-fastpath-vector2d,rows=5 cols=16384,zipf,1.0,100,1778,0.0,0.0
frequency,cms-fastpath-vector2d,rows=5 cols=16384,zipf,1.0,100,3162,0.0,0.0
frequency,cms-fastpath-vector2d,rows=5 cols=16384,zipf,1.0,100,5623,0.0,0.0
frequency,cms-fastpath-vector2d,rows=5 cols=16384,zipf,1.0,100,10000,0.0,0.0
frequency,cms-fastpath-vector2d,rows=5 cols=16384,zipf,1.0,100,17783,0.0,0.0
frequency,cms-fastpath-vector2d,rows=5 cols=16384,zipf,1.0,100,31623,0.0,0.0
frequency,cms-fastpath-vector2d,rows=5 cols=16384,zipf,1.0,100,56234,0.0,0.0
frequency,cms-fastpath-vector2d,rows=5 cols=16384,zipf,1.0,100,100000,0.0,0.0
frequency,cms-fastpath-vector2d,rows=5 cols=16384,zipf,1.0,100,177828,0.0,0.0
frequency,cms-fastpath-vector2d,rows=5 cols=16384,zipf,1.0,100,316228,0.0,0.0
frequency,cms-fastpath-vector2d,rows=5 cols=16384,zipf,1.0,100,562341,0.0,0.0
frequency,cms-fastpath-vector2d,rows=5 cols=16384,zipf,1.0,100,1000000,0.0,0.0
frequency,cms-fastpath-vector2d,rows=5 cols=16384,zipf,1.0,100,1778279,0.0,0.0
frequency,cms-fastpath-vector2d,rows=5 cols=16384,zipf,1.0,100,3162278,0.0,0.0
frequency,cms-fastpath-vector2d,rows=5 cols=16384,zipf,1.0,100,5623413,0.0,0.0
frequency,cms-fastpath-vector2d,rows=5 cols=16384,zipf,1.0,100,10000000,0.0,0.0
frequency,cms-fastpath-vector2d,rows=5 cols=16384,zipf,1.0,100,17782794,0.0,0.0
frequency,cms-fastpath-vector2d,rows=5 cols=16384,zipf,1.0,100,31622777,0.0,0.0
frequency,cms-fastpath-vector2d,rows=5 cols=16384,zipf,1.0,100,56234133,0.0,0.0
frequency,cms-fastpath-vector2d,rows=5 cols=16384,zipf,1.0,100,100000000,0.0,0.0
frequency,cms-fastpath-vector2d,rows=5 cols=16384,zipf,1.0,10000,1000,0.0,0.0
frequency,cms-fastpath-vector2d,rows=5 cols=16384,zipf,1.0,10000,1778,0.0,0.0
frequency,cms-fastpath-vector2d,rows=5 cols=16384,zipf,1.0,10000,3162,0.0,0.0
frequency,cms-fastpath-vector2d,rows=5 cols=16384,zipf,1.0,10000,5623,0.0,0.0
frequency,cms-fastpath-vector2d,rows=5 cols=16384,zipf,1.0,10000,10000,0.0,0.0
frequency,cms-fastpath-vector2d,rows=5 cols=16384,zipf,1.0,10000,17783,0.0,0.0
frequency,cms-fastpath-vector2d,rows=5 cols=16384,zipf,1.0,10000,31623,0.0,0.0
frequency,cms-fastpath-vector2d,rows=5 cols=16384,zipf,1.0,10000,56234,3.3333333333333335e-05,3.333333333333334e-05
frequency,cms-fastpath-vector2d,rows=5 cols=16384,zipf,1.0,10000,100000,0.00011705882655302472,3.3109531529847525e-05
frequency,cms-fastpath-vector2d,rows=5 cols=16384,zipf,1.0,10000,177828,7.384278889945377e-05,2.112670450447976e-05
frequency,cms-fastpath-vector2d,rows=5 cols=16384,zipf,1.0,10000,316228,7.399681795184115e-05,2.084381682927234e-05
frequency,cms-fastpath-vector2d,rows=5 cols=16384,zipf,1.0,10000,562341,7.98209424336347e-05,8.461754620859699e-06
frequency,cms-fastpath-vector2d,rows=5 cols=16384,zipf,1.0,10000,1000000,7.261127735854512e-05,1.370930590356345e-05
frequency,cms-fastpath-vector2d,rows=5 cols=16384,zipf,1.0,10000,1778279,7.130957886168605e-05,8.306802356721375e-06
frequency,cms-fastpath-vector2d,rows=5 cols=16384,zipf,1.0,10000,3162278,7.215830424998519e-05,9.24077623791423e-06
frequency,cms-fastpath-vector2d,rows=5 cols=16384,zipf,1.0,10000,5623413,6.50876008125678e-05,8.77161098777259e-06
frequency,cms-fastpath-vector2d,rows=5 cols=16384,zipf,1.0,10000,10000000,6.50931181467664e-05,6.516425750489793e-06
frequency,cms-fastpath-vector2d,rows=5 cols=16384,zipf,1.0,10000,17782794,6.529796018118477e-05,5.307711811118238e-06
frequency,cms-fastpath-vector2d,rows=5 cols=16384,zipf,1.0,10000,31622777,6.895524624160632e-05,1.2700000892306305e-06
frequency,cms-fastpath-vector2d,rows=5 cols=16384,zipf,1.0,10000,56234133,6.948777618541513e-05,7.242030694944475e-07
frequency,cms-fastpath-vector2d,rows=5 cols=16384,zipf,1.0,10000,100000000,6.936685214046602e-05,7.324751716400344e-07
frequency,cms-fastpath-vector2d,rows=5 cols=16384,zipf,1.0,1000000,1000,0.0,0.0
frequency,cms-fastpath-vector2d,rows=5 cols=16384,zipf,1.0,1000000,1778,0.0,0.0
frequency,cms-fastpath-vector2d,rows=5 cols=16384,zipf,1.0,1000000,3162,0.0,0.0
frequency,cms-fastpath-vector2d,rows=5 cols=16384,zipf,1.0,1000000,5623,0.0,0.0
frequency,cms-fastpath-vector2d,rows=5 cols=16384,zipf,1.0,1000000,10000,0.0,0.0
frequency,cms-fastpath-vector2d,rows=5 cols=16384,zipf,1.0,1000000,17783,0.0002380952380952381,0.0002380952380952381
frequency,cms-fastpath-vector2d,rows=5 cols=16384,zipf,1.0,1000000,31623,0.0013600408176870802,0.00045760541363868237
frequency,cms-fastpath-vector2d,rows=5 cols=16384,zipf,1.0,1000000,56234,0.0030826696438983683,0.00030280403796119045
frequency,cms-fastpath-vector2d,rows=5 cols=16384,zipf,1.0,1000000,100000,0.005532287733828353,2.6330010535997348e-05
frequency,cms-fastpath-vector2d,rows=5 cols=16384,zipf,1.0,1000000,177828,0.007827829807028213,0.0001231467535778723
frequency,cms-fastpath-vector2d,rows=5 cols=16384,zipf,1.0,1000000,316228,0.009043534163930179,0.00010702314097793939
frequency,cms-fastpath-vector2d,rows=5 cols=16384,zipf,1.0,1000000,562341,0.010362304309371503,0.00011833319632932245
frequency,cms-fastpath-vector2d,rows=5 cols=16384,zipf,1.0,1000000,1000000,0.010898039017086051,3.146710497493653e-05
frequency,cms-fastpath-vector2d,rows=5 cols=16384,zipf,1.0,1000000,1778279,0.011438079547279068,3.869324488939426e-05
frequency,cms-fastpath-vector2d,rows=5 cols=16384,zipf,1.0,1000000,3162278,0.011793238514302284,5.7844714979371115e-05
frequency,cms-fastpath-vector2d,rows=5 cols=16384,zipf,1.0,1000000,5623413,0.012004341512317837,8.180802411443208e-05
frequency,cms-fastpath-vector2d,rows=5 cols=16384,zipf,1.0,1000000,10000000,0.012170335689098033,6.724447071709438e-05
frequency,cms-fastpath-vector2d,rows=5 cols=16384,zipf,1.0,1000000,17782794,0.012101896065238982,5.998302404334171e-06
frequency,cms-fastpath-vector2d,rows=5 cols=16384,zipf,1.0,1000000,31622777,0.012133847705518947,4.012803511460006e-05
frequency,cms-fastpath-vector2d,rows=5 cols=16384,zipf,1.0,1000000,56234133,0.012147176903033846,1.7163778870944037e-05
frequency,cms-fastpath-vector2d,rows=5 cols=16384,zipf,1.0,1000000,100000000,0.012109919217369161,2.174055860301778e-05
frequency,cms-fastpath-vector2d,rows=5 cols=16384,zipf,1.5,10,1000,0.0,0.0
frequency,cms-fastpath-vector2d,rows=5 cols=16384,zipf,1.5,10,1778,0.0,0.0
frequency,cms-fastpath-vector2d,rows=5 cols=16384,zipf,1.5,10,3162,0.0,0.0
frequency,cms-fastpath-vector2d,rows=5 cols=16384,zipf,1.5,10,5623,0.0,0.0
frequency,cms-fastpath-vector2d,rows=5 cols=16384,zipf,1.5,10,10000,0.0,0.0
frequency,cms-fastpath-vector2d,rows=5 cols=16384,zipf,1.5,10,17783,0.0,0.0
frequency,cms-fastpath-vector2d,rows=5 cols=16384,zipf,1.5,10,31623,0.0,0.0
frequency,cms-fastpath-vector2d,rows=5 cols=16384,zipf,1.5,10,56234,0.0,0.0
frequency,cms-fastpath-vector2d,rows=5 cols=16384,zipf,1.5,10,100000,0.0,0.0
frequency,cms-fastpath-vector2d,rows=5 cols=16384,zipf,1.5,10,177828,0.0,0.0
frequency,cms-fastpath-vector2d,rows=5 cols=16384,zipf,1.5,10,316228,0.0,0.0
frequency,cms-fastpath-vector2d,rows=5 cols=16384,zipf,1.5,10,562341,0.0,0.0
frequency,cms-fastpath-vector2d,rows=5 cols=16384,zipf,1.5,10,1000000,0.0,0.0
frequency,cms-fastpath-vector2d,rows=5 cols=16384,zipf,1.5,10,1778279,0.0,0.0
frequency,cms-fastpath-vector2d,rows=5 cols=16384,zipf,1.5,10,3162278,0.0,0.0
frequency,cms-fastpath-vector2d,rows=5 cols=16384,zipf,1.5,10,5623413,0.0,0.0
frequency,cms-fastpath-vector2d,rows=5 cols=16384,zipf,1.5,10,10000000,0.0,0.0
frequency,cms-fastpath-vector2d,rows=5 cols=16384,zipf,1.5,10,17782794,0.0,0.0
frequency,cms-fastpath-vector2d,rows=5 cols=16384,zipf,1.5,10,31622777,0.0,0.0
frequency,cms-fastpath-vector2d,rows=5 cols=16384,zipf,1.5,10,56234133,0.0,0.0
frequency,cms-fastpath-vector2d,rows=5 cols=16384,zipf,1.5,10,100000000,0.0,0.0
frequency,cms-fastpath-vector2d,rows=5 cols=16384,zipf,1.5,100,1000,0.0,0.0
frequency,cms-fastpath-vector2d,rows=5 cols=16384,zipf,1.5,100,1778,0.0,0.0
frequency,cms-fastpath-vector2d,rows=5 cols=16384,zipf,1.5,100,3162,0.0,0.0
frequency,cms-fastpath-vector2d,rows=5 cols=16384,zipf,1.5,100,5623,0.0,0.0
frequency,cms-fastpath-vector2d,rows=5 cols=16384,zipf,1.5,100,10000,0.0,0.0
frequency,cms-fastpath-vector2d,rows=5 cols=16384,zipf,1.5,100,17783,0.0,0.0
frequency,cms-fastpath-vector2d,rows=5 cols=16384,zipf,1.5,100,31623,0.0,0.0
frequency,cms-fastpath-vector2d,rows=5 cols=16384,zipf,1.5,100,56234,0.0,0.0
frequency,cms-fastpath-vector2d,rows=5 cols=16384,zipf,1.5,100,100000,0.0,0.0
frequency,cms-fastpath-vector2d,rows=5 cols=16384,zipf,1.5,100,177828,0.0,0.0
frequency,cms-fastpath-vector2d,rows=5 cols=16384,zipf,1.5,100,316228,0.0,0.0
frequency,cms-fastpath-vector2d,rows=5 cols=16384,zipf,1.5,100,562341,0.0,0.0
frequency,cms-fastpath-vector2d,rows=5 cols=16384,zipf,1.5,100,1000000,0.0,0.0
frequency,cms-fastpath-vector2d,rows=5 cols=16384,zipf,1.5,100,1778279,0.0,0.0
frequency,cms-fastpath-vector2d,rows=5 cols=16384,zipf,1.5,100,3162278,0.0,0.0
frequency,cms-fastpath-vector2d,rows=5 cols=16384,zipf,1.5,100,5623413,0.0,0.0
frequency,cms-fastpath-vector2d,rows=5 cols=16384,zipf,1.5,100,10000000,0.0,0.0
frequency,cms-fastpath-vector2d,rows=5 cols=16384,zipf,1.5,100,17782794,0.0,0.0
frequency,cms-fastpath-vector2d,rows=5 cols=16384,zipf,1.5,100,31622777,0.0,0.0
frequency,cms-fastpath-vector2d,rows=5 cols=16384,zipf,1.5,100,56234133,0.0,0.0
frequency,cms-fastpath-vector2d,rows=5 cols=16384,zipf,1.5,100,100000000,0.0,0.0
frequency,cms-fastpath-vector2d,rows=5 cols=16384,zipf,1.5,10000,1000,0.0,0.0
frequency,cms-fastpath-vector2d,rows=5 cols=16384,zipf,1.5,10000,1778,0.0,0.0
frequency,cms-fastpath-vector2d,rows=5 cols=16384,zipf,1.5,10000,3162,0.0,0.0
frequency,cms-fastpath-vector2d,rows=5 cols=16384,zipf,1.5,10000,5623,0.0,0.0
frequency,cms-fastpath-vector2d,rows=5 cols=16384,zipf,1.5,10000,10000,0.0,0.0
frequency,cms-fastpath-vector2d,rows=5 cols=16384,zipf,1.5,10000,17783,0.0,0.0
frequency,cms-fastpath-vector2d,rows=5 cols=16384,zipf,1.5,10000,31623,0.0,0.0
frequency,cms-fastpath-vector2d,rows=5 cols=16384,zipf,1.5,10000,56234,0.0,0.0
frequency,cms-fastpath-vector2d,rows=5 cols=16384,zipf,1.5,10000,100000,0.0,0.0
frequency,cms-fastpath-vector2d,rows=5 cols=16384,zipf,1.5,10000,177828,0.0,0.0
frequency,cms-fastpath-vector2d,rows=5 cols=16384,zipf,1.5,10000,316228,0.0,0.0
frequency,cms-fastpath-vector2d,rows=5 cols=16384,zipf,1.5,10000,562341,0.0,0.0
frequency,cms-fastpath-vector2d,rows=5 cols=16384,zipf,1.5,10000,1000000,0.0,0.0
frequency,cms-fastpath-vector2d,rows=5 cols=16384,zipf,1.5,10000,1778279,2.4067388688327314e-06,2.406738868832732e-06
frequency,cms-fastpath-vector2d,rows=5 cols=16384,zipf,1.5,10000,3162278,2.616956915181525e-06,1.3084876061627838e-06
frequency,cms-fastpath-vector2d,rows=5 cols=16384,zipf,1.5,10000,5623413,2.927538991340703e-06,1.4640340336032367e-06
frequency,cms-fastpath-vector2d,rows=5 cols=16384,zipf,1.5,10000,10000000,3.2843069437294274e-06,4.153104837030491e-07
frequency,cms-fastpath-vector2d,rows=5 cols=16384,zipf,1.5,10000,17782794,6.196798254447513e-06,6.919171280122348e-07
frequency,cms-fastpath-vector2d,rows=5 cols=16384,zipf,1.5,10000,31622777,6.199901346331783e-06,9.642409278796326e-07
frequency,cms-fastpath-vector2d,rows=5 cols=16384,zipf,1.5,10000,56234133,6.486895308565649e-06,2.05093336888017e-07
frequency,cms-fastpath-vector2d,rows=5 cols=16384,zipf,1.5,10000,100000000,6.483531324296205e-06,3.6955631948099425e-07
frequency,cms-fastpath-vector2d,rows=5 cols=16384,zipf,1.5,1000000,1000,0.0,0.0
frequency,cms-fastpath-vector2d,rows=5 cols=16384,zipf,1.5,1000000,1778,0.0,0.0
frequency,cms-fastpath-vector2d,rows=5 cols=16384,zipf,1.5,1000000,3162,0.0,0.0
frequency,cms-fastpath-vector2d,rows=5 cols=16384,zipf,1.5,1000000,5623,0.0,0.0
frequency,cms-fastpath-vector2d,rows=5 cols=16384,zipf,1.5,1000000,10000,0.0,0.0
frequency,cms-fastpath-vector2d,rows=5 cols=16384,zipf,1.5,1000000,17783,0.0,0.0
frequency,cms-fastpath-vector2d,rows=5 cols=16384,zipf,1.5,1000000,31623,0.0,0.0
frequency,cms-fastpath-vector2d,rows=5 cols=16384,zipf,1.5,1000000,56234,0.0,0.0
frequency,cms-fastpath-vector2d,rows=5 cols=16384,zipf,1.5,1000000,100000,0.0,0.0
frequency,cms-fastpath-vector2d,rows=5 cols=16384,zipf,1.5,1000000,177828,0.0,0.0
frequency,cms-fastpath-vector2d,rows=5 cols=16384,zipf,1.5,1000000,316228,1.2909920030663065e-05,9.299472915082061e-06
frequency,cms-fastpath-vector2d,rows=5 cols=16384,zipf,1.5,1000000,562341,3.189895377098148e-05,2.6376420352581176e-05
frequency,cms-fastpath-vector2d,rows=5 cols=16384,zipf,1.5,1000000,1000000,7.358309516418822e-05,1.7528615527489468e-05
frequency,cms-fastpath-vector2d,rows=5 cols=16384,zipf,1.5,1000000,1778279,0.00014930701585024353,1.3908854202663575e-05
frequency,cms-fastpath-vector2d,rows=5 cols=16384,zipf,1.5,1000000,3162278,0.00018922582861356264,1.1207457588230551e-05
frequency,cms-fastpath-vector2d,rows=5 cols=16384,zipf,1.5,1000000,5623413,0.0002533632667857841,6.0079742575585835e-06
frequency,cms-fastpath-vector2d,rows=5 cols=16384,zipf,1.5,1000000,10000000,0.00028591309303023185,1.5879559518779397e-05
frequency,cms-fastpath-vector2d,rows=5 cols=16384,zipf,1.5,1000000,17782794,0.0003053932979786372,7.731529929835498e-06
frequency,cms-fastpath-vector2d,rows=5 cols=16384,zipf,1.5,1000000,31622777,0.0003143264005795905,8.372159290528542e-06
frequency,cms-fastpath-vector2d,rows=5 cols=16384,zipf,1.5,1000000,56234133,0.00032067302355974747,6.029563517633894e-06
frequency,cms-fastpath-vector2d,rows=5 cols=16384,zipf,1.5,1000000,100000000,0.00032197191540846696,4.08945161313423e-06
frequency,cms-fastpath-vector2d,rows=5 cols=16384,zipf,2.0,10,1000,0.0,0.0
frequency,cms-fastpath-vector2d,rows=5 cols=16384,zipf,2.0,10,1778,0.0,0.0
frequency,cms-fastpath-vector2d,rows=5 cols=16384,zipf,2.0,10,3162,0.0,0.0
frequency,cms-fastpath-vector2d,rows=5 cols=16384,zipf,2.0,10,5623,0.0,0.0
frequency,cms-fastpath-vector2d,rows=5 cols=16384,zipf,2.0,10,10000,0.0,0.0
frequency,cms-fastpath-vector2d,rows=5 cols=16384,zipf,2.0,10,17783,0.0,0.0
frequency,cms-fastpath-vector2d,rows=5 cols=16384,zipf,2.0,10,31623,0.0,0.0
frequency,cms-fastpath-vector2d,rows=5 cols=16384,zipf,2.0,10,56234,0.0,0.0
frequency,cms-fastpath-vector2d,rows=5 cols=16384,zipf,2.0,10,100000,0.0,0.0
frequency,cms-fastpath-vector2d,rows=5 cols=16384,zipf,2.0,10,177828,0.0,0.0
frequency,cms-fastpath-vector2d,rows=5 cols=16384,zipf,2.0,10,316228,0.0,0.0
frequency,cms-fastpath-vector2d,rows=5 cols=16384,zipf,2.0,10,562341,0.0,0.0
frequency,cms-fastpath-vector2d,rows=5 cols=16384,zipf,2.0,10,1000000,0.0,0.0
frequency,cms-fastpath-vector2d,rows=5 cols=16384,zipf,2.0,10,1778279,0.0,0.0
frequency,cms-fastpath-vector2d,rows=5 cols=16384,zipf,2.0,10,3162278,0.0,0.0
frequency,cms-fastpath-vector2d,rows=5 cols=16384,zipf,2.0,10,5623413,0.0,0.0
frequency,cms-fastpath-vector2d,rows=5 cols=16384,zipf,2.0,10,10000000,0.0,0.0
frequency,cms-fastpath-vector2d,rows=5 cols=16384,zipf,2.0,10,17782794,0.0,0.0
frequency,cms-fastpath-vector2d,rows=5 cols=16384,zipf,2.0,10,31622777,0.0,0.0
frequency,cms-fastpath-vector2d,rows=5 cols=16384,zipf,2.0,10,56234133,0.0,0.0
frequency,cms-fastpath-vector2d,rows=5 cols=16384,zipf,2.0,10,100000000,0.0,0.0
frequency,cms-fastpath-vector2d,rows=5 cols=16384,zipf,2.0,100,1000,0.0,0.0
frequency,cms-fastpath-vector2d,rows=5 cols=16384,zipf,2.0,100,1778,0.0,0.0
frequency,cms-fastpath-vector2d,rows=5 cols=16384,zipf,2.0,100,3162,0.0,0.0
frequency,cms-fastpath-vector2d,rows=5 cols=16384,zipf,2.0,100,5623,0.0,0.0
frequency,cms-fastpath-vector2d,rows=5 cols=16384,zipf,2.0,100,10000,0.0,0.0
frequency,cms-fastpath-vector2d,rows=5 cols=16384,zipf,2.0,100,17783,0.0,0.0
frequency,cms-fastpath-vector2d,rows=5 cols=16384,zipf,2.0,100,31623,0.0,0.0
frequency,cms-fastpath-vector2d,rows=5 cols=16384,zipf,2.0,100,56234,0.0,0.0
frequency,cms-fastpath-vector2d,rows=5 cols=16384,zipf,2.0,100,100000,0.0,0.0
frequency,cms-fastpath-vector2d,rows=5 cols=16384,zipf,2.0,100,177828,0.0,0.0
frequency,cms-fastpath-vector2d,rows=5 cols=16384,zipf,2.0,100,316228,0.0,0.0
frequency,cms-fastpath-vector2d,rows=5 cols=16384,zipf,2.0,100,562341,0.0,0.0
frequency,cms-fastpath-vector2d,rows=5 cols=16384,zipf,2.0,100,1000000,0.0,0.0
frequency,cms-fastpath-vector2d,rows=5 cols=16384,zipf,2.0,100,1778279,0.0,0.0
frequency,cms-fastpath-vector2d,rows=5 cols=16384,zipf,2.0,100,3162278,0.0,0.0
frequency,cms-fastpath-vector2d,rows=5 cols=16384,zipf,2.0,100,5623413,0.0,0.0
frequency,cms-fastpath-vector2d,rows=5 cols=16384,zipf,2.0,100,10000000,0.0,0.0
frequency,cms-fastpath-vector2d,rows=5 cols=16384,zipf,2.0,100,17782794,0.0,0.0
frequency,cms-fastpath-vector2d,rows=5 cols=16384,zipf,2.0,100,31622777,0.0,0.0
frequency,cms-fastpath-vector2d,rows=5 cols=16384,zipf,2.0,100,56234133,0.0,0.0
frequency,cms-fastpath-vector2d,rows=5 cols=16384,zipf,2.0,100,100000000,0.0,0.0
frequency,cms-fastpath-vector2d,rows=5 cols=16384,zipf,2.0,10000,1000,0.0,0.0
frequency,cms-fastpath-vector2d,rows=5 cols=16384,zipf,2.0,10000,1778,0.0,0.0
frequency,cms-fastpath-vector2d,rows=5 cols=16384,zipf,2.0,10000,3162,0.0,0.0
frequency,cms-fastpath-vector2d,rows=5 cols=16384,zipf,2.0,10000,5623,0.0,0.0
frequency,cms-fastpath-vector2d,rows=5 cols=16384,zipf,2.0,10000,10000,0.0,0.0
frequency,cms-fastpath-vector2d,rows=5 cols=16384,zipf,2.0,10000,17783,0.0,0.0
frequency,cms-fastpath-vector2d,rows=5 cols=16384,zipf,2.0,10000,31623,0.0,0.0
frequency,cms-fastpath-vector2d,rows=5 cols=16384,zipf,2.0,10000,56234,0.0,0.0
frequency,cms-fastpath-vector2d,rows=5 cols=16384,zipf,2.0,10000,100000,0.0,0.0
frequency,cms-fastpath-vector2d,rows=5 cols=16384,zipf,2.0,10000,177828,0.0,0.0
frequency,cms-fastpath-vector2d,rows=5 cols=16384,zipf,2.0,10000,316228,0.0,0.0
frequency,cms-fastpath-vector2d,rows=5 cols=16384,zipf,2.0,10000,562341,0.0,0.0
frequency,cms-fastpath-vector2d,rows=5 cols=16384,zipf,2.0,10000,1000000,0.0,0.0
frequency,cms-fastpath-vector2d,rows=5 cols=16384,zipf,2.0,10000,1778279,0.0,0.0
frequency,cms-fastpath-vector2d,rows=5 cols=16384,zipf,2.0,10000,3162278,0.0,0.0
frequency,cms-fastpath-vector2d,rows=5 cols=16384,zipf,2.0,10000,5623413,0.0,0.0
frequency,cms-fastpath-vector2d,rows=5 cols=16384,zipf,2.0,10000,10000000,2.121790791427965e-06,2.121790791427965e-06
frequency,cms-fastpath-vector2d,rows=5 cols=16384,zipf,2.0,10000,17782794,1.1811953697141509e-06,1.1811953697141507e-06
frequency,cms-fastpath-vector2d,rows=5 cols=16384,zipf,2.0,10000,31622777,6.524434005350036e-07,6.524434005350036e-07
frequency,cms-fastpath-vector2d,rows=5 cols=16384,zipf,2.0,10000,56234133,7.321180174244089e-07,7.321180174244088e-07
frequency,cms-fastpath-vector2d,rows=5 cols=16384,zipf,2.0,10000,100000000,6.135931555693091e-07,3.551867997461662e-07
frequency,cms-fastpath-vector2d,rows=5 cols=16384,zipf,2.0,1000000,1000,0.0,0.0
frequency,cms-fastpath-vector2d,rows=5 cols=16384,zipf,2.0,1000000,1778,0.0,0.0
frequency,cms-fastpath-vector2d,rows=5 cols=16384,zipf,2.0,1000000,3162,0.0,0.0
frequency,cms-fastpath-vector2d,rows=5 cols=16384,zipf,2.0,1000000,5623,0.0,0.0
frequency,cms-fastpath-vector2d,rows=5 cols=16384,zipf,2.0,1000000,10000,0.0,0.0
frequency,cms-fastpath-vector2d,rows=5 cols=16384,zipf,2.0,1000000,17783,0.0,0.0
frequency,cms-fastpath-vector2d,rows=5 cols=16384,zipf,2.0,1000000,31623,0.0,0.0
frequency,cms-fastpath-vector2d,rows=5 cols=16384,zipf,2.0,1000000,56234,0.0,0.0
frequency,cms-fastpath-vector2d,rows=5 cols=16384,zipf,2.0,1000000,100000,0.0,0.0
frequency,cms-fastpath-vector2d,rows=5 cols=16384,zipf,2.0,1000000,177828,0.0,0.0
frequency,cms-fastpath-vector2d,rows=5 cols=16384,zipf,2.0,1000000,316228,0.0,0.0
frequency,cms-fastpath-vector2d,rows=5 cols=16384,zipf,2.0,1000000,562341,0.0,0.0
frequency,cms-fastpath-vector2d,rows=5 cols=16384,zipf,2.0,1000000,1000000,0.0,0.0
frequency,cms-fastpath-vector2d,rows=5 cols=16384,zipf,2.0,1000000,1778279,0.0,0.0
frequency,cms-fastpath-vector2d,rows=5 cols=16384,zipf,2.0,1000000,3162278,0.0,0.0
frequency,cms-fastpath-vector2d,rows=5 cols=16384,zipf,2.0,1000000,5623413,0.0,0.0
frequency,cms-fastpath-vector2d,rows=5 cols=16384,zipf,2.0,1000000,10000000,0.0,0.0
frequency,cms-fastpath-vector2d,rows=5 cols=16384,zipf,2.0,1000000,17782794,0.0,0.0
frequency,cms-fastpath-vector2d,rows=5 cols=16384,zipf,2.0,1000000,31622777,8.813678829543451e-07,8.813678829543451e-07
frequency,cms-fastpath-vector2d,rows=5 cols=16384,zipf,2.0,1000000,56234133,8.341565837610419e-07,6.374313143224013e-07
frequency,cms-fastpath-vector2d,rows=5 cols=16384,zipf,2.0,1000000,100000000,3.866228773244253e-06,2.4114556160587625e-06
frequency,countsketch-fastpath-vector2d,rows=3 cols=256,zipf,0.0,10,1000,0.0,0.0
frequency,countsketch-fastpath-vector2d,rows=3 cols=256,zipf,0.0,10,1778,0.0,0.0
frequency,countsketch-fastpath-vector2d,rows=3 cols=256,zipf,0.0,10,3162,0.0,0.0
frequency,countsketch-fastpath-vector2d,rows=3 cols=256,zipf,0.0,10,5623,0.0,0.0
frequency,countsketch-fastpath-vector2d,rows=3 cols=256,zipf,0.0,10,10000,0.0,0.0
frequency,countsketch-fastpath-vector2d,rows=3 cols=256,zipf,0.0,10,17783,0.0,0.0
frequency,countsketch-fastpath-vector2d,rows=3 cols=256,zipf,0.0,10,31623,0.0,0.0
frequency,countsketch-fastpath-vector2d,rows=3 cols=256,zipf,0.0,10,56234,0.0,0.0
frequency,countsketch-fastpath-vector2d,rows=3 cols=256,zipf,0.0,10,100000,0.0,0.0
frequency,countsketch-fastpath-vector2d,rows=3 cols=256,zipf,0.0,10,177828,0.0,0.0
frequency,countsketch-fastpath-vector2d,rows=3 cols=256,zipf,0.0,10,316228,0.0,0.0
frequency,countsketch-fastpath-vector2d,rows=3 cols=256,zipf,0.0,10,562341,0.0,0.0
frequency,countsketch-fastpath-vector2d,rows=3 cols=256,zipf,0.0,10,1000000,0.0,0.0
frequency,countsketch-fastpath-vector2d,rows=3 cols=256,zipf,0.0,10,1778279,0.0,0.0
frequency,countsketch-fastpath-vector2d,rows=3 cols=256,zipf,0.0,10,3162278,0.0,0.0
frequency,countsketch-fastpath-vector2d,rows=3 cols=256,zipf,0.0,10,5623413,0.0,0.0
frequency,countsketch-fastpath-vector2d,rows=3 cols=256,zipf,0.0,10,10000000,0.0,0.0
frequency,countsketch-fastpath-vector2d,rows=3 cols=256,zipf,0.0,10,17782794,0.0,0.0
frequency,countsketch-fastpath-vector2d,rows=3 cols=256,zipf,0.0,10,31622777,0.0,0.0
frequency,countsketch-fastpath-vector2d,rows=3 cols=256,zipf,0.0,10,56234133,0.0,0.0
frequency,countsketch-fastpath-vector2d,rows=3 cols=256,zipf,0.0,10,100000000,0.0,0.0
frequency,countsketch-fastpath-vector2d,rows=3 cols=256,zipf,0.0,100,1000,0.1135991970991971,0.011035907682340912
frequency,countsketch-fastpath-vector2d,rows=3 cols=256,zipf,0.0,100,1778,0.11119224032952102,0.005101516090578615
frequency,countsketch-fastpath-vector2d,rows=3 cols=256,zipf,0.0,100,3162,0.10510319633623,0.0030300784171907852
frequency,countsketch-fastpath-vector2d,rows=3 cols=256,zipf,0.0,100,5623,0.10257491820427211,0.002611125031698345
frequency,countsketch-fastpath-vector2d,rows=3 cols=256,zipf,0.0,100,10000,0.1052912563787694,0.002070065833403089
frequency,countsketch-fastpath-vector2d,rows=3 cols=256,zipf,0.0,100,17783,0.10737549297421188,0.0020288940126746355
frequency,countsketch-fastpath-vector2d,rows=3 cols=256,zipf,0.0,100,31623,0.10834999118192441,0.0004988800197152383
frequency,countsketch-fastpath-vector2d,rows=3 cols=256,zipf,0.0,100,56234,0.10897649406199822,0.0003634631686534027
frequency,countsketch-fastpath-vector2d,rows=3 cols=256,zipf,0.0,100,100000,0.10931125188898705,0.00021693224819119473
frequency,countsketch-fastpath-vector2d,rows=3 cols=256,zipf,0.0,100,177828,0.10872202203145913,0.00034688112772825235
frequency,countsketch-fastpath-vector2d,rows=3 cols=256,zipf,0.0,100,316228,0.10923194257210449,5.2702721026575506e-05
frequency,countsketch-fastpath-vector2d,rows=3 cols=256,zipf,0.0,100,562341,0.10916848705290862,0.00022212680698385098
frequency,countsketch-fastpath-vector2d,rows=3 cols=256,zipf,0.0,100,1000000,0.10932598480220923,0.0001076321023891597
frequency,countsketch-fastpath-vector2d,rows=3 cols=256,zipf,0.0,100,1778279,0.10948348755487348,0.00019518374383219119
frequency,countsketch-fastpath-vector2d,rows=3 cols=256,zipf,0.0,100,3162278,0.10964247463206024,0.00010952223884413472
frequency,countsketch-fastpath-vector2d,rows=3 cols=256,zipf,0.0,100,5623413,0.10985709886811168,7.198321934896997e-05
frequency,countsketch-fastpath-vector2d,rows=3 cols=256,zipf,0.0,100,10000000,0.10979993794323255,3.4908022331868415e-05
frequency,countsketch-fastpath-vector2d,rows=3 cols=256,zipf,0.0,100,17782794,0.10985121482618361,6.846030544733681e-05
frequency,countsketch-fastpath-vector2d,rows=3 cols=256,zipf,0.0,100,31622777,0.10992146316635049,5.997183656525218e-05
frequency,countsketch-fastpath-vector2d,rows=3 cols=256,zipf,0.0,100,56234133,0.1099492883259139,3.297232552801265e-05
frequency,countsketch-fastpath-vector2d,rows=3 cols=256,zipf,0.0,100,100000000,0.10995380527753944,1.2573338224300031e-05
frequency,countsketch-fastpath-vector2d,rows=3 cols=256,zipf,0.0,10000,1000,0.71,0.020207259421636887
frequency,countsketch-fastpath-vector2d,rows=3 cols=256,zipf,0.0,10000,1778,0.6666666666666666,0.027954990278686913
frequency,countsketch-fastpath-vector2d,rows=3 cols=256,zipf,0.0,10000,3162,0.762888888888889,0.044338798048049056
frequency,countsketch-fastpath-vector2d,rows=3 cols=256,zipf,0.0,10000,5623,0.8339444444444445,0.03194937160069046
frequency,countsketch-fastpath-vector2d,rows=3 cols=256,zipf,0.0,10000,10000,0.8365396825396826,0.01999395852313999
frequency,countsketch-fastpath-vector2d,rows=3 cols=256,zipf,0.0,10000,17783,0.9514563492063491,0.027217623730410184
frequency,countsketch-fastpath-vector2d,rows=3 cols=256,zipf,0.0,10000,31623,1.1061633644133646,0.06765229843628714
frequency,countsketch-fastpath-vector2d,rows=3 cols=256,zipf,0.0,10000,56234,1.172110045727693,0.06157877840676048
frequency,countsketch-fastpath-vector2d,rows=3 cols=256,zipf,0.0,10000,100000,1.316617046420822,0.013653044118958143
frequency,countsketch-fastpath-vector2d,rows=3 cols=256,zipf,0.0,10000,177828,1.5815650030594648,0.07607384208738563
frequency,countsketch-fastpath-vector2d,rows=3 cols=256,zipf,0.0,10000,316228,1.5693811639171902,0.026784607461505676
frequency,countsketch-fastpath-vector2d,rows=3 cols=256,zipf,0.0,10000,562341,1.7268677188189587,0.15114557385105656
frequency,countsketch-fastpath-vector2d,rows=3 cols=256,zipf,0.0,10000,1000000,1.8298553733268577,0.04539402994829791
frequency,countsketch-fastpath-vector2d,rows=3 cols=256,zipf,0.0,10000,1778279,1.8539500790639467,0.1296572115590929
frequency,countsketch-fastpath-vector2d,rows=3 cols=256,zipf,0.0,10000,3162278,2.0367253713632905,0.17721948671183413
frequency,countsketch-fastpath-vector2d,rows=3 cols=256,zipf,0.0,10000,5623413,1.884468111591356,0.07728120781490942
frequency,countsketch-fastpath-vector2d,rows=3 cols=256,zipf,0.0,10000,10000000,2.0181628854751885,0.20186303207293368
frequency,countsketch-fastpath-vector2d,rows=3 cols=256,zipf,0.0,10000,17782794,2.063689487003978,0.10038615821376104
frequency,countsketch-fastpath-vector2d,rows=3 cols=256,zipf,0.0,10000,31622777,2.170946842803136,0.14826056452051323
frequency,countsketch-fastpath-vector2d,rows=3 cols=256,zipf,0.0,10000,56234133,2.197863337177451,0.15361757758055017
frequency,countsketch-fastpath-vector2d,rows=3 cols=256,zipf,0.0,10000,100000000,2.3315397156525255,0.1653024302931879
frequency,countsketch-fastpath-vector2d,rows=3 cols=256,zipf,0.0,1000000,1000,0.8533333333333334,0.03527668414752788
frequency,countsketch-fastpath-vector2d,rows=3 cols=256,zipf,0.0,1000000,1778,1.1366666666666667,0.014529663145135525
frequency,countsketch-fastpath-vector2d,rows=3 cols=256,zipf,0.0,1000000,3162,1.2133333333333332,0.07595685910070561
frequency,countsketch-fastpath-vector2d,rows=3 cols=256,zipf,0.0,1000000,5623,1.4816666666666665,0.07715424666068475
frequency,countsketch-fastpath-vector2d,rows=3 cols=256,zipf,0.0,1000000,10000,1.7016666666666669,0.07801353158978967
frequency,countsketch-fastpath-vector2d,rows=3 cols=256,zipf,0.0,1000000,17783,1.696111111111111,0.14283289035758256
frequency,countsketch-fastpath-vector2d,rows=3 cols=256,zipf,0.0,1000000,31623,2.0655555555555556,0.032664587991309155
frequency,countsketch-fastpath-vector2d,rows=3 cols=256,zipf,0.0,1000000,56234,2.414444444444445,0.04570774038239263
frequency,countsketch-fastpath-vector2d,rows=3 cols=256,zipf,0.0,1000000,100000,2.3387222222222226,0.12932665122104303
frequency,countsketch-fastpath-vector2d,rows=3 cols=256,zipf,0.0,1000000,177828,2.919333333333333,0.13724130546568683
frequency,countsketch-fastpath-vector2d,rows=3 cols=256,zipf,0.0,1000000,316228,2.971,0.4367660298315507
frequency,countsketch-fastpath-vector2d,rows=3 cols=256,zipf,0.0,1000000,562341,3.5204444444444447,0.28324321006757197
frequency,countsketch-fastpath-vector2d,rows=3 cols=256,zipf,0.0,1000000,1000000,3.898842592592592,0.19971059108508457
frequency,countsketch-fastpath-vector2d,rows=3 cols=256,zipf,0.0,1000000,1778279,4.670925925925926,0.3919373917696747
frequency,countsketch-fastpath-vector2d,rows=3 cols=256,zipf,0.0,1000000,3162278,5.300131257631257,0.30264796716257136
frequency,countsketch-fastpath-vector2d,rows=3 cols=256,zipf,0.0,1000000,5623413,7.342211629973626,0.38846479428853814
frequency,countsketch-fastpath-vector2d,rows=3 cols=256,zipf,0.0,1000000,10000000,7.83790052910053,0.5156522109932886
frequency,countsketch-fastpath-vector2d,rows=3 cols=256,zipf,0.0,1000000,17782794,9.220736550241364,0.3387538736377918
frequency,countsketch-fastpath-vector2d,rows=3 cols=256,zipf,0.0,1000000,31622777,11.05842349261092,0.8522003650414748
frequency,countsketch-fastpath-vector2d,rows=3 cols=256,zipf,0.0,1000000,56234133,10.05898613374548,0.9030743992741894
frequency,countsketch-fastpath-vector2d,rows=3 cols=256,zipf,0.0,1000000,100000000,13.608742693845784,1.1137106152340388
frequency,countsketch-fastpath-vector2d,rows=3 cols=256,zipf,0.5,10,1000,0.0,0.0
frequency,countsketch-fastpath-vector2d,rows=3 cols=256,zipf,0.5,10,1778,0.0,0.0
frequency,countsketch-fastpath-vector2d,rows=3 cols=256,zipf,0.5,10,3162,0.0,0.0
frequency,countsketch-fastpath-vector2d,rows=3 cols=256,zipf,0.5,10,5623,0.0,0.0
frequency,countsketch-fastpath-vector2d,rows=3 cols=256,zipf,0.5,10,10000,0.0,0.0
frequency,countsketch-fastpath-vector2d,rows=3 cols=256,zipf,0.5,10,17783,0.0,0.0
frequency,countsketch-fastpath-vector2d,rows=3 cols=256,zipf,0.5,10,31623,0.0,0.0
frequency,countsketch-fastpath-vector2d,rows=3 cols=256,zipf,0.5,10,56234,0.0,0.0
frequency,countsketch-fastpath-vector2d,rows=3 cols=256,zipf,0.5,10,100000,0.0,0.0
frequency,countsketch-fastpath-vector2d,rows=3 cols=256,zipf,0.5,10,177828,0.0,0.0
frequency,countsketch-fastpath-vector2d,rows=3 cols=256,zipf,0.5,10,316228,0.0,0.0
frequency,countsketch-fastpath-vector2d,rows=3 cols=256,zipf,0.5,10,562341,0.0,0.0
frequency,countsketch-fastpath-vector2d,rows=3 cols=256,zipf,0.5,10,1000000,0.0,0.0
frequency,countsketch-fastpath-vector2d,rows=3 cols=256,zipf,0.5,10,1778279,0.0,0.0
frequency,countsketch-fastpath-vector2d,rows=3 cols=256,zipf,0.5,10,3162278,0.0,0.0
frequency,countsketch-fastpath-vector2d,rows=3 cols=256,zipf,0.5,10,5623413,0.0,0.0
frequency,countsketch-fastpath-vector2d,rows=3 cols=256,zipf,0.5,10,10000000,0.0,0.0
frequency,countsketch-fastpath-vector2d,rows=3 cols=256,zipf,0.5,10,17782794,0.0,0.0
frequency,countsketch-fastpath-vector2d,rows=3 cols=256,zipf,0.5,10,31622777,0.0,0.0
frequency,countsketch-fastpath-vector2d,rows=3 cols=256,zipf,0.5,10,56234133,0.0,0.0
frequency,countsketch-fastpath-vector2d,rows=3 cols=256,zipf,0.5,10,100000000,0.0,0.0
frequency,countsketch-fastpath-vector2d,rows=3 cols=256,zipf,0.5,100,1000,0.10546620939685486,0.0077202456194025515
frequency,countsketch-fastpath-vector2d,rows=3 cols=256,zipf,0.5,100,1778,0.09718906245124265,0.004711278479307439
frequency,countsketch-fastpath-vector2d,rows=3 cols=256,zipf,0.5,100,3162,0.10210287185036826,0.004893983409666846
frequency,countsketch-fastpath-vector2d,rows=3 cols=256,zipf,0.5,100,5623,0.09942448636173999,0.003844991553013988
frequency,countsketch-fastpath-vector2d,rows=3 cols=256,zipf,0.5,100,10000,0.09925212494737022,0.0017635200120672883
frequency,countsketch-fastpath-vector2d,rows=3 cols=256,zipf,0.5,100,17783,0.09819737304870352,0.0019445794288020031
frequency,countsketch-fastpath-vector2d,rows=3 cols=256,zipf,0.5,100,31623,0.09931024898454342,0.0005501799572220616
frequency,countsketch-fastpath-vector2d,rows=3 cols=256,zipf,0.5,100,56234,0.10008061413349734,0.0010456654267239616
frequency,countsketch-fastpath-vector2d,rows=3 cols=256,zipf,0.5,100,100000,0.1006924192950523,0.0006451867542867255
frequency,countsketch-fastpath-vector2d,rows=3 cols=256,zipf,0.5,100,177828,0.10100648522142425,0.00023688374365679753
frequency,countsketch-fastpath-vector2d,rows=3 cols=256,zipf,0.5,100,316228,0.10085576574246892,7.581333746292538e-05
frequency,countsketch-fastpath-vector2d,rows=3 cols=256,zipf,0.5,100,562341,0.1009310860265702,0.00024222940521144223
frequency,countsketch-fastpath-vector2d,rows=3 cols=256,zipf,0.5,100,1000000,0.10073650543404612,0.00011051089986182401
frequency,countsketch-fastpath-vector2d,rows=3 cols=256,zipf,0.5,100,1778279,0.10078877000085411,0.0001354079195761683
frequency,countsketch-fastpath-vector2d,rows=3 cols=256,zipf,0.5,100,3162278,0.1009325104834176,0.00021733762708539436
frequency,countsketch-fastpath-vector2d,rows=3 cols=256,zipf,0.5,100,5623413,0.10080760732106275,0.0001210941763669368
frequency,countsketch-fastpath-vector2d,rows=3 cols=256,zipf,0.5,100,10000000,0.1007725175102499,5.747127868583575e-05
frequency,countsketch-fastpath-vector2d,rows=3 cols=256,zipf,0.5,100,17782794,0.10083742347290736,7.19295551326622e-05
frequency,countsketch-fastpath-vector2d,rows=3 cols=256,zipf,0.5,100,31622777,0.10081903972712429,6.633729182886294e-05
frequency,countsketch-fastpath-vector2d,rows=3 cols=256,zipf,0.5,100,56234133,0.10086239181759692,4.780138376902696e-05
frequency,countsketch-fastpath-vector2d,rows=3 cols=256,zipf,0.5,100,100000000,0.10087450482307074,3.015333732242223e-05
frequency,countsketch-fastpath-vector2d,rows=3 cols=256,zipf,0.5,10000,1000,0.6403333333333333,0.025621352495598326
frequency,countsketch-fastpath-vector2d,rows=3 cols=256,zipf,0.5,10000,1778,0.5588306878306878,0.019969962186111762
frequency,countsketch-fastpath-vector2d,rows=3 cols=256,zipf,0.5,10000,3162,0.5584095811595812,0.03709565880618722
frequency,countsketch-fastpath-vector2d,rows=3 cols=256,zipf,0.5,10000,5623,0.6048409786292139,0.04302138869104208
frequency,countsketch-fastpath-vector2d,rows=3 cols=256,zipf,0.5,10000,10000,0.5406770744638981,0.0511962371711937
frequency,countsketch-fastpath-vector2d,rows=3 cols=256,zipf,0.5,10000,17783,0.5470742789345576,0.009729918088246218
frequency,countsketch-fastpath-vector2d,rows=3 cols=256,zipf,0.5,10000,31623,0.5269305131618455,0.012817976106134228
frequency,countsketch-fastpath-vector2d,rows=3 cols=256,zipf,0.5,10000,56234,0.5430642687848977,0.00580811724280584
frequency,countsketch-fastpath-vector2d,rows=3 cols=256,zipf,0.5,10000,100000,0.5728699606260315,0.015763762096540304
frequency,countsketch-fastpath-vector2d,rows=3 cols=256,zipf,0.5,10000,177828,0.5568767536251559,0.0051767244253071295
frequency,countsketch-fastpath-vector2d,rows=3 cols=256,zipf,0.5,10000,316228,0.5456631099633389,0.014697458281729305
frequency,countsketch-fastpath-vector2d,rows=3 cols=256,zipf,0.5,10000,562341,0.544120601443411,0.008177870625752254
frequency,countsketch-fastpath-vector2d,rows=3 cols=256,zipf,0.5,10000,1000000,0.5213352090993583,0.0012299071062855946
frequency,countsketch-fastpath-vector2d,rows=3 cols=256,zipf,0.5,10000,1778279,0.5167565045570187,0.006592801400469907
frequency,countsketch-fastpath-vector2d,rows=3 cols=256,zipf,0.5,10000,3162278,0.5213366892186164,0.01221370803250748
frequency,countsketch-fastpath-vector2d,rows=3 cols=256,zipf,0.5,10000,5623413,0.5133336562289906,0.006659831392940425
frequency,countsketch-fastpath-vector2d,rows=3 cols=256,zipf,0.5,10000,10000000,0.5083970916849155,0.004964805256730941
frequency,countsketch-fastpath-vector2d,rows=3 cols=256,zipf,0.5,10000,17782794,0.5107902765942014,0.0030083906824863137
frequency,countsketch-fastpath-vector2d,rows=3 cols=256,zipf,0.5,10000,31622777,0.5101528705795618,0.003614233645520754
frequency,countsketch-fastpath-vector2d,rows=3 cols=256,zipf,0.5,10000,56234133,0.509214484383356,0.003440800435522645
frequency,countsketch-fastpath-vector2d,rows=3 cols=256,zipf,0.5,10000,100000000,0.5136971789890022,0.003305363906742591
frequency,countsketch-fastpath-vector2d,rows=3 cols=256,zipf,0.5,1000000,1000,0.8116666666666666,0.04603742438977712
frequency,countsketch-fastpath-vector2d,rows=3 cols=256,zipf,0.5,1000000,1778,1.0894444444444444,0.057399939777143937
frequency,countsketch-fastpath-vector2d,rows=3 cols=256,zipf,0.5,1000000,3162,1.3317777777777777,0.026126709288994007
frequency,countsketch-fastpath-vector2d,rows=3 cols=256,zipf,0.5,1000000,5623,1.5175,0.039642499640887695
frequency,countsketch-fastpath-vector2d,rows=3 cols=256,zipf,0.5,1000000,10000,1.2863928571428571,0.008127756233474141
frequency,countsketch-fastpath-vector2d,rows=3 cols=256,zipf,0.5,1000000,17783,1.4746609686609686,0.05915104598485078
frequency,countsketch-fastpath-vector2d,rows=3 cols=256,zipf,0.5,1000000,31623,1.5383763899499197,0.12496947457893537
frequency,countsketch-fastpath-vector2d,rows=3 cols=256,zipf,0.5,1000000,56234,1.3022124294692203,0.01951471432387897
frequency,countsketch-fastpath-vector2d,rows=3 cols=256,zipf,0.5,1000000,100000,1.0888252741555007,0.011662694964909147
frequency,countsketch-fastpath-vector2d,rows=3 cols=256,zipf,0.5,1000000,177828,1.0155176108471393,0.022341549979727877
frequency,countsketch-fastpath-vector2d,rows=3 cols=256,zipf,0.5,1000000,316228,0.9682851871472709,0.043517502252569604
frequency,countsketch-fastpath-vector2d,rows=3 cols=256,zipf,0.5,1000000,562341,0.8489039913502164,0.032555542785876454
frequency,countsketch-fastpath-vector2d,rows=3 cols=256,zipf,0.5,1000000,1000000,0.7672766176116069,0.018777463056912143
frequency,countsketch-fastpath-vector2d,rows=3 cols=256,zipf,0.5,1000000,1778279,0.7170282997797095,0.045420295619866234
frequency,countsketch-fastpath-vector2d,rows=3 cols=256,zipf,0.5,1000000,3162278,0.7089479498966386,0.0400986075951467
frequency,countsketch-fastpath-vector2d,rows=3 cols=256,zipf,0.5,1000000,5623413,0.6985780599831561,0.025017212013090876
frequency,countsketch-fastpath-vector2d,rows=3 cols=256,zipf,0.5,1000000,10000000,0.6943994897711011,0.0177785505413923
frequency,countsketch-fastpath-vector2d,rows=3 cols=256,zipf,0.5,1000000,17782794,0.6817619077531115,0.02363228664685193
frequency,countsketch-fastpath-vector2d,rows=3 cols=256,zipf,0.5,1000000,31622777,0.6702182011747363,0.014191835361763364
frequency,countsketch-fastpath-vector2d,rows=3 cols=256,zipf,0.5,1000000,56234133,0.6529286126325792,0.011708121492837063
frequency,countsketch-fastpath-vector2d,rows=3 cols=256,zipf,0.5,1000000,100000000,0.6563094671525428,0.003121138458274373
frequency,countsketch-fastpath-vector2d,rows=3 cols=256,zipf,1.0,10,1000,0.0,0.0
frequency,countsketch-fastpath-vector2d,rows=3 cols=256,zipf,1.0,10,1778,0.0,0.0
frequency,countsketch-fastpath-vector2d,rows=3 cols=256,zipf,1.0,10,3162,0.0,0.0
frequency,countsketch-fastpath-vector2d,rows=3 cols=256,zipf,1.0,10,5623,0.0,0.0
frequency,countsketch-fastpath-vector2d,rows=3 cols=256,zipf,1.0,10,10000,0.0,0.0
frequency,countsketch-fastpath-vector2d,rows=3 cols=256,zipf,1.0,10,17783,0.0,0.0
frequency,countsketch-fastpath-vector2d,rows=3 cols=256,zipf,1.0,10,31623,0.0,0.0
frequency,countsketch-fastpath-vector2d,rows=3 cols=256,zipf,1.0,10,56234,0.0,0.0
frequency,countsketch-fastpath-vector2d,rows=3 cols=256,zipf,1.0,10,100000,0.0,0.0
frequency,countsketch-fastpath-vector2d,rows=3 cols=256,zipf,1.0,10,177828,0.0,0.0
frequency,countsketch-fastpath-vector2d,rows=3 cols=256,zipf,1.0,10,316228,0.0,0.0
frequency,countsketch-fastpath-vector2d,rows=3 cols=256,zipf,1.0,10,562341,0.0,0.0
frequency,countsketch-fastpath-vector2d,rows=3 cols=256,zipf,1.0,10,1000000,0.0,0.0
frequency,countsketch-fastpath-vector2d,rows=3 cols=256,zipf,1.0,10,1778279,0.0,0.0
frequency,countsketch-fastpath-vector2d,rows=3 cols=256,zipf,1.0,10,3162278,0.0,0.0
frequency,countsketch-fastpath-vector2d,rows=3 cols=256,zipf,1.0,10,5623413,0.0,0.0
frequency,countsketch-fastpath-vector2d,rows=3 cols=256,zipf,1.0,10,10000000,0.0,0.0
frequency,countsketch-fastpath-vector2d,rows=3 cols=256,zipf,1.0,10,17782794,0.0,0.0
frequency,countsketch-fastpath-vector2d,rows=3 cols=256,zipf,1.0,10,31622777,0.0,0.0
frequency,countsketch-fastpath-vector2d,rows=3 cols=256,zipf,1.0,10,56234133,0.0,0.0
frequency,countsketch-fastpath-vector2d,rows=3 cols=256,zipf,1.0,10,100000000,0.0,0.0
frequency,countsketch-fastpath-vector2d,rows=3 cols=256,zipf,1.0,100,1000,0.10696909464321525,0.039567638828309236
frequency,countsketch-fastpath-vector2d,rows=3 cols=256,zipf,1.0,100,1778,0.09527419671873755,0.013114092456559341
frequency,countsketch-fastpath-vector2d,rows=3 cols=256,zipf,1.0,100,3162,0.09500745783171927,0.002870747665779471
frequency,countsketch-fastpath-vector2d,rows=3 cols=256,zipf,1.0,100,5623,0.09313551080386233,0.0024185826131748506
frequency,countsketch-fastpath-vector2d,rows=3 cols=256,zipf,1.0,100,10000,0.09401106526975651,0.0039017574625468984
frequency,countsketch-fastpath-vector2d,rows=3 cols=256,zipf,1.0,100,17783,0.09318577020560892,0.0021440130175183164
frequency,countsketch-fastpath-vector2d,rows=3 cols=256,zipf,1.0,100,31623,0.09684934180386891,0.002270918068997563
frequency,countsketch-fastpath-vector2d,rows=3 cols=256,zipf,1.0,100,56234,0.09800129819932896,0.0013797909236170178
frequency,countsketch-fastpath-vector2d,rows=3 cols=256,zipf,1.0,100,100000,0.09845104574334473,0.0007773712219779507
frequency,countsketch-fastpath-vector2d,rows=3 cols=256,zipf,1.0,100,177828,0.09888807955782293,0.00026823139872739736
frequency,countsketch-fastpath-vector2d,rows=3 cols=256,zipf,1.0,100,316228,0.0988087466834064,0.0008944747918542359
frequency,countsketch-fastpath-vector2d,rows=3 cols=256,zipf,1.0,100,562341,0.09928498102130455,0.00033187738703621244
frequency,countsketch-fastpath-vector2d,rows=3 cols=256,zipf,1.0,100,1000000,0.09924774570945345,0.00038094707958288794
frequency,countsketch-fastpath-vector2d,rows=3 cols=256,zipf,1.0,100,1778279,0.09953038162553363,0.0002318174852628456
frequency,countsketch-fastpath-vector2d,rows=3 cols=256,zipf,1.0,100,3162278,0.09979639809881487,0.0002528200331642721
frequency,countsketch-fastpath-vector2d,rows=3 cols=256,zipf,1.0,100,5623413,0.0998289853322037,0.0002905068452983566
frequency,countsketch-fastpath-vector2d,rows=3 cols=256,zipf,1.0,100,10000000,0.09988505892126252,0.00016769021781725505
frequency,countsketch-fastpath-vector2d,rows=3 cols=256,zipf,1.0,100,17782794,0.10010888109910622,0.00010737824193722477
frequency,countsketch-fastpath-vector2d,rows=3 cols=256,zipf,1.0,100,31622777,0.10016684797721127,9.623212511966778e-05
frequency,countsketch-fastpath-vector2d,rows=3 cols=256,zipf,1.0,100,56234133,0.10026094496505751,7.598985603166913e-06
frequency,countsketch-fastpath-vector2d,rows=3 cols=256,zipf,1.0,100,100000000,0.10033376738168946,2.7898846939156214e-05
frequency,countsketch-fastpath-vector2d,rows=3 cols=256,zipf,1.0,10000,1000,0.3604823644829997,0.01607221742553581
frequency,countsketch-fastpath-vector2d,rows=3 cols=256,zipf,1.0,10000,1778,0.33153266578556617,0.016615431192427327
frequency,countsketch-fastpath-vector2d,rows=3 cols=256,zipf,1.0,10000,3162,0.32981409518249305,0.014992539927173771
frequency,countsketch-fastpath-vector2d,rows=3 cols=256,zipf,1.0,10000,5623,0.30368568723111666,0.007402491181240528
frequency,countsketch-fastpath-vector2d,rows=3 cols=256,zipf,1.0,10000,10000,0.32012263428775056,0.012442425696808656
frequency,countsketch-fastpath-vector2d,rows=3 cols=256,zipf,1.0,10000,17783,0.3081993076823466,0.004244830705922536
frequency,countsketch-fastpath-vector2d,rows=3 cols=256,zipf,1.0,10000,31623,0.29855280790087946,0.006136336147860683
frequency,countsketch-fastpath-vector2d,rows=3 cols=256,zipf,1.0,10000,56234,0.2703914361864036,0.010687568594565723
frequency,countsketch-fastpath-vector2d,rows=3 cols=256,zipf,1.0,10000,100000,0.28038082819048005,0.004759287774688013
frequency,countsketch-fastpath-vector2d,rows=3 cols=256,zipf,1.0,10000,177828,0.2777807861565656,0.003900423554366628
frequency,countsketch-fastpath-vector2d,rows=3 cols=256,zipf,1.0,10000,316228,0.264587893813975,0.006953552917252953
frequency,countsketch-fastpath-vector2d,rows=3 cols=256,zipf,1.0,10000,562341,0.2667377380756057,0.004988659735828116
frequency,countsketch-fastpath-vector2d,rows=3 cols=256,zipf,1.0,10000,1000000,0.2611169319796663,0.0039671874436581125
frequency,countsketch-fastpath-vector2d,rows=3 cols=256,zipf,1.0,10000,1778279,0.258186024232339,0.003098848257474173
frequency,countsketch-fastpath-vector2d,rows=3 cols=256,zipf,1.0,10000,3162278,0.2576367745768396,0.002433675627302941
frequency,countsketch-fastpath-vector2d,rows=3 cols=256,zipf,1.0,10000,5623413,0.2610110392522112,0.004273943839443339
frequency,countsketch-fastpath-vector2d,rows=3 cols=256,zipf,1.0,10000,10000000,0.2575365162545858,0.001674872461394604
frequency,countsketch-fastpath-vector2d,rows=3 cols=256,zipf,1.0,10000,17782794,0.2577601668773406,0.0017992867707054515
frequency,countsketch-fastpath-vector2d,rows=3 cols=256,zipf,1.0,10000,31622777,0.25619375192893507,0.00043090002280414595
frequency,countsketch-fastpath-vector2d,rows=3 cols=256,zipf,1.0,10000,56234133,0.25595452249745093,0.00019639114448731363
frequency,countsketch-fastpath-vector2d,rows=3 cols=256,zipf,1.0,10000,100000000,0.25579930307429205,0.0001342131377833186
frequency,countsketch-fastpath-vector2d,rows=3 cols=256,zipf,1.0,1000000,1000,0.47363452811808077,0.03138166574492425
frequency,countsketch-fastpath-vector2d,rows=3 cols=256,zipf,1.0,1000000,1778,0.44696062465954717,0.013491734160678441
frequency,countsketch-fastpath-vector2d,rows=3 cols=256,zipf,1.0,1000000,3162,0.4290787832893239,0.008796710242887404
frequency,countsketch-fastpath-vector2d,rows=3 cols=256,zipf,1.0,1000000,5623,0.39462898065608276,0.03404032093729033
frequency,countsketch-fastpath-vector2d,rows=3 cols=256,zipf,1.0,1000000,10000,0.3498333604265849,0.04177865640678682
frequency,countsketch-fastpath-vector2d,rows=3 cols=256,zipf,1.0,1000000,17783,0.3538989894924223,0.006129936692739326
frequency,countsketch-fastpath-vector2d,rows=3 cols=256,zipf,1.0,1000000,31623,0.32902025095385956,0.0209813787294101
frequency,countsketch-fastpath-vector2d,rows=3 cols=256,zipf,1.0,1000000,56234,0.32155848613545013,0.019198199315440274
frequency,countsketch-fastpath-vector2d,rows=3 cols=256,zipf,1.0,1000000,100000,0.3130198289287238,0.00949283139900982
frequency,countsketch-fastpath-vector2d,rows=3 cols=256,zipf,1.0,1000000,177828,0.29350749759895073,0.0035160145082717407
frequency,countsketch-fastpath-vector2d,rows=3 cols=256,zipf,1.0,1000000,316228,0.2773593543885413,0.005974453582699061
frequency,countsketch-fastpath-vector2d,rows=3 cols=256,zipf,1.0,1000000,562341,0.27035257337193896,0.0069417103641424335
frequency,countsketch-fastpath-vector2d,rows=3 cols=256,zipf,1.0,1000000,1000000,0.26728193145208284,0.0019080734786527903
frequency,countsketch-fastpath-vector2d,rows=3 cols=256,zipf,1.0,1000000,1778279,0.26742853711739395,0.0022729304993577806
frequency,countsketch-fastpath-vector2d,rows=3 cols=256,zipf,1.0,1000000,3162278,0.26355334838536365,0.002370363668107601
frequency,countsketch-fastpath-vector2d,rows=3 cols=256,zipf,1.0,1000000,5623413,0.26053491459678907,0.002851374895256422
frequency,countsketch-fastpath-vector2d,rows=3 cols=256,zipf,1.0,1000000,10000000,0.2608636120602258,0.0017580003017748569
frequency,countsketch-fastpath-vector2d,rows=3 cols=256,zipf,1.0,1000000,17782794,0.2608723794310413,0.0012178526210085143
frequency,countsketch-fastpath-vector2d,rows=3 cols=256,zipf,1.0,1000000,31622777,0.2618629016830068,0.0002985642875188062
frequency,countsketch-fastpath-vector2d,rows=3 cols=256,zipf,1.0,1000000,56234133,0.26205447523194497,0.00012598243532713988
frequency,countsketch-fastpath-vector2d,rows=3 cols=256,zipf,1.0,1000000,100000000,0.2620117404037105,0.00013245319458160375
frequency,countsketch-fastpath-vector2d,rows=3 cols=256,zipf,1.5,10,1000,0.0,0.0
frequency,countsketch-fastpath-vector2d,rows=3 cols=256,zipf,1.5,10,1778,0.0,0.0
frequency,countsketch-fastpath-vector2d,rows=3 cols=256,zipf,1.5,10,3162,0.0,0.0
frequency,countsketch-fastpath-vector2d,rows=3 cols=256,zipf,1.5,10,5623,0.0,0.0
frequency,countsketch-fastpath-vector2d,rows=3 cols=256,zipf,1.5,10,10000,0.0,0.0
frequency,countsketch-fastpath-vector2d,rows=3 cols=256,zipf,1.5,10,17783,0.0,0.0
frequency,countsketch-fastpath-vector2d,rows=3 cols=256,zipf,1.5,10,31623,0.0,0.0
frequency,countsketch-fastpath-vector2d,rows=3 cols=256,zipf,1.5,10,56234,0.0,0.0
frequency,countsketch-fastpath-vector2d,rows=3 cols=256,zipf,1.5,10,100000,0.0,0.0
frequency,countsketch-fastpath-vector2d,rows=3 cols=256,zipf,1.5,10,177828,0.0,0.0
frequency,countsketch-fastpath-vector2d,rows=3 cols=256,zipf,1.5,10,316228,0.0,0.0
frequency,countsketch-fastpath-vector2d,rows=3 cols=256,zipf,1.5,10,562341,0.0,0.0
frequency,countsketch-fastpath-vector2d,rows=3 cols=256,zipf,1.5,10,1000000,0.0,0.0
frequency,countsketch-fastpath-vector2d,rows=3 cols=256,zipf,1.5,10,1778279,0.0,0.0
frequency,countsketch-fastpath-vector2d,rows=3 cols=256,zipf,1.5,10,3162278,0.0,0.0
frequency,countsketch-fastpath-vector2d,rows=3 cols=256,zipf,1.5,10,5623413,0.0,0.0
frequency,countsketch-fastpath-vector2d,rows=3 cols=256,zipf,1.5,10,10000000,0.0,0.0
frequency,countsketch-fastpath-vector2d,rows=3 cols=256,zipf,1.5,10,17782794,0.0,0.0
frequency,countsketch-fastpath-vector2d,rows=3 cols=256,zipf,1.5,10,31622777,0.0,0.0
frequency,countsketch-fastpath-vector2d,rows=3 cols=256,zipf,1.5,10,56234133,0.0,0.0
frequency,countsketch-fastpath-vector2d,rows=3 cols=256,zipf,1.5,10,100000000,0.0,0.0
frequency,countsketch-fastpath-vector2d,rows=3 cols=256,zipf,1.5,100,1000,0.04583916709711914,0.0218283949724727
frequency,countsketch-fastpath-vector2d,rows=3 cols=256,zipf,1.5,100,1778,0.11401504091860122,0.03343420313318254
frequency,countsketch-fastpath-vector2d,rows=3 cols=256,zipf,1.5,100,3162,0.1491662145424962,0.03299917168169014
frequency,countsketch-fastpath-vector2d,rows=3 cols=256,zipf,1.5,100,5623,0.17679353887173407,0.05812976444557476
frequency,countsketch-fastpath-vector2d,rows=3 cols=256,zipf,1.5,100,10000,0.11822931578231943,0.013905495331687842
frequency,countsketch-fastpath-vector2d,rows=3 cols=256,zipf,1.5,100,17783,0.10967306020199415,0.0013825715024864999
frequency,countsketch-fastpath-vector2d,rows=3 cols=256,zipf,1.5,100,31623,0.10817942821589244,0.007122112974641552
frequency,countsketch-fastpath-vector2d,rows=3 cols=256,zipf,1.5,100,56234,0.10785749703451698,0.004303715281988992
frequency,countsketch-fastpath-vector2d,rows=3 cols=256,zipf,1.5,100,100000,0.10636980093743953,0.00322048323604998
frequency,countsketch-fastpath-vector2d,rows=3 cols=256,zipf,1.5,100,177828,0.10549578612187553,0.0017490325605835015
frequency,countsketch-fastpath-vector2d,rows=3 cols=256,zipf,1.5,100,316228,0.10561183392511736,0.0017308560282881633
frequency,countsketch-fastpath-vector2d,rows=3 cols=256,zipf,1.5,100,562341,0.10590030027886366,0.0011960721818901074
frequency,countsketch-fastpath-vector2d,rows=3 cols=256,zipf,1.5,100,1000000,0.10477760713668675,0.000772489181445676
frequency,countsketch-fastpath-vector2d,rows=3 cols=256,zipf,1.5,100,1778279,0.10477491218763706,0.0007403013530080952
frequency,countsketch-fastpath-vector2d,rows=3 cols=256,zipf,1.5,100,3162278,0.10517839482644344,0.0008942613755608959
frequency,countsketch-fastpath-vector2d,rows=3 cols=256,zipf,1.5,100,5623413,0.10530395183581032,0.0008292390002781029
frequency,countsketch-fastpath-vector2d,rows=3 cols=256,zipf,1.5,100,10000000,0.10544791121765602,0.0004961114968136805
frequency,countsketch-fastpath-vector2d,rows=3 cols=256,zipf,1.5,100,17782794,0.10558086364706587,0.0002802482253822612
frequency,countsketch-fastpath-vector2d,rows=3 cols=256,zipf,1.5,100,31622777,0.10556456827248,0.00016977284145895056
frequency,countsketch-fastpath-vector2d,rows=3 cols=256,zipf,1.5,100,56234133,0.10545849420883492,0.00014989003128730938
frequency,countsketch-fastpath-vector2d,rows=3 cols=256,zipf,1.5,100,100000000,0.10545254992084778,0.00013298548751054836
frequency,countsketch-fastpath-vector2d,rows=3 cols=256,zipf,1.5,10000,1000,0.15720835910121625,0.008464743471467412
frequency,countsketch-fastpath-vector2d,rows=3 cols=256,zipf,1.5,10000,1778,0.2465552179260367,0.03374463435179964
frequency,countsketch-fastpath-vector2d,rows=3 cols=256,zipf,1.5,10000,3162,0.2159309699254041,0.02146412350707894
frequency,countsketch-fastpath-vector2d,rows=3 cols=256,zipf,1.5,10000,5623,0.24112753257418143,0.020127605022195426
frequency,countsketch-fastpath-vector2d,rows=3 cols=256,zipf,1.5,10000,10000,0.23611320185514673,0.010326789244337917
frequency,countsketch-fastpath-vector2d,rows=3 cols=256,zipf,1.5,10000,17783,0.23390525054137734,0.03290812245484626
frequency,countsketch-fastpath-vector2d,rows=3 cols=256,zipf,1.5,10000,31623,0.229995829712903,0.03691338070206461
frequency,countsketch-fastpath-vector2d,rows=3 cols=256,zipf,1.5,10000,56234,0.2400566138605289,0.02993538502512748
frequency,countsketch-fastpath-vector2d,rows=3 cols=256,zipf,1.5,10000,100000,0.22409893847155596,0.023635743871321203
frequency,countsketch-fastpath-vector2d,rows=3 cols=256,zipf,1.5,10000,177828,0.20262963889521476,0.002881827460831263
frequency,countsketch-fastpath-vector2d,rows=3 cols=256,zipf,1.5,10000,316228,0.1982780844834098,0.004883845600319119
frequency,countsketch-fastpath-vector2d,rows=3 cols=256,zipf,1.5,10000,562341,0.19586418354738933,0.004068158924110161
frequency,countsketch-fastpath-vector2d,rows=3 cols=256,zipf,1.5,10000,1000000,0.19197875922690177,0.00744927773888788
frequency,countsketch-fastpath-vector2d,rows=3 cols=256,zipf,1.5,10000,1778279,0.19281459108356028,0.002464481532428332
frequency,countsketch-fastpath-vector2d,rows=3 cols=256,zipf,1.5,10000,3162278,0.18602393141357132,0.004116339522866767
frequency,countsketch-fastpath-vector2d,rows=3 cols=256,zipf,1.5,10000,5623413,0.19016869504448933,0.0007920617870729191
frequency,countsketch-fastpath-vector2d,rows=3 cols=256,zipf,1.5,10000,10000000,0.19010355393603376,0.0006325718013449514
frequency,countsketch-fastpath-vector2d,rows=3 cols=256,zipf,1.5,10000,17782794,0.18947748399636674,0.0001842764112226772
frequency,countsketch-fastpath-vector2d,rows=3 cols=256,zipf,1.5,10000,31622777,0.18994568182548063,0.0006268559039374841
frequency,countsketch-fastpath-vector2d,rows=3 cols=256,zipf,1.5,10000,56234133,0.18922330621519853,0.00021500356398404392
frequency,countsketch-fastpath-vector2d,rows=3 cols=256,zipf,1.5,10000,100000000,0.18936917943235818,0.00011672116320223193
frequency,countsketch-fastpath-vector2d,rows=3 cols=256,zipf,1.5,1000000,1000,0.188866020984665,0.04012172975254649
frequency,countsketch-fastpath-vector2d,rows=3 cols=256,zipf,1.5,1000000,1778,0.21715482315089787,0.030284905918474554
frequency,countsketch-fastpath-vector2d,rows=3 cols=256,zipf,1.5,1000000,3162,0.2133258558243594,0.01347048068808714
frequency,countsketch-fastpath-vector2d,rows=3 cols=256,zipf,1.5,1000000,5623,0.23261682272427184,0.01960175565401577
frequency,countsketch-fastpath-vector2d,rows=3 cols=256,zipf,1.5,1000000,10000,0.2724827335406754,0.014974257713260504
frequency,countsketch-fastpath-vector2d,rows=3 cols=256,zipf,1.5,1000000,17783,0.27084189123213426,0.027393286371057545
frequency,countsketch-fastpath-vector2d,rows=3 cols=256,zipf,1.5,1000000,31623,0.20642279133880817,0.006982905773440266
frequency,countsketch-fastpath-vector2d,rows=3 cols=256,zipf,1.5,1000000,56234,0.22745718607078103,0.002922137794483927
frequency,countsketch-fastpath-vector2d,rows=3 cols=256,zipf,1.5,1000000,100000,0.2005514284248774,0.007435007140032044
frequency,countsketch-fastpath-vector2d,rows=3 cols=256,zipf,1.5,1000000,177828,0.19730014537562637,0.000834177181857237
frequency,countsketch-fastpath-vector2d,rows=3 cols=256,zipf,1.5,1000000,316228,0.19000752622344322,0.003158015297490653
frequency,countsketch-fastpath-vector2d,rows=3 cols=256,zipf,1.5,1000000,562341,0.19326522077355837,0.002005978934057198
frequency,countsketch-fastpath-vector2d,rows=3 cols=256,zipf,1.5,1000000,1000000,0.19420853477866842,0.0013696183763308167
frequency,countsketch-fastpath-vector2d,rows=3 cols=256,zipf,1.5,1000000,1778279,0.19214062815210706,0.0007540302468855938
frequency,countsketch-fastpath-vector2d,rows=3 cols=256,zipf,1.5,1000000,3162278,0.19069838213877546,0.0008702913238546823
frequency,countsketch-fastpath-vector2d,rows=3 cols=256,zipf,1.5,1000000,5623413,0.18974396893783088,0.00038480104340240867
frequency,countsketch-fastpath-vector2d,rows=3 cols=256,zipf,1.5,1000000,10000000,0.19004342699502344,0.0005652836891487096
frequency,countsketch-fastpath-vector2d,rows=3 cols=256,zipf,1.5,1000000,17782794,0.18978804513279832,0.00031549193921067114
frequency,countsketch-fastpath-vector2d,rows=3 cols=256,zipf,1.5,1000000,31622777,0.18977542317745144,0.0004104321231409521
frequency,countsketch-fastpath-vector2d,rows=3 cols=256,zipf,1.5,1000000,56234133,0.1898177534663147,0.0004538473712393386
frequency,countsketch-fastpath-vector2d,rows=3 cols=256,zipf,1.5,1000000,100000000,0.18965627501614649,0.0001576305772060036
frequency,countsketch-fastpath-vector2d,rows=3 cols=256,zipf,2.0,10,1000,0.0,0.0
frequency,countsketch-fastpath-vector2d,rows=3 cols=256,zipf,2.0,10,1778,0.0,0.0
frequency,countsketch-fastpath-vector2d,rows=3 cols=256,zipf,2.0,10,3162,0.0,0.0
frequency,countsketch-fastpath-vector2d,rows=3 cols=256,zipf,2.0,10,5623,0.0,0.0
frequency,countsketch-fastpath-vector2d,rows=3 cols=256,zipf,2.0,10,10000,0.0,0.0
frequency,countsketch-fastpath-vector2d,rows=3 cols=256,zipf,2.0,10,17783,0.0,0.0
frequency,countsketch-fastpath-vector2d,rows=3 cols=256,zipf,2.0,10,31623,0.0,0.0
frequency,countsketch-fastpath-vector2d,rows=3 cols=256,zipf,2.0,10,56234,0.0,0.0
frequency,countsketch-fastpath-vector2d,rows=3 cols=256,zipf,2.0,10,100000,0.0,0.0
frequency,countsketch-fastpath-vector2d,rows=3 cols=256,zipf,2.0,10,177828,0.0,0.0
frequency,countsketch-fastpath-vector2d,rows=3 cols=256,zipf,2.0,10,316228,0.0,0.0
frequency,countsketch-fastpath-vector2d,rows=3 cols=256,zipf,2.0,10,562341,0.0,0.0
frequency,countsketch-fastpath-vector2d,rows=3 cols=256,zipf,2.0,10,1000000,0.0,0.0
frequency,countsketch-fastpath-vector2d,rows=3 cols=256,zipf,2.0,10,1778279,0.0,0.0
frequency,countsketch-fastpath-vector2d,rows=3 cols=256,zipf,2.0,10,3162278,0.0,0.0
frequency,countsketch-fastpath-vector2d,rows=3 cols=256,zipf,2.0,10,5623413,0.0,0.0
frequency,countsketch-fastpath-vector2d,rows=3 cols=256,zipf,2.0,10,10000000,0.0,0.0
frequency,countsketch-fastpath-vector2d,rows=3 cols=256,zipf,2.0,10,17782794,0.0,0.0
frequency,countsketch-fastpath-vector2d,rows=3 cols=256,zipf,2.0,10,31622777,0.0,0.0
frequency,countsketch-fastpath-vector2d,rows=3 cols=256,zipf,2.0,10,56234133,0.0,0.0
frequency,countsketch-fastpath-vector2d,rows=3 cols=256,zipf,2.0,10,100000000,0.0,0.0
frequency,countsketch-fastpath-vector2d,rows=3 cols=256,zipf,2.0,100,1000,0.0,0.0
frequency,countsketch-fastpath-vector2d,rows=3 cols=256,zipf,2.0,100,1778,0.01863278591897978,0.014476476016588538
frequency,countsketch-fastpath-vector2d,rows=3 cols=256,zipf,2.0,100,3162,0.04163760119550261,0.003034595449669687
frequency,countsketch-fastpath-vector2d,rows=3 cols=256,zipf,2.0,100,5623,0.05258854965727189,0.017412030658813082
frequency,countsketch-fastpath-vector2d,rows=3 cols=256,zipf,2.0,100,10000,0.1009168490168656,0.03383175165038438
frequency,countsketch-fastpath-vector2d,rows=3 cols=256,zipf,2.0,100,17783,0.1594640562089027,0.056058527241985796
frequency,countsketch-fastpath-vector2d,rows=3 cols=256,zipf,2.0,100,31623,0.10614110952144158,0.010260184895557052
frequency,countsketch-fastpath-vector2d,rows=3 cols=256,zipf,2.0,100,56234,0.1068561804718297,0.0019963528738034713
frequency,countsketch-fastpath-vector2d,rows=3 cols=256,zipf,2.0,100,100000,0.11618389425272767,0.0065532865954078135
frequency,countsketch-fastpath-vector2d,rows=3 cols=256,zipf,2.0,100,177828,0.12065557914569754,0.008021811060845823
frequency,countsketch-fastpath-vector2d,rows=3 cols=256,zipf,2.0,100,316228,0.11996995052630448,0.0068560454053205495
frequency,countsketch-fastpath-vector2d,rows=3 cols=256,zipf,2.0,100,562341,0.12225374330766155,0.0045078567437774435
frequency,countsketch-fastpath-vector2d,rows=3 cols=256,zipf,2.0,100,1000000,0.1199582696855317,0.004712523975662154
frequency,countsketch-fastpath-vector2d,rows=3 cols=256,zipf,2.0,100,1778279,0.11606246278269516,0.002869742988593994
frequency,countsketch-fastpath-vector2d,rows=3 cols=256,zipf,2.0,100,3162278,0.11585282598418599,0.000543615619356696
frequency,countsketch-fastpath-vector2d,rows=3 cols=256,zipf,2.0,100,5623413,0.1161466916640595,0.0007686022922623052
frequency,countsketch-fastpath-vector2d,rows=3 cols=256,zipf,2.0,100,10000000,0.11620186492018202,0.0010774827631729272
frequency,countsketch-fastpath-vector2d,rows=3 cols=256,zipf,2.0,100,17782794,0.11703778280537425,0.0010664100840109979
frequency,countsketch-fastpath-vector2d,rows=3 cols=256,zipf,2.0,100,31622777,0.11694881749502568,0.0007692851456699204
frequency,countsketch-fastpath-vector2d,rows=3 cols=256,zipf,2.0,100,56234133,0.11704124314326836,0.0004903534382764636
frequency,countsketch-fastpath-vector2d,rows=3 cols=256,zipf,2.0,100,100000000,0.11718766727782054,0.0002816354746878265
frequency,countsketch-fastpath-vector2d,rows=3 cols=256,zipf,2.0,10000,1000,0.012176773409122576,0.0061915975155788245
frequency,countsketch-fastpath-vector2d,rows=3 cols=256,zipf,2.0,10000,1778,0.04117707667216868,0.01628677376030343
frequency,countsketch-fastpath-vector2d,rows=3 cols=256,zipf,2.0,10000,3162,0.12078818244852674,0.019571618262846896
frequency,countsketch-fastpath-vector2d,rows=3 cols=256,zipf,2.0,10000,5623,0.16819704047114356,0.012510442894492668
frequency,countsketch-fastpath-vector2d,rows=3 cols=256,zipf,2.0,10000,10000,0.20518506381944823,0.020403557590761474
frequency,countsketch-fastpath-vector2d,rows=3 cols=256,zipf,2.0,10000,17783,0.23834373083196567,0.06623345943430242
frequency,countsketch-fastpath-vector2d,rows=3 cols=256,zipf,2.0,10000,31623,0.20354889681827723,0.034868229522348325
frequency,countsketch-fastpath-vector2d,rows=3 cols=256,zipf,2.0,10000,56234,0.21183699764094466,0.02659176108992734
frequency,countsketch-fastpath-vector2d,rows=3 cols=256,zipf,2.0,10000,100000,0.18511867207432445,0.013499201130541282
frequency,countsketch-fastpath-vector2d,rows=3 cols=256,zipf,2.0,10000,177828,0.17737628244225678,0.012350161681436761
frequency,countsketch-fastpath-vector2d,rows=3 cols=256,zipf,2.0,10000,316228,0.18727506186325502,0.0022128454251566262
frequency,countsketch-fastpath-vector2d,rows=3 cols=256,zipf,2.0,10000,562341,0.1810249073141117,0.008470973228052167
frequency,countsketch-fastpath-vector2d,rows=3 cols=256,zipf,2.0,10000,1000000,0.16379046908567074,0.012267380879602283
frequency,countsketch-fastpath-vector2d,rows=3 cols=256,zipf,2.0,10000,1778279,0.17312085926592072,0.0031325217971520584
frequency,countsketch-fastpath-vector2d,rows=3 cols=256,zipf,2.0,10000,3162278,0.1697360844014132,0.0024689897151020253
frequency,countsketch-fastpath-vector2d,rows=3 cols=256,zipf,2.0,10000,5623413,0.16966748112349297,0.00152503558422314
frequency,countsketch-fastpath-vector2d,rows=3 cols=256,zipf,2.0,10000,10000000,0.16944139414914994,0.0008811842617174264
frequency,countsketch-fastpath-vector2d,rows=3 cols=256,zipf,2.0,10000,17782794,0.16976247194728775,0.0009309720209603517
frequency,countsketch-fastpath-vector2d,rows=3 cols=256,zipf,2.0,10000,31622777,0.1699936719934337,0.00037311348090982976
frequency,countsketch-fastpath-vector2d,rows=3 cols=256,zipf,2.0,10000,56234133,0.17046334881918954,0.000580495650557596
frequency,countsketch-fastpath-vector2d,rows=3 cols=256,zipf,2.0,10000,100000000,0.17038520022507772,0.0004922354544050696
frequency,countsketch-fastpath-vector2d,rows=3 cols=256,zipf,2.0,1000000,1000,0.04629304629304629,0.03554022728053026
frequency,countsketch-fastpath-vector2d,rows=3 cols=256,zipf,2.0,1000000,1778,0.07798419739229236,0.05438901215187627
frequency,countsketch-fastpath-vector2d,rows=3 cols=256,zipf,2.0,1000000,3162,0.13233601648734944,0.07223077244320739
frequency,countsketch-fastpath-vector2d,rows=3 cols=256,zipf,2.0,1000000,5623,0.20265124584049019,0.08233115798468073
frequency,countsketch-fastpath-vector2d,rows=3 cols=256,zipf,2.0,1000000,10000,0.15291684804446196,0.00788808369168174
frequency,countsketch-fastpath-vector2d,rows=3 cols=256,zipf,2.0,1000000,17783,0.19877352742274432,0.029389955992723465
frequency,countsketch-fastpath-vector2d,rows=3 cols=256,zipf,2.0,1000000,31623,0.18920961608126716,0.015507637776942982
frequency,countsketch-fastpath-vector2d,rows=3 cols=256,zipf,2.0,1000000,56234,0.21528334099348712,0.03276938182347045
frequency,countsketch-fastpath-vector2d,rows=3 cols=256,zipf,2.0,1000000,100000,0.27600665958589543,0.04685411689510526
frequency,countsketch-fastpath-vector2d,rows=3 cols=256,zipf,2.0,1000000,177828,0.23219704198961735,0.044713013077135065
frequency,countsketch-fastpath-vector2d,rows=3 cols=256,zipf,2.0,1000000,316228,0.2401641149607202,0.05776775857002901
frequency,countsketch-fastpath-vector2d,rows=3 cols=256,zipf,2.0,1000000,562341,0.17087468095284022,0.0020923475722137855
frequency,countsketch-fastpath-vector2d,rows=3 cols=256,zipf,2.0,1000000,1000000,0.17917878322648298,0.009158653524273912
frequency,countsketch-fastpath-vector2d,rows=3 cols=256,zipf,2.0,1000000,1778279,0.17294597991139682,0.0022785950734299227
frequency,countsketch-fastpath-vector2d,rows=3 cols=256,zipf,2.0,1000000,3162278,0.16952799231056537,0.0012056419023220956
frequency,countsketch-fastpath-vector2d,rows=3 cols=256,zipf,2.0,1000000,5623413,0.17264320153243004,0.00023901393318326867
frequency,countsketch-fastpath-vector2d,rows=3 cols=256,zipf,2.0,1000000,10000000,0.170837215111499,0.00038986497065416
frequency,countsketch-fastpath-vector2d,rows=3 cols=256,zipf,2.0,1000000,17782794,0.17086287641660383,0.000747019249338058
frequency,countsketch-fastpath-vector2d,rows=3 cols=256,zipf,2.0,1000000,31622777,0.17068128646280747,9.340393795598222e-05
frequency,countsketch-fastpath-vector2d,rows=3 cols=256,zipf,2.0,1000000,56234133,0.17089070001715093,0.00045527417914859866
frequency,countsketch-fastpath-vector2d,rows=3 cols=256,zipf,2.0,1000000,100000000,0.17059206296855378,0.0004069353789752483
frequency,countsketch-fastpath-vector2d,rows=3 cols=1024,zipf,0.0,10,1000,0.0,0.0
frequency,countsketch-fastpath-vector2d,rows=3 cols=1024,zipf,0.0,10,1778,0.0,0.0
frequency,countsketch-fastpath-vector2d,rows=3 cols=1024,zipf,0.0,10,3162,0.0,0.0
frequency,countsketch-fastpath-vector2d,rows=3 cols=1024,zipf,0.0,10,5623,0.0,0.0
frequency,countsketch-fastpath-vector2d,rows=3 cols=1024,zipf,0.0,10,10000,0.0,0.0
frequency,countsketch-fastpath-vector2d,rows=3 cols=1024,zipf,0.0,10,17783,0.0,0.0
frequency,countsketch-fastpath-vector2d,rows=3 cols=1024,zipf,0.0,10,31623,0.0,0.0
frequency,countsketch-fastpath-vector2d,rows=3 cols=1024,zipf,0.0,10,56234,0.0,0.0
frequency,countsketch-fastpath-vector2d,rows=3 cols=1024,zipf,0.0,10,100000,0.0,0.0
frequency,countsketch-fastpath-vector2d,rows=3 cols=1024,zipf,0.0,10,177828,0.0,0.0
frequency,countsketch-fastpath-vector2d,rows=3 cols=1024,zipf,0.0,10,316228,0.0,0.0
frequency,countsketch-fastpath-vector2d,rows=3 cols=1024,zipf,0.0,10,562341,0.0,0.0
frequency,countsketch-fastpath-vector2d,rows=3 cols=1024,zipf,0.0,10,1000000,0.0,0.0
frequency,countsketch-fastpath-vector2d,rows=3 cols=1024,zipf,0.0,10,1778279,0.0,0.0
frequency,countsketch-fastpath-vector2d,rows=3 cols=1024,zipf,0.0,10,3162278,0.0,0.0
frequency,countsketch-fastpath-vector2d,rows=3 cols=1024,zipf,0.0,10,5623413,0.0,0.0
frequency,countsketch-fastpath-vector2d,rows=3 cols=1024,zipf,0.0,10,10000000,0.0,0.0
frequency,countsketch-fastpath-vector2d,rows=3 cols=1024,zipf,0.0,10,17782794,0.0,0.0
frequency,countsketch-fastpath-vector2d,rows=3 cols=1024,zipf,0.0,10,31622777,0.0,0.0
frequency,countsketch-fastpath-vector2d,rows=3 cols=1024,zipf,0.0,10,56234133,0.0,0.0
frequency,countsketch-fastpath-vector2d,rows=3 cols=1024,zipf,0.0,10,100000000,0.0,0.0
frequency,countsketch-fastpath-vector2d,rows=3 cols=1024,zipf,0.0,100,1000,0.0,0.0
frequency,countsketch-fastpath-vector2d,rows=3 cols=1024,zipf,0.0,100,1778,0.0,0.0
frequency,countsketch-fastpath-vector2d,rows=3 cols=1024,zipf,0.0,100,3162,0.0,0.0
frequency,countsketch-fastpath-vector2d,rows=3 cols=1024,zipf,0.0,100,5623,0.0,0.0
frequency,countsketch-fastpath-vector2d,rows=3 cols=1024,zipf,0.0,100,10000,0.0,0.0
frequency,countsketch-fastpath-vector2d,rows=3 cols=1024,zipf,0.0,100,17783,0.0,0.0
frequency,countsketch-fastpath-vector2d,rows=3 cols=1024,zipf,0.0,100,31623,0.0,0.0
frequency,countsketch-fastpath-vector2d,rows=3 cols=1024,zipf,0.0,100,56234,0.0,0.0
frequency,countsketch-fastpath-vector2d,rows=3 cols=1024,zipf,0.0,100,100000,0.0,0.0
frequency,countsketch-fastpath-vector2d,rows=3 cols=1024,zipf,0.0,100,177828,0.0,0.0
frequency,countsketch-fastpath-vector2d,rows=3 cols=1024,zipf,0.0,100,316228,0.0,0.0
frequency,countsketch-fastpath-vector2d,rows=3 cols=1024,zipf,0.0,100,562341,0.0,0.0
frequency,countsketch-fastpath-vector2d,rows=3 cols=1024,zipf,0.0,100,1000000,0.0,0.0
frequency,countsketch-fastpath-vector2d,rows=3 cols=1024,zipf,0.0,100,1778279,0.0,0.0
frequency,countsketch-fastpath-vector2d,rows=3 cols=1024,zipf,0.0,100,3162278,0.0,0.0
frequency,countsketch-fastpath-vector2d,rows=3 cols=1024,zipf,0.0,100,5623413,0.0,0.0
frequency,countsketch-fastpath-vector2d,rows=3 cols=1024,zipf,0.0,100,10000000,0.0,0.0
frequency,countsketch-fastpath-vector2d,rows=3 cols=1024,zipf,0.0,100,17782794,0.0,0.0
frequency,countsketch-fastpath-vector2d,rows=3 cols=1024,zipf,0.0,100,31622777,0.0,0.0
frequency,countsketch-fastpath-vector2d,rows=3 cols=1024,zipf,0.0,100,56234133,0.0,0.0
frequency,countsketch-fastpath-vector2d,rows=3 cols=1024,zipf,0.0,100,100000000,0.0,0.0
frequency,countsketch-fastpath-vector2d,rows=3 cols=1024,zipf,0.0,10000,1000,0.27611111111111114,0.04863253496158844
frequency,countsketch-fastpath-vector2d,rows=3 cols=1024,zipf,0.0,10000,1778,0.2961111111111111,0.029569963071491685
frequency,countsketch-fastpath-vector2d,rows=3 cols=1024,zipf,0.0,10000,3162,0.3588333333333334,0.018336615867751628
frequency,countsketch-fastpath-vector2d,rows=3 cols=1024,zipf,0.0,10000,5623,0.41683333333333333,0.007488880646220242
frequency,countsketch-fastpath-vector2d,rows=3 cols=1024,zipf,0.0,10000,10000,0.4968253968253968,0.015297591769065503
frequency,countsketch-fastpath-vector2d,rows=3 cols=1024,zipf,0.0,10000,17783,0.5599404761904764,0.014115470569776663
frequency,countsketch-fastpath-vector2d,rows=3 cols=1024,zipf,0.0,10000,31623,0.6384615384615384,0.01740049692238511
frequency,countsketch-fastpath-vector2d,rows=3 cols=1024,zipf,0.0,10000,56234,0.6858480870980873,0.05765259441419336
frequency,countsketch-fastpath-vector2d,rows=3 cols=1024,zipf,0.0,10000,100000,0.7654577460678148,0.0394558554127834
frequency,countsketch-fastpath-vector2d,rows=3 cols=1024,zipf,0.0,10000,177828,0.8623340206353216,0.020561590356965514
frequency,countsketch-fastpath-vector2d,rows=3 cols=1024,zipf,0.0,10000,316228,0.9406203783971162,0.01697088680862128
frequency,countsketch-fastpath-vector2d,rows=3 cols=1024,zipf,0.0,10000,562341,0.9858136954842744,0.04527166651114195
frequency,countsketch-fastpath-vector2d,rows=3 cols=1024,zipf,0.0,10000,1000000,1.020049469058723,0.05222509120207034
frequency,countsketch-fastpath-vector2d,rows=3 cols=1024,zipf,0.0,10000,1778279,1.0374431964937123,0.05539277891250918
frequency,countsketch-fastpath-vector2d,rows=3 cols=1024,zipf,0.0,10000,3162278,1.0669649878258622,0.02983292548443246
frequency,countsketch-fastpath-vector2d,rows=3 cols=1024,zipf,0.0,10000,5623413,1.1114248523654038,0.05446918781132283
frequency,countsketch-fastpath-vector2d,rows=3 cols=1024,zipf,0.0,10000,10000000,1.1680878544252702,0.13491894643092012
frequency,countsketch-fastpath-vector2d,rows=3 cols=1024,zipf,0.0,10000,17782794,1.169077170209361,0.10810124973556538
frequency,countsketch-fastpath-vector2d,rows=3 cols=1024,zipf,0.0,10000,31622777,1.1604704030694684,0.07782657437579986
frequency,countsketch-fastpath-vector2d,rows=3 cols=1024,zipf,0.0,10000,56234133,1.2137419921577104,0.09388281234268796
frequency,countsketch-fastpath-vector2d,rows=3 cols=1024,zipf,0.0,10000,100000000,1.191125364289638,0.04830639076933989
frequency,countsketch-fastpath-vector2d,rows=3 cols=1024,zipf,0.0,1000000,1000,0.3333333333333333,0.014529663145135574
frequency,countsketch-fastpath-vector2d,rows=3 cols=1024,zipf,0.0,1000000,1778,0.5299999999999999,0.036170890690351176
frequency,countsketch-fastpath-vector2d,rows=3 cols=1024,zipf,0.0,1000000,3162,0.73,0.034641016151377546
frequency,countsketch-fastpath-vector2d,rows=3 cols=1024,zipf,0.0,1000000,5623,0.8949999999999999,0.03774917217635375
frequency,countsketch-fastpath-vector2d,rows=3 cols=1024,zipf,0.0,1000000,10000,0.9183333333333333,0.03844187531556933
frequency,countsketch-fastpath-vector2d,rows=3 cols=1024,zipf,0.0,1000000,17783,0.9177777777777777,0.0314809368144604
frequency,countsketch-fastpath-vector2d,rows=3 cols=1024,zipf,0.0,1000000,31623,1.2127777777777777,0.03103661716325205
frequency,countsketch-fastpath-vector2d,rows=3 cols=1024,zipf,0.0,1000000,56234,1.3222222222222222,0.038566120870685776
frequency,countsketch-fastpath-vector2d,rows=3 cols=1024,zipf,0.0,1000000,100000,1.3376666666666666,0.06990787588756427
frequency,countsketch-fastpath-vector2d,rows=3 cols=1024,zipf,0.0,1000000,177828,1.4700555555555557,0.07097902228784418
frequency,countsketch-fastpath-vector2d,rows=3 cols=1024,zipf,0.0,1000000,316228,1.7527222222222223,0.04513706833935495
frequency,countsketch-fastpath-vector2d,rows=3 cols=1024,zipf,0.0,1000000,562341,1.8570793650793653,0.1404592465792464
frequency,countsketch-fastpath-vector2d,rows=3 cols=1024,zipf,0.0,1000000,1000000,2.2279232804232803,0.10679658940053542
frequency,countsketch-fastpath-vector2d,rows=3 cols=1024,zipf,0.0,1000000,1778279,2.3907584175084176,0.09669969297641835
frequency,countsketch-fastpath-vector2d,rows=3 cols=1024,zipf,0.0,1000000,3162278,2.7648565323565326,0.1743656782204542
frequency,countsketch-fastpath-vector2d,rows=3 cols=1024,zipf,0.0,1000000,5623413,3.6681769292512327,0.24427363891007015
frequency,countsketch-fastpath-vector2d,rows=3 cols=1024,zipf,0.0,1000000,10000000,3.735989913173247,0.16855696883180574
frequency,countsketch-fastpath-vector2d,rows=3 cols=1024,zipf,0.0,1000000,17782794,4.028555824092088,0.22174309845295717
frequency,countsketch-fastpath-vector2d,rows=3 cols=1024,zipf,0.0,1000000,31622777,5.3455428256304645,0.3134831002787557
frequency,countsketch-fastpath-vector2d,rows=3 cols=1024,zipf,0.0,1000000,56234133,5.948161698283061,0.5524517333098073
frequency,countsketch-fastpath-vector2d,rows=3 cols=1024,zipf,0.0,1000000,100000000,7.102727644220047,0.3908412304708621
frequency,countsketch-fastpath-vector2d,rows=3 cols=1024,zipf,0.5,10,1000,0.0,0.0
frequency,countsketch-fastpath-vector2d,rows=3 cols=1024,zipf,0.5,10,1778,0.0,0.0
frequency,countsketch-fastpath-vector2d,rows=3 cols=1024,zipf,0.5,10,3162,0.0,0.0
frequency,countsketch-fastpath-vector2d,rows=3 cols=1024,zipf,0.5,10,5623,0.0,0.0
frequency,countsketch-fastpath-vector2d,rows=3 cols=1024,zipf,0.5,10,10000,0.0,0.0
frequency,countsketch-fastpath-vector2d,rows=3 cols=1024,zipf,0.5,10,17783,0.0,0.0
frequency,countsketch-fastpath-vector2d,rows=3 cols=1024,zipf,0.5,10,31623,0.0,0.0
frequency,countsketch-fastpath-vector2d,rows=3 cols=1024,zipf,0.5,10,56234,0.0,0.0
frequency,countsketch-fastpath-vector2d,rows=3 cols=1024,zipf,0.5,10,100000,0.0,0.0
frequency,countsketch-fastpath-vector2d,rows=3 cols=1024,zipf,0.5,10,177828,0.0,0.0
frequency,countsketch-fastpath-vector2d,rows=3 cols=1024,zipf,0.5,10,316228,0.0,0.0
frequency,countsketch-fastpath-vector2d,rows=3 cols=1024,zipf,0.5,10,562341,0.0,0.0
frequency,countsketch-fastpath-vector2d,rows=3 cols=1024,zipf,0.5,10,1000000,0.0,0.0
frequency,countsketch-fastpath-vector2d,rows=3 cols=1024,zipf,0.5,10,1778279,0.0,0.0
frequency,countsketch-fastpath-vector2d,rows=3 cols=1024,zipf,0.5,10,3162278,0.0,0.0
frequency,countsketch-fastpath-vector2d,rows=3 cols=1024,zipf,0.5,10,5623413,0.0,0.0
frequency,countsketch-fastpath-vector2d,rows=3 cols=1024,zipf,0.5,10,10000000,0.0,0.0
frequency,countsketch-fastpath-vector2d,rows=3 cols=1024,zipf,0.5,10,17782794,0.0,0.0
frequency,countsketch-fastpath-vector2d,rows=3 cols=1024,zipf,0.5,10,31622777,0.0,0.0
frequency,countsketch-fastpath-vector2d,rows=3 cols=1024,zipf,0.5,10,56234133,0.0,0.0
frequency,countsketch-fastpath-vector2d,rows=3 cols=1024,zipf,0.5,10,100000000,0.0,0.0
frequency,countsketch-fastpath-vector2d,rows=3 cols=1024,zipf,0.5,100,1000,0.0,0.0
frequency,countsketch-fastpath-vector2d,rows=3 cols=1024,zipf,0.5,100,1778,0.0,0.0
frequency,countsketch-fastpath-vector2d,rows=3 cols=1024,zipf,0.5,100,3162,0.0,0.0
frequency,countsketch-fastpath-vector2d,rows=3 cols=1024,zipf,0.5,100,5623,0.0,0.0
frequency,countsketch-fastpath-vector2d,rows=3 cols=1024,zipf,0.5,100,10000,0.0,0.0
frequency,countsketch-fastpath-vector2d,rows=3 cols=1024,zipf,0.5,100,17783,0.0,0.0
frequency,countsketch-fastpath-vector2d,rows=3 cols=1024,zipf,0.5,100,31623,0.0,0.0
frequency,countsketch-fastpath-vector2d,rows=3 cols=1024,zipf,0.5,100,56234,0.0,0.0
frequency,countsketch-fastpath-vector2d,rows=3 cols=1024,zipf,0.5,100,100000,0.0,0.0
frequency,countsketch-fastpath-vector2d,rows=3 cols=1024,zipf,0.5,100,177828,0.0,0.0
frequency,countsketch-fastpath-vector2d,rows=3 cols=1024,zipf,0.5,100,316228,0.0,0.0
frequency,countsketch-fastpath-vector2d,rows=3 cols=1024,zipf,0.5,100,562341,0.0,0.0
frequency,countsketch-fastpath-vector2d,rows=3 cols=1024,zipf,0.5,100,1000000,0.0,0.0
frequency,countsketch-fastpath-vector2d,rows=3 cols=1024,zipf,0.5,100,1778279,0.0,0.0
frequency,countsketch-fastpath-vector2d,rows=3 cols=1024,zipf,0.5,100,3162278,0.0,0.0
frequency,countsketch-fastpath-vector2d,rows=3 cols=1024,zipf,0.5,100,5623413,0.0,0.0
frequency,countsketch-fastpath-vector2d,rows=3 cols=1024,zipf,0.5,100,10000000,0.0,0.0
frequency,countsketch-fastpath-vector2d,rows=3 cols=1024,zipf,0.5,100,17782794,0.0,0.0
frequency,countsketch-fastpath-vector2d,rows=3 cols=1024,zipf,0.5,100,31622777,0.0,0.0
frequency,countsketch-fastpath-vector2d,rows=3 cols=1024,zipf,0.5,100,56234133,0.0,0.0
frequency,countsketch-fastpath-vector2d,rows=3 cols=1024,zipf,0.5,100,100000000,0.0,0.0
frequency,countsketch-fastpath-vector2d,rows=3 cols=1024,zipf,0.5,10000,1000,0.23055555555555554,0.023825821141912826
frequency,countsketch-fastpath-vector2d,rows=3 cols=1024,zipf,0.5,10000,1778,0.27114285714285713,0.009848080720503399
frequency,countsketch-fastpath-vector2d,rows=3 cols=1024,zipf,0.5,10000,3162,0.2706906334406334,0.027944902518637994
frequency,countsketch-fastpath-vector2d,rows=3 cols=1024,zipf,0.5,10000,5623,0.29874591095179326,0.018597819645633458
frequency,countsketch-fastpath-vector2d,rows=3 cols=1024,zipf,0.5,10000,10000,0.2681814675034467,0.01492323876627132
frequency,countsketch-fastpath-vector2d,rows=3 cols=1024,zipf,0.5,10000,17783,0.27139256677638185,0.014128594867683036
frequency,countsketch-fastpath-vector2d,rows=3 cols=1024,zipf,0.5,10000,31623,0.24785080365564394,0.00481989858538078
frequency,countsketch-fastpath-vector2d,rows=3 cols=1024,zipf,0.5,10000,56234,0.24141948615437128,0.015048131274643722
frequency,countsketch-fastpath-vector2d,rows=3 cols=1024,zipf,0.5,10000,100000,0.2643481986983946,0.004792044768418501
frequency,countsketch-fastpath-vector2d,rows=3 cols=1024,zipf,0.5,10000,177828,0.27206200662175667,0.0025877730033988205
frequency,countsketch-fastpath-vector2d,rows=3 cols=1024,zipf,0.5,10000,316228,0.2704695902668692,0.011769180075022223
frequency,countsketch-fastpath-vector2d,rows=3 cols=1024,zipf,0.5,10000,562341,0.2741920197136385,0.003098512651331849
frequency,countsketch-fastpath-vector2d,rows=3 cols=1024,zipf,0.5,10000,1000000,0.26841041726798814,0.0013057207397346462
frequency,countsketch-fastpath-vector2d,rows=3 cols=1024,zipf,0.5,10000,1778279,0.2782812835963502,0.0019424719171739792
frequency,countsketch-fastpath-vector2d,rows=3 cols=1024,zipf,0.5,10000,3162278,0.27805848639429254,0.0013140394658285625
frequency,countsketch-fastpath-vector2d,rows=3 cols=1024,zipf,0.5,10000,5623413,0.27784280238363906,0.0036026562582588953
frequency,countsketch-fastpath-vector2d,rows=3 cols=1024,zipf,0.5,10000,10000000,0.2771159745636204,0.0024043407283244936
frequency,countsketch-fastpath-vector2d,rows=3 cols=1024,zipf,0.5,10000,17782794,0.28315266319682125,0.00011022176827223777
frequency,countsketch-fastpath-vector2d,rows=3 cols=1024,zipf,0.5,10000,31622777,0.28476658579598085,0.0012902639579884597
frequency,countsketch-fastpath-vector2d,rows=3 cols=1024,zipf,0.5,10000,56234133,0.28510301217409345,0.0011838310622672517
frequency,countsketch-fastpath-vector2d,rows=3 cols=1024,zipf,0.5,10000,100000000,0.28403108138276956,0.0010121559677415072
frequency,countsketch-fastpath-vector2d,rows=3 cols=1024,zipf,0.5,1000000,1000,0.3333333333333333,0.014529663145135575
frequency,countsketch-fastpath-vector2d,rows=3 cols=1024,zipf,0.5,1000000,1778,0.5327777777777778,0.04974316753132417
frequency,countsketch-fastpath-vector2d,rows=3 cols=1024,zipf,0.5,1000000,3162,0.8011111111111111,0.04337960492508882
frequency,countsketch-fastpath-vector2d,rows=3 cols=1024,zipf,0.5,1000000,5623,0.8416666666666667,0.07782339931846644
frequency,countsketch-fastpath-vector2d,rows=3 cols=1024,zipf,0.5,1000000,10000,0.6804722222222223,0.029417820772659965
frequency,countsketch-fastpath-vector2d,rows=3 cols=1024,zipf,0.5,1000000,17783,0.819031339031339,0.013427650179847544
frequency,countsketch-fastpath-vector2d,rows=3 cols=1024,zipf,0.5,1000000,31623,0.7736277268483152,0.012621193580932522
frequency,countsketch-fastpath-vector2d,rows=3 cols=1024,zipf,0.5,1000000,56234,0.6947208000336107,0.03822561890489197
frequency,countsketch-fastpath-vector2d,rows=3 cols=1024,zipf,0.5,1000000,100000,0.6493211836778204,0.04274257057859255
frequency,countsketch-fastpath-vector2d,rows=3 cols=1024,zipf,0.5,1000000,177828,0.5780774144230546,0.035335430164642426
frequency,countsketch-fastpath-vector2d,rows=3 cols=1024,zipf,0.5,1000000,316228,0.5400490539919048,0.029597308236339596
frequency,countsketch-fastpath-vector2d,rows=3 cols=1024,zipf,0.5,1000000,562341,0.43911599788118943,0.025720712374406218
frequency,countsketch-fastpath-vector2d,rows=3 cols=1024,zipf,0.5,1000000,1000000,0.4060118375818244,0.019833396742915833
frequency,countsketch-fastpath-vector2d,rows=3 cols=1024,zipf,0.5,1000000,1778279,0.3950619381082823,0.012705372613259134
frequency,countsketch-fastpath-vector2d,rows=3 cols=1024,zipf,0.5,1000000,3162278,0.38871963343058624,0.006523892696847891
frequency,countsketch-fastpath-vector2d,rows=3 cols=1024,zipf,0.5,1000000,5623413,0.38923238945143374,0.010718529325628138
frequency,countsketch-fastpath-vector2d,rows=3 cols=1024,zipf,0.5,1000000,10000000,0.37784853848136685,0.009019445862696792
frequency,countsketch-fastpath-vector2d,rows=3 cols=1024,zipf,0.5,1000000,17782794,0.3720111700272985,0.007377253411788636
frequency,countsketch-fastpath-vector2d,rows=3 cols=1024,zipf,0.5,1000000,31622777,0.37198979897141055,0.0044269773278872715
frequency,countsketch-fastpath-vector2d,rows=3 cols=1024,zipf,0.5,1000000,56234133,0.36846687103837866,0.006215220340428978
frequency,countsketch-fastpath-vector2d,rows=3 cols=1024,zipf,0.5,1000000,100000000,0.3721149212738415,0.0020710240293084596
frequency,countsketch-fastpath-vector2d,rows=3 cols=1024,zipf,1.0,10,1000,0.0,0.0
frequency,countsketch-fastpath-vector2d,rows=3 cols=1024,zipf,1.0,10,1778,0.0,0.0
frequency,countsketch-fastpath-vector2d,rows=3 cols=1024,zipf,1.0,10,3162,0.0,0.0
frequency,countsketch-fastpath-vector2d,rows=3 cols=1024,zipf,1.0,10,5623,0.0,0.0
frequency,countsketch-fastpath-vector2d,rows=3 cols=1024,zipf,1.0,10,10000,0.0,0.0
frequency,countsketch-fastpath-vector2d,rows=3 cols=1024,zipf,1.0,10,17783,0.0,0.0
frequency,countsketch-fastpath-vector2d,rows=3 cols=1024,zipf,1.0,10,31623,0.0,0.0
frequency,countsketch-fastpath-vector2d,rows=3 cols=1024,zipf,1.0,10,56234,0.0,0.0
frequency,countsketch-fastpath-vector2d,rows=3 cols=1024,zipf,1.0,10,100000,0.0,0.0
frequency,countsketch-fastpath-vector2d,rows=3 cols=1024,zipf,1.0,10,177828,0.0,0.0
frequency,countsketch-fastpath-vector2d,rows=3 cols=1024,zipf,1.0,10,316228,0.0,0.0
frequency,countsketch-fastpath-vector2d,rows=3 cols=1024,zipf,1.0,10,562341,0.0,0.0
frequency,countsketch-fastpath-vector2d,rows=3 cols=1024,zipf,1.0,10,1000000,0.0,0.0
frequency,countsketch-fastpath-vector2d,rows=3 cols=1024,zipf,1.0,10,1778279,0.0,0.0
frequency,countsketch-fastpath-vector2d,rows=3 cols=1024,zipf,1.0,10,3162278,0.0,0.0
frequency,countsketch-fastpath-vector2d,rows=3 cols=1024,zipf,1.0,10,5623413,0.0,0.0
frequency,countsketch-fastpath-vector2d,rows=3 cols=1024,zipf,1.0,10,10000000,0.0,0.0
frequency,countsketch-fastpath-vector2d,rows=3 cols=1024,zipf,1.0,10,17782794,0.0,0.0
frequency,countsketch-fastpath-vector2d,rows=3 cols=1024,zipf,1.0,10,31622777,0.0,0.0
frequency,countsketch-fastpath-vector2d,rows=3 cols=1024,zipf,1.0,10,56234133,0.0,0.0
frequency,countsketch-fastpath-vector2d,rows=3 cols=1024,zipf,1.0,10,100000000,0.0,0.0
frequency,countsketch-fastpath-vector2d,rows=3 cols=1024,zipf,1.0,100,1000,0.0,0.0
frequency,countsketch-fastpath-vector2d,rows=3 cols=1024,zipf,1.0,100,1778,0.0,0.0
frequency,countsketch-fastpath-vector2d,rows=3 cols=1024,zipf,1.0,100,3162,0.0,0.0
frequency,countsketch-fastpath-vector2d,rows=3 cols=1024,zipf,1.0,100,5623,0.0,0.0
frequency,countsketch-fastpath-vector2d,rows=3 cols=1024,zipf,1.0,100,10000,0.0,0.0
frequency,countsketch-fastpath-vector2d,rows=3 cols=1024,zipf,1.0,100,17783,0.0,0.0
frequency,countsketch-fastpath-vector2d,rows=3 cols=1024,zipf,1.0,100,31623,0.0,0.0
frequency,countsketch-fastpath-vector2d,rows=3 cols=1024,zipf,1.0,100,56234,0.0,0.0
frequency,countsketch-fastpath-vector2d,rows=3 cols=1024,zipf,1.0,100,100000,0.0,0.0
frequency,countsketch-fastpath-vector2d,rows=3 cols=1024,zipf,1.0,100,177828,0.0,0.0
frequency,countsketch-fastpath-vector2d,rows=3 cols=1024,zipf,1.0,100,316228,0.0,0.0
frequency,countsketch-fastpath-vector2d,rows=3 cols=1024,zipf,1.0,100,562341,0.0,0.0
frequency,countsketch-fastpath-vector2d,rows=3 cols=1024,zipf,1.0,100,1000000,0.0,0.0
frequency,countsketch-fastpath-vector2d,rows=3 cols=1024,zipf,1.0,100,1778279,0.0,0.0
frequency,countsketch-fastpath-vector2d,rows=3 cols=1024,zipf,1.0,100,3162278,0.0,0.0
frequency,countsketch-fastpath-vector2d,rows=3 cols=1024,zipf,1.0,100,5623413,0.0,0.0
frequency,countsketch-fastpath-vector2d,rows=3 cols=1024,zipf,1.0,100,10000000,0.0,0.0
frequency,countsketch-fastpath-vector2d,rows=3 cols=1024,zipf,1.0,100,17782794,0.0,0.0
frequency,countsketch-fastpath-vector2d,rows=3 cols=1024,zipf,1.0,100,31622777,0.0,0.0
frequency,countsketch-fastpath-vector2d,rows=3 cols=1024,zipf,1.0,100,56234133,0.0,0.0
frequency,countsketch-fastpath-vector2d,rows=3 cols=1024,zipf,1.0,100,100000000,0.0,0.0
frequency,countsketch-fastpath-vector2d,rows=3 cols=1024,zipf,1.0,10000,1000,0.08934855721620427,0.010566161643117291
frequency,countsketch-fastpath-vector2d,rows=3 cols=1024,zipf,1.0,10000,1778,0.10263371664867253,0.004636079093112851
frequency,countsketch-fastpath-vector2d,rows=3 cols=1024,zipf,1.0,10000,3162,0.10366565272730323,0.004158722534016489
frequency,countsketch-fastpath-vector2d,rows=3 cols=1024,zipf,1.0,10000,5623,0.11527142135474837,0.007476396531639724
frequency,countsketch-fastpath-vector2d,rows=3 cols=1024,zipf,1.0,10000,10000,0.09960898274335982,0.003959883034351465
frequency,countsketch-fastpath-vector2d,rows=3 cols=1024,zipf,1.0,10000,17783,0.09443398535712584,0.005918523803192746
frequency,countsketch-fastpath-vector2d,rows=3 cols=1024,zipf,1.0,10000,31623,0.09217914306521975,0.006967614752540897
frequency,countsketch-fastpath-vector2d,rows=3 cols=1024,zipf,1.0,10000,56234,0.0848547703559391,0.0028312485148347
frequency,countsketch-fastpath-vector2d,rows=3 cols=1024,zipf,1.0,10000,100000,0.08010984794070179,0.002502651390487021
frequency,countsketch-fastpath-vector2d,rows=3 cols=1024,zipf,1.0,10000,177828,0.07726676731049582,0.0025135286061910463
frequency,countsketch-fastpath-vector2d,rows=3 cols=1024,zipf,1.0,10000,316228,0.07603542318591318,0.001688722366441378
frequency,countsketch-fastpath-vector2d,rows=3 cols=1024,zipf,1.0,10000,562341,0.07610845563860075,0.0008077559047982115
frequency,countsketch-fastpath-vector2d,rows=3 cols=1024,zipf,1.0,10000,1000000,0.07834709484798251,0.0012247906884296023
frequency,countsketch-fastpath-vector2d,rows=3 cols=1024,zipf,1.0,10000,1778279,0.07840898557327282,0.0007666820592522731
frequency,countsketch-fastpath-vector2d,rows=3 cols=1024,zipf,1.0,10000,3162278,0.07727261907442907,0.0009739812155351883
frequency,countsketch-fastpath-vector2d,rows=3 cols=1024,zipf,1.0,10000,5623413,0.07750798904765462,0.0009477681580014875
frequency,countsketch-fastpath-vector2d,rows=3 cols=1024,zipf,1.0,10000,10000000,0.07743352795473049,0.0007686507012729848
frequency,countsketch-fastpath-vector2d,rows=3 cols=1024,zipf,1.0,10000,17782794,0.07745771800536748,0.0009272345531288291
frequency,countsketch-fastpath-vector2d,rows=3 cols=1024,zipf,1.0,10000,31622777,0.07848613918630622,4.7534166733484105e-05
frequency,countsketch-fastpath-vector2d,rows=3 cols=1024,zipf,1.0,10000,56234133,0.07839883270180208,8.967112982936764e-05
frequency,countsketch-fastpath-vector2d,rows=3 cols=1024,zipf,1.0,10000,100000000,0.07839630643903896,4.97929911664122e-05
frequency,countsketch-fastpath-vector2d,rows=3 cols=1024,zipf,1.0,1000000,1000,0.1463905460332842,0.015891927651422184
frequency,countsketch-fastpath-vector2d,rows=3 cols=1024,zipf,1.0,1000000,1778,0.16773445858849823,0.026292097662289363
frequency,countsketch-fastpath-vector2d,rows=3 cols=1024,zipf,1.0,1000000,3162,0.16605217231856212,0.007234361873871145
frequency,countsketch-fastpath-vector2d,rows=3 cols=1024,zipf,1.0,1000000,5623,0.14453081456434494,0.005291951128282502
frequency,countsketch-fastpath-vector2d,rows=3 cols=1024,zipf,1.0,1000000,10000,0.13886635196286232,0.006406029338242623
frequency,countsketch-fastpath-vector2d,rows=3 cols=1024,zipf,1.0,1000000,17783,0.12379460111649913,0.004891751032402828
frequency,countsketch-fastpath-vector2d,rows=3 cols=1024,zipf,1.0,1000000,31623,0.10444251786974319,0.0039699950756343725
frequency,countsketch-fastpath-vector2d,rows=3 cols=1024,zipf,1.0,1000000,56234,0.09510525128510534,0.005007655730256192
frequency,countsketch-fastpath-vector2d,rows=3 cols=1024,zipf,1.0,1000000,100000,0.09077069093788731,0.003302742498517515
frequency,countsketch-fastpath-vector2d,rows=3 cols=1024,zipf,1.0,1000000,177828,0.08585660815987521,0.005055727663170637
frequency,countsketch-fastpath-vector2d,rows=3 cols=1024,zipf,1.0,1000000,316228,0.07959566150576557,0.001702957255723705
frequency,countsketch-fastpath-vector2d,rows=3 cols=1024,zipf,1.0,1000000,562341,0.07955167685534277,0.0009144755650866423
frequency,countsketch-fastpath-vector2d,rows=3 cols=1024,zipf,1.0,1000000,1000000,0.08057776637954182,0.00020701502879026784
frequency,countsketch-fastpath-vector2d,rows=3 cols=1024,zipf,1.0,1000000,1778279,0.0803887681128622,0.002565165326189533
frequency,countsketch-fastpath-vector2d,rows=3 cols=1024,zipf,1.0,1000000,3162278,0.08077926159613903,0.0018506898918351374
frequency,countsketch-fastpath-vector2d,rows=3 cols=1024,zipf,1.0,1000000,5623413,0.08109907661281161,0.0018149983215527655
frequency,countsketch-fastpath-vector2d,rows=3 cols=1024,zipf,1.0,1000000,10000000,0.0817018425571987,0.0008564389227626923
frequency,countsketch-fastpath-vector2d,rows=3 cols=1024,zipf,1.0,1000000,17782794,0.08207315643666792,0.0007452150078517665
frequency,countsketch-fastpath-vector2d,rows=3 cols=1024,zipf,1.0,1000000,31622777,0.08166968269606002,0.00028733776993702297
frequency,countsketch-fastpath-vector2d,rows=3 cols=1024,zipf,1.0,1000000,56234133,0.081497055522821,0.00018685854946525133
frequency,countsketch-fastpath-vector2d,rows=3 cols=1024,zipf,1.0,1000000,100000000,0.08142831058473127,0.0001037000703059374
frequency,countsketch-fastpath-vector2d,rows=3 cols=1024,zipf,1.5,10,1000,0.0,0.0
frequency,countsketch-fastpath-vector2d,rows=3 cols=1024,zipf,1.5,10,1778,0.0,0.0
frequency,countsketch-fastpath-vector2d,rows=3 cols=1024,zipf,1.5,10,3162,0.0,0.0
frequency,countsketch-fastpath-vector2d,rows=3 cols=1024,zipf,1.5,10,5623,0.0,0.0
frequency,countsketch-fastpath-vector2d,rows=3 cols=1024,zipf,1.5,10,10000,0.0,0.0
frequency,countsketch-fastpath-vector2d,rows=3 cols=1024,zipf,1.5,10,17783,0.0,0.0
frequency,countsketch-fastpath-vector2d,rows=3 cols=1024,zipf,1.5,10,31623,0.0,0.0
frequency,countsketch-fastpath-vector2d,rows=3 cols=1024,zipf,1.5,10,56234,0.0,0.0
frequency,countsketch-fastpath-vector2d,rows=3 cols=1024,zipf,1.5,10,100000,0.0,0.0
frequency,countsketch-fastpath-vector2d,rows=3 cols=1024,zipf,1.5,10,177828,0.0,0.0
frequency,countsketch-fastpath-vector2d,rows=3 cols=1024,zipf,1.5,10,316228,0.0,0.0
frequency,countsketch-fastpath-vector2d,rows=3 cols=1024,zipf,1.5,10,562341,0.0,0.0
frequency,countsketch-fastpath-vector2d,rows=3 cols=1024,zipf,1.5,10,1000000,0.0,0.0
frequency,countsketch-fastpath-vector2d,rows=3 cols=1024,zipf,1.5,10,1778279,0.0,0.0
frequency,countsketch-fastpath-vector2d,rows=3 cols=1024,zipf,1.5,10,3162278,0.0,0.0
frequency,countsketch-fastpath-vector2d,rows=3 cols=1024,zipf,1.5,10,5623413,0.0,0.0
frequency,countsketch-fastpath-vector2d,rows=3 cols=1024,zipf,1.5,10,10000000,0.0,0.0
frequency,countsketch-fastpath-vector2d,rows=3 cols=1024,zipf,1.5,10,17782794,0.0,0.0
frequency,countsketch-fastpath-vector2d,rows=3 cols=1024,zipf,1.5,10,31622777,0.0,0.0
frequency,countsketch-fastpath-vector2d,rows=3 cols=1024,zipf,1.5,10,56234133,0.0,0.0
frequency,countsketch-fastpath-vector2d,rows=3 cols=1024,zipf,1.5,10,100000000,0.0,0.0
frequency,countsketch-fastpath-vector2d,rows=3 cols=1024,zipf,1.5,100,1000,0.0,0.0
frequency,countsketch-fastpath-vector2d,rows=3 cols=1024,zipf,1.5,100,1778,0.0,0.0
frequency,countsketch-fastpath-vector2d,rows=3 cols=1024,zipf,1.5,100,3162,0.0,0.0
frequency,countsketch-fastpath-vector2d,rows=3 cols=1024,zipf,1.5,100,5623,0.0,0.0
frequency,countsketch-fastpath-vector2d,rows=3 cols=1024,zipf,1.5,100,10000,0.0,0.0
frequency,countsketch-fastpath-vector2d,rows=3 cols=1024,zipf,1.5,100,17783,0.0,0.0
frequency,countsketch-fastpath-vector2d,rows=3 cols=1024,zipf,1.5,100,31623,0.0,0.0
frequency,countsketch-fastpath-vector2d,rows=3 cols=1024,zipf,1.5,100,56234,0.0,0.0
frequency,countsketch-fastpath-vector2d,rows=3 cols=1024,zipf,1.5,100,100000,0.0,0.0
frequency,countsketch-fastpath-vector2d,rows=3 cols=1024,zipf,1.5,100,177828,0.0,0.0
frequency,countsketch-fastpath-vector2d,rows=3 cols=1024,zipf,1.5,100,316228,0.0,0.0
frequency,countsketch-fastpath-vector2d,rows=3 cols=1024,zipf,1.5,100,562341,0.0,0.0
frequency,countsketch-fastpath-vector2d,rows=3 cols=1024,zipf,1.5,100,1000000,0.0,0.0
frequency,countsketch-fastpath-vector2d,rows=3 cols=1024,zipf,1.5,100,1778279,0.0,0.0
frequency,countsketch-fastpath-vector2d,rows=3 cols=1024,zipf,1.5,100,3162278,0.0,0.0
frequency,countsketch-fastpath-vector2d,rows=3 cols=1024,zipf,1.5,100,5623413,0.0,0.0
frequency,countsketch-fastpath-vector2d,rows=3 cols=1024,zipf,1.5,100,10000000,0.0,0.0
frequency,countsketch-fastpath-vector2d,rows=3 cols=1024,zipf,1.5,100,17782794,0.0,0.0
frequency,countsketch-fastpath-vector2d,rows=3 cols=1024,zipf,1.5,100,31622777,0.0,0.0
frequency,countsketch-fastpath-vector2d,rows=3 cols=1024,zipf,1.5,100,56234133,0.0,0.0
frequency,countsketch-fastpath-vector2d,rows=3 cols=1024,zipf,1.5,100,100000000,0.0,0.0
frequency,countsketch-fastpath-vector2d,rows=3 cols=1024,zipf,1.5,10000,1000,0.013055555555555555,0.008557178778194091
frequency,countsketch-fastpath-vector2d,rows=3 cols=1024,zipf,1.5,10000,1778,0.01714814814814815,0.006078222386518327
frequency,countsketch-fastpath-vector2d,rows=3 cols=1024,zipf,1.5,10000,3162,0.03465442156821467,0.015489081248465172
frequency,countsketch-fastpath-vector2d,rows=3 cols=1024,zipf,1.5,10000,5623,0.029275259539173176,0.0028443995869681894
frequency,countsketch-fastpath-vector2d,rows=3 cols=1024,zipf,1.5,10000,10000,0.035065087318348835,0.0028962376646182115
frequency,countsketch-fastpath-vector2d,rows=3 cols=1024,zipf,1.5,10000,17783,0.02890399801884011,0.0025266862416698254
frequency,countsketch-fastpath-vector2d,rows=3 cols=1024,zipf,1.5,10000,31623,0.027112220110164596,0.002578763861652765
frequency,countsketch-fastpath-vector2d,rows=3 cols=1024,zipf,1.5,10000,56234,0.027587996551208766,0.002678444330900709
frequency,countsketch-fastpath-vector2d,rows=3 cols=1024,zipf,1.5,10000,100000,0.026398019146819135,0.0016658783214338287
frequency,countsketch-fastpath-vector2d,rows=3 cols=1024,zipf,1.5,10000,177828,0.025676360441515205,0.002368529797712227
frequency,countsketch-fastpath-vector2d,rows=3 cols=1024,zipf,1.5,10000,316228,0.02561070893241421,0.0020272647099491376
frequency,countsketch-fastpath-vector2d,rows=3 cols=1024,zipf,1.5,10000,562341,0.025854411750320962,0.0008597593122334909
frequency,countsketch-fastpath-vector2d,rows=3 cols=1024,zipf,1.5,10000,1000000,0.02535368422024839,0.000993972588144905
frequency,countsketch-fastpath-vector2d,rows=3 cols=1024,zipf,1.5,10000,1778279,0.02569939617262781,0.00040114595086561443
frequency,countsketch-fastpath-vector2d,rows=3 cols=1024,zipf,1.5,10000,3162278,0.026158632277877698,0.0003314939338614935
frequency,countsketch-fastpath-vector2d,rows=3 cols=1024,zipf,1.5,10000,5623413,0.026151219350318767,0.0002822203004389107
frequency,countsketch-fastpath-vector2d,rows=3 cols=1024,zipf,1.5,10000,10000000,0.026139061311209532,0.0002639929441121425
frequency,countsketch-fastpath-vector2d,rows=3 cols=1024,zipf,1.5,10000,17782794,0.026533456478848676,0.00014450312421113702
frequency,countsketch-fastpath-vector2d,rows=3 cols=1024,zipf,1.5,10000,31622777,0.026103778076733402,0.00036583449649994917
frequency,countsketch-fastpath-vector2d,rows=3 cols=1024,zipf,1.5,10000,56234133,0.026429315476418844,1.4571365345038891e-05
frequency,countsketch-fastpath-vector2d,rows=3 cols=1024,zipf,1.5,10000,100000000,0.026358757862061728,4.095000633427517e-05
frequency,countsketch-fastpath-vector2d,rows=3 cols=1024,zipf,1.5,1000000,1000,0.018333333333333333,0.004409585518440984
frequency,countsketch-fastpath-vector2d,rows=3 cols=1024,zipf,1.5,1000000,1778,0.02685185185185185,0.0043072975368937064
frequency,countsketch-fastpath-vector2d,rows=3 cols=1024,zipf,1.5,1000000,3162,0.03801318126318126,0.0047999252895027525
frequency,countsketch-fastpath-vector2d,rows=3 cols=1024,zipf,1.5,1000000,5623,0.03331906936441811,0.005494696315456402
frequency,countsketch-fastpath-vector2d,rows=3 cols=1024,zipf,1.5,1000000,10000,0.040415293783009024,0.0055569994007737015
frequency,countsketch-fastpath-vector2d,rows=3 cols=1024,zipf,1.5,1000000,17783,0.04362301032773123,0.007837668928603866
frequency,countsketch-fastpath-vector2d,rows=3 cols=1024,zipf,1.5,1000000,31623,0.03551330071954097,0.0043689468108568785
frequency,countsketch-fastpath-vector2d,rows=3 cols=1024,zipf,1.5,1000000,56234,0.03078265418146787,0.0030194939838566414
frequency,countsketch-fastpath-vector2d,rows=3 cols=1024,zipf,1.5,1000000,100000,0.03241294032549601,0.0015478934195872211
frequency,countsketch-fastpath-vector2d,rows=3 cols=1024,zipf,1.5,1000000,177828,0.029287021948840575,0.0011524848910353946
frequency,countsketch-fastpath-vector2d,rows=3 cols=1024,zipf,1.5,1000000,316228,0.028136588906902408,0.000385778433445776
frequency,countsketch-fastpath-vector2d,rows=3 cols=1024,zipf,1.5,1000000,562341,0.027634687940393823,0.0005909128745385227
frequency,countsketch-fastpath-vector2d,rows=3 cols=1024,zipf,1.5,1000000,1000000,0.027119196824768394,0.0008006511200845821
frequency,countsketch-fastpath-vector2d,rows=3 cols=1024,zipf,1.5,1000000,1778279,0.026042015909280944,0.0006626695473639964
frequency,countsketch-fastpath-vector2d,rows=3 cols=1024,zipf,1.5,1000000,3162278,0.026483147802007678,0.000442961623992822
frequency,countsketch-fastpath-vector2d,rows=3 cols=1024,zipf,1.5,1000000,5623413,0.027007295677558222,0.0001415330400638448
frequency,countsketch-fastpath-vector2d,rows=3 cols=1024,zipf,1.5,1000000,10000000,0.026590468120509265,5.320381824188267e-05
frequency,countsketch-fastpath-vector2d,rows=3 cols=1024,zipf,1.5,1000000,17782794,0.026655159054184932,0.0001095462696014557
frequency,countsketch-fastpath-vector2d,rows=3 cols=1024,zipf,1.5,1000000,31622777,0.026620838458036044,0.00011676938644709522
frequency,countsketch-fastpath-vector2d,rows=3 cols=1024,zipf,1.5,1000000,56234133,0.02659617318578719,5.812386545889991e-05
frequency,countsketch-fastpath-vector2d,rows=3 cols=1024,zipf,1.5,1000000,100000000,0.02653792126750433,6.18470691937013e-05
frequency,countsketch-fastpath-vector2d,rows=3 cols=1024,zipf,2.0,10,1000,0.0,0.0
frequency,countsketch-fastpath-vector2d,rows=3 cols=1024,zipf,2.0,10,1778,0.0,0.0
frequency,countsketch-fastpath-vector2d,rows=3 cols=1024,zipf,2.0,10,3162,0.0,0.0
frequency,countsketch-fastpath-vector2d,rows=3 cols=1024,zipf,2.0,10,5623,0.0,0.0
frequency,countsketch-fastpath-vector2d,rows=3 cols=1024,zipf,2.0,10,10000,0.0,0.0
frequency,countsketch-fastpath-vector2d,rows=3 cols=1024,zipf,2.0,10,17783,0.0,0.0
frequency,countsketch-fastpath-vector2d,rows=3 cols=1024,zipf,2.0,10,31623,0.0,0.0
frequency,countsketch-fastpath-vector2d,rows=3 cols=1024,zipf,2.0,10,56234,0.0,0.0
frequency,countsketch-fastpath-vector2d,rows=3 cols=1024,zipf,2.0,10,100000,0.0,0.0
frequency,countsketch-fastpath-vector2d,rows=3 cols=1024,zipf,2.0,10,177828,0.0,0.0
frequency,countsketch-fastpath-vector2d,rows=3 cols=1024,zipf,2.0,10,316228,0.0,0.0
frequency,countsketch-fastpath-vector2d,rows=3 cols=1024,zipf,2.0,10,562341,0.0,0.0
frequency,countsketch-fastpath-vector2d,rows=3 cols=1024,zipf,2.0,10,1000000,0.0,0.0
frequency,countsketch-fastpath-vector2d,rows=3 cols=1024,zipf,2.0,10,1778279,0.0,0.0
frequency,countsketch-fastpath-vector2d,rows=3 cols=1024,zipf,2.0,10,3162278,0.0,0.0
frequency,countsketch-fastpath-vector2d,rows=3 cols=1024,zipf,2.0,10,5623413,0.0,0.0
frequency,countsketch-fastpath-vector2d,rows=3 cols=1024,zipf,2.0,10,10000000,0.0,0.0
frequency,countsketch-fastpath-vector2d,rows=3 cols=1024,zipf,2.0,10,17782794,0.0,0.0
frequency,countsketch-fastpath-vector2d,rows=3 cols=1024,zipf,2.0,10,31622777,0.0,0.0
frequency,countsketch-fastpath-vector2d,rows=3 cols=1024,zipf,2.0,10,56234133,0.0,0.0
frequency,countsketch-fastpath-vector2d,rows=3 cols=1024,zipf,2.0,10,100000000,0.0,0.0
frequency,countsketch-fastpath-vector2d,rows=3 cols=1024,zipf,2.0,100,1000,0.0,0.0
frequency,countsketch-fastpath-vector2d,rows=3 cols=1024,zipf,2.0,100,1778,0.0,0.0
frequency,countsketch-fastpath-vector2d,rows=3 cols=1024,zipf,2.0,100,3162,0.0,0.0
frequency,countsketch-fastpath-vector2d,rows=3 cols=1024,zipf,2.0,100,5623,0.0,0.0
frequency,countsketch-fastpath-vector2d,rows=3 cols=1024,zipf,2.0,100,10000,0.0,0.0
frequency,countsketch-fastpath-vector2d,rows=3 cols=1024,zipf,2.0,100,17783,0.0,0.0
frequency,countsketch-fastpath-vector2d,rows=3 cols=1024,zipf,2.0,100,31623,0.0,0.0
frequency,countsketch-fastpath-vector2d,rows=3 cols=1024,zipf,2.0,100,56234,0.0,0.0
frequency,countsketch-fastpath-vector2d,rows=3 cols=1024,zipf,2.0,100,100000,0.0,0.0
frequency,countsketch-fastpath-vector2d,rows=3 cols=1024,zipf,2.0,100,177828,0.0,0.0
frequency,countsketch-fastpath-vector2d,rows=3 cols=1024,zipf,2.0,100,316228,0.0,0.0
frequency,countsketch-fastpath-vector2d,rows=3 cols=1024,zipf,2.0,100,562341,0.0,0.0
frequency,countsketch-fastpath-vector2d,rows=3 cols=1024,zipf,2.0,100,1000000,0.0,0.0
frequency,countsketch-fastpath-vector2d,rows=3 cols=1024,zipf,2.0,100,1778279,0.0,0.0
frequency,countsketch-fastpath-vector2d,rows=3 cols=1024,zipf,2.0,100,3162278,0.0,0.0
frequency,countsketch-fastpath-vector2d,rows=3 cols=1024,zipf,2.0,100,5623413,0.0,0.0
frequency,countsketch-fastpath-vector2d,rows=3 cols=1024,zipf,2.0,100,10000000,0.0,0.0
frequency,countsketch-fastpath-vector2d,rows=3 cols=1024,zipf,2.0,100,17782794,0.0,0.0
frequency,countsketch-fastpath-vector2d,rows=3 cols=1024,zipf,2.0,100,31622777,0.0,0.0
frequency,countsketch-fastpath-vector2d,rows=3 cols=1024,zipf,2.0,100,56234133,0.0,0.0
frequency,countsketch-fastpath-vector2d,rows=3 cols=1024,zipf,2.0,100,100000000,0.0,0.0
frequency,countsketch-fastpath-vector2d,rows=3 cols=1024,zipf,2.0,10000,1000,0.0,0.0
frequency,countsketch-fastpath-vector2d,rows=3 cols=1024,zipf,2.0,10000,1778,0.0,0.0
frequency,countsketch-fastpath-vector2d,rows=3 cols=1024,zipf,2.0,10000,3162,0.01184926184926185,0.006578746783945649
frequency,countsketch-fastpath-vector2d,rows=3 cols=1024,zipf,2.0,10000,5623,0.018333333333333333,0.006009252125773315
frequency,countsketch-fastpath-vector2d,rows=3 cols=1024,zipf,2.0,10000,10000,0.016944444444444446,0.0010015420209622196
frequency,countsketch-fastpath-vector2d,rows=3 cols=1024,zipf,2.0,10000,17783,0.019198635976129582,0.008283760135229577
frequency,countsketch-fastpath-vector2d,rows=3 cols=1024,zipf,2.0,10000,31623,0.015442916235350851,0.0011996360850512608
frequency,countsketch-fastpath-vector2d,rows=3 cols=1024,zipf,2.0,10000,56234,0.01937344275975534,0.004666375152504088
frequency,countsketch-fastpath-vector2d,rows=3 cols=1024,zipf,2.0,10000,100000,0.0174493178879354,0.002296099713878116
frequency,countsketch-fastpath-vector2d,rows=3 cols=1024,zipf,2.0,10000,177828,0.014026096802050867,0.002307223721353136
frequency,countsketch-fastpath-vector2d,rows=3 cols=1024,zipf,2.0,10000,316228,0.013377028320930488,0.0016160477531316658
frequency,countsketch-fastpath-vector2d,rows=3 cols=1024,zipf,2.0,10000,562341,0.013508017623713368,0.0016708059073631068
frequency,countsketch-fastpath-vector2d,rows=3 cols=1024,zipf,2.0,10000,1000000,0.013050208294433187,0.0007336531533699217
frequency,countsketch-fastpath-vector2d,rows=3 cols=1024,zipf,2.0,10000,1778279,0.012662113827299518,0.0005327432357394134
frequency,countsketch-fastpath-vector2d,rows=3 cols=1024,zipf,2.0,10000,3162278,0.012373816547156488,0.00040546183822477694
frequency,countsketch-fastpath-vector2d,rows=3 cols=1024,zipf,2.0,10000,5623413,0.011633558175122368,0.00011536730467942058
frequency,countsketch-fastpath-vector2d,rows=3 cols=1024,zipf,2.0,10000,10000000,0.011853533648499127,0.0001565214729155736
frequency,countsketch-fastpath-vector2d,rows=3 cols=1024,zipf,2.0,10000,17782794,0.01167308166267513,0.0001663912941240471
frequency,countsketch-fastpath-vector2d,rows=3 cols=1024,zipf,2.0,10000,31622777,0.01143905416064279,5.517882493275452e-05
frequency,countsketch-fastpath-vector2d,rows=3 cols=1024,zipf,2.0,10000,56234133,0.011434856491254813,6.597176906478783e-05
frequency,countsketch-fastpath-vector2d,rows=3 cols=1024,zipf,2.0,10000,100000000,0.011348556969096835,0.00010826608445522569
frequency,countsketch-fastpath-vector2d,rows=3 cols=1024,zipf,2.0,1000000,1000,0.0,0.0
frequency,countsketch-fastpath-vector2d,rows=3 cols=1024,zipf,2.0,1000000,1778,0.0017921146953405016,0.0017921146953405018
frequency,countsketch-fastpath-vector2d,rows=3 cols=1024,zipf,2.0,1000000,3162,0.0012771392081736908,0.0012771392081736908
frequency,countsketch-fastpath-vector2d,rows=3 cols=1024,zipf,2.0,1000000,5623,0.011111111111111112,0.005879447357921313
frequency,countsketch-fastpath-vector2d,rows=3 cols=1024,zipf,2.0,1000000,10000,0.01916666666666667,0.000833333333333333
frequency,countsketch-fastpath-vector2d,rows=3 cols=1024,zipf,2.0,1000000,17783,0.011805555555555555,0.00874779513666652
frequency,countsketch-fastpath-vector2d,rows=3 cols=1024,zipf,2.0,1000000,31623,0.015519841269841272,0.009712953956072483
frequency,countsketch-fastpath-vector2d,rows=3 cols=1024,zipf,2.0,1000000,56234,0.014305177767373507,0.003779742161356607
frequency,countsketch-fastpath-vector2d,rows=3 cols=1024,zipf,2.0,1000000,100000,0.013386051871023619,0.0013013045608303608
frequency,countsketch-fastpath-vector2d,rows=3 cols=1024,zipf,2.0,1000000,177828,0.012464968395988702,0.0025861167162871262
frequency,countsketch-fastpath-vector2d,rows=3 cols=1024,zipf,2.0,1000000,316228,0.012002999788567175,0.0004563701280130488
frequency,countsketch-fastpath-vector2d,rows=3 cols=1024,zipf,2.0,1000000,562341,0.013758636281631981,0.001441596928437553
frequency,countsketch-fastpath-vector2d,rows=3 cols=1024,zipf,2.0,1000000,1000000,0.013659176584104515,0.001025565768162391
frequency,countsketch-fastpath-vector2d,rows=3 cols=1024,zipf,2.0,1000000,1778279,0.012765345347487342,0.0005325823796980888
frequency,countsketch-fastpath-vector2d,rows=3 cols=1024,zipf,2.0,1000000,3162278,0.011986407774261765,0.0005418992882285153
frequency,countsketch-fastpath-vector2d,rows=3 cols=1024,zipf,2.0,1000000,5623413,0.011508721598623343,0.00019609582991833455
frequency,countsketch-fastpath-vector2d,rows=3 cols=1024,zipf,2.0,1000000,10000000,0.011469133564752288,0.00023368244317258926
frequency,countsketch-fastpath-vector2d,rows=3 cols=1024,zipf,2.0,1000000,17782794,0.011329274978288355,0.00025558228129868787
frequency,countsketch-fastpath-vector2d,rows=3 cols=1024,zipf,2.0,1000000,31622777,0.011337274001701446,0.00015636858995167753
frequency,countsketch-fastpath-vector2d,rows=3 cols=1024,zipf,2.0,1000000,56234133,0.011204650757942226,0.00012607301234691227
frequency,countsketch-fastpath-vector2d,rows=3 cols=1024,zipf,2.0,1000000,100000000,0.011315204521168498,0.00011089248865905209
frequency,countsketch-fastpath-vector2d,rows=3 cols=4096,zipf,0.0,10,1000,0.0,0.0
frequency,countsketch-fastpath-vector2d,rows=3 cols=4096,zipf,0.0,10,1778,0.0,0.0
frequency,countsketch-fastpath-vector2d,rows=3 cols=4096,zipf,0.0,10,3162,0.0,0.0
frequency,countsketch-fastpath-vector2d,rows=3 cols=4096,zipf,0.0,10,5623,0.0,0.0
frequency,countsketch-fastpath-vector2d,rows=3 cols=4096,zipf,0.0,10,10000,0.0,0.0
frequency,countsketch-fastpath-vector2d,rows=3 cols=4096,zipf,0.0,10,17783,0.0,0.0
frequency,countsketch-fastpath-vector2d,rows=3 cols=4096,zipf,0.0,10,31623,0.0,0.0
frequency,countsketch-fastpath-vector2d,rows=3 cols=4096,zipf,0.0,10,56234,0.0,0.0
frequency,countsketch-fastpath-vector2d,rows=3 cols=4096,zipf,0.0,10,100000,0.0,0.0
frequency,countsketch-fastpath-vector2d,rows=3 cols=4096,zipf,0.0,10,177828,0.0,0.0
frequency,countsketch-fastpath-vector2d,rows=3 cols=4096,zipf,0.0,10,316228,0.0,0.0
frequency,countsketch-fastpath-vector2d,rows=3 cols=4096,zipf,0.0,10,562341,0.0,0.0
frequency,countsketch-fastpath-vector2d,rows=3 cols=4096,zipf,0.0,10,1000000,0.0,0.0
frequency,countsketch-fastpath-vector2d,rows=3 cols=4096,zipf,0.0,10,1778279,0.0,0.0
frequency,countsketch-fastpath-vector2d,rows=3 cols=4096,zipf,0.0,10,3162278,0.0,0.0
frequency,countsketch-fastpath-vector2d,rows=3 cols=4096,zipf,0.0,10,5623413,0.0,0.0
frequency,countsketch-fastpath-vector2d,rows=3 cols=4096,zipf,0.0,10,10000000,0.0,0.0
frequency,countsketch-fastpath-vector2d,rows=3 cols=4096,zipf,0.0,10,17782794,0.0,0.0
frequency,countsketch-fastpath-vector2d,rows=3 cols=4096,zipf,0.0,10,31622777,0.0,0.0
frequency,countsketch-fastpath-vector2d,rows=3 cols=4096,zipf,0.0,10,56234133,0.0,0.0
frequency,countsketch-fastpath-vector2d,rows=3 cols=4096,zipf,0.0,10,100000000,0.0,0.0
frequency,countsketch-fastpath-vector2d,rows=3 cols=4096,zipf,0.0,100,1000,0.0,0.0
frequency,countsketch-fastpath-vector2d,rows=3 cols=4096,zipf,0.0,100,1778,0.0,0.0
frequency,countsketch-fastpath-vector2d,rows=3 cols=4096,zipf,0.0,100,3162,0.0,0.0
frequency,countsketch-fastpath-vector2d,rows=3 cols=4096,zipf,0.0,100,5623,0.0,0.0
frequency,countsketch-fastpath-vector2d,rows=3 cols=4096,zipf,0.0,100,10000,0.0,0.0
frequency,countsketch-fastpath-vector2d,rows=3 cols=4096,zipf,0.0,100,17783,0.0,0.0
frequency,countsketch-fastpath-vector2d,rows=3 cols=4096,zipf,0.0,100,31623,0.0,0.0
frequency,countsketch-fastpath-vector2d,rows=3 cols=4096,zipf,0.0,100,56234,0.0,0.0
frequency,countsketch-fastpath-vector2d,rows=3 cols=4096,zipf,0.0,100,100000,0.0,0.0
frequency,countsketch-fastpath-vector2d,rows=3 cols=4096,zipf,0.0,100,177828,0.0,0.0
frequency,countsketch-fastpath-vector2d,rows=3 cols=4096,zipf,0.0,100,316228,0.0,0.0
frequency,countsketch-fastpath-vector2d,rows=3 cols=4096,zipf,0.0,100,562341,0.0,0.0
frequency,countsketch-fastpath-vector2d,rows=3 cols=4096,zipf,0.0,100,1000000,0.0,0.0
frequency,countsketch-fastpath-vector2d,rows=3 cols=4096,zipf,0.0,100,1778279,0.0,0.0
frequency,countsketch-fastpath-vector2d,rows=3 cols=4096,zipf,0.0,100,3162278,0.0,0.0
frequency,countsketch-fastpath-vector2d,rows=3 cols=4096,zipf,0.0,100,5623413,0.0,0.0
frequency,countsketch-fastpath-vector2d,rows=3 cols=4096,zipf,0.0,100,10000000,0.0,0.0
frequency,countsketch-fastpath-vector2d,rows=3 cols=4096,zipf,0.0,100,17782794,0.0,0.0
frequency,countsketch-fastpath-vector2d,rows=3 cols=4096,zipf,0.0,100,31622777,0.0,0.0
frequency,countsketch-fastpath-vector2d,rows=3 cols=4096,zipf,0.0,100,56234133,0.0,0.0
frequency,countsketch-fastpath-vector2d,rows=3 cols=4096,zipf,0.0,100,100000000,0.0,0.0
frequency,countsketch-fastpath-vector2d,rows=3 cols=4096,zipf,0.0,10000,1000,0.034999999999999996,0.007637626158259733
frequency,countsketch-fastpath-vector2d,rows=3 cols=4096,zipf,0.0,10000,1778,0.05777777777777778,0.005299662230094143
frequency,countsketch-fastpath-vector2d,rows=3 cols=4096,zipf,0.0,10000,3162,0.108,0.012659354614642062
frequency,countsketch-fastpath-vector2d,rows=3 cols=4096,zipf,0.0,10000,5623,0.14338888888888893,0.008329072985040027
frequency,countsketch-fastpath-vector2d,rows=3 cols=4096,zipf,0.0,10000,10000,0.1768968253968254,0.00983616098832051
frequency,countsketch-fastpath-vector2d,rows=3 cols=4096,zipf,0.0,10000,17783,0.22763756613756606,0.0054040593700251756
frequency,countsketch-fastpath-vector2d,rows=3 cols=4096,zipf,0.0,10000,31623,0.28594871794871796,0.01623918329860177
frequency,countsketch-fastpath-vector2d,rows=3 cols=4096,zipf,0.0,10000,56234,0.3640850421365127,0.014386417011989406
frequency,countsketch-fastpath-vector2d,rows=3 cols=4096,zipf,0.0,10000,100000,0.4414006678972355,0.013934141965360318
frequency,countsketch-fastpath-vector2d,rows=3 cols=4096,zipf,0.0,10000,177828,0.43036647907646675,0.016826263534432714
frequency,countsketch-fastpath-vector2d,rows=3 cols=4096,zipf,0.0,10000,316228,0.507491264904075,0.021399097287341767
frequency,countsketch-fastpath-vector2d,rows=3 cols=4096,zipf,0.0,10000,562341,0.5068037760808629,0.01363345754252764
frequency,countsketch-fastpath-vector2d,rows=3 cols=4096,zipf,0.0,10000,1000000,0.5535927461246858,0.04977866436370605
frequency,countsketch-fastpath-vector2d,rows=3 cols=4096,zipf,0.0,10000,1778279,0.5690429492409433,0.02927236817816478
frequency,countsketch-fastpath-vector2d,rows=3 cols=4096,zipf,0.0,10000,3162278,0.5828840043087762,0.01128112970108752
frequency,countsketch-fastpath-vector2d,rows=3 cols=4096,zipf,0.0,10000,5623413,0.5994776883623566,0.019229226841900506
frequency,countsketch-fastpath-vector2d,rows=3 cols=4096,zipf,0.0,10000,10000000,0.619313457004743,0.013025136592069563
frequency,countsketch-fastpath-vector2d,rows=3 cols=4096,zipf,0.0,10000,17782794,0.5807310096097534,0.03583296568986424
frequency,countsketch-fastpath-vector2d,rows=3 cols=4096,zipf,0.0,10000,31622777,0.6741406625661478,0.022542031774445834
frequency,countsketch-fastpath-vector2d,rows=3 cols=4096,zipf,0.0,10000,56234133,0.6890258024367237,0.014387356783807004
frequency,countsketch-fastpath-vector2d,rows=3 cols=4096,zipf,0.0,10000,100000000,0.6483548455283706,0.009886254793757357
frequency,countsketch-fastpath-vector2d,rows=3 cols=4096,zipf,0.0,1000000,1000,0.05666666666666667,0.018559214542766742
frequency,countsketch-fastpath-vector2d,rows=3 cols=4096,zipf,0.0,1000000,1778,0.10166666666666667,0.013017082793177757
frequency,countsketch-fastpath-vector2d,rows=3 cols=4096,zipf,0.0,1000000,3162,0.21999999999999997,0.02081665999466133
frequency,countsketch-fastpath-vector2d,rows=3 cols=4096,zipf,0.0,1000000,5623,0.38000000000000006,0.012583057392117928
frequency,countsketch-fastpath-vector2d,rows=3 cols=4096,zipf,0.0,1000000,10000,0.6083333333333333,0.05918426968188233
frequency,countsketch-fastpath-vector2d,rows=3 cols=4096,zipf,0.0,1000000,17783,0.5077777777777778,0.040566969474508184
frequency,countsketch-fastpath-vector2d,rows=3 cols=4096,zipf,0.0,1000000,31623,0.6277777777777778,0.0072860428047800225
frequency,countsketch-fastpath-vector2d,rows=3 cols=4096,zipf,0.0,1000000,56234,0.7799999999999999,0.015000000000000012
frequency,countsketch-fastpath-vector2d,rows=3 cols=4096,zipf,0.0,1000000,100000,0.7524999999999998,0.020485993408324767
frequency,countsketch-fastpath-vector2d,rows=3 cols=4096,zipf,0.0,1000000,177828,0.9645555555555555,0.02417554115471786
frequency,countsketch-fastpath-vector2d,rows=3 cols=4096,zipf,0.0,1000000,316228,0.9467222222222222,0.057594474186245755
frequency,countsketch-fastpath-vector2d,rows=3 cols=4096,zipf,0.0,1000000,562341,1.1904126984126986,0.03994063369810993
frequency,countsketch-fastpath-vector2d,rows=3 cols=4096,zipf,0.0,1000000,1000000,1.3413095238095238,0.11405139358998914
frequency,countsketch-fastpath-vector2d,rows=3 cols=4096,zipf,0.0,1000000,1778279,1.4721060606060608,0.0586835632367108
frequency,countsketch-fastpath-vector2d,rows=3 cols=4096,zipf,0.0,1000000,3162278,1.5084645909645908,0.07050086743060374
frequency,countsketch-fastpath-vector2d,rows=3 cols=4096,zipf,0.0,1000000,5623413,2.1350509975920193,0.27588424279015655
frequency,countsketch-fastpath-vector2d,rows=3 cols=4096,zipf,0.0,1000000,10000000,2.235302102835436,0.09963711468897553
frequency,countsketch-fastpath-vector2d,rows=3 cols=4096,zipf,0.0,1000000,17782794,2.798999436447126,0.11926970193413317
frequency,countsketch-fastpath-vector2d,rows=3 cols=4096,zipf,0.0,1000000,31622777,3.0278662500336666,0.11348444193160098
frequency,countsketch-fastpath-vector2d,rows=3 cols=4096,zipf,0.0,1000000,56234133,2.990032532041811,0.12014502403482598
frequency,countsketch-fastpath-vector2d,rows=3 cols=4096,zipf,0.0,1000000,100000000,3.633393767806311,0.25671044416332667
frequency,countsketch-fastpath-vector2d,rows=3 cols=4096,zipf,0.5,10,1000,0.0,0.0
frequency,countsketch-fastpath-vector2d,rows=3 cols=4096,zipf,0.5,10,1778,0.0,0.0
frequency,countsketch-fastpath-vector2d,rows=3 cols=4096,zipf,0.5,10,3162,0.0,0.0
frequency,countsketch-fastpath-vector2d,rows=3 cols=4096,zipf,0.5,10,5623,0.0,0.0
frequency,countsketch-fastpath-vector2d,rows=3 cols=4096,zipf,0.5,10,10000,0.0,0.0
frequency,countsketch-fastpath-vector2d,rows=3 cols=4096,zipf,0.5,10,17783,0.0,0.0
frequency,countsketch-fastpath-vector2d,rows=3 cols=4096,zipf,0.5,10,31623,0.0,0.0
frequency,countsketch-fastpath-vector2d,rows=3 cols=4096,zipf,0.5,10,56234,0.0,0.0
frequency,countsketch-fastpath-vector2d,rows=3 cols=4096,zipf,0.5,10,100000,0.0,0.0
frequency,countsketch-fastpath-vector2d,rows=3 cols=4096,zipf,0.5,10,177828,0.0,0.0
frequency,countsketch-fastpath-vector2d,rows=3 cols=4096,zipf,0.5,10,316228,0.0,0.0
frequency,countsketch-fastpath-vector2d,rows=3 cols=4096,zipf,0.5,10,562341,0.0,0.0
frequency,countsketch-fastpath-vector2d,rows=3 cols=4096,zipf,0.5,10,1000000,0.0,0.0
frequency,countsketch-fastpath-vector2d,rows=3 cols=4096,zipf,0.5,10,1778279,0.0,0.0
frequency,countsketch-fastpath-vector2d,rows=3 cols=4096,zipf,0.5,10,3162278,0.0,0.0
frequency,countsketch-fastpath-vector2d,rows=3 cols=4096,zipf,0.5,10,5623413,0.0,0.0
frequency,countsketch-fastpath-vector2d,rows=3 cols=4096,zipf,0.5,10,10000000,0.0,0.0
frequency,countsketch-fastpath-vector2d,rows=3 cols=4096,zipf,0.5,10,17782794,0.0,0.0
frequency,countsketch-fastpath-vector2d,rows=3 cols=4096,zipf,0.5,10,31622777,0.0,0.0
frequency,countsketch-fastpath-vector2d,rows=3 cols=4096,zipf,0.5,10,56234133,0.0,0.0
frequency,countsketch-fastpath-vector2d,rows=3 cols=4096,zipf,0.5,10,100000000,0.0,0.0
frequency,countsketch-fastpath-vector2d,rows=3 cols=4096,zipf,0.5,100,1000,0.0,0.0
frequency,countsketch-fastpath-vector2d,rows=3 cols=4096,zipf,0.5,100,1778,0.0,0.0
frequency,countsketch-fastpath-vector2d,rows=3 cols=4096,zipf,0.5,100,3162,0.0,0.0
frequency,countsketch-fastpath-vector2d,rows=3 cols=4096,zipf,0.5,100,5623,0.0,0.0
frequency,countsketch-fastpath-vector2d,rows=3 cols=4096,zipf,0.5,100,10000,0.0,0.0
frequency,countsketch-fastpath-vector2d,rows=3 cols=4096,zipf,0.5,100,17783,0.0,0.0
frequency,countsketch-fastpath-vector2d,rows=3 cols=4096,zipf,0.5,100,31623,0.0,0.0
frequency,countsketch-fastpath-vector2d,rows=3 cols=4096,zipf,0.5,100,56234,0.0,0.0
frequency,countsketch-fastpath-vector2d,rows=3 cols=4096,zipf,0.5,100,100000,0.0,0.0
frequency,countsketch-fastpath-vector2d,rows=3 cols=4096,zipf,0.5,100,177828,0.0,0.0
frequency,countsketch-fastpath-vector2d,rows=3 cols=4096,zipf,0.5,100,316228,0.0,0.0
frequency,countsketch-fastpath-vector2d,rows=3 cols=4096,zipf,0.5,100,562341,0.0,0.0
frequency,countsketch-fastpath-vector2d,rows=3 cols=4096,zipf,0.5,100,1000000,0.0,0.0
frequency,countsketch-fastpath-vector2d,rows=3 cols=4096,zipf,0.5,100,1778279,0.0,0.0
frequency,countsketch-fastpath-vector2d,rows=3 cols=4096,zipf,0.5,100,3162278,0.0,0.0
frequency,countsketch-fastpath-vector2d,rows=3 cols=4096,zipf,0.5,100,5623413,0.0,0.0
frequency,countsketch-fastpath-vector2d,rows=3 cols=4096,zipf,0.5,100,10000000,0.0,0.0
frequency,countsketch-fastpath-vector2d,rows=3 cols=4096,zipf,0.5,100,17782794,0.0,0.0
frequency,countsketch-fastpath-vector2d,rows=3 cols=4096,zipf,0.5,100,31622777,0.0,0.0
frequency,countsketch-fastpath-vector2d,rows=3 cols=4096,zipf,0.5,100,56234133,0.0,0.0
frequency,countsketch-fastpath-vector2d,rows=3 cols=4096,zipf,0.5,100,100000000,0.0,0.0
frequency,countsketch-fastpath-vector2d,rows=3 cols=4096,zipf,0.5,10000,1000,0.042777777777777776,0.0022222222222222227
frequency,countsketch-fastpath-vector2d,rows=3 cols=4096,zipf,0.5,10000,1778,0.07472222222222222,0.010367476448067509
frequency,countsketch-fastpath-vector2d,rows=3 cols=4096,zipf,0.5,10000,3162,0.0622142857142857,0.004405298122659651
frequency,countsketch-fastpath-vector2d,rows=3 cols=4096,zipf,0.5,10000,5623,0.09247224670754084,0.013107457670027911
frequency,countsketch-fastpath-vector2d,rows=3 cols=4096,zipf,0.5,10000,10000,0.10026642858420354,0.005867042607737656
frequency,countsketch-fastpath-vector2d,rows=3 cols=4096,zipf,0.5,10000,17783,0.10162843892823666,0.0018465429381311618
frequency,countsketch-fastpath-vector2d,rows=3 cols=4096,zipf,0.5,10000,31623,0.10678476013117078,0.0018427395232421913
frequency,countsketch-fastpath-vector2d,rows=3 cols=4096,zipf,0.5,10000,56234,0.10201743537589254,0.003518711147263674
frequency,countsketch-fastpath-vector2d,rows=3 cols=4096,zipf,0.5,10000,100000,0.11332662605287414,0.0018690237739742346
frequency,countsketch-fastpath-vector2d,rows=3 cols=4096,zipf,0.5,10000,177828,0.111389707158275,0.00475126244009069
frequency,countsketch-fastpath-vector2d,rows=3 cols=4096,zipf,0.5,10000,316228,0.10707054946696459,0.0001050407149774254
frequency,countsketch-fastpath-vector2d,rows=3 cols=4096,zipf,0.5,10000,562341,0.10148934564637735,0.0006886643215160006
frequency,countsketch-fastpath-vector2d,rows=3 cols=4096,zipf,0.5,10000,1000000,0.10215574435713554,0.0012143695028443168
frequency,countsketch-fastpath-vector2d,rows=3 cols=4096,zipf,0.5,10000,1778279,0.10490783457796471,0.001990962633853922
frequency,countsketch-fastpath-vector2d,rows=3 cols=4096,zipf,0.5,10000,3162278,0.10284803871024632,0.0014359185315822576
frequency,countsketch-fastpath-vector2d,rows=3 cols=4096,zipf,0.5,10000,5623413,0.10264923751630504,0.0015896877270212759
frequency,countsketch-fastpath-vector2d,rows=3 cols=4096,zipf,0.5,10000,10000000,0.10287362552991096,0.0018769266896310167
frequency,countsketch-fastpath-vector2d,rows=3 cols=4096,zipf,0.5,10000,17782794,0.10161942861901214,0.0011481773721575604
frequency,countsketch-fastpath-vector2d,rows=3 cols=4096,zipf,0.5,10000,31622777,0.10140721580647251,0.0013354522591279316
frequency,countsketch-fastpath-vector2d,rows=3 cols=4096,zipf,0.5,10000,56234133,0.10116120118909917,0.0015028358767309995
frequency,countsketch-fastpath-vector2d,rows=3 cols=4096,zipf,0.5,10000,100000000,0.10303328853000637,0.0017251070320034529
frequency,countsketch-fastpath-vector2d,rows=3 cols=4096,zipf,0.5,1000000,1000,0.06833333333333334,0.006009252125773316
frequency,countsketch-fastpath-vector2d,rows=3 cols=4096,zipf,0.5,1000000,1778,0.14444444444444446,0.013653561919382792
frequency,countsketch-fastpath-vector2d,rows=3 cols=4096,zipf,0.5,1000000,3162,0.23344444444444445,0.038030364736290775
frequency,countsketch-fastpath-vector2d,rows=3 cols=4096,zipf,0.5,1000000,5623,0.3644444444444444,0.04270195300127919
frequency,countsketch-fastpath-vector2d,rows=3 cols=4096,zipf,0.5,1000000,10000,0.3762261904761905,0.002613603649423748
frequency,countsketch-fastpath-vector2d,rows=3 cols=4096,zipf,0.5,1000000,17783,0.41767022792022795,0.014486733658296747
frequency,countsketch-fastpath-vector2d,rows=3 cols=4096,zipf,0.5,1000000,31623,0.3922895339954163,0.019340762079234422
frequency,countsketch-fastpath-vector2d,rows=3 cols=4096,zipf,0.5,1000000,56234,0.3672731759956049,0.013704666250599625
frequency,countsketch-fastpath-vector2d,rows=3 cols=4096,zipf,0.5,1000000,100000,0.3308458408036179,0.024614436154076914
frequency,countsketch-fastpath-vector2d,rows=3 cols=4096,zipf,0.5,1000000,177828,0.2964631531733688,0.006617484433693449
frequency,countsketch-fastpath-vector2d,rows=3 cols=4096,zipf,0.5,1000000,316228,0.25969697156505495,0.0062134467227123675
frequency,countsketch-fastpath-vector2d,rows=3 cols=4096,zipf,0.5,1000000,562341,0.2394855943944931,0.014705177635333237
frequency,countsketch-fastpath-vector2d,rows=3 cols=4096,zipf,0.5,1000000,1000000,0.20913064172260623,0.0060470511705533
frequency,countsketch-fastpath-vector2d,rows=3 cols=4096,zipf,0.5,1000000,1778279,0.1902568744462104,0.005944265234332727
frequency,countsketch-fastpath-vector2d,rows=3 cols=4096,zipf,0.5,1000000,3162278,0.18164188392995076,0.002202974457372924
frequency,countsketch-fastpath-vector2d,rows=3 cols=4096,zipf,0.5,1000000,5623413,0.1769058399430008,0.0034707230789775916
frequency,countsketch-fastpath-vector2d,rows=3 cols=4096,zipf,0.5,1000000,10000000,0.17693529469396604,0.004008726753409395
frequency,countsketch-fastpath-vector2d,rows=3 cols=4096,zipf,0.5,1000000,17782794,0.17118001222296864,0.0012405466361436563
frequency,countsketch-fastpath-vector2d,rows=3 cols=4096,zipf,0.5,1000000,31622777,0.1716469495000069,0.002670736667125905
frequency,countsketch-fastpath-vector2d,rows=3 cols=4096,zipf,0.5,1000000,56234133,0.1717653422042806,0.0019482896904848323
frequency,countsketch-fastpath-vector2d,rows=3 cols=4096,zipf,0.5,1000000,100000000,0.17401845553745476,0.002416582860054913
frequency,countsketch-fastpath-vector2d,rows=3 cols=4096,zipf,1.0,10,1000,0.0,0.0
frequency,countsketch-fastpath-vector2d,rows=3 cols=4096,zipf,1.0,10,1778,0.0,0.0
frequency,countsketch-fastpath-vector2d,rows=3 cols=4096,zipf,1.0,10,3162,0.0,0.0
frequency,countsketch-fastpath-vector2d,rows=3 cols=4096,zipf,1.0,10,5623,0.0,0.0
frequency,countsketch-fastpath-vector2d,rows=3 cols=4096,zipf,1.0,10,10000,0.0,0.0
frequency,countsketch-fastpath-vector2d,rows=3 cols=4096,zipf,1.0,10,17783,0.0,0.0
frequency,countsketch-fastpath-vector2d,rows=3 cols=4096,zipf,1.0,10,31623,0.0,0.0
frequency,countsketch-fastpath-vector2d,rows=3 cols=4096,zipf,1.0,10,56234,0.0,0.0
frequency,countsketch-fastpath-vector2d,rows=3 cols=4096,zipf,1.0,10,100000,0.0,0.0
frequency,countsketch-fastpath-vector2d,rows=3 cols=4096,zipf,1.0,10,177828,0.0,0.0
frequency,countsketch-fastpath-vector2d,rows=3 cols=4096,zipf,1.0,10,316228,0.0,0.0
frequency,countsketch-fastpath-vector2d,rows=3 cols=4096,zipf,1.0,10,562341,0.0,0.0
frequency,countsketch-fastpath-vector2d,rows=3 cols=4096,zipf,1.0,10,1000000,0.0,0.0
frequency,countsketch-fastpath-vector2d,rows=3 cols=4096,zipf,1.0,10,1778279,0.0,0.0
frequency,countsketch-fastpath-vector2d,rows=3 cols=4096,zipf,1.0,10,3162278,0.0,0.0
frequency,countsketch-fastpath-vector2d,rows=3 cols=4096,zipf,1.0,10,5623413,0.0,0.0
frequency,countsketch-fastpath-vector2d,rows=3 cols=4096,zipf,1.0,10,10000000,0.0,0.0
frequency,countsketch-fastpath-vector2d,rows=3 cols=4096,zipf,1.0,10,17782794,0.0,0.0
frequency,countsketch-fastpath-vector2d,rows=3 cols=4096,zipf,1.0,10,31622777,0.0,0.0
frequency,countsketch-fastpath-vector2d,rows=3 cols=4096,zipf,1.0,10,56234133,0.0,0.0
frequency,countsketch-fastpath-vector2d,rows=3 cols=4096,zipf,1.0,10,100000000,0.0,0.0
frequency,countsketch-fastpath-vector2d,rows=3 cols=4096,zipf,1.0,100,1000,0.0,0.0
frequency,countsketch-fastpath-vector2d,rows=3 cols=4096,zipf,1.0,100,1778,0.0,0.0
frequency,countsketch-fastpath-vector2d,rows=3 cols=4096,zipf,1.0,100,3162,0.0,0.0
frequency,countsketch-fastpath-vector2d,rows=3 cols=4096,zipf,1.0,100,5623,0.0,0.0
frequency,countsketch-fastpath-vector2d,rows=3 cols=4096,zipf,1.0,100,10000,0.0,0.0
frequency,countsketch-fastpath-vector2d,rows=3 cols=4096,zipf,1.0,100,17783,0.0,0.0
frequency,countsketch-fastpath-vector2d,rows=3 cols=4096,zipf,1.0,100,31623,0.0,0.0
frequency,countsketch-fastpath-vector2d,rows=3 cols=4096,zipf,1.0,100,56234,0.0,0.0
frequency,countsketch-fastpath-vector2d,rows=3 cols=4096,zipf,1.0,100,100000,0.0,0.0
frequency,countsketch-fastpath-vector2d,rows=3 cols=4096,zipf,1.0,100,177828,0.0,0.0
frequency,countsketch-fastpath-vector2d,rows=3 cols=4096,zipf,1.0,100,316228,0.0,0.0
frequency,countsketch-fastpath-vector2d,rows=3 cols=4096,zipf,1.0,100,562341,0.0,0.0
frequency,countsketch-fastpath-vector2d,rows=3 cols=4096,zipf,1.0,100,1000000,0.0,0.0
frequency,countsketch-fastpath-vector2d,rows=3 cols=4096,zipf,1.0,100,1778279,0.0,0.0
frequency,countsketch-fastpath-vector2d,rows=3 cols=4096,zipf,1.0,100,3162278,0.0,0.0
frequency,countsketch-fastpath-vector2d,rows=3 cols=4096,zipf,1.0,100,5623413,0.0,0.0
frequency,countsketch-fastpath-vector2d,rows=3 cols=4096,zipf,1.0,100,10000000,0.0,0.0
frequency,countsketch-fastpath-vector2d,rows=3 cols=4096,zipf,1.0,100,17782794,0.0,0.0
frequency,countsketch-fastpath-vector2d,rows=3 cols=4096,zipf,1.0,100,31622777,0.0,0.0
frequency,countsketch-fastpath-vector2d,rows=3 cols=4096,zipf,1.0,100,56234133,0.0,0.0
frequency,countsketch-fastpath-vector2d,rows=3 cols=4096,zipf,1.0,100,100000000,0.0,0.0
frequency,countsketch-fastpath-vector2d,rows=3 cols=4096,zipf,1.0,10000,1000,0.010958434286020493,0.0028662094620994266
frequency,countsketch-fastpath-vector2d,rows=3 cols=4096,zipf,1.0,10000,1778,0.01649159183820345,0.0009278742958613233
frequency,countsketch-fastpath-vector2d,rows=3 cols=4096,zipf,1.0,10000,3162,0.018506118901477523,0.004347399556457313
frequency,countsketch-fastpath-vector2d,rows=3 cols=4096,zipf,1.0,10000,5623,0.023747776315258453,0.0041830653224458605
frequency,countsketch-fastpath-vector2d,rows=3 cols=4096,zipf,1.0,10000,10000,0.023196606751432227,0.0021846161047594684
frequency,countsketch-fastpath-vector2d,rows=3 cols=4096,zipf,1.0,10000,17783,0.020072422274414806,0.00039644121635378773
frequency,countsketch-fastpath-vector2d,rows=3 cols=4096,zipf,1.0,10000,31623,0.019958653706640572,0.00023436824126267373
frequency,countsketch-fastpath-vector2d,rows=3 cols=4096,zipf,1.0,10000,56234,0.01868113400387891,0.0015171431486700263
frequency,countsketch-fastpath-vector2d,rows=3 cols=4096,zipf,1.0,10000,100000,0.019459632030733316,0.001051842681548518
frequency,countsketch-fastpath-vector2d,rows=3 cols=4096,zipf,1.0,10000,177828,0.01806264442627678,0.0006560202128632404
frequency,countsketch-fastpath-vector2d,rows=3 cols=4096,zipf,1.0,10000,316228,0.016033327073847435,0.0008319106235822633
frequency,countsketch-fastpath-vector2d,rows=3 cols=4096,zipf,1.0,10000,562341,0.016927234979914985,0.0012702103842554381
frequency,countsketch-fastpath-vector2d,rows=3 cols=4096,zipf,1.0,10000,1000000,0.016742513804415892,0.00022150526931566714
frequency,countsketch-fastpath-vector2d,rows=3 cols=4096,zipf,1.0,10000,1778279,0.016865857136003123,0.00020849937798934304
frequency,countsketch-fastpath-vector2d,rows=3 cols=4096,zipf,1.0,10000,3162278,0.016416379524933855,0.000598445742890233
frequency,countsketch-fastpath-vector2d,rows=3 cols=4096,zipf,1.0,10000,5623413,0.016365996630794022,0.0005600192748097596
frequency,countsketch-fastpath-vector2d,rows=3 cols=4096,zipf,1.0,10000,10000000,0.015861258251984516,0.0005477217314310841
frequency,countsketch-fastpath-vector2d,rows=3 cols=4096,zipf,1.0,10000,17782794,0.015956675178618283,0.0005484419363495557
frequency,countsketch-fastpath-vector2d,rows=3 cols=4096,zipf,1.0,10000,31622777,0.01540650749858955,2.325159502727228e-05
frequency,countsketch-fastpath-vector2d,rows=3 cols=4096,zipf,1.0,10000,56234133,0.015402641715329101,2.870209817509906e-05
frequency,countsketch-fastpath-vector2d,rows=3 cols=4096,zipf,1.0,10000,100000000,0.015379530688763248,2.1482038382626953e-05
frequency,countsketch-fastpath-vector2d,rows=3 cols=4096,zipf,1.0,1000000,1000,0.011111111111111112,0.0018215107011950002
frequency,countsketch-fastpath-vector2d,rows=3 cols=4096,zipf,1.0,1000000,1778,0.026875804375804373,0.005873942291242128
frequency,countsketch-fastpath-vector2d,rows=3 cols=4096,zipf,1.0,1000000,3162,0.027791639492653692,0.0019603788381856273
frequency,countsketch-fastpath-vector2d,rows=3 cols=4096,zipf,1.0,1000000,5623,0.0459583822227915,0.004850166210486927
frequency,countsketch-fastpath-vector2d,rows=3 cols=4096,zipf,1.0,1000000,10000,0.04245094908403677,0.002044191880324962
frequency,countsketch-fastpath-vector2d,rows=3 cols=4096,zipf,1.0,1000000,17783,0.035312841762737024,0.0033018758774149303
frequency,countsketch-fastpath-vector2d,rows=3 cols=4096,zipf,1.0,1000000,31623,0.03185801508740111,0.0015868196206931336
frequency,countsketch-fastpath-vector2d,rows=3 cols=4096,zipf,1.0,1000000,56234,0.028418007767218156,0.0005944162321508467
frequency,countsketch-fastpath-vector2d,rows=3 cols=4096,zipf,1.0,1000000,100000,0.024683448261967816,0.0007289406073148811
frequency,countsketch-fastpath-vector2d,rows=3 cols=4096,zipf,1.0,1000000,177828,0.021761997529853343,0.0011629292262646748
frequency,countsketch-fastpath-vector2d,rows=3 cols=4096,zipf,1.0,1000000,316228,0.02001113141839782,0.0012658570657699002
frequency,countsketch-fastpath-vector2d,rows=3 cols=4096,zipf,1.0,1000000,562341,0.019568583076171556,0.0008731608289774413
frequency,countsketch-fastpath-vector2d,rows=3 cols=4096,zipf,1.0,1000000,1000000,0.018370253990599616,0.0006935662842917068
frequency,countsketch-fastpath-vector2d,rows=3 cols=4096,zipf,1.0,1000000,1778279,0.017712791576585122,0.0002750536323689079
frequency,countsketch-fastpath-vector2d,rows=3 cols=4096,zipf,1.0,1000000,3162278,0.017735494825984303,0.0002702653343223157
frequency,countsketch-fastpath-vector2d,rows=3 cols=4096,zipf,1.0,1000000,5623413,0.017679236403777113,0.00030583672217835453
frequency,countsketch-fastpath-vector2d,rows=3 cols=4096,zipf,1.0,1000000,10000000,0.017457607161356577,0.00020977033488840845
frequency,countsketch-fastpath-vector2d,rows=3 cols=4096,zipf,1.0,1000000,17782794,0.017876953437393952,0.0006284839608815784
frequency,countsketch-fastpath-vector2d,rows=3 cols=4096,zipf,1.0,1000000,31622777,0.01733872952919582,9.972736141873016e-05
frequency,countsketch-fastpath-vector2d,rows=3 cols=4096,zipf,1.0,1000000,56234133,0.017278896190453013,8.943337708875354e-05
frequency,countsketch-fastpath-vector2d,rows=3 cols=4096,zipf,1.0,1000000,100000000,0.01726415258880666,0.00010900487285246179
frequency,countsketch-fastpath-vector2d,rows=3 cols=4096,zipf,1.5,10,1000,0.0,0.0
frequency,countsketch-fastpath-vector2d,rows=3 cols=4096,zipf,1.5,10,1778,0.0,0.0
frequency,countsketch-fastpath-vector2d,rows=3 cols=4096,zipf,1.5,10,3162,0.0,0.0
frequency,countsketch-fastpath-vector2d,rows=3 cols=4096,zipf,1.5,10,5623,0.0,0.0
frequency,countsketch-fastpath-vector2d,rows=3 cols=4096,zipf,1.5,10,10000,0.0,0.0
frequency,countsketch-fastpath-vector2d,rows=3 cols=4096,zipf,1.5,10,17783,0.0,0.0
frequency,countsketch-fastpath-vector2d,rows=3 cols=4096,zipf,1.5,10,31623,0.0,0.0
frequency,countsketch-fastpath-vector2d,rows=3 cols=4096,zipf,1.5,10,56234,0.0,0.0
frequency,countsketch-fastpath-vector2d,rows=3 cols=4096,zipf,1.5,10,100000,0.0,0.0
frequency,countsketch-fastpath-vector2d,rows=3 cols=4096,zipf,1.5,10,177828,0.0,0.0
frequency,countsketch-fastpath-vector2d,rows=3 cols=4096,zipf,1.5,10,316228,0.0,0.0
frequency,countsketch-fastpath-vector2d,rows=3 cols=4096,zipf,1.5,10,562341,0.0,0.0
frequency,countsketch-fastpath-vector2d,rows=3 cols=4096,zipf,1.5,10,1000000,0.0,0.0
frequency,countsketch-fastpath-vector2d,rows=3 cols=4096,zipf,1.5,10,1778279,0.0,0.0
frequency,countsketch-fastpath-vector2d,rows=3 cols=4096,zipf,1.5,10,3162278,0.0,0.0
frequency,countsketch-fastpath-vector2d,rows=3 cols=4096,zipf,1.5,10,5623413,0.0,0.0
frequency,countsketch-fastpath-vector2d,rows=3 cols=4096,zipf,1.5,10,10000000,0.0,0.0
frequency,countsketch-fastpath-vector2d,rows=3 cols=4096,zipf,1.5,10,17782794,0.0,0.0
frequency,countsketch-fastpath-vector2d,rows=3 cols=4096,zipf,1.5,10,31622777,0.0,0.0
frequency,countsketch-fastpath-vector2d,rows=3 cols=4096,zipf,1.5,10,56234133,0.0,0.0
frequency,countsketch-fastpath-vector2d,rows=3 cols=4096,zipf,1.5,10,100000000,0.0,0.0
frequency,countsketch-fastpath-vector2d,rows=3 cols=4096,zipf,1.5,100,1000,0.0,0.0
frequency,countsketch-fastpath-vector2d,rows=3 cols=4096,zipf,1.5,100,1778,0.0,0.0
frequency,countsketch-fastpath-vector2d,rows=3 cols=4096,zipf,1.5,100,3162,0.0,0.0
frequency,countsketch-fastpath-vector2d,rows=3 cols=4096,zipf,1.5,100,5623,0.0,0.0
frequency,countsketch-fastpath-vector2d,rows=3 cols=4096,zipf,1.5,100,10000,0.0,0.0
frequency,countsketch-fastpath-vector2d,rows=3 cols=4096,zipf,1.5,100,17783,0.0,0.0
frequency,countsketch-fastpath-vector2d,rows=3 cols=4096,zipf,1.5,100,31623,0.0,0.0
frequency,countsketch-fastpath-vector2d,rows=3 cols=4096,zipf,1.5,100,56234,0.0,0.0
frequency,countsketch-fastpath-vector2d,rows=3 cols=4096,zipf,1.5,100,100000,0.0,0.0
frequency,countsketch-fastpath-vector2d,rows=3 cols=4096,zipf,1.5,100,177828,0.0,0.0
frequency,countsketch-fastpath-vector2d,rows=3 cols=4096,zipf,1.5,100,316228,0.0,0.0
frequency,countsketch-fastpath-vector2d,rows=3 cols=4096,zipf,1.5,100,562341,0.0,0.0
frequency,countsketch-fastpath-vector2d,rows=3 cols=4096,zipf,1.5,100,1000000,0.0,0.0
frequency,countsketch-fastpath-vector2d,rows=3 cols=4096,zipf,1.5,100,1778279,0.0,0.0
frequency,countsketch-fastpath-vector2d,rows=3 cols=4096,zipf,1.5,100,3162278,0.0,0.0
frequency,countsketch-fastpath-vector2d,rows=3 cols=4096,zipf,1.5,100,5623413,0.0,0.0
frequency,countsketch-fastpath-vector2d,rows=3 cols=4096,zipf,1.5,100,10000000,0.0,0.0
frequency,countsketch-fastpath-vector2d,rows=3 cols=4096,zipf,1.5,100,17782794,0.0,0.0
frequency,countsketch-fastpath-vector2d,rows=3 cols=4096,zipf,1.5,100,31622777,0.0,0.0
frequency,countsketch-fastpath-vector2d,rows=3 cols=4096,zipf,1.5,100,56234133,0.0,0.0
frequency,countsketch-fastpath-vector2d,rows=3 cols=4096,zipf,1.5,100,100000000,0.0,0.0
frequency,countsketch-fastpath-vector2d,rows=3 cols=4096,zipf,1.5,10000,1000,0.0044444444444444444,0.0029397236789606563
frequency,countsketch-fastpath-vector2d,rows=3 cols=4096,zipf,1.5,10000,1778,0.0015277777777777779,0.0009722222222222221
frequency,countsketch-fastpath-vector2d,rows=3 cols=4096,zipf,1.5,10000,3162,0.0007142857142857143,0.0004123930494211612
frequency,countsketch-fastpath-vector2d,rows=3 cols=4096,zipf,1.5,10000,5623,0.0004230769230769231,0.00022536404911855057
frequency,countsketch-fastpath-vector2d,rows=3 cols=4096,zipf,1.5,10000,10000,0.0010880734869705459,0.0005080241245550249
frequency,countsketch-fastpath-vector2d,rows=3 cols=4096,zipf,1.5,10000,17783,0.0032884688523385345,0.0008178958126662462
frequency,countsketch-fastpath-vector2d,rows=3 cols=4096,zipf,1.5,10000,31623,0.00420759799734988,0.0009469274427385804
frequency,countsketch-fastpath-vector2d,rows=3 cols=4096,zipf,1.5,10000,56234,0.0039247510389230755,0.00019456411117851232
frequency,countsketch-fastpath-vector2d,rows=3 cols=4096,zipf,1.5,10000,100000,0.003386366648999958,0.00022913553593903091
frequency,countsketch-fastpath-vector2d,rows=3 cols=4096,zipf,1.5,10000,177828,0.0027804447881275914,0.00021124868449281882
frequency,countsketch-fastpath-vector2d,rows=3 cols=4096,zipf,1.5,10000,316228,0.0032057095434845175,0.0001926676451025014
frequency,countsketch-fastpath-vector2d,rows=3 cols=4096,zipf,1.5,10000,562341,0.0033229664846703227,0.00028615593240001995
frequency,countsketch-fastpath-vector2d,rows=3 cols=4096,zipf,1.5,10000,1000000,0.0030239245524190882,0.00017101297570940925
frequency,countsketch-fastpath-vector2d,rows=3 cols=4096,zipf,1.5,10000,1778279,0.00321211110401134,0.00029413817132165537
frequency,countsketch-fastpath-vector2d,rows=3 cols=4096,zipf,1.5,10000,3162278,0.002948575270996229,0.00027174730385339435
frequency,countsketch-fastpath-vector2d,rows=3 cols=4096,zipf,1.5,10000,5623413,0.002786732753139804,7.611287000905993e-05
frequency,countsketch-fastpath-vector2d,rows=3 cols=4096,zipf,1.5,10000,10000000,0.0027626924271059346,7.080687086481379e-05
frequency,countsketch-fastpath-vector2d,rows=3 cols=4096,zipf,1.5,10000,17782794,0.002826142174078882,2.244710858784635e-05
frequency,countsketch-fastpath-vector2d,rows=3 cols=4096,zipf,1.5,10000,31622777,0.003030096369634735,0.00019561451703071708
frequency,countsketch-fastpath-vector2d,rows=3 cols=4096,zipf,1.5,10000,56234133,0.00282080291798926,1.4894052391312473e-05
frequency,countsketch-fastpath-vector2d,rows=3 cols=4096,zipf,1.5,10000,100000000,0.002827587443865451,5.3960055578396555e-06
frequency,countsketch-fastpath-vector2d,rows=3 cols=4096,zipf,1.5,1000000,1000,0.0033333333333333335,0.0033333333333333335
frequency,countsketch-fastpath-vector2d,rows=3 cols=4096,zipf,1.5,1000000,1778,0.006666666666666667,0.0033333333333333335
frequency,countsketch-fastpath-vector2d,rows=3 cols=4096,zipf,1.5,1000000,3162,0.001875,0.001875
frequency,countsketch-fastpath-vector2d,rows=3 cols=4096,zipf,1.5,1000000,5623,0.0050648148148148145,0.0033685001933816293
frequency,countsketch-fastpath-vector2d,rows=3 cols=4096,zipf,1.5,1000000,10000,0.006540134985126775,0.0031681447185468764
frequency,countsketch-fastpath-vector2d,rows=3 cols=4096,zipf,1.5,1000000,17783,0.008555680124763073,0.0026931409010946795
frequency,countsketch-fastpath-vector2d,rows=3 cols=4096,zipf,1.5,1000000,31623,0.006244049096782681,0.0013746690306737108
frequency,countsketch-fastpath-vector2d,rows=3 cols=4096,zipf,1.5,1000000,56234,0.005960897236651764,0.0008737619460901259
frequency,countsketch-fastpath-vector2d,rows=3 cols=4096,zipf,1.5,1000000,100000,0.004889194477417713,0.00046559865219248454
frequency,countsketch-fastpath-vector2d,rows=3 cols=4096,zipf,1.5,1000000,177828,0.004000346584322898,0.0005525293082807058
frequency,countsketch-fastpath-vector2d,rows=3 cols=4096,zipf,1.5,1000000,316228,0.004410859358100246,9.788955008619568e-05
frequency,countsketch-fastpath-vector2d,rows=3 cols=4096,zipf,1.5,1000000,562341,0.0035654033016096777,0.000155468992161291
frequency,countsketch-fastpath-vector2d,rows=3 cols=4096,zipf,1.5,1000000,1000000,0.0033364204368183437,8.593220561967922e-05
frequency,countsketch-fastpath-vector2d,rows=3 cols=4096,zipf,1.5,1000000,1778279,0.0035298376548899596,0.00011994762608239869
frequency,countsketch-fastpath-vector2d,rows=3 cols=4096,zipf,1.5,1000000,3162278,0.0029612427683693133,3.0172876134556098e-05
frequency,countsketch-fastpath-vector2d,rows=3 cols=4096,zipf,1.5,1000000,5623413,0.0029610465814919606,3.3185104174379655e-05
frequency,countsketch-fastpath-vector2d,rows=3 cols=4096,zipf,1.5,1000000,10000000,0.0028740558597158006,3.4250703555930846e-06
frequency,countsketch-fastpath-vector2d,rows=3 cols=4096,zipf,1.5,1000000,17782794,0.002873995378173495,1.984018371326797e-05
frequency,countsketch-fastpath-vector2d,rows=3 cols=4096,zipf,1.5,1000000,31622777,0.00288096651174528,2.6910162692189685e-05
frequency,countsketch-fastpath-vector2d,rows=3 cols=4096,zipf,1.5,1000000,56234133,0.0028722031380040577,1.616182691106718e-05
frequency,countsketch-fastpath-vector2d,rows=3 cols=4096,zipf,1.5,1000000,100000000,0.0028658406912578545,2.6972101972137377e-05
frequency,countsketch-fastpath-vector2d,rows=3 cols=4096,zipf,2.0,10,1000,0.0,0.0
frequency,countsketch-fastpath-vector2d,rows=3 cols=4096,zipf,2.0,10,1778,0.0,0.0
frequency,countsketch-fastpath-vector2d,rows=3 cols=4096,zipf,2.0,10,3162,0.0,0.0
frequency,countsketch-fastpath-vector2d,rows=3 cols=4096,zipf,2.0,10,5623,0.0,0.0
frequency,countsketch-fastpath-vector2d,rows=3 cols=4096,zipf,2.0,10,10000,0.0,0.0
frequency,countsketch-fastpath-vector2d,rows=3 cols=4096,zipf,2.0,10,17783,0.0,0.0
frequency,countsketch-fastpath-vector2d,rows=3 cols=4096,zipf,2.0,10,31623,0.0,0.0
frequency,countsketch-fastpath-vector2d,rows=3 cols=4096,zipf,2.0,10,56234,0.0,0.0
frequency,countsketch-fastpath-vector2d,rows=3 cols=4096,zipf,2.0,10,100000,0.0,0.0
frequency,countsketch-fastpath-vector2d,rows=3 cols=4096,zipf,2.0,10,177828,0.0,0.0
frequency,countsketch-fastpath-vector2d,rows=3 cols=4096,zipf,2.0,10,316228,0.0,0.0
frequency,countsketch-fastpath-vector2d,rows=3 cols=4096,zipf,2.0,10,562341,0.0,0.0
frequency,countsketch-fastpath-vector2d,rows=3 cols=4096,zipf,2.0,10,1000000,0.0,0.0
frequency,countsketch-fastpath-vector2d,rows=3 cols=4096,zipf,2.0,10,1778279,0.0,0.0
frequency,countsketch-fastpath-vector2d,rows=3 cols=4096,zipf,2.0,10,3162278,0.0,0.0
frequency,countsketch-fastpath-vector2d,rows=3 cols=4096,zipf,2.0,10,5623413,0.0,0.0
frequency,countsketch-fastpath-vector2d,rows=3 cols=4096,zipf,2.0,10,10000000,0.0,0.0
frequency,countsketch-fastpath-vector2d,rows=3 cols=4096,zipf,2.0,10,17782794,0.0,0.0
frequency,countsketch-fastpath-vector2d,rows=3 cols=4096,zipf,2.0,10,31622777,0.0,0.0
frequency,countsketch-fastpath-vector2d,rows=3 cols=4096,zipf,2.0,10,56234133,0.0,0.0
frequency,countsketch-fastpath-vector2d,rows=3 cols=4096,zipf,2.0,10,100000000,0.0,0.0
frequency,countsketch-fastpath-vector2d,rows=3 cols=4096,zipf,2.0,100,1000,0.0,0.0
frequency,countsketch-fastpath-vector2d,rows=3 cols=4096,zipf,2.0,100,1778,0.0,0.0
frequency,countsketch-fastpath-vector2d,rows=3 cols=4096,zipf,2.0,100,3162,0.0,0.0
frequency,countsketch-fastpath-vector2d,rows=3 cols=4096,zipf,2.0,100,5623,0.0,0.0
frequency,countsketch-fastpath-vector2d,rows=3 cols=4096,zipf,2.0,100,10000,0.0,0.0
frequency,countsketch-fastpath-vector2d,rows=3 cols=4096,zipf,2.0,100,17783,0.0,0.0
frequency,countsketch-fastpath-vector2d,rows=3 cols=4096,zipf,2.0,100,31623,0.0,0.0
frequency,countsketch-fastpath-vector2d,rows=3 cols=4096,zipf,2.0,100,56234,0.0,0.0
frequency,countsketch-fastpath-vector2d,rows=3 cols=4096,zipf,2.0,100,100000,0.0,0.0
frequency,countsketch-fastpath-vector2d,rows=3 cols=4096,zipf,2.0,100,177828,0.0,0.0
frequency,countsketch-fastpath-vector2d,rows=3 cols=4096,zipf,2.0,100,316228,0.0,0.0
frequency,countsketch-fastpath-vector2d,rows=3 cols=4096,zipf,2.0,100,562341,0.0,0.0
frequency,countsketch-fastpath-vector2d,rows=3 cols=4096,zipf,2.0,100,1000000,0.0,0.0
frequency,countsketch-fastpath-vector2d,rows=3 cols=4096,zipf,2.0,100,1778279,0.0,0.0
frequency,countsketch-fastpath-vector2d,rows=3 cols=4096,zipf,2.0,100,3162278,0.0,0.0
frequency,countsketch-fastpath-vector2d,rows=3 cols=4096,zipf,2.0,100,5623413,0.0,0.0
frequency,countsketch-fastpath-vector2d,rows=3 cols=4096,zipf,2.0,100,10000000,0.0,0.0
frequency,countsketch-fastpath-vector2d,rows=3 cols=4096,zipf,2.0,100,17782794,0.0,0.0
frequency,countsketch-fastpath-vector2d,rows=3 cols=4096,zipf,2.0,100,31622777,0.0,0.0
frequency,countsketch-fastpath-vector2d,rows=3 cols=4096,zipf,2.0,100,56234133,0.0,0.0
frequency,countsketch-fastpath-vector2d,rows=3 cols=4096,zipf,2.0,100,100000000,0.0,0.0
frequency,countsketch-fastpath-vector2d,rows=3 cols=4096,zipf,2.0,10000,1000,0.0,0.0
frequency,countsketch-fastpath-vector2d,rows=3 cols=4096,zipf,2.0,10000,1778,0.0,0.0
frequency,countsketch-fastpath-vector2d,rows=3 cols=4096,zipf,2.0,10000,3162,0.0,0.0
frequency,countsketch-fastpath-vector2d,rows=3 cols=4096,zipf,2.0,10000,5623,0.0,0.0
frequency,countsketch-fastpath-vector2d,rows=3 cols=4096,zipf,2.0,10000,10000,0.0006666666666666666,0.0006666666666666668
frequency,countsketch-fastpath-vector2d,rows=3 cols=4096,zipf,2.0,10000,17783,0.004,0.004
frequency,countsketch-fastpath-vector2d,rows=3 cols=4096,zipf,2.0,10000,31623,0.005795634920634921,0.004500672260890545
frequency,countsketch-fastpath-vector2d,rows=3 cols=4096,zipf,2.0,10000,56234,0.006272156084656085,0.0039004321790146
frequency,countsketch-fastpath-vector2d,rows=3 cols=4096,zipf,2.0,10000,100000,0.001713882591960622,0.00123619569364738
frequency,countsketch-fastpath-vector2d,rows=3 cols=4096,zipf,2.0,10000,177828,0.0011861666669421623,0.0007484394134671589
frequency,countsketch-fastpath-vector2d,rows=3 cols=4096,zipf,2.0,10000,316228,0.0015388969052650692,0.00064287752406539
frequency,countsketch-fastpath-vector2d,rows=3 cols=4096,zipf,2.0,10000,562341,0.0012782098318842485,0.00029296610330060356
frequency,countsketch-fastpath-vector2d,rows=3 cols=4096,zipf,2.0,10000,1000000,0.000772366143737989,0.00025686970293029634
frequency,countsketch-fastpath-vector2d,rows=3 cols=4096,zipf,2.0,10000,1778279,0.0006411453923278894,0.00016487827137199964
frequency,countsketch-fastpath-vector2d,rows=3 cols=4096,zipf,2.0,10000,3162278,0.0007229604974438557,0.00016363112941242304
frequency,countsketch-fastpath-vector2d,rows=3 cols=4096,zipf,2.0,10000,5623413,0.0007127830750755094,9.866090137787778e-05
frequency,countsketch-fastpath-vector2d,rows=3 cols=4096,zipf,2.0,10000,10000000,0.0007164470188471333,0.00010674118362941404
frequency,countsketch-fastpath-vector2d,rows=3 cols=4096,zipf,2.0,10000,17782794,0.0006736290086815336,0.00010782284208871753
frequency,countsketch-fastpath-vector2d,rows=3 cols=4096,zipf,2.0,10000,31622777,0.0006657401153933933,6.577702389191308e-05
frequency,countsketch-fastpath-vector2d,rows=3 cols=4096,zipf,2.0,10000,56234133,0.0006084126457399998,8.84177691027389e-06
frequency,countsketch-fastpath-vector2d,rows=3 cols=4096,zipf,2.0,10000,100000000,0.0006062109054657665,1.2734707344915595e-05
frequency,countsketch-fastpath-vector2d,rows=3 cols=4096,zipf,2.0,1000000,1000,0.0,0.0
frequency,countsketch-fastpath-vector2d,rows=3 cols=4096,zipf,2.0,1000000,1778,0.0,0.0
frequency,countsketch-fastpath-vector2d,rows=3 cols=4096,zipf,2.0,1000000,3162,0.0,0.0
frequency,countsketch-fastpath-vector2d,rows=3 cols=4096,zipf,2.0,1000000,5623,0.0,0.0
frequency,countsketch-fastpath-vector2d,rows=3 cols=4096,zipf,2.0,1000000,10000,0.0,0.0
frequency,countsketch-fastpath-vector2d,rows=3 cols=4096,zipf,2.0,1000000,17783,0.0008333333333333334,0.0008333333333333334
frequency,countsketch-fastpath-vector2d,rows=3 cols=4096,zipf,2.0,1000000,31623,0.0006666666666666666,0.0006666666666666668
frequency,countsketch-fastpath-vector2d,rows=3 cols=4096,zipf,2.0,1000000,56234,0.0003530377668308703,0.00020623738402430984
frequency,countsketch-fastpath-vector2d,rows=3 cols=4096,zipf,2.0,1000000,100000,0.00043012412039244584,0.0001323771161160981
frequency,countsketch-fastpath-vector2d,rows=3 cols=4096,zipf,2.0,1000000,177828,0.0008457845787638077,0.0005414987238803302
frequency,countsketch-fastpath-vector2d,rows=3 cols=4096,zipf,2.0,1000000,316228,0.0013334084916677414,0.0002019944694257587
frequency,countsketch-fastpath-vector2d,rows=3 cols=4096,zipf,2.0,1000000,562341,0.0008260109249606431,0.0001735306818029102
frequency,countsketch-fastpath-vector2d,rows=3 cols=4096,zipf,2.0,1000000,1000000,0.0009480278165510857,0.00020921571551036716
frequency,countsketch-fastpath-vector2d,rows=3 cols=4096,zipf,2.0,1000000,1778279,0.0010291180302633843,3.8969875571905715e-05
frequency,countsketch-fastpath-vector2d,rows=3 cols=4096,zipf,2.0,1000000,3162278,0.0009812004043727172,0.0001609209877503751
frequency,countsketch-fastpath-vector2d,rows=3 cols=4096,zipf,2.0,1000000,5623413,0.0008396838031317742,0.00012383587122105638
frequency,countsketch-fastpath-vector2d,rows=3 cols=4096,zipf,2.0,1000000,10000000,0.0008120357858219365,4.574814744587275e-05
frequency,countsketch-fastpath-vector2d,rows=3 cols=4096,zipf,2.0,1000000,17782794,0.000761911840013174,8.037000800741102e-05
frequency,countsketch-fastpath-vector2d,rows=3 cols=4096,zipf,2.0,1000000,31622777,0.0008092050504319932,5.2301108681114326e-05
frequency,countsketch-fastpath-vector2d,rows=3 cols=4096,zipf,2.0,1000000,56234133,0.0008187309374513184,3.623257038416442e-05
frequency,countsketch-fastpath-vector2d,rows=3 cols=4096,zipf,2.0,1000000,100000000,0.0007511904063732889,8.935501627231661e-05
frequency,countsketch-fastpath-vector2d,rows=3 cols=16384,zipf,0.0,10,1000,0.0,0.0
frequency,countsketch-fastpath-vector2d,rows=3 cols=16384,zipf,0.0,10,1778,0.0,0.0
frequency,countsketch-fastpath-vector2d,rows=3 cols=16384,zipf,0.0,10,3162,0.0,0.0
frequency,countsketch-fastpath-vector2d,rows=3 cols=16384,zipf,0.0,10,5623,0.0,0.0
frequency,countsketch-fastpath-vector2d,rows=3 cols=16384,zipf,0.0,10,10000,0.0,0.0
frequency,countsketch-fastpath-vector2d,rows=3 cols=16384,zipf,0.0,10,17783,0.0,0.0
frequency,countsketch-fastpath-vector2d,rows=3 cols=16384,zipf,0.0,10,31623,0.0,0.0
frequency,countsketch-fastpath-vector2d,rows=3 cols=16384,zipf,0.0,10,56234,0.0,0.0
frequency,countsketch-fastpath-vector2d,rows=3 cols=16384,zipf,0.0,10,100000,0.0,0.0
frequency,countsketch-fastpath-vector2d,rows=3 cols=16384,zipf,0.0,10,177828,0.0,0.0
frequency,countsketch-fastpath-vector2d,rows=3 cols=16384,zipf,0.0,10,316228,0.0,0.0
frequency,countsketch-fastpath-vector2d,rows=3 cols=16384,zipf,0.0,10,562341,0.0,0.0
frequency,countsketch-fastpath-vector2d,rows=3 cols=16384,zipf,0.0,10,1000000,0.0,0.0
frequency,countsketch-fastpath-vector2d,rows=3 cols=16384,zipf,0.0,10,1778279,0.0,0.0
frequency,countsketch-fastpath-vector2d,rows=3 cols=16384,zipf,0.0,10,3162278,0.0,0.0
frequency,countsketch-fastpath-vector2d,rows=3 cols=16384,zipf,0.0,10,5623413,0.0,0.0
frequency,countsketch-fastpath-vector2d,rows=3 cols=16384,zipf,0.0,10,10000000,0.0,0.0
frequency,countsketch-fastpath-vector2d,rows=3 cols=16384,zipf,0.0,10,17782794,0.0,0.0
frequency,countsketch-fastpath-vector2d,rows=3 cols=16384,zipf,0.0,10,31622777,0.0,0.0
frequency,countsketch-fastpath-vector2d,rows=3 cols=16384,zipf,0.0,10,56234133,0.0,0.0
frequency,countsketch-fastpath-vector2d,rows=3 cols=16384,zipf,0.0,10,100000000,0.0,0.0
frequency,countsketch-fastpath-vector2d,rows=3 cols=16384,zipf,0.0,100,1000,0.0,0.0
frequency,countsketch-fastpath-vector2d,rows=3 cols=16384,zipf,0.0,100,1778,0.0,0.0
frequency,countsketch-fastpath-vector2d,rows=3 cols=16384,zipf,0.0,100,3162,0.0,0.0
frequency,countsketch-fastpath-vector2d,rows=3 cols=16384,zipf,0.0,100,5623,0.0,0.0
frequency,countsketch-fastpath-vector2d,rows=3 cols=16384,zipf,0.0,100,10000,0.0,0.0
frequency,countsketch-fastpath-vector2d,rows=3 cols=16384,zipf,0.0,100,17783,0.0,0.0
frequency,countsketch-fastpath-vector2d,rows=3 cols=16384,zipf,0.0,100,31623,0.0,0.0
frequency,countsketch-fastpath-vector2d,rows=3 cols=16384,zipf,0.0,100,56234,0.0,0.0
frequency,countsketch-fastpath-vector2d,rows=3 cols=16384,zipf,0.0,100,100000,0.0,0.0
frequency,countsketch-fastpath-vector2d,rows=3 cols=16384,zipf,0.0,100,177828,0.0,0.0
frequency,countsketch-fastpath-vector2d,rows=3 cols=16384,zipf,0.0,100,316228,0.0,0.0
frequency,countsketch-fastpath-vector2d,rows=3 cols=16384,zipf,0.0,100,562341,0.0,0.0
frequency,countsketch-fastpath-vector2d,rows=3 cols=16384,zipf,0.0,100,1000000,0.0,0.0
frequency,countsketch-fastpath-vector2d,rows=3 cols=16384,zipf,0.0,100,1778279,0.0,0.0
frequency,countsketch-fastpath-vector2d,rows=3 cols=16384,zipf,0.0,100,3162278,0.0,0.0
frequency,countsketch-fastpath-vector2d,rows=3 cols=16384,zipf,0.0,100,5623413,0.0,0.0
frequency,countsketch-fastpath-vector2d,rows=3 cols=16384,zipf,0.0,100,10000000,0.0,0.0
frequency,countsketch-fastpath-vector2d,rows=3 cols=16384,zipf,0.0,100,17782794,0.0,0.0
frequency,countsketch-fastpath-vector2d,rows=3 cols=16384,zipf,0.0,100,31622777,0.0,0.0
frequency,countsketch-fastpath-vector2d,rows=3 cols=16384,zipf,0.0,100,56234133,0.0,0.0
frequency,countsketch-fastpath-vector2d,rows=3 cols=16384,zipf,0.0,100,100000000,0.0,0.0
frequency,countsketch-fastpath-vector2d,rows=3 cols=16384,zipf,0.0,10000,1000,0.0033333333333333335,0.0033333333333333335
frequency,countsketch-fastpath-vector2d,rows=3 cols=16384,zipf,0.0,10000,1778,0.0033333333333333335,0.0016666666666666668
frequency,countsketch-fastpath-vector2d,rows=3 cols=16384,zipf,0.0,10000,3162,0.01333333333333333,0.0019245008972987524
frequency,countsketch-fastpath-vector2d,rows=3 cols=16384,zipf,0.0,10000,5623,0.027999999999999997,0.005551109331909688
frequency,countsketch-fastpath-vector2d,rows=3 cols=16384,zipf,0.0,10000,10000,0.03461111111111111,0.002415868322795434
frequency,countsketch-fastpath-vector2d,rows=3 cols=16384,zipf,0.0,10000,17783,0.04932142857142857,0.0029064284186408745
frequency,countsketch-fastpath-vector2d,rows=3 cols=16384,zipf,0.0,10000,31623,0.07321296296296297,0.004663643568133169
frequency,countsketch-fastpath-vector2d,rows=3 cols=16384,zipf,0.0,10000,56234,0.1070594070961718,0.01624821971325221
frequency,countsketch-fastpath-vector2d,rows=3 cols=16384,zipf,0.0,10000,100000,0.11589474657895711,0.009238850219256137
frequency,countsketch-fastpath-vector2d,rows=3 cols=16384,zipf,0.0,10000,177828,0.10184552701655036,0.0037415037967624227
frequency,countsketch-fastpath-vector2d,rows=3 cols=16384,zipf,0.0,10000,316228,0.15464238868350846,0.015624085118787075
frequency,countsketch-fastpath-vector2d,rows=3 cols=16384,zipf,0.0,10000,562341,0.1415019740540271,0.0044905729492430565
frequency,countsketch-fastpath-vector2d,rows=3 cols=16384,zipf,0.0,10000,1000000,0.14829048329304276,0.011927951068978431
frequency,countsketch-fastpath-vector2d,rows=3 cols=16384,zipf,0.0,10000,1778279,0.17696076844266925,0.01472823364854278
frequency,countsketch-fastpath-vector2d,rows=3 cols=16384,zipf,0.0,10000,3162278,0.17913071878154238,0.030746760045740056
frequency,countsketch-fastpath-vector2d,rows=3 cols=16384,zipf,0.0,10000,5623413,0.20519797492799388,0.017478043019236063
frequency,countsketch-fastpath-vector2d,rows=3 cols=16384,zipf,0.0,10000,10000000,0.176747633331966,0.015289751707711326
frequency,countsketch-fastpath-vector2d,rows=3 cols=16384,zipf,0.0,10000,17782794,0.19249185228656265,0.020019734462346454
frequency,countsketch-fastpath-vector2d,rows=3 cols=16384,zipf,0.0,10000,31622777,0.1872773011374698,0.01929038653322845
frequency,countsketch-fastpath-vector2d,rows=3 cols=16384,zipf,0.0,10000,56234133,0.16733435818015616,0.02326557536576801
frequency,countsketch-fastpath-vector2d,rows=3 cols=16384,zipf,0.0,10000,100000000,0.20394454681719823,0.019082704598799145
frequency,countsketch-fastpath-vector2d,rows=3 cols=16384,zipf,0.0,1000000,1000,0.0,0.0
frequency,countsketch-fastpath-vector2d,rows=3 cols=16384,zipf,0.0,1000000,1778,0.01,0.01
frequency,countsketch-fastpath-vector2d,rows=3 cols=16384,zipf,0.0,1000000,3162,0.043333333333333335,0.013017082793177759
frequency,countsketch-fastpath-vector2d,rows=3 cols=16384,zipf,0.0,1000000,5623,0.075,0.022546248764114468
frequency,countsketch-fastpath-vector2d,rows=3 cols=16384,zipf,0.0,1000000,10000,0.18999999999999997,0.031224989991991987
frequency,countsketch-fastpath-vector2d,rows=3 cols=16384,zipf,0.0,1000000,17783,0.21944444444444444,0.005299662230094144
frequency,countsketch-fastpath-vector2d,rows=3 cols=16384,zipf,0.0,1000000,31623,0.35388888888888886,0.03581502546952487
frequency,countsketch-fastpath-vector2d,rows=3 cols=16384,zipf,0.0,1000000,56234,0.4138888888888888,0.013922182317935202
frequency,countsketch-fastpath-vector2d,rows=3 cols=16384,zipf,0.0,1000000,100000,0.42594444444444446,0.01635721987305018
frequency,countsketch-fastpath-vector2d,rows=3 cols=16384,zipf,0.0,1000000,177828,0.5133888888888889,0.028264840961305646
frequency,countsketch-fastpath-vector2d,rows=3 cols=16384,zipf,0.0,1000000,316228,0.5334444444444445,0.021382827423939453
frequency,countsketch-fastpath-vector2d,rows=3 cols=16384,zipf,0.0,1000000,562341,0.6944285714285714,0.03928842703476694
frequency,countsketch-fastpath-vector2d,rows=3 cols=16384,zipf,0.0,1000000,1000000,0.7140873015873016,0.022767535098182308
frequency,countsketch-fastpath-vector2d,rows=3 cols=16384,zipf,0.0,1000000,1778279,0.8254604377104376,0.042664915382779105
frequency,countsketch-fastpath-vector2d,rows=3 cols=16384,zipf,0.0,1000000,3162278,1.0222313797313798,0.022046192057268644
frequency,countsketch-fastpath-vector2d,rows=3 cols=16384,zipf,0.0,1000000,5623413,1.1698626160990715,0.053256186981964375
frequency,countsketch-fastpath-vector2d,rows=3 cols=16384,zipf,0.0,1000000,10000000,1.2762906050739382,0.15409422734473643
frequency,countsketch-fastpath-vector2d,rows=3 cols=16384,zipf,0.0,1000000,17782794,1.3867842983908452,0.04703015696272067
frequency,countsketch-fastpath-vector2d,rows=3 cols=16384,zipf,0.0,1000000,31622777,1.6272332033589845,0.06957694421794952
frequency,countsketch-fastpath-vector2d,rows=3 cols=16384,zipf,0.0,1000000,56234133,1.7028273843781339,0.21284537521605718
frequency,countsketch-fastpath-vector2d,rows=3 cols=16384,zipf,0.0,1000000,100000000,1.9414812048449084,0.16584757989240118
frequency,countsketch-fastpath-vector2d,rows=3 cols=16384,zipf,0.5,10,1000,0.0,0.0
frequency,countsketch-fastpath-vector2d,rows=3 cols=16384,zipf,0.5,10,1778,0.0,0.0
frequency,countsketch-fastpath-vector2d,rows=3 cols=16384,zipf,0.5,10,3162,0.0,0.0
frequency,countsketch-fastpath-vector2d,rows=3 cols=16384,zipf,0.5,10,5623,0.0,0.0
frequency,countsketch-fastpath-vector2d,rows=3 cols=16384,zipf,0.5,10,10000,0.0,0.0
frequency,countsketch-fastpath-vector2d,rows=3 cols=16384,zipf,0.5,10,17783,0.0,0.0
frequency,countsketch-fastpath-vector2d,rows=3 cols=16384,zipf,0.5,10,31623,0.0,0.0
frequency,countsketch-fastpath-vector2d,rows=3 cols=16384,zipf,0.5,10,56234,0.0,0.0
frequency,countsketch-fastpath-vector2d,rows=3 cols=16384,zipf,0.5,10,100000,0.0,0.0
frequency,countsketch-fastpath-vector2d,rows=3 cols=16384,zipf,0.5,10,177828,0.0,0.0
frequency,countsketch-fastpath-vector2d,rows=3 cols=16384,zipf,0.5,10,316228,0.0,0.0
frequency,countsketch-fastpath-vector2d,rows=3 cols=16384,zipf,0.5,10,562341,0.0,0.0
frequency,countsketch-fastpath-vector2d,rows=3 cols=16384,zipf,0.5,10,1000000,0.0,0.0
frequency,countsketch-fastpath-vector2d,rows=3 cols=16384,zipf,0.5,10,1778279,0.0,0.0
frequency,countsketch-fastpath-vector2d,rows=3 cols=16384,zipf,0.5,10,3162278,0.0,0.0
frequency,countsketch-fastpath-vector2d,rows=3 cols=16384,zipf,0.5,10,5623413,0.0,0.0
frequency,countsketch-fastpath-vector2d,rows=3 cols=16384,zipf,0.5,10,10000000,0.0,0.0
frequency,countsketch-fastpath-vector2d,rows=3 cols=16384,zipf,0.5,10,17782794,0.0,0.0
frequency,countsketch-fastpath-vector2d,rows=3 cols=16384,zipf,0.5,10,31622777,0.0,0.0
frequency,countsketch-fastpath-vector2d,rows=3 cols=16384,zipf,0.5,10,56234133,0.0,0.0
frequency,countsketch-fastpath-vector2d,rows=3 cols=16384,zipf,0.5,10,100000000,0.0,0.0
frequency,countsketch-fastpath-vector2d,rows=3 cols=16384,zipf,0.5,100,1000,0.0,0.0
frequency,countsketch-fastpath-vector2d,rows=3 cols=16384,zipf,0.5,100,1778,0.0,0.0
frequency,countsketch-fastpath-vector2d,rows=3 cols=16384,zipf,0.5,100,3162,0.0,0.0
frequency,countsketch-fastpath-vector2d,rows=3 cols=16384,zipf,0.5,100,5623,0.0,0.0
frequency,countsketch-fastpath-vector2d,rows=3 cols=16384,zipf,0.5,100,10000,0.0,0.0
frequency,countsketch-fastpath-vector2d,rows=3 cols=16384,zipf,0.5,100,17783,0.0,0.0
frequency,countsketch-fastpath-vector2d,rows=3 cols=16384,zipf,0.5,100,31623,0.0,0.0
frequency,countsketch-fastpath-vector2d,rows=3 cols=16384,zipf,0.5,100,56234,0.0,0.0
frequency,countsketch-fastpath-vector2d,rows=3 cols=16384,zipf,0.5,100,100000,0.0,0.0
frequency,countsketch-fastpath-vector2d,rows=3 cols=16384,zipf,0.5,100,177828,0.0,0.0
frequency,countsketch-fastpath-vector2d,rows=3 cols=16384,zipf,0.5,100,316228,0.0,0.0
frequency,countsketch-fastpath-vector2d,rows=3 cols=16384,zipf,0.5,100,562341,0.0,0.0
frequency,countsketch-fastpath-vector2d,rows=3 cols=16384,zipf,0.5,100,1000000,0.0,0.0
frequency,countsketch-fastpath-vector2d,rows=3 cols=16384,zipf,0.5,100,1778279,0.0,0.0
frequency,countsketch-fastpath-vector2d,rows=3 cols=16384,zipf,0.5,100,3162278,0.0,0.0
frequency,countsketch-fastpath-vector2d,rows=3 cols=16384,zipf,0.5,100,5623413,0.0,0.0
frequency,countsketch-fastpath-vector2d,rows=3 cols=16384,zipf,0.5,100,10000000,0.0,0.0
frequency,countsketch-fastpath-vector2d,rows=3 cols=16384,zipf,0.5,100,17782794,0.0,0.0
frequency,countsketch-fastpath-vector2d,rows=3 cols=16384,zipf,0.5,100,31622777,0.0,0.0
frequency,countsketch-fastpath-vector2d,rows=3 cols=16384,zipf,0.5,100,56234133,0.0,0.0
frequency,countsketch-fastpath-vector2d,rows=3 cols=16384,zipf,0.5,100,100000000,0.0,0.0
frequency,countsketch-fastpath-vector2d,rows=3 cols=16384,zipf,0.5,10000,1000,0.0,0.0
frequency,countsketch-fastpath-vector2d,rows=3 cols=16384,zipf,0.5,10000,1778,0.005,0.002886751345948129
frequency,countsketch-fastpath-vector2d,rows=3 cols=16384,zipf,0.5,10000,3162,0.009555555555555555,0.0019751543149590196
frequency,countsketch-fastpath-vector2d,rows=3 cols=16384,zipf,0.5,10000,5623,0.01125925925925926,0.0054979731893373355
frequency,countsketch-fastpath-vector2d,rows=3 cols=16384,zipf,0.5,10000,10000,0.018452501202501203,0.0022915459740443568
frequency,countsketch-fastpath-vector2d,rows=3 cols=16384,zipf,0.5,10000,17783,0.014297402122324722,0.000963814995710403
frequency,countsketch-fastpath-vector2d,rows=3 cols=16384,zipf,0.5,10000,31623,0.018254901965057305,0.0034520267371985222
frequency,countsketch-fastpath-vector2d,rows=3 cols=16384,zipf,0.5,10000,56234,0.021701629296111507,0.0034365204155670324
frequency,countsketch-fastpath-vector2d,rows=3 cols=16384,zipf,0.5,10000,100000,0.026478494573201877,0.0021105939937032894
frequency,countsketch-fastpath-vector2d,rows=3 cols=16384,zipf,0.5,10000,177828,0.02406750438309738,0.0007756946840172019
frequency,countsketch-fastpath-vector2d,rows=3 cols=16384,zipf,0.5,10000,316228,0.027539638503600944,0.001531966366179742
frequency,countsketch-fastpath-vector2d,rows=3 cols=16384,zipf,0.5,10000,562341,0.02549206352999932,0.0005373374549277823
frequency,countsketch-fastpath-vector2d,rows=3 cols=16384,zipf,0.5,10000,1000000,0.027595895611342375,0.0007403651231737709
frequency,countsketch-fastpath-vector2d,rows=3 cols=16384,zipf,0.5,10000,1778279,0.029467852902934688,0.0007704367825006362
frequency,countsketch-fastpath-vector2d,rows=3 cols=16384,zipf,0.5,10000,3162278,0.02843937298776224,0.0009322364018099808
frequency,countsketch-fastpath-vector2d,rows=3 cols=16384,zipf,0.5,10000,5623413,0.02940532574492263,0.0005462972864596939
frequency,countsketch-fastpath-vector2d,rows=3 cols=16384,zipf,0.5,10000,10000000,0.02816957774566431,0.0011560677922260415
frequency,countsketch-fastpath-vector2d,rows=3 cols=16384,zipf,0.5,10000,17782794,0.027246291350951263,0.0007140198501306463
frequency,countsketch-fastpath-vector2d,rows=3 cols=16384,zipf,0.5,10000,31622777,0.028114368174664974,0.00046095068966712973
frequency,countsketch-fastpath-vector2d,rows=3 cols=16384,zipf,0.5,10000,56234133,0.028064047504286843,0.0004495539506188137
frequency,countsketch-fastpath-vector2d,rows=3 cols=16384,zipf,0.5,10000,100000000,0.027620830340289993,0.00045682471322051866
frequency,countsketch-fastpath-vector2d,rows=3 cols=16384,zipf,0.5,1000000,1000,0.006666666666666667,0.006666666666666667
frequency,countsketch-fastpath-vector2d,rows=3 cols=16384,zipf,0.5,1000000,1778,0.023333333333333334,0.006666666666666666
frequency,countsketch-fastpath-vector2d,rows=3 cols=16384,zipf,0.5,1000000,3162,0.053333333333333344,0.00881917103688197
frequency,countsketch-fastpath-vector2d,rows=3 cols=16384,zipf,0.5,1000000,5623,0.075,0.014433756729740645
frequency,countsketch-fastpath-vector2d,rows=3 cols=16384,zipf,0.5,1000000,10000,0.09055555555555554,0.0005555555555555545
frequency,countsketch-fastpath-vector2d,rows=3 cols=16384,zipf,0.5,1000000,17783,0.16886111111111113,0.017333889770270873
frequency,countsketch-fastpath-vector2d,rows=3 cols=16384,zipf,0.5,1000000,31623,0.19408730158730159,0.010245386231248816
frequency,countsketch-fastpath-vector2d,rows=3 cols=16384,zipf,0.5,1000000,56234,0.17416078864482795,0.005946128169204465
frequency,countsketch-fastpath-vector2d,rows=3 cols=16384,zipf,0.5,1000000,100000,0.14043912462295285,0.009019813257300759
frequency,countsketch-fastpath-vector2d,rows=3 cols=16384,zipf,0.5,1000000,177828,0.12434285980873501,0.007998288315356825
frequency,countsketch-fastpath-vector2d,rows=3 cols=16384,zipf,0.5,1000000,316228,0.11132038042439081,0.005331518836303258
frequency,countsketch-fastpath-vector2d,rows=3 cols=16384,zipf,0.5,1000000,562341,0.10818504941571348,0.0030180157667580366
frequency,countsketch-fastpath-vector2d,rows=3 cols=16384,zipf,0.5,1000000,1000000,0.09997238103185511,0.004649706030875775
frequency,countsketch-fastpath-vector2d,rows=3 cols=16384,zipf,0.5,1000000,1778279,0.08831939943861193,0.0027330624433354956
frequency,countsketch-fastpath-vector2d,rows=3 cols=16384,zipf,0.5,1000000,3162278,0.08450968025183753,0.001149266658154192
frequency,countsketch-fastpath-vector2d,rows=3 cols=16384,zipf,0.5,1000000,5623413,0.08640485603140852,0.001720060485588707
frequency,countsketch-fastpath-vector2d,rows=3 cols=16384,zipf,0.5,1000000,10000000,0.0811607785584334,0.000706436889424455
frequency,countsketch-fastpath-vector2d,rows=3 cols=16384,zipf,0.5,1000000,17782794,0.07978559587487837,0.0003383476867067639
frequency,countsketch-fastpath-vector2d,rows=3 cols=16384,zipf,0.5,1000000,31622777,0.0774960898484844,0.00012591797428018807
frequency,countsketch-fastpath-vector2d,rows=3 cols=16384,zipf,0.5,1000000,56234133,0.07901832524837243,0.0003398481413147485
frequency,countsketch-fastpath-vector2d,rows=3 cols=16384,zipf,0.5,1000000,100000000,0.07979937320548074,0.0003348575620307925
frequency,countsketch-fastpath-vector2d,rows=3 cols=16384,zipf,1.0,10,1000,0.0,0.0
frequency,countsketch-fastpath-vector2d,rows=3 cols=16384,zipf,1.0,10,1778,0.0,0.0
frequency,countsketch-fastpath-vector2d,rows=3 cols=16384,zipf,1.0,10,3162,0.0,0.0
frequency,countsketch-fastpath-vector2d,rows=3 cols=16384,zipf,1.0,10,5623,0.0,0.0
frequency,countsketch-fastpath-vector2d,rows=3 cols=16384,zipf,1.0,10,10000,0.0,0.0
frequency,countsketch-fastpath-vector2d,rows=3 cols=16384,zipf,1.0,10,17783,0.0,0.0
frequency,countsketch-fastpath-vector2d,rows=3 cols=16384,zipf,1.0,10,31623,0.0,0.0
frequency,countsketch-fastpath-vector2d,rows=3 cols=16384,zipf,1.0,10,56234,0.0,0.0
frequency,countsketch-fastpath-vector2d,rows=3 cols=16384,zipf,1.0,10,100000,0.0,0.0
frequency,countsketch-fastpath-vector2d,rows=3 cols=16384,zipf,1.0,10,177828,0.0,0.0
frequency,countsketch-fastpath-vector2d,rows=3 cols=16384,zipf,1.0,10,316228,0.0,0.0
frequency,countsketch-fastpath-vector2d,rows=3 cols=16384,zipf,1.0,10,562341,0.0,0.0
frequency,countsketch-fastpath-vector2d,rows=3 cols=16384,zipf,1.0,10,1000000,0.0,0.0
frequency,countsketch-fastpath-vector2d,rows=3 cols=16384,zipf,1.0,10,1778279,0.0,0.0
frequency,countsketch-fastpath-vector2d,rows=3 cols=16384,zipf,1.0,10,3162278,0.0,0.0
frequency,countsketch-fastpath-vector2d,rows=3 cols=16384,zipf,1.0,10,5623413,0.0,0.0
frequency,countsketch-fastpath-vector2d,rows=3 cols=16384,zipf,1.0,10,10000000,0.0,0.0
frequency,countsketch-fastpath-vector2d,rows=3 cols=16384,zipf,1.0,10,17782794,0.0,0.0
frequency,countsketch-fastpath-vector2d,rows=3 cols=16384,zipf,1.0,10,31622777,0.0,0.0
frequency,countsketch-fastpath-vector2d,rows=3 cols=16384,zipf,1.0,10,56234133,0.0,0.0
frequency,countsketch-fastpath-vector2d,rows=3 cols=16384,zipf,1.0,10,100000000,0.0,0.0
frequency,countsketch-fastpath-vector2d,rows=3 cols=16384,zipf,1.0,100,1000,0.0,0.0
frequency,countsketch-fastpath-vector2d,rows=3 cols=16384,zipf,1.0,100,1778,0.0,0.0
frequency,countsketch-fastpath-vector2d,rows=3 cols=16384,zipf,1.0,100,3162,0.0,0.0
frequency,countsketch-fastpath-vector2d,rows=3 cols=16384,zipf,1.0,100,5623,0.0,0.0
frequency,countsketch-fastpath-vector2d,rows=3 cols=16384,zipf,1.0,100,10000,0.0,0.0
frequency,countsketch-fastpath-vector2d,rows=3 cols=16384,zipf,1.0,100,17783,0.0,0.0
frequency,countsketch-fastpath-vector2d,rows=3 cols=16384,zipf,1.0,100,31623,0.0,0.0
frequency,countsketch-fastpath-vector2d,rows=3 cols=16384,zipf,1.0,100,56234,0.0,0.0
frequency,countsketch-fastpath-vector2d,rows=3 cols=16384,zipf,1.0,100,100000,0.0,0.0
frequency,countsketch-fastpath-vector2d,rows=3 cols=16384,zipf,1.0,100,177828,0.0,0.0
frequency,countsketch-fastpath-vector2d,rows=3 cols=16384,zipf,1.0,100,316228,0.0,0.0
frequency,countsketch-fastpath-vector2d,rows=3 cols=16384,zipf,1.0,100,562341,0.0,0.0
frequency,countsketch-fastpath-vector2d,rows=3 cols=16384,zipf,1.0,100,1000000,0.0,0.0
frequency,countsketch-fastpath-vector2d,rows=3 cols=16384,zipf,1.0,100,1778279,0.0,0.0
frequency,countsketch-fastpath-vector2d,rows=3 cols=16384,zipf,1.0,100,3162278,0.0,0.0
frequency,countsketch-fastpath-vector2d,rows=3 cols=16384,zipf,1.0,100,5623413,0.0,0.0
frequency,countsketch-fastpath-vector2d,rows=3 cols=16384,zipf,1.0,100,10000000,0.0,0.0
frequency,countsketch-fastpath-vector2d,rows=3 cols=16384,zipf,1.0,100,17782794,0.0,0.0
frequency,countsketch-fastpath-vector2d,rows=3 cols=16384,zipf,1.0,100,31622777,0.0,0.0
frequency,countsketch-fastpath-vector2d,rows=3 cols=16384,zipf,1.0,100,56234133,0.0,0.0
frequency,countsketch-fastpath-vector2d,rows=3 cols=16384,zipf,1.0,100,100000000,0.0,0.0
frequency,countsketch-fastpath-vector2d,rows=3 cols=16384,zipf,1.0,10000,1000,0.0,0.0
frequency,countsketch-fastpath-vector2d,rows=3 cols=16384,zipf,1.0,10000,1778,0.0016666666666666668,0.0016666666666666668
frequency,countsketch-fastpath-vector2d,rows=3 cols=16384,zipf,1.0,10000,3162,0.0015000000000000002,0.0007637626158259734
frequency,countsketch-fastpath-vector2d,rows=3 cols=16384,zipf,1.0,10000,5623,0.002876984126984127,0.001649691520061573
frequency,countsketch-fastpath-vector2d,rows=3 cols=16384,zipf,1.0,10000,10000,0.004828916092616054,0.0006985870168419336
frequency,countsketch-fastpath-vector2d,rows=3 cols=16384,zipf,1.0,10000,17783,0.006044422730684285,0.001066446582775425
frequency,countsketch-fastpath-vector2d,rows=3 cols=16384,zipf,1.0,10000,31623,0.00721304279808702,0.0009162515920986444
frequency,countsketch-fastpath-vector2d,rows=3 cols=16384,zipf,1.0,10000,56234,0.006404146289018832,0.00027107680823513835
frequency,countsketch-fastpath-vector2d,rows=3 cols=16384,zipf,1.0,10000,100000,0.005988281956988712,0.000717994603732413
frequency,countsketch-fastpath-vector2d,rows=3 cols=16384,zipf,1.0,10000,177828,0.007098060912786346,0.0009317250257917369
frequency,countsketch-fastpath-vector2d,rows=3 cols=16384,zipf,1.0,10000,316228,0.005719122868720352,0.00029889291755259476
frequency,countsketch-fastpath-vector2d,rows=3 cols=16384,zipf,1.0,10000,562341,0.006463454251479334,0.0008374236035910738
frequency,countsketch-fastpath-vector2d,rows=3 cols=16384,zipf,1.0,10000,1000000,0.006698892761154442,0.0006653446494314535
frequency,countsketch-fastpath-vector2d,rows=3 cols=16384,zipf,1.0,10000,1778279,0.006330354505022051,0.0002869544545354641
frequency,countsketch-fastpath-vector2d,rows=3 cols=16384,zipf,1.0,10000,3162278,0.0062416048231837,0.00020327744161443819
frequency,countsketch-fastpath-vector2d,rows=3 cols=16384,zipf,1.0,10000,5623413,0.006313164812494013,0.00021460323132714345
frequency,countsketch-fastpath-vector2d,rows=3 cols=16384,zipf,1.0,10000,10000000,0.006292675775670432,0.000211664544333837
frequency,countsketch-fastpath-vector2d,rows=3 cols=16384,zipf,1.0,10000,17782794,0.006311798442641466,0.00020451619864666297
frequency,countsketch-fastpath-vector2d,rows=3 cols=16384,zipf,1.0,10000,31622777,0.006464671828176144,2.7640676057470202e-05
frequency,countsketch-fastpath-vector2d,rows=3 cols=16384,zipf,1.0,10000,56234133,0.006461167580172782,2.3144008629140514e-05
frequency,countsketch-fastpath-vector2d,rows=3 cols=16384,zipf,1.0,10000,100000000,0.006464949714732464,2.033679149000873e-05
frequency,countsketch-fastpath-vector2d,rows=3 cols=16384,zipf,1.0,1000000,1000,0.0,0.0
frequency,countsketch-fastpath-vector2d,rows=3 cols=16384,zipf,1.0,1000000,1778,0.0,0.0
frequency,countsketch-fastpath-vector2d,rows=3 cols=16384,zipf,1.0,1000000,3162,0.0013194444444444443,0.0013194444444444443
frequency,countsketch-fastpath-vector2d,rows=3 cols=16384,zipf,1.0,1000000,5623,0.003072150072150072,0.0011310950035613872
frequency,countsketch-fastpath-vector2d,rows=3 cols=16384,zipf,1.0,1000000,10000,0.0067534880940720195,0.0004339649137783522
frequency,countsketch-fastpath-vector2d,rows=3 cols=16384,zipf,1.0,1000000,17783,0.009346450755422972,0.0003367950366754118
frequency,countsketch-fastpath-vector2d,rows=3 cols=16384,zipf,1.0,1000000,31623,0.01018950068555627,0.0012759738126505015
frequency,countsketch-fastpath-vector2d,rows=3 cols=16384,zipf,1.0,1000000,56234,0.009311360101417497,0.0006885167464211956
frequency,countsketch-fastpath-vector2d,rows=3 cols=16384,zipf,1.0,1000000,100000,0.010780913989604702,0.0001579425517363418
frequency,countsketch-fastpath-vector2d,rows=3 cols=16384,zipf,1.0,1000000,177828,0.00932868685558359,0.0003212408130102654
frequency,countsketch-fastpath-vector2d,rows=3 cols=16384,zipf,1.0,1000000,316228,0.008818465803439519,0.00014491956103944938
frequency,countsketch-fastpath-vector2d,rows=3 cols=16384,zipf,1.0,1000000,562341,0.008964450454210862,0.0007091431683017108
frequency,countsketch-fastpath-vector2d,rows=3 cols=16384,zipf,1.0,1000000,1000000,0.00876900522510029,0.0005073469867535632
frequency,countsketch-fastpath-vector2d,rows=3 cols=16384,zipf,1.0,1000000,1778279,0.00816673839615391,0.0005364068175236166
frequency,countsketch-fastpath-vector2d,rows=3 cols=16384,zipf,1.0,1000000,3162278,0.008174018367348114,0.0005401529175143451
frequency,countsketch-fastpath-vector2d,rows=3 cols=16384,zipf,1.0,1000000,5623413,0.007628954236085805,0.00019543262640957972
frequency,countsketch-fastpath-vector2d,rows=3 cols=16384,zipf,1.0,1000000,10000000,0.007799117180494371,7.453151719344386e-05
frequency,countsketch-fastpath-vector2d,rows=3 cols=16384,zipf,1.0,1000000,17782794,0.007917383835640782,4.474353461598354e-05
frequency,countsketch-fastpath-vector2d,rows=3 cols=16384,zipf,1.0,1000000,31622777,0.007776522445623473,2.1539516263298196e-05
frequency,countsketch-fastpath-vector2d,rows=3 cols=16384,zipf,1.0,1000000,56234133,0.007830075058654386,3.7453528289531216e-05
frequency,countsketch-fastpath-vector2d,rows=3 cols=16384,zipf,1.0,1000000,100000000,0.0078420466912569,3.770977034387466e-05
frequency,countsketch-fastpath-vector2d,rows=3 cols=16384,zipf,1.5,10,1000,0.0,0.0
frequency,countsketch-fastpath-vector2d,rows=3 cols=16384,zipf,1.5,10,1778,0.0,0.0
frequency,countsketch-fastpath-vector2d,rows=3 cols=16384,zipf,1.5,10,3162,0.0,0.0
frequency,countsketch-fastpath-vector2d,rows=3 cols=16384,zipf,1.5,10,5623,0.0,0.0
frequency,countsketch-fastpath-vector2d,rows=3 cols=16384,zipf,1.5,10,10000,0.0,0.0
frequency,countsketch-fastpath-vector2d,rows=3 cols=16384,zipf,1.5,10,17783,0.0,0.0
frequency,countsketch-fastpath-vector2d,rows=3 cols=16384,zipf,1.5,10,31623,0.0,0.0
frequency,countsketch-fastpath-vector2d,rows=3 cols=16384,zipf,1.5,10,56234,0.0,0.0
frequency,countsketch-fastpath-vector2d,rows=3 cols=16384,zipf,1.5,10,100000,0.0,0.0
frequency,countsketch-fastpath-vector2d,rows=3 cols=16384,zipf,1.5,10,177828,0.0,0.0
frequency,countsketch-fastpath-vector2d,rows=3 cols=16384,zipf,1.5,10,316228,0.0,0.0
frequency,countsketch-fastpath-vector2d,rows=3 cols=16384,zipf,1.5,10,562341,0.0,0.0
frequency,countsketch-fastpath-vector2d,rows=3 cols=16384,zipf,1.5,10,1000000,0.0,0.0
frequency,countsketch-fastpath-vector2d,rows=3 cols=16384,zipf,1.5,10,1778279,0.0,0.0
frequency,countsketch-fastpath-vector2d,rows=3 cols=16384,zipf,1.5,10,3162278,0.0,0.0
frequency,countsketch-fastpath-vector2d,rows=3 cols=16384,zipf,1.5,10,5623413,0.0,0.0
frequency,countsketch-fastpath-vector2d,rows=3 cols=16384,zipf,1.5,10,10000000,0.0,0.0
frequency,countsketch-fastpath-vector2d,rows=3 cols=16384,zipf,1.5,10,17782794,0.0,0.0
frequency,countsketch-fastpath-vector2d,rows=3 cols=16384,zipf,1.5,10,31622777,0.0,0.0
frequency,countsketch-fastpath-vector2d,rows=3 cols=16384,zipf,1.5,10,56234133,0.0,0.0
frequency,countsketch-fastpath-vector2d,rows=3 cols=16384,zipf,1.5,10,100000000,0.0,0.0
frequency,countsketch-fastpath-vector2d,rows=3 cols=16384,zipf,1.5,100,1000,0.0,0.0
frequency,countsketch-fastpath-vector2d,rows=3 cols=16384,zipf,1.5,100,1778,0.0,0.0
frequency,countsketch-fastpath-vector2d,rows=3 cols=16384,zipf,1.5,100,3162,0.0,0.0
frequency,countsketch-fastpath-vector2d,rows=3 cols=16384,zipf,1.5,100,5623,0.0,0.0
frequency,countsketch-fastpath-vector2d,rows=3 cols=16384,zipf,1.5,100,10000,0.0,0.0
frequency,countsketch-fastpath-vector2d,rows=3 cols=16384,zipf,1.5,100,17783,0.0,0.0
frequency,countsketch-fastpath-vector2d,rows=3 cols=16384,zipf,1.5,100,31623,0.0,0.0
frequency,countsketch-fastpath-vector2d,rows=3 cols=16384,zipf,1.5,100,56234,0.0,0.0
frequency,countsketch-fastpath-vector2d,rows=3 cols=16384,zipf,1.5,100,100000,0.0,0.0
frequency,countsketch-fastpath-vector2d,rows=3 cols=16384,zipf,1.5,100,177828,0.0,0.0
frequency,countsketch-fastpath-vector2d,rows=3 cols=16384,zipf,1.5,100,316228,0.0,0.0
frequency,countsketch-fastpath-vector2d,rows=3 cols=16384,zipf,1.5,100,562341,0.0,0.0
frequency,countsketch-fastpath-vector2d,rows=3 cols=16384,zipf,1.5,100,1000000,0.0,0.0
frequency,countsketch-fastpath-vector2d,rows=3 cols=16384,zipf,1.5,100,1778279,0.0,0.0
frequency,countsketch-fastpath-vector2d,rows=3 cols=16384,zipf,1.5,100,3162278,0.0,0.0
frequency,countsketch-fastpath-vector2d,rows=3 cols=16384,zipf,1.5,100,5623413,0.0,0.0
frequency,countsketch-fastpath-vector2d,rows=3 cols=16384,zipf,1.5,100,10000000,0.0,0.0
frequency,countsketch-fastpath-vector2d,rows=3 cols=16384,zipf,1.5,100,17782794,0.0,0.0
frequency,countsketch-fastpath-vector2d,rows=3 cols=16384,zipf,1.5,100,31622777,0.0,0.0
frequency,countsketch-fastpath-vector2d,rows=3 cols=16384,zipf,1.5,100,56234133,0.0,0.0
frequency,countsketch-fastpath-vector2d,rows=3 cols=16384,zipf,1.5,100,100000000,0.0,0.0
frequency,countsketch-fastpath-vector2d,rows=3 cols=16384,zipf,1.5,10000,1000,0.0,0.0
frequency,countsketch-fastpath-vector2d,rows=3 cols=16384,zipf,1.5,10000,1778,0.0,0.0
frequency,countsketch-fastpath-vector2d,rows=3 cols=16384,zipf,1.5,10000,3162,0.0,0.0
frequency,countsketch-fastpath-vector2d,rows=3 cols=16384,zipf,1.5,10000,5623,0.0,0.0
frequency,countsketch-fastpath-vector2d,rows=3 cols=16384,zipf,1.5,10000,10000,0.0,0.0
frequency,countsketch-fastpath-vector2d,rows=3 cols=16384,zipf,1.5,10000,17783,0.000815850815850816,0.00044655580560997707
frequency,countsketch-fastpath-vector2d,rows=3 cols=16384,zipf,1.5,10000,31623,0.0006212121212121212,0.00039828604327560345
frequency,countsketch-fastpath-vector2d,rows=3 cols=16384,zipf,1.5,10000,56234,0.0011263886301797167,0.00019376182469850703
frequency,countsketch-fastpath-vector2d,rows=3 cols=16384,zipf,1.5,10000,100000,0.0021494798932706065,0.0005750161461847165
frequency,countsketch-fastpath-vector2d,rows=3 cols=16384,zipf,1.5,10000,177828,0.0025165252734229504,0.0005748896645334754
frequency,countsketch-fastpath-vector2d,rows=3 cols=16384,zipf,1.5,10000,316228,0.00266731362926834,0.0004974977967581894
frequency,countsketch-fastpath-vector2d,rows=3 cols=16384,zipf,1.5,10000,562341,0.002629287595153608,0.00024355586274110112
frequency,countsketch-fastpath-vector2d,rows=3 cols=16384,zipf,1.5,10000,1000000,0.002774623240538586,0.0002281962166421105
frequency,countsketch-fastpath-vector2d,rows=3 cols=16384,zipf,1.5,10000,1778279,0.0027554278984507287,0.0001696784784034942
frequency,countsketch-fastpath-vector2d,rows=3 cols=16384,zipf,1.5,10000,3162278,0.0025911788704750366,6.312841302029519e-05
frequency,countsketch-fastpath-vector2d,rows=3 cols=16384,zipf,1.5,10000,5623413,0.0024392953186825276,6.075886812967498e-06
frequency,countsketch-fastpath-vector2d,rows=3 cols=16384,zipf,1.5,10000,10000000,0.002403454735975323,4.0588539528143934e-05
frequency,countsketch-fastpath-vector2d,rows=3 cols=16384,zipf,1.5,10000,17782794,0.0024304734703550837,3.509243948625433e-05
frequency,countsketch-fastpath-vector2d,rows=3 cols=16384,zipf,1.5,10000,31622777,0.00238299329052438,3.477284733885145e-05
frequency,countsketch-fastpath-vector2d,rows=3 cols=16384,zipf,1.5,10000,56234133,0.002469322615938844,9.745916237293591e-06
frequency,countsketch-fastpath-vector2d,rows=3 cols=16384,zipf,1.5,10000,100000000,0.0024780313087690528,1.2316222459804359e-05
frequency,countsketch-fastpath-vector2d,rows=3 cols=16384,zipf,1.5,1000000,1000,0.0,0.0
frequency,countsketch-fastpath-vector2d,rows=3 cols=16384,zipf,1.5,1000000,1778,0.0033333333333333335,0.0033333333333333335
frequency,countsketch-fastpath-vector2d,rows=3 cols=16384,zipf,1.5,1000000,3162,0.00037037037037037035,0.0003703703703703704
frequency,countsketch-fastpath-vector2d,rows=3 cols=16384,zipf,1.5,1000000,5623,0.0024444444444444444,0.0012372809695177826
frequency,countsketch-fastpath-vector2d,rows=3 cols=16384,zipf,1.5,1000000,10000,0.0021418128654970762,0.001073168130438522
frequency,countsketch-fastpath-vector2d,rows=3 cols=16384,zipf,1.5,1000000,17783,0.0018414476901871858,0.0009309062923485718
frequency,countsketch-fastpath-vector2d,rows=3 cols=16384,zipf,1.5,1000000,31623,0.0017005845501081621,0.0004762878395549998
frequency,countsketch-fastpath-vector2d,rows=3 cols=16384,zipf,1.5,1000000,56234,0.0015817481927223418,0.001208619297120772
frequency,countsketch-fastpath-vector2d,rows=3 cols=16384,zipf,1.5,1000000,100000,0.002803456694434839,0.0008844442921972776
frequency,countsketch-fastpath-vector2d,rows=3 cols=16384,zipf,1.5,1000000,177828,0.00229422782356994,0.00038291439363564186
frequency,countsketch-fastpath-vector2d,rows=3 cols=16384,zipf,1.5,1000000,316228,0.003014791157594661,0.0004493501324435778
frequency,countsketch-fastpath-vector2d,rows=3 cols=16384,zipf,1.5,1000000,562341,0.002716018195715583,0.00024220040865403008
frequency,countsketch-fastpath-vector2d,rows=3 cols=16384,zipf,1.5,1000000,1000000,0.0024856324775062804,0.00020597133254340104
frequency,countsketch-fastpath-vector2d,rows=3 cols=16384,zipf,1.5,1000000,1778279,0.0024199041129936622,0.00012904187081740683
frequency,countsketch-fastpath-vector2d,rows=3 cols=16384,zipf,1.5,1000000,3162278,0.0025036199731738006,0.00012035458165752308
frequency,countsketch-fastpath-vector2d,rows=3 cols=16384,zipf,1.5,1000000,5623413,0.0025094825444626372,5.386889771207372e-05
frequency,countsketch-fastpath-vector2d,rows=3 cols=16384,zipf,1.5,1000000,10000000,0.0025102694008159554,2.2858514162172216e-05
frequency,countsketch-fastpath-vector2d,rows=3 cols=16384,zipf,1.5,1000000,17782794,0.0025156225432225033,2.229432902544615e-05
frequency,countsketch-fastpath-vector2d,rows=3 cols=16384,zipf,1.5,1000000,31622777,0.002554908137058095,3.95941118881633e-05
frequency,countsketch-fastpath-vector2d,rows=3 cols=16384,zipf,1.5,1000000,56234133,0.002568066019737377,1.4878423474443792e-05
frequency,countsketch-fastpath-vector2d,rows=3 cols=16384,zipf,1.5,1000000,100000000,0.002561003271056486,4.755374910940464e-06
frequency,countsketch-fastpath-vector2d,rows=3 cols=16384,zipf,2.0,10,1000,0.0,0.0
frequency,countsketch-fastpath-vector2d,rows=3 cols=16384,zipf,2.0,10,1778,0.0,0.0
frequency,countsketch-fastpath-vector2d,rows=3 cols=16384,zipf,2.0,10,3162,0.0,0.0
frequency,countsketch-fastpath-vector2d,rows=3 cols=16384,zipf,2.0,10,5623,0.0,0.0
frequency,countsketch-fastpath-vector2d,rows=3 cols=16384,zipf,2.0,10,10000,0.0,0.0
frequency,countsketch-fastpath-vector2d,rows=3 cols=16384,zipf,2.0,10,17783,0.0,0.0
frequency,countsketch-fastpath-vector2d,rows=3 cols=16384,zipf,2.0,10,31623,0.0,0.0
frequency,countsketch-fastpath-vector2d,rows=3 cols=16384,zipf,2.0,10,56234,0.0,0.0
frequency,countsketch-fastpath-vector2d,rows=3 cols=16384,zipf,2.0,10,100000,0.0,0.0
frequency,countsketch-fastpath-vector2d,rows=3 cols=16384,zipf,2.0,10,177828,0.0,0.0
frequency,countsketch-fastpath-vector2d,rows=3 cols=16384,zipf,2.0,10,316228,0.0,0.0
frequency,countsketch-fastpath-vector2d,rows=3 cols=16384,zipf,2.0,10,562341,0.0,0.0
frequency,countsketch-fastpath-vector2d,rows=3 cols=16384,zipf,2.0,10,1000000,0.0,0.0
frequency,countsketch-fastpath-vector2d,rows=3 cols=16384,zipf,2.0,10,1778279,0.0,0.0
frequency,countsketch-fastpath-vector2d,rows=3 cols=16384,zipf,2.0,10,3162278,0.0,0.0
frequency,countsketch-fastpath-vector2d,rows=3 cols=16384,zipf,2.0,10,5623413,0.0,0.0
frequency,countsketch-fastpath-vector2d,rows=3 cols=16384,zipf,2.0,10,10000000,0.0,0.0
frequency,countsketch-fastpath-vector2d,rows=3 cols=16384,zipf,2.0,10,17782794,0.0,0.0
frequency,countsketch-fastpath-vector2d,rows=3 cols=16384,zipf,2.0,10,31622777,0.0,0.0
frequency,countsketch-fastpath-vector2d,rows=3 cols=16384,zipf,2.0,10,56234133,0.0,0.0
frequency,countsketch-fastpath-vector2d,rows=3 cols=16384,zipf,2.0,10,100000000,0.0,0.0
frequency,countsketch-fastpath-vector2d,rows=3 cols=16384,zipf,2.0,100,1000,0.0,0.0
frequency,countsketch-fastpath-vector2d,rows=3 cols=16384,zipf,2.0,100,1778,0.0,0.0
frequency,countsketch-fastpath-vector2d,rows=3 cols=16384,zipf,2.0,100,3162,0.0,0.0
frequency,countsketch-fastpath-vector2d,rows=3 cols=16384,zipf,2.0,100,5623,0.0,0.0
frequency,countsketch-fastpath-vector2d,rows=3 cols=16384,zipf,2.0,100,10000,0.0,0.0
frequency,countsketch-fastpath-vector2d,rows=3 cols=16384,zipf,2.0,100,17783,0.0,0.0
frequency,countsketch-fastpath-vector2d,rows=3 cols=16384,zipf,2.0,100,31623,0.0,0.0
frequency,countsketch-fastpath-vector2d,rows=3 cols=16384,zipf,2.0,100,56234,0.0,0.0
frequency,countsketch-fastpath-vector2d,rows=3 cols=16384,zipf,2.0,100,100000,0.0,0.0
frequency,countsketch-fastpath-vector2d,rows=3 cols=16384,zipf,2.0,100,177828,0.0,0.0
frequency,countsketch-fastpath-vector2d,rows=3 cols=16384,zipf,2.0,100,316228,0.0,0.0
frequency,countsketch-fastpath-vector2d,rows=3 cols=16384,zipf,2.0,100,562341,0.0,0.0
frequency,countsketch-fastpath-vector2d,rows=3 cols=16384,zipf,2.0,100,1000000,0.0,0.0
frequency,countsketch-fastpath-vector2d,rows=3 cols=16384,zipf,2.0,100,1778279,0.0,0.0
frequency,countsketch-fastpath-vector2d,rows=3 cols=16384,zipf,2.0,100,3162278,0.0,0.0
frequency,countsketch-fastpath-vector2d,rows=3 cols=16384,zipf,2.0,100,5623413,0.0,0.0
frequency,countsketch-fastpath-vector2d,rows=3 cols=16384,zipf,2.0,100,10000000,0.0,0.0
frequency,countsketch-fastpath-vector2d,rows=3 cols=16384,zipf,2.0,100,17782794,0.0,0.0
frequency,countsketch-fastpath-vector2d,rows=3 cols=16384,zipf,2.0,100,31622777,0.0,0.0
frequency,countsketch-fastpath-vector2d,rows=3 cols=16384,zipf,2.0,100,56234133,0.0,0.0
frequency,countsketch-fastpath-vector2d,rows=3 cols=16384,zipf,2.0,100,100000000,0.0,0.0
frequency,countsketch-fastpath-vector2d,rows=3 cols=16384,zipf,2.0,10000,1000,0.0,0.0
frequency,countsketch-fastpath-vector2d,rows=3 cols=16384,zipf,2.0,10000,1778,0.0,0.0
frequency,countsketch-fastpath-vector2d,rows=3 cols=16384,zipf,2.0,10000,3162,0.0,0.0
frequency,countsketch-fastpath-vector2d,rows=3 cols=16384,zipf,2.0,10000,5623,0.0,0.0
frequency,countsketch-fastpath-vector2d,rows=3 cols=16384,zipf,2.0,10000,10000,0.0,0.0
frequency,countsketch-fastpath-vector2d,rows=3 cols=16384,zipf,2.0,10000,17783,0.0,0.0
frequency,countsketch-fastpath-vector2d,rows=3 cols=16384,zipf,2.0,10000,31623,0.0016666666666666668,0.0016666666666666668
frequency,countsketch-fastpath-vector2d,rows=3 cols=16384,zipf,2.0,10000,56234,0.0013333333333333333,0.0013333333333333335
frequency,countsketch-fastpath-vector2d,rows=3 cols=16384,zipf,2.0,10000,100000,0.0007407407407407407,0.0007407407407407408
frequency,countsketch-fastpath-vector2d,rows=3 cols=16384,zipf,2.0,10000,177828,0.0005128205128205128,0.0005128205128205128
frequency,countsketch-fastpath-vector2d,rows=3 cols=16384,zipf,2.0,10000,316228,0.0019483726150392817,0.0005269130179797141
frequency,countsketch-fastpath-vector2d,rows=3 cols=16384,zipf,2.0,10000,562341,0.0014353191239226553,0.00037394740203552105
frequency,countsketch-fastpath-vector2d,rows=3 cols=16384,zipf,2.0,10000,1000000,0.0013444671018600456,0.00011524930585776558
frequency,countsketch-fastpath-vector2d,rows=3 cols=16384,zipf,2.0,10000,1778279,0.0013141442677023494,9.780963399426296e-05
frequency,countsketch-fastpath-vector2d,rows=3 cols=16384,zipf,2.0,10000,3162278,0.0014036051685816977,6.07495089941836e-05
frequency,countsketch-fastpath-vector2d,rows=3 cols=16384,zipf,2.0,10000,5623413,0.0013121857689362478,5.15022934567803e-05
frequency,countsketch-fastpath-vector2d,rows=3 cols=16384,zipf,2.0,10000,10000000,0.0012656986311239907,2.4806714235308506e-05
frequency,countsketch-fastpath-vector2d,rows=3 cols=16384,zipf,2.0,10000,17782794,0.0012258460162215344,1.9005684681751472e-05
frequency,countsketch-fastpath-vector2d,rows=3 cols=16384,zipf,2.0,10000,31622777,0.001287654739835094,1.7376412082244034e-05
frequency,countsketch-fastpath-vector2d,rows=3 cols=16384,zipf,2.0,10000,56234133,0.0012375589186319794,3.335750378994905e-05
frequency,countsketch-fastpath-vector2d,rows=3 cols=16384,zipf,2.0,10000,100000000,0.0012480753998818164,2.100057344928442e-05
frequency,countsketch-fastpath-vector2d,rows=3 cols=16384,zipf,2.0,1000000,1000,0.0,0.0
frequency,countsketch-fastpath-vector2d,rows=3 cols=16384,zipf,2.0,1000000,1778,0.0,0.0
frequency,countsketch-fastpath-vector2d,rows=3 cols=16384,zipf,2.0,1000000,3162,0.0,0.0
frequency,countsketch-fastpath-vector2d,rows=3 cols=16384,zipf,2.0,1000000,5623,0.0,0.0
frequency,countsketch-fastpath-vector2d,rows=3 cols=16384,zipf,2.0,1000000,10000,0.0,0.0
frequency,countsketch-fastpath-vector2d,rows=3 cols=16384,zipf,2.0,1000000,17783,0.0,0.0
frequency,countsketch-fastpath-vector2d,rows=3 cols=16384,zipf,2.0,1000000,31623,0.0,0.0
frequency,countsketch-fastpath-vector2d,rows=3 cols=16384,zipf,2.0,1000000,56234,0.0,0.0
frequency,countsketch-fastpath-vector2d,rows=3 cols=16384,zipf,2.0,1000000,100000,0.0004761904761904762,0.0004761904761904762
frequency,countsketch-fastpath-vector2d,rows=3 cols=16384,zipf,2.0,1000000,177828,0.0015713698066639244,0.000577347289504212
frequency,countsketch-fastpath-vector2d,rows=3 cols=16384,zipf,2.0,1000000,316228,0.001257340058610476,0.0003530295454285873
frequency,countsketch-fastpath-vector2d,rows=3 cols=16384,zipf,2.0,1000000,562341,0.001425415857320632,0.0001361708752541755
frequency,countsketch-fastpath-vector2d,rows=3 cols=16384,zipf,2.0,1000000,1000000,0.0017043708378328465,0.00017628835689626504
frequency,countsketch-fastpath-vector2d,rows=3 cols=16384,zipf,2.0,1000000,1778279,0.001720535143770828,0.00017763719698657199
frequency,countsketch-fastpath-vector2d,rows=3 cols=16384,zipf,2.0,1000000,3162278,0.0015950629582597243,0.00019987519006990664
frequency,countsketch-fastpath-vector2d,rows=3 cols=16384,zipf,2.0,1000000,5623413,0.0014493635967281118,0.00010716222589924651
frequency,countsketch-fastpath-vector2d,rows=3 cols=16384,zipf,2.0,1000000,10000000,0.0013737648504620426,5.5661528691937066e-05
frequency,countsketch-fastpath-vector2d,rows=3 cols=16384,zipf,2.0,1000000,17782794,0.001291651795293112,5.2944934573580966e-05
frequency,countsketch-fastpath-vector2d,rows=3 cols=16384,zipf,2.0,1000000,31622777,0.00128255812379458,6.794169422549399e-05
frequency,countsketch-fastpath-vector2d,rows=3 cols=16384,zipf,2.0,1000000,56234133,0.0012622281251447032,4.642354427926898e-06
frequency,countsketch-fastpath-vector2d,rows=3 cols=16384,zipf,2.0,1000000,100000000,0.001244257296440718,2.229296795186237e-05
frequency,countsketch-fastpath-vector2d,rows=5 cols=256,zipf,0.0,10,1000,0.0,0.0
frequency,countsketch-fastpath-vector2d,rows=5 cols=256,zipf,0.0,10,1778,0.0,0.0
frequency,countsketch-fastpath-vector2d,rows=5 cols=256,zipf,0.0,10,3162,0.0,0.0
frequency,countsketch-fastpath-vector2d,rows=5 cols=256,zipf,0.0,10,5623,0.0,0.0
frequency,countsketch-fastpath-vector2d,rows=5 cols=256,zipf,0.0,10,10000,0.0,0.0
frequency,countsketch-fastpath-vector2d,rows=5 cols=256,zipf,0.0,10,17783,0.0,0.0
frequency,countsketch-fastpath-vector2d,rows=5 cols=256,zipf,0.0,10,31623,0.0,0.0
frequency,countsketch-fastpath-vector2d,rows=5 cols=256,zipf,0.0,10,56234,0.0,0.0
frequency,countsketch-fastpath-vector2d,rows=5 cols=256,zipf,0.0,10,100000,0.0,0.0
frequency,countsketch-fastpath-vector2d,rows=5 cols=256,zipf,0.0,10,177828,0.0,0.0
frequency,countsketch-fastpath-vector2d,rows=5 cols=256,zipf,0.0,10,316228,0.0,0.0
frequency,countsketch-fastpath-vector2d,rows=5 cols=256,zipf,0.0,10,562341,0.0,0.0
frequency,countsketch-fastpath-vector2d,rows=5 cols=256,zipf,0.0,10,1000000,0.0,0.0
frequency,countsketch-fastpath-vector2d,rows=5 cols=256,zipf,0.0,10,1778279,0.0,0.0
frequency,countsketch-fastpath-vector2d,rows=5 cols=256,zipf,0.0,10,3162278,0.0,0.0
frequency,countsketch-fastpath-vector2d,rows=5 cols=256,zipf,0.0,10,5623413,0.0,0.0
frequency,countsketch-fastpath-vector2d,rows=5 cols=256,zipf,0.0,10,10000000,0.0,0.0
frequency,countsketch-fastpath-vector2d,rows=5 cols=256,zipf,0.0,10,17782794,0.0,0.0
frequency,countsketch-fastpath-vector2d,rows=5 cols=256,zipf,0.0,10,31622777,0.0,0.0
frequency,countsketch-fastpath-vector2d,rows=5 cols=256,zipf,0.0,10,56234133,0.0,0.0
frequency,countsketch-fastpath-vector2d,rows=5 cols=256,zipf,0.0,10,100000000,0.0,0.0
frequency,countsketch-fastpath-vector2d,rows=5 cols=256,zipf,0.0,100,1000,0.04417568542568543,0.004683182693973517
frequency,countsketch-fastpath-vector2d,rows=5 cols=256,zipf,0.0,100,1778,0.044703559403559405,0.0053739495025701784
frequency,countsketch-fastpath-vector2d,rows=5 cols=256,zipf,0.0,100,3162,0.04111614924054264,0.002538260057132524
frequency,countsketch-fastpath-vector2d,rows=5 cols=256,zipf,0.0,100,5623,0.03952848385597337,0.0016624682698584347
frequency,countsketch-fastpath-vector2d,rows=5 cols=256,zipf,0.0,100,10000,0.04055522646439926,0.0006923709175231959
frequency,countsketch-fastpath-vector2d,rows=5 cols=256,zipf,0.0,100,17783,0.03969050807297233,0.0005948270575825867
frequency,countsketch-fastpath-vector2d,rows=5 cols=256,zipf,0.0,100,31623,0.03995308583563038,0.0006040089245581903
frequency,countsketch-fastpath-vector2d,rows=5 cols=256,zipf,0.0,100,56234,0.039973080613024424,0.00023737725194496675
frequency,countsketch-fastpath-vector2d,rows=5 cols=256,zipf,0.0,100,100000,0.03971155327031271,0.00021722008725095053
frequency,countsketch-fastpath-vector2d,rows=5 cols=256,zipf,0.0,100,177828,0.03934464495572204,6.76467738204898e-05
frequency,countsketch-fastpath-vector2d,rows=5 cols=256,zipf,0.0,100,316228,0.03948231821647648,0.00013862375759084218
frequency,countsketch-fastpath-vector2d,rows=5 cols=256,zipf,0.0,100,562341,0.03972741994792254,0.0001361979994175373
frequency,countsketch-fastpath-vector2d,rows=5 cols=256,zipf,0.0,100,1000000,0.039726215503367024,8.41517544298989e-05
frequency,countsketch-fastpath-vector2d,rows=5 cols=256,zipf,0.0,100,1778279,0.039737279289906446,0.00012911816171993563
frequency,countsketch-fastpath-vector2d,rows=5 cols=256,zipf,0.0,100,3162278,0.03984019403600564,0.00012871811439640562
frequency,countsketch-fastpath-vector2d,rows=5 cols=256,zipf,0.0,100,5623413,0.03983571921706907,0.00010613940214378454
frequency,countsketch-fastpath-vector2d,rows=5 cols=256,zipf,0.0,100,10000000,0.039897942585728485,6.98202114883141e-05
frequency,countsketch-fastpath-vector2d,rows=5 cols=256,zipf,0.0,100,17782794,0.03993700982387909,5.25162189326268e-05
frequency,countsketch-fastpath-vector2d,rows=5 cols=256,zipf,0.0,100,31622777,0.03993057345843333,3.6742067654162723e-05
frequency,countsketch-fastpath-vector2d,rows=5 cols=256,zipf,0.0,100,56234133,0.03995605520914291,2.03750781772594e-05
frequency,countsketch-fastpath-vector2d,rows=5 cols=256,zipf,0.0,100,100000000,0.039961238709624064,1.7908996082843197e-05
frequency,countsketch-fastpath-vector2d,rows=5 cols=256,zipf,0.0,10000,1000,0.5822222222222222,0.00734930919740165
frequency,countsketch-fastpath-vector2d,rows=5 cols=256,zipf,0.0,10000,1778,0.5977777777777779,0.011152699944380404
frequency,countsketch-fastpath-vector2d,rows=5 cols=256,zipf,0.0,10000,3162,0.6148333333333332,0.03486973111665972
frequency,countsketch-fastpath-vector2d,rows=5 cols=256,zipf,0.0,10000,5623,0.6545000000000001,0.03339951762792057
frequency,countsketch-fastpath-vector2d,rows=5 cols=256,zipf,0.0,10000,10000,0.7226111111111111,0.010162217283442543
frequency,countsketch-fastpath-vector2d,rows=5 cols=256,zipf,0.0,10000,17783,0.816813492063492,0.017348293378680463
frequency,countsketch-fastpath-vector2d,rows=5 cols=256,zipf,0.0,10000,31623,0.9449217819217819,0.018070546552202187
frequency,countsketch-fastpath-vector2d,rows=5 cols=256,zipf,0.0,10000,56234,0.9937200645215353,0.05352172182184765
frequency,countsketch-fastpath-vector2d,rows=5 cols=256,zipf,0.0,10000,100000,1.0836438587643393,0.028342679495876853
frequency,countsketch-fastpath-vector2d,rows=5 cols=256,zipf,0.0,10000,177828,1.180434264421396,0.0390957091699107
frequency,countsketch-fastpath-vector2d,rows=5 cols=256,zipf,0.0,10000,316228,1.2844923287993213,0.043090898404531994
frequency,countsketch-fastpath-vector2d,rows=5 cols=256,zipf,0.0,10000,562341,1.4684972468325217,0.08779302670312872
frequency,countsketch-fastpath-vector2d,rows=5 cols=256,zipf,0.0,10000,1000000,1.5072037165768755,0.044064602345139814
frequency,countsketch-fastpath-vector2d,rows=5 cols=256,zipf,0.0,10000,1778279,1.6622615608044071,0.12829351604024594
frequency,countsketch-fastpath-vector2d,rows=5 cols=256,zipf,0.0,10000,3162278,1.7377072962875948,0.12663576116194444
frequency,countsketch-fastpath-vector2d,rows=5 cols=256,zipf,0.0,10000,5623413,1.6923837875316312,0.1069997144074543
frequency,countsketch-fastpath-vector2d,rows=5 cols=256,zipf,0.0,10000,10000000,1.6128485997347342,0.07313825341338111
frequency,countsketch-fastpath-vector2d,rows=5 cols=256,zipf,0.0,10000,17782794,1.5986786138584232,0.055354169127850246
frequency,countsketch-fastpath-vector2d,rows=5 cols=256,zipf,0.0,10000,31622777,1.6880351319563687,0.08689631148864176
frequency,countsketch-fastpath-vector2d,rows=5 cols=256,zipf,0.0,10000,56234133,1.6314766187964194,0.026734179698013217
frequency,countsketch-fastpath-vector2d,rows=5 cols=256,zipf,0.0,10000,100000000,1.7650161721720996,0.05716912754058459
frequency,countsketch-fastpath-vector2d,rows=5 cols=256,zipf,0.0,1000000,1000,0.7416666666666666,0.01301708279317777
frequency,countsketch-fastpath-vector2d,rows=5 cols=256,zipf,0.0,1000000,1778,0.9233333333333332,0.030046260628866568
frequency,countsketch-fastpath-vector2d,rows=5 cols=256,zipf,0.0,1000000,3162,1.0983333333333334,0.07991314729824572
frequency,countsketch-fastpath-vector2d,rows=5 cols=256,zipf,0.0,1000000,5623,1.26,0.0756637297521078
frequency,countsketch-fastpath-vector2d,rows=5 cols=256,zipf,0.0,1000000,10000,1.3966666666666665,0.018782379449307725
frequency,countsketch-fastpath-vector2d,rows=5 cols=256,zipf,0.0,1000000,17783,1.4366666666666668,0.1573831135936904
frequency,countsketch-fastpath-vector2d,rows=5 cols=256,zipf,0.0,1000000,31623,1.711111111111111,0.1242098483203046
frequency,countsketch-fastpath-vector2d,rows=5 cols=256,zipf,0.0,1000000,56234,1.8372222222222223,0.1092242567912684
frequency,countsketch-fastpath-vector2d,rows=5 cols=256,zipf,0.0,1000000,100000,1.800666666666667,0.08966620198144772
frequency,countsketch-fastpath-vector2d,rows=5 cols=256,zipf,0.0,1000000,177828,2.377333333333333,0.1679041834345254
frequency,countsketch-fastpath-vector2d,rows=5 cols=256,zipf,0.0,1000000,316228,2.5768333333333335,0.11960656955820408
frequency,countsketch-fastpath-vector2d,rows=5 cols=256,zipf,0.0,1000000,562341,2.891111111111112,0.24557908384012106
frequency,countsketch-fastpath-vector2d,rows=5 cols=256,zipf,0.0,1000000,1000000,3.40156746031746,0.08792449356712252
frequency,countsketch-fastpath-vector2d,rows=5 cols=256,zipf,0.0,1000000,1778279,3.8992129629629626,0.4134128819849277
frequency,countsketch-fastpath-vector2d,rows=5 cols=256,zipf,0.0,1000000,3162278,4.572623931623931,0.14716705891555323
frequency,countsketch-fastpath-vector2d,rows=5 cols=256,zipf,0.0,1000000,5623413,5.059743191721133,0.4318380197503359
frequency,countsketch-fastpath-vector2d,rows=5 cols=256,zipf,0.0,1000000,10000000,6.15745748880749,0.5039533818008337
frequency,countsketch-fastpath-vector2d,rows=5 cols=256,zipf,0.0,1000000,17782794,7.795210799187373,0.5592819902457037
frequency,countsketch-fastpath-vector2d,rows=5 cols=256,zipf,0.0,1000000,31622777,9.143254783356452,0.6578856469848101
frequency,countsketch-fastpath-vector2d,rows=5 cols=256,zipf,0.0,1000000,56234133,8.354238068069568,0.30535585494483847
frequency,countsketch-fastpath-vector2d,rows=5 cols=256,zipf,0.0,1000000,100000000,11.779533439421678,0.9495735184222134
frequency,countsketch-fastpath-vector2d,rows=5 cols=256,zipf,0.5,10,1000,0.0,0.0
frequency,countsketch-fastpath-vector2d,rows=5 cols=256,zipf,0.5,10,1778,0.0,0.0
frequency,countsketch-fastpath-vector2d,rows=5 cols=256,zipf,0.5,10,3162,0.0,0.0
frequency,countsketch-fastpath-vector2d,rows=5 cols=256,zipf,0.5,10,5623,0.0,0.0
frequency,countsketch-fastpath-vector2d,rows=5 cols=256,zipf,0.5,10,10000,0.0,0.0
frequency,countsketch-fastpath-vector2d,rows=5 cols=256,zipf,0.5,10,17783,0.0,0.0
frequency,countsketch-fastpath-vector2d,rows=5 cols=256,zipf,0.5,10,31623,0.0,0.0
frequency,countsketch-fastpath-vector2d,rows=5 cols=256,zipf,0.5,10,56234,0.0,0.0
frequency,countsketch-fastpath-vector2d,rows=5 cols=256,zipf,0.5,10,100000,0.0,0.0
frequency,countsketch-fastpath-vector2d,rows=5 cols=256,zipf,0.5,10,177828,0.0,0.0
frequency,countsketch-fastpath-vector2d,rows=5 cols=256,zipf,0.5,10,316228,0.0,0.0
frequency,countsketch-fastpath-vector2d,rows=5 cols=256,zipf,0.5,10,562341,0.0,0.0
frequency,countsketch-fastpath-vector2d,rows=5 cols=256,zipf,0.5,10,1000000,0.0,0.0
frequency,countsketch-fastpath-vector2d,rows=5 cols=256,zipf,0.5,10,1778279,0.0,0.0
frequency,countsketch-fastpath-vector2d,rows=5 cols=256,zipf,0.5,10,3162278,0.0,0.0
frequency,countsketch-fastpath-vector2d,rows=5 cols=256,zipf,0.5,10,5623413,0.0,0.0
frequency,countsketch-fastpath-vector2d,rows=5 cols=256,zipf,0.5,10,10000000,0.0,0.0
frequency,countsketch-fastpath-vector2d,rows=5 cols=256,zipf,0.5,10,17782794,0.0,0.0
frequency,countsketch-fastpath-vector2d,rows=5 cols=256,zipf,0.5,10,31622777,0.0,0.0
frequency,countsketch-fastpath-vector2d,rows=5 cols=256,zipf,0.5,10,56234133,0.0,0.0
frequency,countsketch-fastpath-vector2d,rows=5 cols=256,zipf,0.5,10,100000000,0.0,0.0
frequency,countsketch-fastpath-vector2d,rows=5 cols=256,zipf,0.5,100,1000,0.0347359060692394,0.006543624509868804
frequency,countsketch-fastpath-vector2d,rows=5 cols=256,zipf,0.5,100,1778,0.03254040404040404,0.003384728758580121
frequency,countsketch-fastpath-vector2d,rows=5 cols=256,zipf,0.5,100,3162,0.03419783354783354,0.0022406054214290463
frequency,countsketch-fastpath-vector2d,rows=5 cols=256,zipf,0.5,100,5623,0.03387528049775602,0.0016452617720561175
frequency,countsketch-fastpath-vector2d,rows=5 cols=256,zipf,0.5,100,10000,0.03170229490898369,0.0007675796960201802
frequency,countsketch-fastpath-vector2d,rows=5 cols=256,zipf,0.5,100,17783,0.03085187277689876,0.0002967904550193304
frequency,countsketch-fastpath-vector2d,rows=5 cols=256,zipf,0.5,100,31623,0.031003810883950825,0.0003220266636113397
frequency,countsketch-fastpath-vector2d,rows=5 cols=256,zipf,0.5,100,56234,0.03150340728888261,0.000525808257839633
frequency,countsketch-fastpath-vector2d,rows=5 cols=256,zipf,0.5,100,100000,0.03212540105225736,0.000512952637112663
frequency,countsketch-fastpath-vector2d,rows=5 cols=256,zipf,0.5,100,177828,0.03213529724839168,0.00034008930161921654
frequency,countsketch-fastpath-vector2d,rows=5 cols=256,zipf,0.5,100,316228,0.032261637956090515,0.00032954498414410445
frequency,countsketch-fastpath-vector2d,rows=5 cols=256,zipf,0.5,100,562341,0.032294170319232464,0.0002162014017627174
frequency,countsketch-fastpath-vector2d,rows=5 cols=256,zipf,0.5,100,1000000,0.03222636411730809,0.00017660538041475212
frequency,countsketch-fastpath-vector2d,rows=5 cols=256,zipf,0.5,100,1778279,0.03207777398888545,7.396481403374572e-05
frequency,countsketch-fastpath-vector2d,rows=5 cols=256,zipf,0.5,100,3162278,0.03203561978468056,7.336147727666494e-05
frequency,countsketch-fastpath-vector2d,rows=5 cols=256,zipf,0.5,100,5623413,0.031960343420989384,6.739458462434955e-05
frequency,countsketch-fastpath-vector2d,rows=5 cols=256,zipf,0.5,100,10000000,0.03200168787816523,2.4867794880582916e-05
frequency,countsketch-fastpath-vector2d,rows=5 cols=256,zipf,0.5,100,17782794,0.032039010992139766,1.856600562680335e-05
frequency,countsketch-fastpath-vector2d,rows=5 cols=256,zipf,0.5,100,31622777,0.032021415245445106,2.1344730033552077e-05
frequency,countsketch-fastpath-vector2d,rows=5 cols=256,zipf,0.5,100,56234133,0.03202969698916882,1.9972793636443267e-05
frequency,countsketch-fastpath-vector2d,rows=5 cols=256,zipf,0.5,100,100000000,0.03202258023250881,1.1517789668078198e-05
frequency,countsketch-fastpath-vector2d,rows=5 cols=256,zipf,0.5,10000,1000,0.4494444444444445,0.014388245373855402
frequency,countsketch-fastpath-vector2d,rows=5 cols=256,zipf,0.5,10000,1778,0.4972275132275133,0.023063362033544938
frequency,countsketch-fastpath-vector2d,rows=5 cols=256,zipf,0.5,10000,3162,0.488802762052762,0.028345646827418868
frequency,countsketch-fastpath-vector2d,rows=5 cols=256,zipf,0.5,10000,5623,0.5204677173588937,0.027680081367686987
frequency,countsketch-fastpath-vector2d,rows=5 cols=256,zipf,0.5,10000,10000,0.47353528577724396,0.05091737971606698
frequency,countsketch-fastpath-vector2d,rows=5 cols=256,zipf,0.5,10000,17783,0.45857618294891084,0.026345351539921104
frequency,countsketch-fastpath-vector2d,rows=5 cols=256,zipf,0.5,10000,31623,0.44619619623208145,0.010379657439730072
frequency,countsketch-fastpath-vector2d,rows=5 cols=256,zipf,0.5,10000,56234,0.44852130112484495,0.008826135172241293
frequency,countsketch-fastpath-vector2d,rows=5 cols=256,zipf,0.5,10000,100000,0.45535470566048136,0.015064056969453937
frequency,countsketch-fastpath-vector2d,rows=5 cols=256,zipf,0.5,10000,177828,0.4723922197063333,0.013159370168154275
frequency,countsketch-fastpath-vector2d,rows=5 cols=256,zipf,0.5,10000,316228,0.4723085418868833,0.008413892068483184
frequency,countsketch-fastpath-vector2d,rows=5 cols=256,zipf,0.5,10000,562341,0.47307573604691094,0.006746013949755663
frequency,countsketch-fastpath-vector2d,rows=5 cols=256,zipf,0.5,10000,1000000,0.44862781170885674,0.0049442061545851785
frequency,countsketch-fastpath-vector2d,rows=5 cols=256,zipf,0.5,10000,1778279,0.453416399097583,0.0029474199065375258
frequency,countsketch-fastpath-vector2d,rows=5 cols=256,zipf,0.5,10000,3162278,0.4580072653556246,0.007682242158285177
frequency,countsketch-fastpath-vector2d,rows=5 cols=256,zipf,0.5,10000,5623413,0.45685058002858764,0.008025522552986015
frequency,countsketch-fastpath-vector2d,rows=5 cols=256,zipf,0.5,10000,10000000,0.459708034013177,0.005915521853072893
frequency,countsketch-fastpath-vector2d,rows=5 cols=256,zipf,0.5,10000,17782794,0.45764855058324566,0.0010220426693906483
frequency,countsketch-fastpath-vector2d,rows=5 cols=256,zipf,0.5,10000,31622777,0.4590263355129573,0.0012990437562226172
frequency,countsketch-fastpath-vector2d,rows=5 cols=256,zipf,0.5,10000,56234133,0.45697323844392335,0.0009400465146865705
frequency,countsketch-fastpath-vector2d,rows=5 cols=256,zipf,0.5,10000,100000000,0.4585995290124169,0.0005185737436328846
frequency,countsketch-fastpath-vector2d,rows=5 cols=256,zipf,0.5,1000000,1000,0.7599999999999999,0.04272001872658766
frequency,countsketch-fastpath-vector2d,rows=5 cols=256,zipf,0.5,1000000,1778,0.9277777777777777,0.018765939726727247
frequency,countsketch-fastpath-vector2d,rows=5 cols=256,zipf,0.5,1000000,3162,1.1155555555555556,0.025825865109265458
frequency,countsketch-fastpath-vector2d,rows=5 cols=256,zipf,0.5,1000000,5623,1.2236111111111112,0.09313760893178898
frequency,countsketch-fastpath-vector2d,rows=5 cols=256,zipf,0.5,1000000,10000,1.044984126984127,0.028434464483635888
frequency,countsketch-fastpath-vector2d,rows=5 cols=256,zipf,0.5,1000000,17783,1.2164821937321937,0.04903334160582341
frequency,countsketch-fastpath-vector2d,rows=5 cols=256,zipf,0.5,1000000,31623,1.174469230116289,0.12091778941487416
frequency,countsketch-fastpath-vector2d,rows=5 cols=256,zipf,0.5,1000000,56234,1.0143351804449,0.010366490415548924
frequency,countsketch-fastpath-vector2d,rows=5 cols=256,zipf,0.5,1000000,100000,0.9148594146177276,0.013921876122444414
frequency,countsketch-fastpath-vector2d,rows=5 cols=256,zipf,0.5,1000000,177828,0.8912170262111737,0.01771669674447001
frequency,countsketch-fastpath-vector2d,rows=5 cols=256,zipf,0.5,1000000,316228,0.8268616100374175,0.015770376960286218
frequency,countsketch-fastpath-vector2d,rows=5 cols=256,zipf,0.5,1000000,562341,0.7378673109216779,0.014179064886355505
frequency,countsketch-fastpath-vector2d,rows=5 cols=256,zipf,0.5,1000000,1000000,0.6709471459954851,0.017787743388736954
frequency,countsketch-fastpath-vector2d,rows=5 cols=256,zipf,0.5,1000000,1778279,0.6351007458192699,0.01972355908633458
frequency,countsketch-fastpath-vector2d,rows=5 cols=256,zipf,0.5,1000000,3162278,0.6434730891925274,0.022190651873364733
frequency,countsketch-fastpath-vector2d,rows=5 cols=256,zipf,0.5,1000000,5623413,0.59093779979716,0.011866071447887257
frequency,countsketch-fastpath-vector2d,rows=5 cols=256,zipf,0.5,1000000,10000000,0.5877697844445716,0.0045482691866825155
frequency,countsketch-fastpath-vector2d,rows=5 cols=256,zipf,0.5,1000000,17782794,0.5740876894646391,0.005515413137163864
frequency,countsketch-fastpath-vector2d,rows=5 cols=256,zipf,0.5,1000000,31622777,0.5615137035346006,0.0012103853222809049
frequency,countsketch-fastpath-vector2d,rows=5 cols=256,zipf,0.5,1000000,56234133,0.556597310065628,0.005730768222635838
frequency,countsketch-fastpath-vector2d,rows=5 cols=256,zipf,0.5,1000000,100000000,0.5654744834509797,0.002933318537124986
frequency,countsketch-fastpath-vector2d,rows=5 cols=256,zipf,1.0,10,1000,0.0,0.0
frequency,countsketch-fastpath-vector2d,rows=5 cols=256,zipf,1.0,10,1778,0.0,0.0
frequency,countsketch-fastpath-vector2d,rows=5 cols=256,zipf,1.0,10,3162,0.0,0.0
frequency,countsketch-fastpath-vector2d,rows=5 cols=256,zipf,1.0,10,5623,0.0,0.0
frequency,countsketch-fastpath-vector2d,rows=5 cols=256,zipf,1.0,10,10000,0.0,0.0
frequency,countsketch-fastpath-vector2d,rows=5 cols=256,zipf,1.0,10,17783,0.0,0.0
frequency,countsketch-fastpath-vector2d,rows=5 cols=256,zipf,1.0,10,31623,0.0,0.0
frequency,countsketch-fastpath-vector2d,rows=5 cols=256,zipf,1.0,10,56234,0.0,0.0
frequency,countsketch-fastpath-vector2d,rows=5 cols=256,zipf,1.0,10,100000,0.0,0.0
frequency,countsketch-fastpath-vector2d,rows=5 cols=256,zipf,1.0,10,177828,0.0,0.0
frequency,countsketch-fastpath-vector2d,rows=5 cols=256,zipf,1.0,10,316228,0.0,0.0
frequency,countsketch-fastpath-vector2d,rows=5 cols=256,zipf,1.0,10,562341,0.0,0.0
frequency,countsketch-fastpath-vector2d,rows=5 cols=256,zipf,1.0,10,1000000,0.0,0.0
frequency,countsketch-fastpath-vector2d,rows=5 cols=256,zipf,1.0,10,1778279,0.0,0.0
frequency,countsketch-fastpath-vector2d,rows=5 cols=256,zipf,1.0,10,3162278,0.0,0.0
frequency,countsketch-fastpath-vector2d,rows=5 cols=256,zipf,1.0,10,5623413,0.0,0.0
frequency,countsketch-fastpath-vector2d,rows=5 cols=256,zipf,1.0,10,10000000,0.0,0.0
frequency,countsketch-fastpath-vector2d,rows=5 cols=256,zipf,1.0,10,17782794,0.0,0.0
frequency,countsketch-fastpath-vector2d,rows=5 cols=256,zipf,1.0,10,31622777,0.0,0.0
frequency,countsketch-fastpath-vector2d,rows=5 cols=256,zipf,1.0,10,56234133,0.0,0.0
frequency,countsketch-fastpath-vector2d,rows=5 cols=256,zipf,1.0,10,100000000,0.0,0.0
frequency,countsketch-fastpath-vector2d,rows=5 cols=256,zipf,1.0,100,1000,0.019266113298160952,0.0027233542459035626
frequency,countsketch-fastpath-vector2d,rows=5 cols=256,zipf,1.0,100,1778,0.021679526067281168,0.001431575139282803
frequency,countsketch-fastpath-vector2d,rows=5 cols=256,zipf,1.0,100,3162,0.024523351648351645,0.002532912280998675
frequency,countsketch-fastpath-vector2d,rows=5 cols=256,zipf,1.0,100,5623,0.02356283842968625,0.0009420414618219707
frequency,countsketch-fastpath-vector2d,rows=5 cols=256,zipf,1.0,100,10000,0.024496498788191007,0.0009705955663770957
frequency,countsketch-fastpath-vector2d,rows=5 cols=256,zipf,1.0,100,17783,0.02381628348749103,0.001022455091998188
frequency,countsketch-fastpath-vector2d,rows=5 cols=256,zipf,1.0,100,31623,0.02550323971841947,0.0006657385935907066
frequency,countsketch-fastpath-vector2d,rows=5 cols=256,zipf,1.0,100,56234,0.026171608134597207,0.0005388386429583801
frequency,countsketch-fastpath-vector2d,rows=5 cols=256,zipf,1.0,100,100000,0.02672960882774288,0.0005269540617320887
frequency,countsketch-fastpath-vector2d,rows=5 cols=256,zipf,1.0,100,177828,0.026242406704982485,0.00048722580234319117
frequency,countsketch-fastpath-vector2d,rows=5 cols=256,zipf,1.0,100,316228,0.026033799040430072,0.00039943860524001225
frequency,countsketch-fastpath-vector2d,rows=5 cols=256,zipf,1.0,100,562341,0.026302465904936085,0.0002847343021247924
frequency,countsketch-fastpath-vector2d,rows=5 cols=256,zipf,1.0,100,1000000,0.026205646581631017,0.00018767654112125998
frequency,countsketch-fastpath-vector2d,rows=5 cols=256,zipf,1.0,100,1778279,0.026251548459638657,0.0001077864979808591
frequency,countsketch-fastpath-vector2d,rows=5 cols=256,zipf,1.0,100,3162278,0.026375819647678937,6.508539449322183e-05
frequency,countsketch-fastpath-vector2d,rows=5 cols=256,zipf,1.0,100,5623413,0.026409920600843625,3.5333709879976994e-05
frequency,countsketch-fastpath-vector2d,rows=5 cols=256,zipf,1.0,100,10000000,0.02648540961165108,7.46885557529619e-06
frequency,countsketch-fastpath-vector2d,rows=5 cols=256,zipf,1.0,100,17782794,0.026530649630649786,1.4658492907565071e-05
frequency,countsketch-fastpath-vector2d,rows=5 cols=256,zipf,1.0,100,31622777,0.026559883679872786,1.0494345983049507e-05
frequency,countsketch-fastpath-vector2d,rows=5 cols=256,zipf,1.0,100,56234133,0.026564581989184155,3.832937188565138e-06
frequency,countsketch-fastpath-vector2d,rows=5 cols=256,zipf,1.0,100,100000000,0.026560075103187895,1.1480544591345202e-05
frequency,countsketch-fastpath-vector2d,rows=5 cols=256,zipf,1.0,10000,1000,0.26230304788456543,0.0077145620653190725
frequency,countsketch-fastpath-vector2d,rows=5 cols=256,zipf,1.0,10000,1778,0.2447253689841069,0.009121713617166554
frequency,countsketch-fastpath-vector2d,rows=5 cols=256,zipf,1.0,10000,3162,0.2594484827610343,0.01086260623324587
frequency,countsketch-fastpath-vector2d,rows=5 cols=256,zipf,1.0,10000,5623,0.22182221677579048,0.009534190464075639
frequency,countsketch-fastpath-vector2d,rows=5 cols=256,zipf,1.0,10000,10000,0.23107869557506544,0.008278938469887299
frequency,countsketch-fastpath-vector2d,rows=5 cols=256,zipf,1.0,10000,17783,0.21683017195025647,0.003151211692426734
frequency,countsketch-fastpath-vector2d,rows=5 cols=256,zipf,1.0,10000,31623,0.21415639404875755,0.0013874220157930968
frequency,countsketch-fastpath-vector2d,rows=5 cols=256,zipf,1.0,10000,56234,0.19815928820679088,0.007779291029019443
frequency,countsketch-fastpath-vector2d,rows=5 cols=256,zipf,1.0,10000,100000,0.19969280070485576,0.007958531253018266
frequency,countsketch-fastpath-vector2d,rows=5 cols=256,zipf,1.0,10000,177828,0.2019841793569842,0.004494292474657526
frequency,countsketch-fastpath-vector2d,rows=5 cols=256,zipf,1.0,10000,316228,0.1858660391593172,0.0038604338621760896
frequency,countsketch-fastpath-vector2d,rows=5 cols=256,zipf,1.0,10000,562341,0.19702244819726614,0.004026156178085533
frequency,countsketch-fastpath-vector2d,rows=5 cols=256,zipf,1.0,10000,1000000,0.1969715281633043,0.006009050895206388
frequency,countsketch-fastpath-vector2d,rows=5 cols=256,zipf,1.0,10000,1778279,0.19414015315553557,0.0014348787594069142
frequency,countsketch-fastpath-vector2d,rows=5 cols=256,zipf,1.0,10000,3162278,0.19208118342181713,0.000779419261922043
frequency,countsketch-fastpath-vector2d,rows=5 cols=256,zipf,1.0,10000,5623413,0.1966501376013415,0.003356045727044188
frequency,countsketch-fastpath-vector2d,rows=5 cols=256,zipf,1.0,10000,10000000,0.1918659521888538,0.0005253326926928906
frequency,countsketch-fastpath-vector2d,rows=5 cols=256,zipf,1.0,10000,17782794,0.1923739959777121,0.0004405784036189749
frequency,countsketch-fastpath-vector2d,rows=5 cols=256,zipf,1.0,10000,31622777,0.19176771822799912,3.854861242134536e-05
frequency,countsketch-fastpath-vector2d,rows=5 cols=256,zipf,1.0,10000,56234133,0.19123417178257976,0.00015063315113800107
frequency,countsketch-fastpath-vector2d,rows=5 cols=256,zipf,1.0,10000,100000000,0.19126112712618581,7.775949834565524e-05
frequency,countsketch-fastpath-vector2d,rows=5 cols=256,zipf,1.0,1000000,1000,0.3614090350978259,0.025825123908275908
frequency,countsketch-fastpath-vector2d,rows=5 cols=256,zipf,1.0,1000000,1778,0.37238358830144563,0.022920255720607813
frequency,countsketch-fastpath-vector2d,rows=5 cols=256,zipf,1.0,1000000,3162,0.34972524367989566,0.014786728327164565
frequency,countsketch-fastpath-vector2d,rows=5 cols=256,zipf,1.0,1000000,5623,0.30777167505612435,0.02439057286387722
frequency,countsketch-fastpath-vector2d,rows=5 cols=256,zipf,1.0,1000000,10000,0.24980911843725404,0.008696230660459275
frequency,countsketch-fastpath-vector2d,rows=5 cols=256,zipf,1.0,1000000,17783,0.23814861591154748,0.01504867347546489
frequency,countsketch-fastpath-vector2d,rows=5 cols=256,zipf,1.0,1000000,31623,0.23209379409744,0.009912676822030907
frequency,countsketch-fastpath-vector2d,rows=5 cols=256,zipf,1.0,1000000,56234,0.23044357656554196,0.004185964958847442
frequency,countsketch-fastpath-vector2d,rows=5 cols=256,zipf,1.0,1000000,100000,0.22344189421928573,0.002771591576983438
frequency,countsketch-fastpath-vector2d,rows=5 cols=256,zipf,1.0,1000000,177828,0.2139007512868338,0.0018815372883647697
frequency,countsketch-fastpath-vector2d,rows=5 cols=256,zipf,1.0,1000000,316228,0.19927395651419008,0.004396620684049648
frequency,countsketch-fastpath-vector2d,rows=5 cols=256,zipf,1.0,1000000,562341,0.2045487856102842,0.005831277803634533
frequency,countsketch-fastpath-vector2d,rows=5 cols=256,zipf,1.0,1000000,1000000,0.2040783346995817,0.002672928702822352
frequency,countsketch-fastpath-vector2d,rows=5 cols=256,zipf,1.0,1000000,1778279,0.2029443137610153,0.0010026535757493924
frequency,countsketch-fastpath-vector2d,rows=5 cols=256,zipf,1.0,1000000,3162278,0.19801501559428203,0.00045304910646340967
frequency,countsketch-fastpath-vector2d,rows=5 cols=256,zipf,1.0,1000000,5623413,0.19809964860458126,0.0012240346445487281
frequency,countsketch-fastpath-vector2d,rows=5 cols=256,zipf,1.0,1000000,10000000,0.19759867718415314,0.000741619726320089
frequency,countsketch-fastpath-vector2d,rows=5 cols=256,zipf,1.0,1000000,17782794,0.19787318741489335,0.00044341526673820174
frequency,countsketch-fastpath-vector2d,rows=5 cols=256,zipf,1.0,1000000,31622777,0.19749660194742233,0.0001505872482278755
frequency,countsketch-fastpath-vector2d,rows=5 cols=256,zipf,1.0,1000000,56234133,0.19763663946722843,0.0001483855529903125
frequency,countsketch-fastpath-vector2d,rows=5 cols=256,zipf,1.0,1000000,100000000,0.19751545708252014,0.00028346166187207867
frequency,countsketch-fastpath-vector2d,rows=5 cols=256,zipf,1.5,10,1000,0.0,0.0
frequency,countsketch-fastpath-vector2d,rows=5 cols=256,zipf,1.5,10,1778,0.0,0.0
frequency,countsketch-fastpath-vector2d,rows=5 cols=256,zipf,1.5,10,3162,0.0,0.0
frequency,countsketch-fastpath-vector2d,rows=5 cols=256,zipf,1.5,10,5623,0.0,0.0
frequency,countsketch-fastpath-vector2d,rows=5 cols=256,zipf,1.5,10,10000,0.0,0.0
frequency,countsketch-fastpath-vector2d,rows=5 cols=256,zipf,1.5,10,17783,0.0,0.0
frequency,countsketch-fastpath-vector2d,rows=5 cols=256,zipf,1.5,10,31623,0.0,0.0
frequency,countsketch-fastpath-vector2d,rows=5 cols=256,zipf,1.5,10,56234,0.0,0.0
frequency,countsketch-fastpath-vector2d,rows=5 cols=256,zipf,1.5,10,100000,0.0,0.0
frequency,countsketch-fastpath-vector2d,rows=5 cols=256,zipf,1.5,10,177828,0.0,0.0
frequency,countsketch-fastpath-vector2d,rows=5 cols=256,zipf,1.5,10,316228,0.0,0.0
frequency,countsketch-fastpath-vector2d,rows=5 cols=256,zipf,1.5,10,562341,0.0,0.0
frequency,countsketch-fastpath-vector2d,rows=5 cols=256,zipf,1.5,10,1000000,0.0,0.0
frequency,countsketch-fastpath-vector2d,rows=5 cols=256,zipf,1.5,10,1778279,0.0,0.0
frequency,countsketch-fastpath-vector2d,rows=5 cols=256,zipf,1.5,10,3162278,0.0,0.0
frequency,countsketch-fastpath-vector2d,rows=5 cols=256,zipf,1.5,10,5623413,0.0,0.0
frequency,countsketch-fastpath-vector2d,rows=5 cols=256,zipf,1.5,10,10000000,0.0,0.0
frequency,countsketch-fastpath-vector2d,rows=5 cols=256,zipf,1.5,10,17782794,0.0,0.0
frequency,countsketch-fastpath-vector2d,rows=5 cols=256,zipf,1.5,10,31622777,0.0,0.0
frequency,countsketch-fastpath-vector2d,rows=5 cols=256,zipf,1.5,10,56234133,0.0,0.0
frequency,countsketch-fastpath-vector2d,rows=5 cols=256,zipf,1.5,10,100000000,0.0,0.0
frequency,countsketch-fastpath-vector2d,rows=5 cols=256,zipf,1.5,100,1000,0.012261098877198706,0.006448926858814194
frequency,countsketch-fastpath-vector2d,rows=5 cols=256,zipf,1.5,100,1778,0.03168203365109132,0.009680445833815412
frequency,countsketch-fastpath-vector2d,rows=5 cols=256,zipf,1.5,100,3162,0.028855073168342207,0.006985739708482886
frequency,countsketch-fastpath-vector2d,rows=5 cols=256,zipf,1.5,100,5623,0.02837694951097013,0.009154244788583572
frequency,countsketch-fastpath-vector2d,rows=5 cols=256,zipf,1.5,100,10000,0.021323933419521657,0.002361087906124679
frequency,countsketch-fastpath-vector2d,rows=5 cols=256,zipf,1.5,100,17783,0.022273476244781838,0.00248068277753824
frequency,countsketch-fastpath-vector2d,rows=5 cols=256,zipf,1.5,100,31623,0.022298340745955613,0.001862301805061638
frequency,countsketch-fastpath-vector2d,rows=5 cols=256,zipf,1.5,100,56234,0.022850855867089948,0.0006702908194105401
frequency,countsketch-fastpath-vector2d,rows=5 cols=256,zipf,1.5,100,100000,0.022932776969776903,0.00032912085807863903
frequency,countsketch-fastpath-vector2d,rows=5 cols=256,zipf,1.5,100,177828,0.023092903578274662,0.0005989403699280581
frequency,countsketch-fastpath-vector2d,rows=5 cols=256,zipf,1.5,100,316228,0.023195472538326888,9.024783206066778e-05
frequency,countsketch-fastpath-vector2d,rows=5 cols=256,zipf,1.5,100,562341,0.023240190316549687,0.00022021286430897572
frequency,countsketch-fastpath-vector2d,rows=5 cols=256,zipf,1.5,100,1000000,0.022958530286788608,0.0005062128808614794
frequency,countsketch-fastpath-vector2d,rows=5 cols=256,zipf,1.5,100,1778279,0.022625376226265894,0.00015989204481576795
frequency,countsketch-fastpath-vector2d,rows=5 cols=256,zipf,1.5,100,3162278,0.022738766872588644,8.480460726171492e-05
frequency,countsketch-fastpath-vector2d,rows=5 cols=256,zipf,1.5,100,5623413,0.022758870269358637,0.00016665472866683306
frequency,countsketch-fastpath-vector2d,rows=5 cols=256,zipf,1.5,100,10000000,0.022713812094859714,0.00014140556042968263
frequency,countsketch-fastpath-vector2d,rows=5 cols=256,zipf,1.5,100,17782794,0.022779482158929554,4.1814741717114305e-05
frequency,countsketch-fastpath-vector2d,rows=5 cols=256,zipf,1.5,100,31622777,0.022780020975655957,6.667039628318783e-05
frequency,countsketch-fastpath-vector2d,rows=5 cols=256,zipf,1.5,100,56234133,0.022774524380113265,1.4535840851855607e-05
frequency,countsketch-fastpath-vector2d,rows=5 cols=256,zipf,1.5,100,100000000,0.022772783496702868,1.9242411936624097e-05
frequency,countsketch-fastpath-vector2d,rows=5 cols=256,zipf,1.5,10000,1000,0.0874985827664399,0.007091748511072781
frequency,countsketch-fastpath-vector2d,rows=5 cols=256,zipf,1.5,10000,1778,0.11465512690984954,0.016118822410602918
frequency,countsketch-fastpath-vector2d,rows=5 cols=256,zipf,1.5,10000,3162,0.13120650147328594,0.006553417625875603
frequency,countsketch-fastpath-vector2d,rows=5 cols=256,zipf,1.5,10000,5623,0.14270768213480575,0.00355558917005882
frequency,countsketch-fastpath-vector2d,rows=5 cols=256,zipf,1.5,10000,10000,0.14253572252021207,0.012113201685283171
frequency,countsketch-fastpath-vector2d,rows=5 cols=256,zipf,1.5,10000,17783,0.12652510797379726,0.0018427933760802346
frequency,countsketch-fastpath-vector2d,rows=5 cols=256,zipf,1.5,10000,31623,0.12075736544296511,0.0017506872395408148
frequency,countsketch-fastpath-vector2d,rows=5 cols=256,zipf,1.5,10000,56234,0.12045894829028632,0.005831731423599764
frequency,countsketch-fastpath-vector2d,rows=5 cols=256,zipf,1.5,10000,100000,0.11864599527672681,0.004959105303848743
frequency,countsketch-fastpath-vector2d,rows=5 cols=256,zipf,1.5,10000,177828,0.12413394377187899,0.006812718208206783
frequency,countsketch-fastpath-vector2d,rows=5 cols=256,zipf,1.5,10000,316228,0.11594496703666764,0.003221188122717631
frequency,countsketch-fastpath-vector2d,rows=5 cols=256,zipf,1.5,10000,562341,0.11518378109775636,0.002709478983259837
frequency,countsketch-fastpath-vector2d,rows=5 cols=256,zipf,1.5,10000,1000000,0.11115294182412211,0.0027550295500076896
frequency,countsketch-fastpath-vector2d,rows=5 cols=256,zipf,1.5,10000,1778279,0.11084409636626719,0.0009364077020086137
frequency,countsketch-fastpath-vector2d,rows=5 cols=256,zipf,1.5,10000,3162278,0.10978282639114918,0.0013489174793511877
frequency,countsketch-fastpath-vector2d,rows=5 cols=256,zipf,1.5,10000,5623413,0.11100477844640005,0.0006627521834532007
frequency,countsketch-fastpath-vector2d,rows=5 cols=256,zipf,1.5,10000,10000000,0.11096848799818926,0.0003284882531552876
frequency,countsketch-fastpath-vector2d,rows=5 cols=256,zipf,1.5,10000,17782794,0.11058550193034021,0.0005441626377550527
frequency,countsketch-fastpath-vector2d,rows=5 cols=256,zipf,1.5,10000,31622777,0.11061754925849598,0.00012333059654082027
frequency,countsketch-fastpath-vector2d,rows=5 cols=256,zipf,1.5,10000,56234133,0.110600003424237,6.406763555908578e-05
frequency,countsketch-fastpath-vector2d,rows=5 cols=256,zipf,1.5,10000,100000000,0.11068926658686794,0.00011872885794752951
frequency,countsketch-fastpath-vector2d,rows=5 cols=256,zipf,1.5,1000000,1000,0.06632633844498251,0.016141157761075574
frequency,countsketch-fastpath-vector2d,rows=5 cols=256,zipf,1.5,1000000,1778,0.09867381742481511,0.015828931305905816
frequency,countsketch-fastpath-vector2d,rows=5 cols=256,zipf,1.5,1000000,3162,0.11879002332651979,0.00821158769055004
frequency,countsketch-fastpath-vector2d,rows=5 cols=256,zipf,1.5,1000000,5623,0.13391780632730893,0.010047268686387823
frequency,countsketch-fastpath-vector2d,rows=5 cols=256,zipf,1.5,1000000,10000,0.14512774819798316,0.0032449755761885506
frequency,countsketch-fastpath-vector2d,rows=5 cols=256,zipf,1.5,1000000,17783,0.13267151664113133,0.006422443237795443
frequency,countsketch-fastpath-vector2d,rows=5 cols=256,zipf,1.5,1000000,31623,0.12749485370349745,0.007734214140723826
frequency,countsketch-fastpath-vector2d,rows=5 cols=256,zipf,1.5,1000000,56234,0.11379058400153141,0.0010872695384232275
frequency,countsketch-fastpath-vector2d,rows=5 cols=256,zipf,1.5,1000000,100000,0.11343133318499776,0.005431302409470228
frequency,countsketch-fastpath-vector2d,rows=5 cols=256,zipf,1.5,1000000,177828,0.11301508694996354,0.001998913006052649
frequency,countsketch-fastpath-vector2d,rows=5 cols=256,zipf,1.5,1000000,316228,0.11446402682680455,0.0031098378552019646
frequency,countsketch-fastpath-vector2d,rows=5 cols=256,zipf,1.5,1000000,562341,0.11443892264802528,0.0032701661493105294
frequency,countsketch-fastpath-vector2d,rows=5 cols=256,zipf,1.5,1000000,1000000,0.11168436849132173,0.0032027270686522625
frequency,countsketch-fastpath-vector2d,rows=5 cols=256,zipf,1.5,1000000,1778279,0.11107323547513599,0.0009963498833260097
frequency,countsketch-fastpath-vector2d,rows=5 cols=256,zipf,1.5,1000000,3162278,0.11102564261790616,0.0006706410822217792
frequency,countsketch-fastpath-vector2d,rows=5 cols=256,zipf,1.5,1000000,5623413,0.11047281283855671,0.00018102203391688075
frequency,countsketch-fastpath-vector2d,rows=5 cols=256,zipf,1.5,1000000,10000000,0.11067073820375217,0.00019176732905884907
frequency,countsketch-fastpath-vector2d,rows=5 cols=256,zipf,1.5,1000000,17782794,0.11077361319299216,0.0001600024755209219
frequency,countsketch-fastpath-vector2d,rows=5 cols=256,zipf,1.5,1000000,31622777,0.11077396100410114,0.00015694212381219615
frequency,countsketch-fastpath-vector2d,rows=5 cols=256,zipf,1.5,1000000,56234133,0.11086262036409476,0.0001245077262696806
frequency,countsketch-fastpath-vector2d,rows=5 cols=256,zipf,1.5,1000000,100000000,0.1108416507493199,7.708772752840761e-05
frequency,countsketch-fastpath-vector2d,rows=5 cols=256,zipf,2.0,10,1000,0.0,0.0
frequency,countsketch-fastpath-vector2d,rows=5 cols=256,zipf,2.0,10,1778,0.0,0.0
frequency,countsketch-fastpath-vector2d,rows=5 cols=256,zipf,2.0,10,3162,0.0,0.0
frequency,countsketch-fastpath-vector2d,rows=5 cols=256,zipf,2.0,10,5623,0.0,0.0
frequency,countsketch-fastpath-vector2d,rows=5 cols=256,zipf,2.0,10,10000,0.0,0.0
frequency,countsketch-fastpath-vector2d,rows=5 cols=256,zipf,2.0,10,17783,0.0,0.0
frequency,countsketch-fastpath-vector2d,rows=5 cols=256,zipf,2.0,10,31623,0.0,0.0
frequency,countsketch-fastpath-vector2d,rows=5 cols=256,zipf,2.0,10,56234,0.0,0.0
frequency,countsketch-fastpath-vector2d,rows=5 cols=256,zipf,2.0,10,100000,0.0,0.0
frequency,countsketch-fastpath-vector2d,rows=5 cols=256,zipf,2.0,10,177828,0.0,0.0
frequency,countsketch-fastpath-vector2d,rows=5 cols=256,zipf,2.0,10,316228,0.0,0.0
frequency,countsketch-fastpath-vector2d,rows=5 cols=256,zipf,2.0,10,562341,0.0,0.0
frequency,countsketch-fastpath-vector2d,rows=5 cols=256,zipf,2.0,10,1000000,0.0,0.0
frequency,countsketch-fastpath-vector2d,rows=5 cols=256,zipf,2.0,10,1778279,0.0,0.0
frequency,countsketch-fastpath-vector2d,rows=5 cols=256,zipf,2.0,10,3162278,0.0,0.0
frequency,countsketch-fastpath-vector2d,rows=5 cols=256,zipf,2.0,10,5623413,0.0,0.0
frequency,countsketch-fastpath-vector2d,rows=5 cols=256,zipf,2.0,10,10000000,0.0,0.0
frequency,countsketch-fastpath-vector2d,rows=5 cols=256,zipf,2.0,10,17782794,0.0,0.0
frequency,countsketch-fastpath-vector2d,rows=5 cols=256,zipf,2.0,10,31622777,0.0,0.0
frequency,countsketch-fastpath-vector2d,rows=5 cols=256,zipf,2.0,10,56234133,0.0,0.0
frequency,countsketch-fastpath-vector2d,rows=5 cols=256,zipf,2.0,10,100000000,0.0,0.0
frequency,countsketch-fastpath-vector2d,rows=5 cols=256,zipf,2.0,100,1000,0.0,0.0
frequency,countsketch-fastpath-vector2d,rows=5 cols=256,zipf,2.0,100,1778,0.010504201680672268,0.005703450851013359
frequency,countsketch-fastpath-vector2d,rows=5 cols=256,zipf,2.0,100,3162,0.008678828081813155,0.004476929429519404
frequency,countsketch-fastpath-vector2d,rows=5 cols=256,zipf,2.0,100,5623,0.00835421888053467,0.004192744339992634
frequency,countsketch-fastpath-vector2d,rows=5 cols=256,zipf,2.0,100,10000,0.022471705001825482,0.008268962853476513
frequency,countsketch-fastpath-vector2d,rows=5 cols=256,zipf,2.0,100,17783,0.018358568642557613,0.0031313823183357643
frequency,countsketch-fastpath-vector2d,rows=5 cols=256,zipf,2.0,100,31623,0.018379891894864896,0.003911266624592013
frequency,countsketch-fastpath-vector2d,rows=5 cols=256,zipf,2.0,100,56234,0.020201238576238578,0.0030369307551586294
frequency,countsketch-fastpath-vector2d,rows=5 cols=256,zipf,2.0,100,100000,0.018640001225324523,0.0010576029901952434
frequency,countsketch-fastpath-vector2d,rows=5 cols=256,zipf,2.0,100,177828,0.019374362287152985,0.00020264761111865058
frequency,countsketch-fastpath-vector2d,rows=5 cols=256,zipf,2.0,100,316228,0.019924950248101158,0.00037047674413849963
frequency,countsketch-fastpath-vector2d,rows=5 cols=256,zipf,2.0,100,562341,0.0200711347858743,0.0006191163271491947
frequency,countsketch-fastpath-vector2d,rows=5 cols=256,zipf,2.0,100,1000000,0.02042570674568936,0.0006103432034236814
frequency,countsketch-fastpath-vector2d,rows=5 cols=256,zipf,2.0,100,1778279,0.020450054355220643,0.0002308965420688151
frequency,countsketch-fastpath-vector2d,rows=5 cols=256,zipf,2.0,100,3162278,0.02025735057119393,0.0002298569792926773
frequency,countsketch-fastpath-vector2d,rows=5 cols=256,zipf,2.0,100,5623413,0.02001040077058328,0.00010262240855093249
frequency,countsketch-fastpath-vector2d,rows=5 cols=256,zipf,2.0,100,10000000,0.019868916917948943,9.509313020488678e-05
frequency,countsketch-fastpath-vector2d,rows=5 cols=256,zipf,2.0,100,17782794,0.019887160707931117,1.50518478563013e-05
frequency,countsketch-fastpath-vector2d,rows=5 cols=256,zipf,2.0,100,31622777,0.0199016067420609,6.016867035044831e-05
frequency,countsketch-fastpath-vector2d,rows=5 cols=256,zipf,2.0,100,56234133,0.019920699843581736,2.0131067012271895e-05
frequency,countsketch-fastpath-vector2d,rows=5 cols=256,zipf,2.0,100,100000000,0.01989240776852959,5.3794656915835504e-05
frequency,countsketch-fastpath-vector2d,rows=5 cols=256,zipf,2.0,10000,1000,0.00417201540436457,0.004172015404364571
frequency,countsketch-fastpath-vector2d,rows=5 cols=256,zipf,2.0,10000,1778,0.014376319094768443,0.007536916045110395
frequency,countsketch-fastpath-vector2d,rows=5 cols=256,zipf,2.0,10000,3162,0.03812458526773379,0.009419967752231846
frequency,countsketch-fastpath-vector2d,rows=5 cols=256,zipf,2.0,10000,5623,0.044964603951718085,0.00376713966368613
frequency,countsketch-fastpath-vector2d,rows=5 cols=256,zipf,2.0,10000,10000,0.06350094992873136,0.01360766601297582
frequency,countsketch-fastpath-vector2d,rows=5 cols=256,zipf,2.0,10000,17783,0.09244603956156756,0.01797450836666497
frequency,countsketch-fastpath-vector2d,rows=5 cols=256,zipf,2.0,10000,31623,0.0839779877235412,0.005129187518815096
frequency,countsketch-fastpath-vector2d,rows=5 cols=256,zipf,2.0,10000,56234,0.08901492084777025,0.011540888654793208
frequency,countsketch-fastpath-vector2d,rows=5 cols=256,zipf,2.0,10000,100000,0.08250105060886201,0.0017258778200872514
frequency,countsketch-fastpath-vector2d,rows=5 cols=256,zipf,2.0,10000,177828,0.07856638158213701,0.0077899276470059665
frequency,countsketch-fastpath-vector2d,rows=5 cols=256,zipf,2.0,10000,316228,0.07149210669478111,0.00047386005256318513
frequency,countsketch-fastpath-vector2d,rows=5 cols=256,zipf,2.0,10000,562341,0.07595749413249164,0.0031944979820939623
frequency,countsketch-fastpath-vector2d,rows=5 cols=256,zipf,2.0,10000,1000000,0.07607672106341525,0.0019018261095956788
frequency,countsketch-fastpath-vector2d,rows=5 cols=256,zipf,2.0,10000,1778279,0.07187402494378543,0.0019628384196082394
frequency,countsketch-fastpath-vector2d,rows=5 cols=256,zipf,2.0,10000,3162278,0.07077367369262562,0.0009764377688248699
frequency,countsketch-fastpath-vector2d,rows=5 cols=256,zipf,2.0,10000,5623413,0.06956835501989274,0.00027198646925663024
frequency,countsketch-fastpath-vector2d,rows=5 cols=256,zipf,2.0,10000,10000000,0.06960257424737558,0.0002823474425888546
frequency,countsketch-fastpath-vector2d,rows=5 cols=256,zipf,2.0,10000,17782794,0.06974773322704177,0.0005383287997197765
frequency,countsketch-fastpath-vector2d,rows=5 cols=256,zipf,2.0,10000,31622777,0.06983966056273466,0.0005384474381648159
frequency,countsketch-fastpath-vector2d,rows=5 cols=256,zipf,2.0,10000,56234133,0.06979837788499264,0.0004109078714385019
frequency,countsketch-fastpath-vector2d,rows=5 cols=256,zipf,2.0,10000,100000000,0.06970069946173328,0.00038878709426540687
frequency,countsketch-fastpath-vector2d,rows=5 cols=256,zipf,2.0,1000000,1000,0.0,0.0
frequency,countsketch-fastpath-vector2d,rows=5 cols=256,zipf,2.0,1000000,1778,0.005952380952380952,0.005952380952380952
frequency,countsketch-fastpath-vector2d,rows=5 cols=256,zipf,2.0,1000000,3162,0.017385129707644918,0.003005666561323106
frequency,countsketch-fastpath-vector2d,rows=5 cols=256,zipf,2.0,1000000,5623,0.057642862919063786,0.018185879261233263
frequency,countsketch-fastpath-vector2d,rows=5 cols=256,zipf,2.0,1000000,10000,0.06509577545880418,0.001106097371588965
frequency,countsketch-fastpath-vector2d,rows=5 cols=256,zipf,2.0,1000000,17783,0.07601257140048506,0.011374066550329305
frequency,countsketch-fastpath-vector2d,rows=5 cols=256,zipf,2.0,1000000,31623,0.08343497353597952,0.009781478912511998
frequency,countsketch-fastpath-vector2d,rows=5 cols=256,zipf,2.0,1000000,56234,0.0746231508199624,0.003440403120895901
frequency,countsketch-fastpath-vector2d,rows=5 cols=256,zipf,2.0,1000000,100000,0.08343313697045386,0.004685976390839575
frequency,countsketch-fastpath-vector2d,rows=5 cols=256,zipf,2.0,1000000,177828,0.08181271892323888,0.0012393906911474196
frequency,countsketch-fastpath-vector2d,rows=5 cols=256,zipf,2.0,1000000,316228,0.07702499860857014,0.0008773508568254044
frequency,countsketch-fastpath-vector2d,rows=5 cols=256,zipf,2.0,1000000,562341,0.07311442474257103,0.0015086914259562927
frequency,countsketch-fastpath-vector2d,rows=5 cols=256,zipf,2.0,1000000,1000000,0.07594937338473641,0.0021297832807692
frequency,countsketch-fastpath-vector2d,rows=5 cols=256,zipf,2.0,1000000,1778279,0.07067961159398752,0.0017219894749934768
frequency,countsketch-fastpath-vector2d,rows=5 cols=256,zipf,2.0,1000000,3162278,0.07169826210558992,0.0009501542620259941
frequency,countsketch-fastpath-vector2d,rows=5 cols=256,zipf,2.0,1000000,5623413,0.07145396470437881,0.0003924474309672378
frequency,countsketch-fastpath-vector2d,rows=5 cols=256,zipf,2.0,1000000,10000000,0.06967926389246763,0.0003834968195244198
frequency,countsketch-fastpath-vector2d,rows=5 cols=256,zipf,2.0,1000000,17782794,0.06919559333357685,0.0009252744636558801
frequency,countsketch-fastpath-vector2d,rows=5 cols=256,zipf,2.0,1000000,31622777,0.06922668952292561,0.0005558800429283022
frequency,countsketch-fastpath-vector2d,rows=5 cols=256,zipf,2.0,1000000,56234133,0.0693053998538689,0.0003571732697527767
frequency,countsketch-fastpath-vector2d,rows=5 cols=256,zipf,2.0,1000000,100000000,0.06947621692541561,0.000593037225960547
frequency,countsketch-fastpath-vector2d,rows=5 cols=1024,zipf,0.0,10,1000,0.0,0.0
frequency,countsketch-fastpath-vector2d,rows=5 cols=1024,zipf,0.0,10,1778,0.0,0.0
frequency,countsketch-fastpath-vector2d,rows=5 cols=1024,zipf,0.0,10,3162,0.0,0.0
frequency,countsketch-fastpath-vector2d,rows=5 cols=1024,zipf,0.0,10,5623,0.0,0.0
frequency,countsketch-fastpath-vector2d,rows=5 cols=1024,zipf,0.0,10,10000,0.0,0.0
frequency,countsketch-fastpath-vector2d,rows=5 cols=1024,zipf,0.0,10,17783,0.0,0.0
frequency,countsketch-fastpath-vector2d,rows=5 cols=1024,zipf,0.0,10,31623,0.0,0.0
frequency,countsketch-fastpath-vector2d,rows=5 cols=1024,zipf,0.0,10,56234,0.0,0.0
frequency,countsketch-fastpath-vector2d,rows=5 cols=1024,zipf,0.0,10,100000,0.0,0.0
frequency,countsketch-fastpath-vector2d,rows=5 cols=1024,zipf,0.0,10,177828,0.0,0.0
frequency,countsketch-fastpath-vector2d,rows=5 cols=1024,zipf,0.0,10,316228,0.0,0.0
frequency,countsketch-fastpath-vector2d,rows=5 cols=1024,zipf,0.0,10,562341,0.0,0.0
frequency,countsketch-fastpath-vector2d,rows=5 cols=1024,zipf,0.0,10,1000000,0.0,0.0
frequency,countsketch-fastpath-vector2d,rows=5 cols=1024,zipf,0.0,10,1778279,0.0,0.0
frequency,countsketch-fastpath-vector2d,rows=5 cols=1024,zipf,0.0,10,3162278,0.0,0.0
frequency,countsketch-fastpath-vector2d,rows=5 cols=1024,zipf,0.0,10,5623413,0.0,0.0
frequency,countsketch-fastpath-vector2d,rows=5 cols=1024,zipf,0.0,10,10000000,0.0,0.0
frequency,countsketch-fastpath-vector2d,rows=5 cols=1024,zipf,0.0,10,17782794,0.0,0.0
frequency,countsketch-fastpath-vector2d,rows=5 cols=1024,zipf,0.0,10,31622777,0.0,0.0
frequency,countsketch-fastpath-vector2d,rows=5 cols=1024,zipf,0.0,10,56234133,0.0,0.0
frequency,countsketch-fastpath-vector2d,rows=5 cols=1024,zipf,0.0,10,100000000,0.0,0.0
frequency,countsketch-fastpath-vector2d,rows=5 cols=1024,zipf,0.0,100,1000,0.0,0.0
frequency,countsketch-fastpath-vector2d,rows=5 cols=1024,zipf,0.0,100,1778,0.0,0.0
frequency,countsketch-fastpath-vector2d,rows=5 cols=1024,zipf,0.0,100,3162,0.0,0.0
frequency,countsketch-fastpath-vector2d,rows=5 cols=1024,zipf,0.0,100,5623,0.0,0.0
frequency,countsketch-fastpath-vector2d,rows=5 cols=1024,zipf,0.0,100,10000,0.0,0.0
frequency,countsketch-fastpath-vector2d,rows=5 cols=1024,zipf,0.0,100,17783,0.0,0.0
frequency,countsketch-fastpath-vector2d,rows=5 cols=1024,zipf,0.0,100,31623,0.0,0.0
frequency,countsketch-fastpath-vector2d,rows=5 cols=1024,zipf,0.0,100,56234,0.0,0.0
frequency,countsketch-fastpath-vector2d,rows=5 cols=1024,zipf,0.0,100,100000,0.0,0.0
frequency,countsketch-fastpath-vector2d,rows=5 cols=1024,zipf,0.0,100,177828,0.0,0.0
frequency,countsketch-fastpath-vector2d,rows=5 cols=1024,zipf,0.0,100,316228,0.0,0.0
frequency,countsketch-fastpath-vector2d,rows=5 cols=1024,zipf,0.0,100,562341,0.0,0.0
frequency,countsketch-fastpath-vector2d,rows=5 cols=1024,zipf,0.0,100,1000000,0.0,0.0
frequency,countsketch-fastpath-vector2d,rows=5 cols=1024,zipf,0.0,100,1778279,0.0,0.0
frequency,countsketch-fastpath-vector2d,rows=5 cols=1024,zipf,0.0,100,3162278,0.0,0.0
frequency,countsketch-fastpath-vector2d,rows=5 cols=1024,zipf,0.0,100,5623413,0.0,0.0
frequency,countsketch-fastpath-vector2d,rows=5 cols=1024,zipf,0.0,100,10000000,0.0,0.0
frequency,countsketch-fastpath-vector2d,rows=5 cols=1024,zipf,0.0,100,17782794,0.0,0.0
frequency,countsketch-fastpath-vector2d,rows=5 cols=1024,zipf,0.0,100,31622777,0.0,0.0
frequency,countsketch-fastpath-vector2d,rows=5 cols=1024,zipf,0.0,100,56234133,0.0,0.0
frequency,countsketch-fastpath-vector2d,rows=5 cols=1024,zipf,0.0,100,100000000,0.0,0.0
frequency,countsketch-fastpath-vector2d,rows=5 cols=1024,zipf,0.0,10000,1000,0.1827777777777778,0.017462481828335236
frequency,countsketch-fastpath-vector2d,rows=5 cols=1024,zipf,0.0,10000,1778,0.24444444444444444,0.010729559953237752
frequency,countsketch-fastpath-vector2d,rows=5 cols=1024,zipf,0.0,10000,3162,0.2973333333333333,0.010447399109259105
frequency,countsketch-fastpath-vector2d,rows=5 cols=1024,zipf,0.0,10000,5623,0.3208333333333333,0.014182670698713554
frequency,countsketch-fastpath-vector2d,rows=5 cols=1024,zipf,0.0,10000,10000,0.3986031746031746,0.009336049302487806
frequency,countsketch-fastpath-vector2d,rows=5 cols=1024,zipf,0.0,10000,17783,0.47520767195767194,0.019685083725399836
frequency,countsketch-fastpath-vector2d,rows=5 cols=1024,zipf,0.0,10000,31623,0.5417613312613313,0.012627300612970216
frequency,countsketch-fastpath-vector2d,rows=5 cols=1024,zipf,0.0,10000,56234,0.5864845788742848,0.021786883974144303
frequency,countsketch-fastpath-vector2d,rows=5 cols=1024,zipf,0.0,10000,100000,0.6519878047539376,0.030634367943412826
frequency,countsketch-fastpath-vector2d,rows=5 cols=1024,zipf,0.0,10000,177828,0.7093182016388679,0.0071813697680778625
frequency,countsketch-fastpath-vector2d,rows=5 cols=1024,zipf,0.0,10000,316228,0.7716937469580157,0.022104488503835184
frequency,countsketch-fastpath-vector2d,rows=5 cols=1024,zipf,0.0,10000,562341,0.8532383588445906,0.011835018584531561
frequency,countsketch-fastpath-vector2d,rows=5 cols=1024,zipf,0.0,10000,1000000,0.814464644259136,0.03781060180831211
frequency,countsketch-fastpath-vector2d,rows=5 cols=1024,zipf,0.0,10000,1778279,0.8710013918534978,0.030205700101693295
frequency,countsketch-fastpath-vector2d,rows=5 cols=1024,zipf,0.0,10000,3162278,0.8943303291255393,0.020091776684720203
frequency,countsketch-fastpath-vector2d,rows=5 cols=1024,zipf,0.0,10000,5623413,0.8760119912207549,0.05814739377538437
frequency,countsketch-fastpath-vector2d,rows=5 cols=1024,zipf,0.0,10000,10000000,0.9292294883588101,0.036698453676227746
frequency,countsketch-fastpath-vector2d,rows=5 cols=1024,zipf,0.0,10000,17782794,0.9602393225227847,0.04774482952954931
frequency,countsketch-fastpath-vector2d,rows=5 cols=1024,zipf,0.0,10000,31622777,0.9420442003966688,0.020060331884087994
frequency,countsketch-fastpath-vector2d,rows=5 cols=1024,zipf,0.0,10000,56234133,0.9358028388404742,0.027665504368712717
frequency,countsketch-fastpath-vector2d,rows=5 cols=1024,zipf,0.0,10000,100000000,0.9559046014131436,0.022398098295424825
frequency,countsketch-fastpath-vector2d,rows=5 cols=1024,zipf,0.0,1000000,1000,0.27,0.015275252316519468
frequency,countsketch-fastpath-vector2d,rows=5 cols=1024,zipf,0.0,1000000,1778,0.43,0.03752776749732568
frequency,countsketch-fastpath-vector2d,rows=5 cols=1024,zipf,0.0,1000000,3162,0.6016666666666667,0.03370624736026114
frequency,countsketch-fastpath-vector2d,rows=5 cols=1024,zipf,0.0,1000000,5623,0.7633333333333333,0.04475240527365849
frequency,countsketch-fastpath-vector2d,rows=5 cols=1024,zipf,0.0,1000000,10000,0.8216666666666667,0.053411401196540226
frequency,countsketch-fastpath-vector2d,rows=5 cols=1024,zipf,0.0,1000000,17783,0.7727777777777778,0.03759350482381592
frequency,countsketch-fastpath-vector2d,rows=5 cols=1024,zipf,0.0,1000000,31623,1.0,0.01835856849095369
frequency,countsketch-fastpath-vector2d,rows=5 cols=1024,zipf,0.0,1000000,56234,1.126111111111111,0.050114067417107784
frequency,countsketch-fastpath-vector2d,rows=5 cols=1024,zipf,0.0,1000000,100000,1.1065555555555553,0.0013482956777235528
frequency,countsketch-fastpath-vector2d,rows=5 cols=1024,zipf,0.0,1000000,177828,1.2346666666666666,0.07215729987967907
frequency,countsketch-fastpath-vector2d,rows=5 cols=1024,zipf,0.0,1000000,316228,1.381611111111111,0.09125875571049151
frequency,countsketch-fastpath-vector2d,rows=5 cols=1024,zipf,0.0,1000000,562341,1.4275396825396829,0.03376913900748936
frequency,countsketch-fastpath-vector2d,rows=5 cols=1024,zipf,0.0,1000000,1000000,1.8183333333333331,0.13340624777848326
frequency,countsketch-fastpath-vector2d,rows=5 cols=1024,zipf,0.0,1000000,1778279,1.963166666666667,0.10353896803249746
frequency,countsketch-fastpath-vector2d,rows=5 cols=1024,zipf,0.0,1000000,3162278,2.395561660561661,0.10681812193677268
frequency,countsketch-fastpath-vector2d,rows=5 cols=1024,zipf,0.0,1000000,5623413,3.172595717234262,0.07791782274925202
frequency,countsketch-fastpath-vector2d,rows=5 cols=1024,zipf,0.0,1000000,10000000,3.1420670940170936,0.13518431225675523
frequency,countsketch-fastpath-vector2d,rows=5 cols=1024,zipf,0.0,1000000,17782794,3.6365515679350735,0.14386974361609234
frequency,countsketch-fastpath-vector2d,rows=5 cols=1024,zipf,0.0,1000000,31622777,4.772453327916323,0.24041199578022707
frequency,countsketch-fastpath-vector2d,rows=5 cols=1024,zipf,0.0,1000000,56234133,4.317816016793652,0.11710795517848853
frequency,countsketch-fastpath-vector2d,rows=5 cols=1024,zipf,0.0,1000000,100000000,5.504699829246799,0.3079729128474814
frequency,countsketch-fastpath-vector2d,rows=5 cols=1024,zipf,0.5,10,1000,0.0,0.0
frequency,countsketch-fastpath-vector2d,rows=5 cols=1024,zipf,0.5,10,1778,0.0,0.0
frequency,countsketch-fastpath-vector2d,rows=5 cols=1024,zipf,0.5,10,3162,0.0,0.0
frequency,countsketch-fastpath-vector2d,rows=5 cols=1024,zipf,0.5,10,5623,0.0,0.0
frequency,countsketch-fastpath-vector2d,rows=5 cols=1024,zipf,0.5,10,10000,0.0,0.0
frequency,countsketch-fastpath-vector2d,rows=5 cols=1024,zipf,0.5,10,17783,0.0,0.0
frequency,countsketch-fastpath-vector2d,rows=5 cols=1024,zipf,0.5,10,31623,0.0,0.0
frequency,countsketch-fastpath-vector2d,rows=5 cols=1024,zipf,0.5,10,56234,0.0,0.0
frequency,countsketch-fastpath-vector2d,rows=5 cols=1024,zipf,0.5,10,100000,0.0,0.0
frequency,countsketch-fastpath-vector2d,rows=5 cols=1024,zipf,0.5,10,177828,0.0,0.0
frequency,countsketch-fastpath-vector2d,rows=5 cols=1024,zipf,0.5,10,316228,0.0,0.0
frequency,countsketch-fastpath-vector2d,rows=5 cols=1024,zipf,0.5,10,562341,0.0,0.0
frequency,countsketch-fastpath-vector2d,rows=5 cols=1024,zipf,0.5,10,1000000,0.0,0.0
frequency,countsketch-fastpath-vector2d,rows=5 cols=1024,zipf,0.5,10,1778279,0.0,0.0
frequency,countsketch-fastpath-vector2d,rows=5 cols=1024,zipf,0.5,10,3162278,0.0,0.0
frequency,countsketch-fastpath-vector2d,rows=5 cols=1024,zipf,0.5,10,5623413,0.0,0.0
frequency,countsketch-fastpath-vector2d,rows=5 cols=1024,zipf,0.5,10,10000000,0.0,0.0
frequency,countsketch-fastpath-vector2d,rows=5 cols=1024,zipf,0.5,10,17782794,0.0,0.0
frequency,countsketch-fastpath-vector2d,rows=5 cols=1024,zipf,0.5,10,31622777,0.0,0.0
frequency,countsketch-fastpath-vector2d,rows=5 cols=1024,zipf,0.5,10,56234133,0.0,0.0
frequency,countsketch-fastpath-vector2d,rows=5 cols=1024,zipf,0.5,10,100000000,0.0,0.0
frequency,countsketch-fastpath-vector2d,rows=5 cols=1024,zipf,0.5,100,1000,0.0,0.0
frequency,countsketch-fastpath-vector2d,rows=5 cols=1024,zipf,0.5,100,1778,0.0,0.0
frequency,countsketch-fastpath-vector2d,rows=5 cols=1024,zipf,0.5,100,3162,0.0,0.0
frequency,countsketch-fastpath-vector2d,rows=5 cols=1024,zipf,0.5,100,5623,0.0,0.0
frequency,countsketch-fastpath-vector2d,rows=5 cols=1024,zipf,0.5,100,10000,0.0,0.0
frequency,countsketch-fastpath-vector2d,rows=5 cols=1024,zipf,0.5,100,17783,0.0,0.0
frequency,countsketch-fastpath-vector2d,rows=5 cols=1024,zipf,0.5,100,31623,0.0,0.0
frequency,countsketch-fastpath-vector2d,rows=5 cols=1024,zipf,0.5,100,56234,0.0,0.0
frequency,countsketch-fastpath-vector2d,rows=5 cols=1024,zipf,0.5,100,100000,0.0,0.0
frequency,countsketch-fastpath-vector2d,rows=5 cols=1024,zipf,0.5,100,177828,0.0,0.0
frequency,countsketch-fastpath-vector2d,rows=5 cols=1024,zipf,0.5,100,316228,0.0,0.0
frequency,countsketch-fastpath-vector2d,rows=5 cols=1024,zipf,0.5,100,562341,0.0,0.0
frequency,countsketch-fastpath-vector2d,rows=5 cols=1024,zipf,0.5,100,1000000,0.0,0.0
frequency,countsketch-fastpath-vector2d,rows=5 cols=1024,zipf,0.5,100,1778279,0.0,0.0
frequency,countsketch-fastpath-vector2d,rows=5 cols=1024,zipf,0.5,100,3162278,0.0,0.0
frequency,countsketch-fastpath-vector2d,rows=5 cols=1024,zipf,0.5,100,5623413,0.0,0.0
frequency,countsketch-fastpath-vector2d,rows=5 cols=1024,zipf,0.5,100,10000000,0.0,0.0
frequency,countsketch-fastpath-vector2d,rows=5 cols=1024,zipf,0.5,100,17782794,0.0,0.0
frequency,countsketch-fastpath-vector2d,rows=5 cols=1024,zipf,0.5,100,31622777,0.0,0.0
frequency,countsketch-fastpath-vector2d,rows=5 cols=1024,zipf,0.5,100,56234133,0.0,0.0
frequency,countsketch-fastpath-vector2d,rows=5 cols=1024,zipf,0.5,100,100000000,0.0,0.0
frequency,countsketch-fastpath-vector2d,rows=5 cols=1024,zipf,0.5,10000,1000,0.1798148148148148,0.0218112067065822
frequency,countsketch-fastpath-vector2d,rows=5 cols=1024,zipf,0.5,10000,1778,0.1958095238095238,0.014839147628592394
frequency,countsketch-fastpath-vector2d,rows=5 cols=1024,zipf,0.5,10000,3162,0.20245274170274166,0.012475877230500077
frequency,countsketch-fastpath-vector2d,rows=5 cols=1024,zipf,0.5,10000,5623,0.23452821938410176,0.011186984180049719
frequency,countsketch-fastpath-vector2d,rows=5 cols=1024,zipf,0.5,10000,10000,0.21741245499406428,0.00896530408157263
frequency,countsketch-fastpath-vector2d,rows=5 cols=1024,zipf,0.5,10000,17783,0.23601714319765663,0.006815694466086315
frequency,countsketch-fastpath-vector2d,rows=5 cols=1024,zipf,0.5,10000,31623,0.21227041626493812,0.0038806090208001725
frequency,countsketch-fastpath-vector2d,rows=5 cols=1024,zipf,0.5,10000,56234,0.21072852022042587,0.01101061917544696
frequency,countsketch-fastpath-vector2d,rows=5 cols=1024,zipf,0.5,10000,100000,0.21936782043950878,0.0061120615367476995
frequency,countsketch-fastpath-vector2d,rows=5 cols=1024,zipf,0.5,10000,177828,0.2207157619419362,0.003273827626925878
frequency,countsketch-fastpath-vector2d,rows=5 cols=1024,zipf,0.5,10000,316228,0.2177908158738331,0.007993638003302564
frequency,countsketch-fastpath-vector2d,rows=5 cols=1024,zipf,0.5,10000,562341,0.22214246679937732,0.002839066824550678
frequency,countsketch-fastpath-vector2d,rows=5 cols=1024,zipf,0.5,10000,1000000,0.2172343959165367,0.002047041156964111
frequency,countsketch-fastpath-vector2d,rows=5 cols=1024,zipf,0.5,10000,1778279,0.22665531443235187,0.0015739313032041512
frequency,countsketch-fastpath-vector2d,rows=5 cols=1024,zipf,0.5,10000,3162278,0.22490306355663614,0.0025525546967099643
frequency,countsketch-fastpath-vector2d,rows=5 cols=1024,zipf,0.5,10000,5623413,0.22441163455500257,0.0036291792565910546
frequency,countsketch-fastpath-vector2d,rows=5 cols=1024,zipf,0.5,10000,10000000,0.22443349978520702,0.0020875918272816865
frequency,countsketch-fastpath-vector2d,rows=5 cols=1024,zipf,0.5,10000,17782794,0.22941132989740254,0.0011608452521299237
frequency,countsketch-fastpath-vector2d,rows=5 cols=1024,zipf,0.5,10000,31622777,0.23062431140323328,0.001462619605393721
frequency,countsketch-fastpath-vector2d,rows=5 cols=1024,zipf,0.5,10000,56234133,0.23060218390200482,0.0013952731096791209
frequency,countsketch-fastpath-vector2d,rows=5 cols=1024,zipf,0.5,10000,100000000,0.22891664590906605,0.001441406623691064
frequency,countsketch-fastpath-vector2d,rows=5 cols=1024,zipf,0.5,1000000,1000,0.2233333333333333,0.012018504251546627
frequency,countsketch-fastpath-vector2d,rows=5 cols=1024,zipf,0.5,1000000,1778,0.4366666666666667,0.023154073315749663
frequency,countsketch-fastpath-vector2d,rows=5 cols=1024,zipf,0.5,1000000,3162,0.6411111111111111,0.06021822454956005
frequency,countsketch-fastpath-vector2d,rows=5 cols=1024,zipf,0.5,1000000,5623,0.6861111111111112,0.04580891605488451
frequency,countsketch-fastpath-vector2d,rows=5 cols=1024,zipf,0.5,1000000,10000,0.5528214285714286,0.04651147817518615
frequency,countsketch-fastpath-vector2d,rows=5 cols=1024,zipf,0.5,1000000,17783,0.647014245014245,0.020609185202322137
frequency,countsketch-fastpath-vector2d,rows=5 cols=1024,zipf,0.5,1000000,31623,0.6403162083015024,0.017577384270302098
frequency,countsketch-fastpath-vector2d,rows=5 cols=1024,zipf,0.5,1000000,56234,0.5748466166963543,0.017032505693011023
frequency,countsketch-fastpath-vector2d,rows=5 cols=1024,zipf,0.5,1000000,100000,0.5459870208147768,0.01122035786132697
frequency,countsketch-fastpath-vector2d,rows=5 cols=1024,zipf,0.5,1000000,177828,0.49459847219703423,0.023114277449367164
frequency,countsketch-fastpath-vector2d,rows=5 cols=1024,zipf,0.5,1000000,316228,0.42542621040776596,0.019887413217140163
frequency,countsketch-fastpath-vector2d,rows=5 cols=1024,zipf,0.5,1000000,562341,0.3648869116604306,0.015680731790999186
frequency,countsketch-fastpath-vector2d,rows=5 cols=1024,zipf,0.5,1000000,1000000,0.3449278984954966,0.010830210331688772
frequency,countsketch-fastpath-vector2d,rows=5 cols=1024,zipf,0.5,1000000,1778279,0.3277798898020719,0.005433391360316821
frequency,countsketch-fastpath-vector2d,rows=5 cols=1024,zipf,0.5,1000000,3162278,0.3190241434569146,0.015253362883802154
frequency,countsketch-fastpath-vector2d,rows=5 cols=1024,zipf,0.5,1000000,5623413,0.30894482369783965,0.0023509595150475447
frequency,countsketch-fastpath-vector2d,rows=5 cols=1024,zipf,0.5,1000000,10000000,0.30876618927260435,0.006304890808494626
frequency,countsketch-fastpath-vector2d,rows=5 cols=1024,zipf,0.5,1000000,17782794,0.3130831614803215,0.001082736632578911
frequency,countsketch-fastpath-vector2d,rows=5 cols=1024,zipf,0.5,1000000,31622777,0.31019337319689666,0.0030049618855772196
frequency,countsketch-fastpath-vector2d,rows=5 cols=1024,zipf,0.5,1000000,56234133,0.31103621944789334,0.0037020432685572657
frequency,countsketch-fastpath-vector2d,rows=5 cols=1024,zipf,0.5,1000000,100000000,0.3099964953817003,0.004572948129038999
frequency,countsketch-fastpath-vector2d,rows=5 cols=1024,zipf,1.0,10,1000,0.0,0.0
frequency,countsketch-fastpath-vector2d,rows=5 cols=1024,zipf,1.0,10,1778,0.0,0.0
frequency,countsketch-fastpath-vector2d,rows=5 cols=1024,zipf,1.0,10,3162,0.0,0.0
frequency,countsketch-fastpath-vector2d,rows=5 cols=1024,zipf,1.0,10,5623,0.0,0.0
frequency,countsketch-fastpath-vector2d,rows=5 cols=1024,zipf,1.0,10,10000,0.0,0.0
frequency,countsketch-fastpath-vector2d,rows=5 cols=1024,zipf,1.0,10,17783,0.0,0.0
frequency,countsketch-fastpath-vector2d,rows=5 cols=1024,zipf,1.0,10,31623,0.0,0.0
frequency,countsketch-fastpath-vector2d,rows=5 cols=1024,zipf,1.0,10,56234,0.0,0.0
frequency,countsketch-fastpath-vector2d,rows=5 cols=1024,zipf,1.0,10,100000,0.0,0.0
frequency,countsketch-fastpath-vector2d,rows=5 cols=1024,zipf,1.0,10,177828,0.0,0.0
frequency,countsketch-fastpath-vector2d,rows=5 cols=1024,zipf,1.0,10,316228,0.0,0.0
frequency,countsketch-fastpath-vector2d,rows=5 cols=1024,zipf,1.0,10,562341,0.0,0.0
frequency,countsketch-fastpath-vector2d,rows=5 cols=1024,zipf,1.0,10,1000000,0.0,0.0
frequency,countsketch-fastpath-vector2d,rows=5 cols=1024,zipf,1.0,10,1778279,0.0,0.0
frequency,countsketch-fastpath-vector2d,rows=5 cols=1024,zipf,1.0,10,3162278,0.0,0.0
frequency,countsketch-fastpath-vector2d,rows=5 cols=1024,zipf,1.0,10,5623413,0.0,0.0
frequency,countsketch-fastpath-vector2d,rows=5 cols=1024,zipf,1.0,10,10000000,0.0,0.0
frequency,countsketch-fastpath-vector2d,rows=5 cols=1024,zipf,1.0,10,17782794,0.0,0.0
frequency,countsketch-fastpath-vector2d,rows=5 cols=1024,zipf,1.0,10,31622777,0.0,0.0
frequency,countsketch-fastpath-vector2d,rows=5 cols=1024,zipf,1.0,10,56234133,0.0,0.0
frequency,countsketch-fastpath-vector2d,rows=5 cols=1024,zipf,1.0,10,100000000,0.0,0.0
frequency,countsketch-fastpath-vector2d,rows=5 cols=1024,zipf,1.0,100,1000,0.0,0.0
frequency,countsketch-fastpath-vector2d,rows=5 cols=1024,zipf,1.0,100,1778,0.0,0.0
frequency,countsketch-fastpath-vector2d,rows=5 cols=1024,zipf,1.0,100,3162,0.0,0.0
frequency,countsketch-fastpath-vector2d,rows=5 cols=1024,zipf,1.0,100,5623,0.0,0.0
frequency,countsketch-fastpath-vector2d,rows=5 cols=1024,zipf,1.0,100,10000,0.0,0.0
frequency,countsketch-fastpath-vector2d,rows=5 cols=1024,zipf,1.0,100,17783,0.0,0.0
frequency,countsketch-fastpath-vector2d,rows=5 cols=1024,zipf,1.0,100,31623,0.0,0.0
frequency,countsketch-fastpath-vector2d,rows=5 cols=1024,zipf,1.0,100,56234,0.0,0.0
frequency,countsketch-fastpath-vector2d,rows=5 cols=1024,zipf,1.0,100,100000,0.0,0.0
frequency,countsketch-fastpath-vector2d,rows=5 cols=1024,zipf,1.0,100,177828,0.0,0.0
frequency,countsketch-fastpath-vector2d,rows=5 cols=1024,zipf,1.0,100,316228,0.0,0.0
frequency,countsketch-fastpath-vector2d,rows=5 cols=1024,zipf,1.0,100,562341,0.0,0.0
frequency,countsketch-fastpath-vector2d,rows=5 cols=1024,zipf,1.0,100,1000000,0.0,0.0
frequency,countsketch-fastpath-vector2d,rows=5 cols=1024,zipf,1.0,100,1778279,0.0,0.0
frequency,countsketch-fastpath-vector2d,rows=5 cols=1024,zipf,1.0,100,3162278,0.0,0.0
frequency,countsketch-fastpath-vector2d,rows=5 cols=1024,zipf,1.0,100,5623413,0.0,0.0
frequency,countsketch-fastpath-vector2d,rows=5 cols=1024,zipf,1.0,100,10000000,0.0,0.0
frequency,countsketch-fastpath-vector2d,rows=5 cols=1024,zipf,1.0,100,17782794,0.0,0.0
frequency,countsketch-fastpath-vector2d,rows=5 cols=1024,zipf,1.0,100,31622777,0.0,0.0
frequency,countsketch-fastpath-vector2d,rows=5 cols=1024,zipf,1.0,100,56234133,0.0,0.0
frequency,countsketch-fastpath-vector2d,rows=5 cols=1024,zipf,1.0,100,100000000,0.0,0.0
frequency,countsketch-fastpath-vector2d,rows=5 cols=1024,zipf,1.0,10000,1000,0.028218409586056644,0.004164438330765958
frequency,countsketch-fastpath-vector2d,rows=5 cols=1024,zipf,1.0,10000,1778,0.053105345913405266,0.0033523645093017605
frequency,countsketch-fastpath-vector2d,rows=5 cols=1024,zipf,1.0,10000,3162,0.06172776343232408,0.0029130170639260276
frequency,countsketch-fastpath-vector2d,rows=5 cols=1024,zipf,1.0,10000,5623,0.0682458969895816,0.005307586142995946
frequency,countsketch-fastpath-vector2d,rows=5 cols=1024,zipf,1.0,10000,10000,0.062103561042611555,0.004914338894269655
frequency,countsketch-fastpath-vector2d,rows=5 cols=1024,zipf,1.0,10000,17783,0.06094929157949488,0.00250155085444023
frequency,countsketch-fastpath-vector2d,rows=5 cols=1024,zipf,1.0,10000,31623,0.059582290308549335,0.002245279688366471
frequency,countsketch-fastpath-vector2d,rows=5 cols=1024,zipf,1.0,10000,56234,0.05543859064717788,0.0023490970478481153
frequency,countsketch-fastpath-vector2d,rows=5 cols=1024,zipf,1.0,10000,100000,0.05406103159372754,0.0016444933007935514
frequency,countsketch-fastpath-vector2d,rows=5 cols=1024,zipf,1.0,10000,177828,0.05105331429482305,0.0015995668412485005
frequency,countsketch-fastpath-vector2d,rows=5 cols=1024,zipf,1.0,10000,316228,0.05050918667847803,0.0017418428962403558
frequency,countsketch-fastpath-vector2d,rows=5 cols=1024,zipf,1.0,10000,562341,0.04888631163739627,0.0017186358950213644
frequency,countsketch-fastpath-vector2d,rows=5 cols=1024,zipf,1.0,10000,1000000,0.051037119853270425,0.0013830395538710915
frequency,countsketch-fastpath-vector2d,rows=5 cols=1024,zipf,1.0,10000,1778279,0.05121220619333385,0.0011386354707408673
frequency,countsketch-fastpath-vector2d,rows=5 cols=1024,zipf,1.0,10000,3162278,0.050346087796868555,0.0008535770288652742
frequency,countsketch-fastpath-vector2d,rows=5 cols=1024,zipf,1.0,10000,5623413,0.05034426841047649,0.0009048021401667389
frequency,countsketch-fastpath-vector2d,rows=5 cols=1024,zipf,1.0,10000,10000000,0.05033419420451846,0.0007602026300017981
frequency,countsketch-fastpath-vector2d,rows=5 cols=1024,zipf,1.0,10000,17782794,0.05019808965992256,0.0008669956610148055
frequency,countsketch-fastpath-vector2d,rows=5 cols=1024,zipf,1.0,10000,31622777,0.051131100800120545,3.902579170827958e-05
frequency,countsketch-fastpath-vector2d,rows=5 cols=1024,zipf,1.0,10000,56234133,0.051060549358178185,9.197141857419538e-05
frequency,countsketch-fastpath-vector2d,rows=5 cols=1024,zipf,1.0,10000,100000000,0.05108536563139308,3.987736823161642e-05
frequency,countsketch-fastpath-vector2d,rows=5 cols=1024,zipf,1.0,1000000,1000,0.08959774964838256,0.013293212858877775
frequency,countsketch-fastpath-vector2d,rows=5 cols=1024,zipf,1.0,1000000,1778,0.10612698018046834,0.013442595392680721
frequency,countsketch-fastpath-vector2d,rows=5 cols=1024,zipf,1.0,1000000,3162,0.13356399303912245,0.007518380520898186
frequency,countsketch-fastpath-vector2d,rows=5 cols=1024,zipf,1.0,1000000,5623,0.1114413699234646,0.007221833410958838
frequency,countsketch-fastpath-vector2d,rows=5 cols=1024,zipf,1.0,1000000,10000,0.09861219977044466,0.0038627838532789183
frequency,countsketch-fastpath-vector2d,rows=5 cols=1024,zipf,1.0,1000000,17783,0.08592907807876775,0.0037444403736902328
frequency,countsketch-fastpath-vector2d,rows=5 cols=1024,zipf,1.0,1000000,31623,0.07264925818868068,0.003050029494759276
frequency,countsketch-fastpath-vector2d,rows=5 cols=1024,zipf,1.0,1000000,56234,0.06447292203505811,0.002107438426796885
frequency,countsketch-fastpath-vector2d,rows=5 cols=1024,zipf,1.0,1000000,100000,0.057459897414525875,0.001077550056923917
frequency,countsketch-fastpath-vector2d,rows=5 cols=1024,zipf,1.0,1000000,177828,0.058295187194351984,0.0014111949933949936
frequency,countsketch-fastpath-vector2d,rows=5 cols=1024,zipf,1.0,1000000,316228,0.055262951340144105,0.002718165664337093
frequency,countsketch-fastpath-vector2d,rows=5 cols=1024,zipf,1.0,1000000,562341,0.052489376326013935,0.001366681113370091
frequency,countsketch-fastpath-vector2d,rows=5 cols=1024,zipf,1.0,1000000,1000000,0.052353072444013986,0.000573348630631491
frequency,countsketch-fastpath-vector2d,rows=5 cols=1024,zipf,1.0,1000000,1778279,0.05303718608220887,0.0016581955431240007
frequency,countsketch-fastpath-vector2d,rows=5 cols=1024,zipf,1.0,1000000,3162278,0.052743258912753034,0.001476925259840996
frequency,countsketch-fastpath-vector2d,rows=5 cols=1024,zipf,1.0,1000000,5623413,0.052651196955656614,0.0015723132204045153
frequency,countsketch-fastpath-vector2d,rows=5 cols=1024,zipf,1.0,1000000,10000000,0.05314785018937406,0.00057742426138948
frequency,countsketch-fastpath-vector2d,rows=5 cols=1024,zipf,1.0,1000000,17782794,0.05373065175806749,0.000421473995222338
frequency,countsketch-fastpath-vector2d,rows=5 cols=1024,zipf,1.0,1000000,31622777,0.053452340958772236,7.168081765435891e-05
frequency,countsketch-fastpath-vector2d,rows=5 cols=1024,zipf,1.0,1000000,56234133,0.05345868519101788,7.497466047634934e-05
frequency,countsketch-fastpath-vector2d,rows=5 cols=1024,zipf,1.0,1000000,100000000,0.0533942914943725,0.00011161510569306782
frequency,countsketch-fastpath-vector2d,rows=5 cols=1024,zipf,1.5,10,1000,0.0,0.0
frequency,countsketch-fastpath-vector2d,rows=5 cols=1024,zipf,1.5,10,1778,0.0,0.0
frequency,countsketch-fastpath-vector2d,rows=5 cols=1024,zipf,1.5,10,3162,0.0,0.0
frequency,countsketch-fastpath-vector2d,rows=5 cols=1024,zipf,1.5,10,5623,0.0,0.0
frequency,countsketch-fastpath-vector2d,rows=5 cols=1024,zipf,1.5,10,10000,0.0,0.0
frequency,countsketch-fastpath-vector2d,rows=5 cols=1024,zipf,1.5,10,17783,0.0,0.0
frequency,countsketch-fastpath-vector2d,rows=5 cols=1024,zipf,1.5,10,31623,0.0,0.0
frequency,countsketch-fastpath-vector2d,rows=5 cols=1024,zipf,1.5,10,56234,0.0,0.0
frequency,countsketch-fastpath-vector2d,rows=5 cols=1024,zipf,1.5,10,100000,0.0,0.0
frequency,countsketch-fastpath-vector2d,rows=5 cols=1024,zipf,1.5,10,177828,0.0,0.0
frequency,countsketch-fastpath-vector2d,rows=5 cols=1024,zipf,1.5,10,316228,0.0,0.0
frequency,countsketch-fastpath-vector2d,rows=5 cols=1024,zipf,1.5,10,562341,0.0,0.0
frequency,countsketch-fastpath-vector2d,rows=5 cols=1024,zipf,1.5,10,1000000,0.0,0.0
frequency,countsketch-fastpath-vector2d,rows=5 cols=1024,zipf,1.5,10,1778279,0.0,0.0
frequency,countsketch-fastpath-vector2d,rows=5 cols=1024,zipf,1.5,10,3162278,0.0,0.0
frequency,countsketch-fastpath-vector2d,rows=5 cols=1024,zipf,1.5,10,5623413,0.0,0.0
frequency,countsketch-fastpath-vector2d,rows=5 cols=1024,zipf,1.5,10,10000000,0.0,0.0
frequency,countsketch-fastpath-vector2d,rows=5 cols=1024,zipf,1.5,10,17782794,0.0,0.0
frequency,countsketch-fastpath-vector2d,rows=5 cols=1024,zipf,1.5,10,31622777,0.0,0.0
frequency,countsketch-fastpath-vector2d,rows=5 cols=1024,zipf,1.5,10,56234133,0.0,0.0
frequency,countsketch-fastpath-vector2d,rows=5 cols=1024,zipf,1.5,10,100000000,0.0,0.0
frequency,countsketch-fastpath-vector2d,rows=5 cols=1024,zipf,1.5,100,1000,0.0,0.0
frequency,countsketch-fastpath-vector2d,rows=5 cols=1024,zipf,1.5,100,1778,0.0,0.0
frequency,countsketch-fastpath-vector2d,rows=5 cols=1024,zipf,1.5,100,3162,0.0,0.0
frequency,countsketch-fastpath-vector2d,rows=5 cols=1024,zipf,1.5,100,5623,0.0,0.0
frequency,countsketch-fastpath-vector2d,rows=5 cols=1024,zipf,1.5,100,10000,0.0,0.0
frequency,countsketch-fastpath-vector2d,rows=5 cols=1024,zipf,1.5,100,17783,0.0,0.0
frequency,countsketch-fastpath-vector2d,rows=5 cols=1024,zipf,1.5,100,31623,0.0,0.0
frequency,countsketch-fastpath-vector2d,rows=5 cols=1024,zipf,1.5,100,56234,0.0,0.0
frequency,countsketch-fastpath-vector2d,rows=5 cols=1024,zipf,1.5,100,100000,0.0,0.0
frequency,countsketch-fastpath-vector2d,rows=5 cols=1024,zipf,1.5,100,177828,0.0,0.0
frequency,countsketch-fastpath-vector2d,rows=5 cols=1024,zipf,1.5,100,316228,0.0,0.0
frequency,countsketch-fastpath-vector2d,rows=5 cols=1024,zipf,1.5,100,562341,0.0,0.0
frequency,countsketch-fastpath-vector2d,rows=5 cols=1024,zipf,1.5,100,1000000,0.0,0.0
frequency,countsketch-fastpath-vector2d,rows=5 cols=1024,zipf,1.5,100,1778279,0.0,0.0
frequency,countsketch-fastpath-vector2d,rows=5 cols=1024,zipf,1.5,100,3162278,0.0,0.0
frequency,countsketch-fastpath-vector2d,rows=5 cols=1024,zipf,1.5,100,5623413,0.0,0.0
frequency,countsketch-fastpath-vector2d,rows=5 cols=1024,zipf,1.5,100,10000000,0.0,0.0
frequency,countsketch-fastpath-vector2d,rows=5 cols=1024,zipf,1.5,100,17782794,0.0,0.0
frequency,countsketch-fastpath-vector2d,rows=5 cols=1024,zipf,1.5,100,31622777,0.0,0.0
frequency,countsketch-fastpath-vector2d,rows=5 cols=1024,zipf,1.5,100,56234133,0.0,0.0
frequency,countsketch-fastpath-vector2d,rows=5 cols=1024,zipf,1.5,100,100000000,0.0,0.0
frequency,countsketch-fastpath-vector2d,rows=5 cols=1024,zipf,1.5,10000,1000,0.0016666666666666668,0.0016666666666666668
frequency,countsketch-fastpath-vector2d,rows=5 cols=1024,zipf,1.5,10000,1778,0.008452380952380953,0.0034523809523809516
frequency,countsketch-fastpath-vector2d,rows=5 cols=1024,zipf,1.5,10000,3162,0.007192081076462416,0.0031419481058456416
frequency,countsketch-fastpath-vector2d,rows=5 cols=1024,zipf,1.5,10000,5623,0.011287724180581321,0.0034184218063602607
frequency,countsketch-fastpath-vector2d,rows=5 cols=1024,zipf,1.5,10000,10000,0.013187568594667463,0.002114666891957752
frequency,countsketch-fastpath-vector2d,rows=5 cols=1024,zipf,1.5,10000,17783,0.01619893160578534,0.0011460801600262753
frequency,countsketch-fastpath-vector2d,rows=5 cols=1024,zipf,1.5,10000,31623,0.016888553027067172,0.0020397483032875857
frequency,countsketch-fastpath-vector2d,rows=5 cols=1024,zipf,1.5,10000,56234,0.018744469734878016,0.0015276461031148141
frequency,countsketch-fastpath-vector2d,rows=5 cols=1024,zipf,1.5,10000,100000,0.016340873574535054,0.0010729230420656198
frequency,countsketch-fastpath-vector2d,rows=5 cols=1024,zipf,1.5,10000,177828,0.015153388226920361,0.0007265879129771858
frequency,countsketch-fastpath-vector2d,rows=5 cols=1024,zipf,1.5,10000,316228,0.014750403923298771,0.0006767324411157802
frequency,countsketch-fastpath-vector2d,rows=5 cols=1024,zipf,1.5,10000,562341,0.014741656864589324,0.0003828936518993201
frequency,countsketch-fastpath-vector2d,rows=5 cols=1024,zipf,1.5,10000,1000000,0.01428018671072292,0.000355209759102922
frequency,countsketch-fastpath-vector2d,rows=5 cols=1024,zipf,1.5,10000,1778279,0.014322968770122404,8.044351522087278e-05
frequency,countsketch-fastpath-vector2d,rows=5 cols=1024,zipf,1.5,10000,3162278,0.01489860211967311,0.0003239971950091517
frequency,countsketch-fastpath-vector2d,rows=5 cols=1024,zipf,1.5,10000,5623413,0.014956262779000598,0.00031006652482965327
frequency,countsketch-fastpath-vector2d,rows=5 cols=1024,zipf,1.5,10000,10000000,0.014693578176035204,0.0002847370604060249
frequency,countsketch-fastpath-vector2d,rows=5 cols=1024,zipf,1.5,10000,17782794,0.015063343153158082,0.00016089011827817107
frequency,countsketch-fastpath-vector2d,rows=5 cols=1024,zipf,1.5,10000,31622777,0.014728349297984016,0.00028920801802850816
frequency,countsketch-fastpath-vector2d,rows=5 cols=1024,zipf,1.5,10000,56234133,0.014988198555917855,2.1774751078908e-05
frequency,countsketch-fastpath-vector2d,rows=5 cols=1024,zipf,1.5,10000,100000000,0.015005017021413047,3.5206462218486936e-05
frequency,countsketch-fastpath-vector2d,rows=5 cols=1024,zipf,1.5,1000000,1000,0.006666666666666667,0.0016666666666666668
frequency,countsketch-fastpath-vector2d,rows=5 cols=1024,zipf,1.5,1000000,1778,0.007142857142857143,0.0014869042853329522
frequency,countsketch-fastpath-vector2d,rows=5 cols=1024,zipf,1.5,1000000,3162,0.011384931245225362,0.005148362704296174
frequency,countsketch-fastpath-vector2d,rows=5 cols=1024,zipf,1.5,1000000,5623,0.012147520100966548,0.002535098896352111
frequency,countsketch-fastpath-vector2d,rows=5 cols=1024,zipf,1.5,1000000,10000,0.019554977507950533,0.002120331998262633
frequency,countsketch-fastpath-vector2d,rows=5 cols=1024,zipf,1.5,1000000,17783,0.023130703254228963,0.004109747055497459
frequency,countsketch-fastpath-vector2d,rows=5 cols=1024,zipf,1.5,1000000,31623,0.02203600280821404,0.0030272784000869293
frequency,countsketch-fastpath-vector2d,rows=5 cols=1024,zipf,1.5,1000000,56234,0.020515529495375013,0.003422342164853279
frequency,countsketch-fastpath-vector2d,rows=5 cols=1024,zipf,1.5,1000000,100000,0.020565048723800577,0.0010491733865734432
frequency,countsketch-fastpath-vector2d,rows=5 cols=1024,zipf,1.5,1000000,177828,0.018357379695913296,0.0013217119925126532
frequency,countsketch-fastpath-vector2d,rows=5 cols=1024,zipf,1.5,1000000,316228,0.016645296779512105,0.0003810909213203737
frequency,countsketch-fastpath-vector2d,rows=5 cols=1024,zipf,1.5,1000000,562341,0.015837586224779956,0.0008250802817142107
frequency,countsketch-fastpath-vector2d,rows=5 cols=1024,zipf,1.5,1000000,1000000,0.014876019658945585,0.0006862733444554599
frequency,countsketch-fastpath-vector2d,rows=5 cols=1024,zipf,1.5,1000000,1778279,0.01413584399564279,0.00016570122958373687
frequency,countsketch-fastpath-vector2d,rows=5 cols=1024,zipf,1.5,1000000,3162278,0.014617197011158808,0.0002983229049519115
frequency,countsketch-fastpath-vector2d,rows=5 cols=1024,zipf,1.5,1000000,5623413,0.01502196209317258,0.00011978121057824546
frequency,countsketch-fastpath-vector2d,rows=5 cols=1024,zipf,1.5,1000000,10000000,0.015079965479811228,0.00018203724027970517
frequency,countsketch-fastpath-vector2d,rows=5 cols=1024,zipf,1.5,1000000,17782794,0.015135462137530517,0.0001628639891832446
frequency,countsketch-fastpath-vector2d,rows=5 cols=1024,zipf,1.5,1000000,31622777,0.015068126273768563,0.00019197631765739638
frequency,countsketch-fastpath-vector2d,rows=5 cols=1024,zipf,1.5,1000000,56234133,0.015165406518197562,0.00010521465214143531
frequency,countsketch-fastpath-vector2d,rows=5 cols=1024,zipf,1.5,1000000,100000000,0.015164681072823934,4.874172457287376e-05
frequency,countsketch-fastpath-vector2d,rows=5 cols=1024,zipf,2.0,10,1000,0.0,0.0
frequency,countsketch-fastpath-vector2d,rows=5 cols=1024,zipf,2.0,10,1778,0.0,0.0
frequency,countsketch-fastpath-vector2d,rows=5 cols=1024,zipf,2.0,10,3162,0.0,0.0
frequency,countsketch-fastpath-vector2d,rows=5 cols=1024,zipf,2.0,10,5623,0.0,0.0
frequency,countsketch-fastpath-vector2d,rows=5 cols=1024,zipf,2.0,10,10000,0.0,0.0
frequency,countsketch-fastpath-vector2d,rows=5 cols=1024,zipf,2.0,10,17783,0.0,0.0
frequency,countsketch-fastpath-vector2d,rows=5 cols=1024,zipf,2.0,10,31623,0.0,0.0
frequency,countsketch-fastpath-vector2d,rows=5 cols=1024,zipf,2.0,10,56234,0.0,0.0
frequency,countsketch-fastpath-vector2d,rows=5 cols=1024,zipf,2.0,10,100000,0.0,0.0
frequency,countsketch-fastpath-vector2d,rows=5 cols=1024,zipf,2.0,10,177828,0.0,0.0
frequency,countsketch-fastpath-vector2d,rows=5 cols=1024,zipf,2.0,10,316228,0.0,0.0
frequency,countsketch-fastpath-vector2d,rows=5 cols=1024,zipf,2.0,10,562341,0.0,0.0
frequency,countsketch-fastpath-vector2d,rows=5 cols=1024,zipf,2.0,10,1000000,0.0,0.0
frequency,countsketch-fastpath-vector2d,rows=5 cols=1024,zipf,2.0,10,1778279,0.0,0.0
frequency,countsketch-fastpath-vector2d,rows=5 cols=1024,zipf,2.0,10,3162278,0.0,0.0
frequency,countsketch-fastpath-vector2d,rows=5 cols=1024,zipf,2.0,10,5623413,0.0,0.0
frequency,countsketch-fastpath-vector2d,rows=5 cols=1024,zipf,2.0,10,10000000,0.0,0.0
frequency,countsketch-fastpath-vector2d,rows=5 cols=1024,zipf,2.0,10,17782794,0.0,0.0
frequency,countsketch-fastpath-vector2d,rows=5 cols=1024,zipf,2.0,10,31622777,0.0,0.0
frequency,countsketch-fastpath-vector2d,rows=5 cols=1024,zipf,2.0,10,56234133,0.0,0.0
frequency,countsketch-fastpath-vector2d,rows=5 cols=1024,zipf,2.0,10,100000000,0.0,0.0
frequency,countsketch-fastpath-vector2d,rows=5 cols=1024,zipf,2.0,100,1000,0.0,0.0
frequency,countsketch-fastpath-vector2d,rows=5 cols=1024,zipf,2.0,100,1778,0.0,0.0
frequency,countsketch-fastpath-vector2d,rows=5 cols=1024,zipf,2.0,100,3162,0.0,0.0
frequency,countsketch-fastpath-vector2d,rows=5 cols=1024,zipf,2.0,100,5623,0.0,0.0
frequency,countsketch-fastpath-vector2d,rows=5 cols=1024,zipf,2.0,100,10000,0.0,0.0
frequency,countsketch-fastpath-vector2d,rows=5 cols=1024,zipf,2.0,100,17783,0.0,0.0
frequency,countsketch-fastpath-vector2d,rows=5 cols=1024,zipf,2.0,100,31623,0.0,0.0
frequency,countsketch-fastpath-vector2d,rows=5 cols=1024,zipf,2.0,100,56234,0.0,0.0
frequency,countsketch-fastpath-vector2d,rows=5 cols=1024,zipf,2.0,100,100000,0.0,0.0
frequency,countsketch-fastpath-vector2d,rows=5 cols=1024,zipf,2.0,100,177828,0.0,0.0
frequency,countsketch-fastpath-vector2d,rows=5 cols=1024,zipf,2.0,100,316228,0.0,0.0
frequency,countsketch-fastpath-vector2d,rows=5 cols=1024,zipf,2.0,100,562341,0.0,0.0
frequency,countsketch-fastpath-vector2d,rows=5 cols=1024,zipf,2.0,100,1000000,0.0,0.0
frequency,countsketch-fastpath-vector2d,rows=5 cols=1024,zipf,2.0,100,1778279,0.0,0.0
frequency,countsketch-fastpath-vector2d,rows=5 cols=1024,zipf,2.0,100,3162278,0.0,0.0
frequency,countsketch-fastpath-vector2d,rows=5 cols=1024,zipf,2.0,100,5623413,0.0,0.0
frequency,countsketch-fastpath-vector2d,rows=5 cols=1024,zipf,2.0,100,10000000,0.0,0.0
frequency,countsketch-fastpath-vector2d,rows=5 cols=1024,zipf,2.0,100,17782794,0.0,0.0
frequency,countsketch-fastpath-vector2d,rows=5 cols=1024,zipf,2.0,100,31622777,0.0,0.0
frequency,countsketch-fastpath-vector2d,rows=5 cols=1024,zipf,2.0,100,56234133,0.0,0.0
frequency,countsketch-fastpath-vector2d,rows=5 cols=1024,zipf,2.0,100,100000000,0.0,0.0
frequency,countsketch-fastpath-vector2d,rows=5 cols=1024,zipf,2.0,10000,1000,0.0,0.0
frequency,countsketch-fastpath-vector2d,rows=5 cols=1024,zipf,2.0,10000,1778,0.0,0.0
frequency,countsketch-fastpath-vector2d,rows=5 cols=1024,zipf,2.0,10000,3162,0.00047483380816714147,0.0004748338081671414
frequency,countsketch-fastpath-vector2d,rows=5 cols=1024,zipf,2.0,10000,5623,0.0035897435897435897,0.003212811304138889
frequency,countsketch-fastpath-vector2d,rows=5 cols=1024,zipf,2.0,10000,10000,0.0001282051282051282,0.0001282051282051282
frequency,countsketch-fastpath-vector2d,rows=5 cols=1024,zipf,2.0,10000,17783,0.005810213940648724,0.002365818114919013
frequency,countsketch-fastpath-vector2d,rows=5 cols=1024,zipf,2.0,10000,31623,0.003984135958580304,0.001046328581229757
frequency,countsketch-fastpath-vector2d,rows=5 cols=1024,zipf,2.0,10000,56234,0.002291953660374713,0.0012677889819575822
frequency,countsketch-fastpath-vector2d,rows=5 cols=1024,zipf,2.0,10000,100000,0.003512137384841203,0.00019440123043649055
frequency,countsketch-fastpath-vector2d,rows=5 cols=1024,zipf,2.0,10000,177828,0.003836866203687495,0.0003283304455668308
frequency,countsketch-fastpath-vector2d,rows=5 cols=1024,zipf,2.0,10000,316228,0.004342930091879998,0.0006229673771416113
frequency,countsketch-fastpath-vector2d,rows=5 cols=1024,zipf,2.0,10000,562341,0.005269265351713162,0.0005175127249495824
frequency,countsketch-fastpath-vector2d,rows=5 cols=1024,zipf,2.0,10000,1000000,0.005336621821863441,0.0006201956862673288
frequency,countsketch-fastpath-vector2d,rows=5 cols=1024,zipf,2.0,10000,1778279,0.004935890880364784,0.0002714904755640801
frequency,countsketch-fastpath-vector2d,rows=5 cols=1024,zipf,2.0,10000,3162278,0.00510966760824396,0.00014635408736893556
frequency,countsketch-fastpath-vector2d,rows=5 cols=1024,zipf,2.0,10000,5623413,0.005125838103283192,0.0003030859720500576
frequency,countsketch-fastpath-vector2d,rows=5 cols=1024,zipf,2.0,10000,10000000,0.004785685037074972,0.00011028893219842492
frequency,countsketch-fastpath-vector2d,rows=5 cols=1024,zipf,2.0,10000,17782794,0.0049356871261327885,6.0671701964205996e-05
frequency,countsketch-fastpath-vector2d,rows=5 cols=1024,zipf,2.0,10000,31622777,0.004787767131775621,1.3558348632038528e-05
frequency,countsketch-fastpath-vector2d,rows=5 cols=1024,zipf,2.0,10000,56234133,0.004852237400461799,8.923707772271448e-05
frequency,countsketch-fastpath-vector2d,rows=5 cols=1024,zipf,2.0,10000,100000000,0.004907851047037843,5.686725210861079e-06
frequency,countsketch-fastpath-vector2d,rows=5 cols=1024,zipf,2.0,1000000,1000,0.0,0.0
frequency,countsketch-fastpath-vector2d,rows=5 cols=1024,zipf,2.0,1000000,1778,0.0,0.0
frequency,countsketch-fastpath-vector2d,rows=5 cols=1024,zipf,2.0,1000000,3162,0.0,0.0
frequency,countsketch-fastpath-vector2d,rows=5 cols=1024,zipf,2.0,1000000,5623,0.0,0.0
frequency,countsketch-fastpath-vector2d,rows=5 cols=1024,zipf,2.0,1000000,10000,0.0,0.0
frequency,countsketch-fastpath-vector2d,rows=5 cols=1024,zipf,2.0,1000000,17783,0.0,0.0
frequency,countsketch-fastpath-vector2d,rows=5 cols=1024,zipf,2.0,1000000,31623,0.00611111111111111,0.004914390559153926
frequency,countsketch-fastpath-vector2d,rows=5 cols=1024,zipf,2.0,1000000,56234,0.0029771080916368878,0.0009965512933314117
frequency,countsketch-fastpath-vector2d,rows=5 cols=1024,zipf,2.0,1000000,100000,0.004560092791033748,0.0015940381000401275
frequency,countsketch-fastpath-vector2d,rows=5 cols=1024,zipf,2.0,1000000,177828,0.006345598887372205,0.0012565368084679668
frequency,countsketch-fastpath-vector2d,rows=5 cols=1024,zipf,2.0,1000000,316228,0.005983263112824611,0.0005649519193675684
frequency,countsketch-fastpath-vector2d,rows=5 cols=1024,zipf,2.0,1000000,562341,0.006009735598642264,0.0006152850311531049
frequency,countsketch-fastpath-vector2d,rows=5 cols=1024,zipf,2.0,1000000,1000000,0.006454336912727288,0.0005301996032393301
frequency,countsketch-fastpath-vector2d,rows=5 cols=1024,zipf,2.0,1000000,1778279,0.0053727487808834596,0.00027735331459568364
frequency,countsketch-fastpath-vector2d,rows=5 cols=1024,zipf,2.0,1000000,3162278,0.004938621588499076,0.00015351503475961645
frequency,countsketch-fastpath-vector2d,rows=5 cols=1024,zipf,2.0,1000000,5623413,0.004866169174827007,4.653050405448502e-05
frequency,countsketch-fastpath-vector2d,rows=5 cols=1024,zipf,2.0,1000000,10000000,0.0049331650361822835,0.0001226590285986549
frequency,countsketch-fastpath-vector2d,rows=5 cols=1024,zipf,2.0,1000000,17782794,0.004744806836744908,0.00013608418485140555
frequency,countsketch-fastpath-vector2d,rows=5 cols=1024,zipf,2.0,1000000,31622777,0.004682007403630221,0.00014757524944554825
frequency,countsketch-fastpath-vector2d,rows=5 cols=1024,zipf,2.0,1000000,56234133,0.004703868536848355,0.00015986009457092228
frequency,countsketch-fastpath-vector2d,rows=5 cols=1024,zipf,2.0,1000000,100000000,0.004835891182796791,0.00015661695534222101
frequency,countsketch-fastpath-vector2d,rows=5 cols=4096,zipf,0.0,10,1000,0.0,0.0
frequency,countsketch-fastpath-vector2d,rows=5 cols=4096,zipf,0.0,10,1778,0.0,0.0
frequency,countsketch-fastpath-vector2d,rows=5 cols=4096,zipf,0.0,10,3162,0.0,0.0
frequency,countsketch-fastpath-vector2d,rows=5 cols=4096,zipf,0.0,10,5623,0.0,0.0
frequency,countsketch-fastpath-vector2d,rows=5 cols=4096,zipf,0.0,10,10000,0.0,0.0
frequency,countsketch-fastpath-vector2d,rows=5 cols=4096,zipf,0.0,10,17783,0.0,0.0
frequency,countsketch-fastpath-vector2d,rows=5 cols=4096,zipf,0.0,10,31623,0.0,0.0
frequency,countsketch-fastpath-vector2d,rows=5 cols=4096,zipf,0.0,10,56234,0.0,0.0
frequency,countsketch-fastpath-vector2d,rows=5 cols=4096,zipf,0.0,10,100000,0.0,0.0
frequency,countsketch-fastpath-vector2d,rows=5 cols=4096,zipf,0.0,10,177828,0.0,0.0
frequency,countsketch-fastpath-vector2d,rows=5 cols=4096,zipf,0.0,10,316228,0.0,0.0
frequency,countsketch-fastpath-vector2d,rows=5 cols=4096,zipf,0.0,10,562341,0.0,0.0
frequency,countsketch-fastpath-vector2d,rows=5 cols=4096,zipf,0.0,10,1000000,0.0,0.0
frequency,countsketch-fastpath-vector2d,rows=5 cols=4096,zipf,0.0,10,1778279,0.0,0.0
frequency,countsketch-fastpath-vector2d,rows=5 cols=4096,zipf,0.0,10,3162278,0.0,0.0
frequency,countsketch-fastpath-vector2d,rows=5 cols=4096,zipf,0.0,10,5623413,0.0,0.0
frequency,countsketch-fastpath-vector2d,rows=5 cols=4096,zipf,0.0,10,10000000,0.0,0.0
frequency,countsketch-fastpath-vector2d,rows=5 cols=4096,zipf,0.0,10,17782794,0.0,0.0
frequency,countsketch-fastpath-vector2d,rows=5 cols=4096,zipf,0.0,10,31622777,0.0,0.0
frequency,countsketch-fastpath-vector2d,rows=5 cols=4096,zipf,0.0,10,56234133,0.0,0.0
frequency,countsketch-fastpath-vector2d,rows=5 cols=4096,zipf,0.0,10,100000000,0.0,0.0
frequency,countsketch-fastpath-vector2d,rows=5 cols=4096,zipf,0.0,100,1000,0.0,0.0
frequency,countsketch-fastpath-vector2d,rows=5 cols=4096,zipf,0.0,100,1778,0.0,0.0
frequency,countsketch-fastpath-vector2d,rows=5 cols=4096,zipf,0.0,100,3162,0.0,0.0
frequency,countsketch-fastpath-vector2d,rows=5 cols=4096,zipf,0.0,100,5623,0.0,0.0
frequency,countsketch-fastpath-vector2d,rows=5 cols=4096,zipf,0.0,100,10000,0.0,0.0
frequency,countsketch-fastpath-vector2d,rows=5 cols=4096,zipf,0.0,100,17783,0.0,0.0
frequency,countsketch-fastpath-vector2d,rows=5 cols=4096,zipf,0.0,100,31623,0.0,0.0
frequency,countsketch-fastpath-vector2d,rows=5 cols=4096,zipf,0.0,100,56234,0.0,0.0
frequency,countsketch-fastpath-vector2d,rows=5 cols=4096,zipf,0.0,100,100000,0.0,0.0
frequency,countsketch-fastpath-vector2d,rows=5 cols=4096,zipf,0.0,100,177828,0.0,0.0
frequency,countsketch-fastpath-vector2d,rows=5 cols=4096,zipf,0.0,100,316228,0.0,0.0
frequency,countsketch-fastpath-vector2d,rows=5 cols=4096,zipf,0.0,100,562341,0.0,0.0
frequency,countsketch-fastpath-vector2d,rows=5 cols=4096,zipf,0.0,100,1000000,0.0,0.0
frequency,countsketch-fastpath-vector2d,rows=5 cols=4096,zipf,0.0,100,1778279,0.0,0.0
frequency,countsketch-fastpath-vector2d,rows=5 cols=4096,zipf,0.0,100,3162278,0.0,0.0
frequency,countsketch-fastpath-vector2d,rows=5 cols=4096,zipf,0.0,100,5623413,0.0,0.0
frequency,countsketch-fastpath-vector2d,rows=5 cols=4096,zipf,0.0,100,10000000,0.0,0.0
frequency,countsketch-fastpath-vector2d,rows=5 cols=4096,zipf,0.0,100,17782794,0.0,0.0
frequency,countsketch-fastpath-vector2d,rows=5 cols=4096,zipf,0.0,100,31622777,0.0,0.0
frequency,countsketch-fastpath-vector2d,rows=5 cols=4096,zipf,0.0,100,56234133,0.0,0.0
frequency,countsketch-fastpath-vector2d,rows=5 cols=4096,zipf,0.0,100,100000000,0.0,0.0
frequency,countsketch-fastpath-vector2d,rows=5 cols=4096,zipf,0.0,10000,1000,0.006666666666666667,0.006666666666666667
frequency,countsketch-fastpath-vector2d,rows=5 cols=4096,zipf,0.0,10000,1778,0.02777777777777778,0.0064069792192615535
frequency,countsketch-fastpath-vector2d,rows=5 cols=4096,zipf,0.0,10000,3162,0.05444444444444444,0.004547418206595803
frequency,countsketch-fastpath-vector2d,rows=5 cols=4096,zipf,0.0,10000,5623,0.09616666666666666,0.0060376902623191795
frequency,countsketch-fastpath-vector2d,rows=5 cols=4096,zipf,0.0,10000,10000,0.14555555555555555,0.010140372798562537
frequency,countsketch-fastpath-vector2d,rows=5 cols=4096,zipf,0.0,10000,17783,0.17529100529100525,0.003856874986162257
frequency,countsketch-fastpath-vector2d,rows=5 cols=4096,zipf,0.0,10000,31623,0.22778535353535348,0.0030501005233818613
frequency,countsketch-fastpath-vector2d,rows=5 cols=4096,zipf,0.0,10000,56234,0.2699455607029136,0.012387319842439305
frequency,countsketch-fastpath-vector2d,rows=5 cols=4096,zipf,0.0,10000,100000,0.3108420509780922,0.025561731287499865
frequency,countsketch-fastpath-vector2d,rows=5 cols=4096,zipf,0.0,10000,177828,0.3315578634699349,0.016237155458566122
frequency,countsketch-fastpath-vector2d,rows=5 cols=4096,zipf,0.0,10000,316228,0.3784620601794077,0.012435719513235768
frequency,countsketch-fastpath-vector2d,rows=5 cols=4096,zipf,0.0,10000,562341,0.41260931793907724,0.012689916492482502
frequency,countsketch-fastpath-vector2d,rows=5 cols=4096,zipf,0.0,10000,1000000,0.47531865259442246,0.01818200515545663
frequency,countsketch-fastpath-vector2d,rows=5 cols=4096,zipf,0.0,10000,1778279,0.49225591954275494,0.016910147947311577
frequency,countsketch-fastpath-vector2d,rows=5 cols=4096,zipf,0.0,10000,3162278,0.4523175700302231,0.0493789842272161
frequency,countsketch-fastpath-vector2d,rows=5 cols=4096,zipf,0.0,10000,5623413,0.5088272340080237,0.01713032482922339
frequency,countsketch-fastpath-vector2d,rows=5 cols=4096,zipf,0.0,10000,10000000,0.5211291838084232,0.015200519064741467
frequency,countsketch-fastpath-vector2d,rows=5 cols=4096,zipf,0.0,10000,17782794,0.4933510430900599,0.003749213888134518
frequency,countsketch-fastpath-vector2d,rows=5 cols=4096,zipf,0.0,10000,31622777,0.5223410551555122,0.026007963882232428
frequency,countsketch-fastpath-vector2d,rows=5 cols=4096,zipf,0.0,10000,56234133,0.5548483654885467,0.01429362472827115
frequency,countsketch-fastpath-vector2d,rows=5 cols=4096,zipf,0.0,10000,100000000,0.5681019472013477,0.031506466695250944
frequency,countsketch-fastpath-vector2d,rows=5 cols=4096,zipf,0.0,1000000,1000,0.013333333333333334,0.006666666666666667
frequency,countsketch-fastpath-vector2d,rows=5 cols=4096,zipf,0.0,1000000,1778,0.05333333333333334,0.003333333333333332
frequency,countsketch-fastpath-vector2d,rows=5 cols=4096,zipf,0.0,1000000,3162,0.15333333333333332,0.00600925212577332
frequency,countsketch-fastpath-vector2d,rows=5 cols=4096,zipf,0.0,1000000,5623,0.3316666666666667,0.0367801274845232
frequency,countsketch-fastpath-vector2d,rows=5 cols=4096,zipf,0.0,1000000,10000,0.46,0.008660254037844378
frequency,countsketch-fastpath-vector2d,rows=5 cols=4096,zipf,0.0,1000000,17783,0.4072222222222222,0.0014698618394803167
frequency,countsketch-fastpath-vector2d,rows=5 cols=4096,zipf,0.0,1000000,31623,0.5594444444444444,0.03000514359197948
frequency,countsketch-fastpath-vector2d,rows=5 cols=4096,zipf,0.0,1000000,56234,0.6611111111111111,0.022959975910857577
frequency,countsketch-fastpath-vector2d,rows=5 cols=4096,zipf,0.0,1000000,100000,0.6575555555555558,0.02509709540028231
frequency,countsketch-fastpath-vector2d,rows=5 cols=4096,zipf,0.0,1000000,177828,0.7888888888888891,0.0239018698581523
frequency,countsketch-fastpath-vector2d,rows=5 cols=4096,zipf,0.0,1000000,316228,0.8674444444444444,0.06020869056667057
frequency,countsketch-fastpath-vector2d,rows=5 cols=4096,zipf,0.0,1000000,562341,1.0639523809523812,0.025034805703233177
frequency,countsketch-fastpath-vector2d,rows=5 cols=4096,zipf,0.0,1000000,1000000,1.0938293650793651,0.07620314203171143
frequency,countsketch-fastpath-vector2d,rows=5 cols=4096,zipf,0.0,1000000,1778279,1.2474806397306397,0.04048340753668716
frequency,countsketch-fastpath-vector2d,rows=5 cols=4096,zipf,0.0,1000000,3162278,1.522844932844933,0.12313409816122327
frequency,countsketch-fastpath-vector2d,rows=5 cols=4096,zipf,0.0,1000000,5623413,1.743762813897489,0.17403493884155438
frequency,countsketch-fastpath-vector2d,rows=5 cols=4096,zipf,0.0,1000000,10000000,1.8695681861348528,0.009998973662822522
frequency,countsketch-fastpath-vector2d,rows=5 cols=4096,zipf,0.0,1000000,17782794,2.2295604989943882,0.12430789856322665
frequency,countsketch-fastpath-vector2d,rows=5 cols=4096,zipf,0.0,1000000,31622777,2.6491663416802074,0.19261908146771198
frequency,countsketch-fastpath-vector2d,rows=5 cols=4096,zipf,0.0,1000000,56234133,2.6871037241956977,0.09067662428447304
frequency,countsketch-fastpath-vector2d,rows=5 cols=4096,zipf,0.0,1000000,100000000,2.8317483365047416,0.08701293849500248
frequency,countsketch-fastpath-vector2d,rows=5 cols=4096,zipf,0.5,10,1000,0.0,0.0
frequency,countsketch-fastpath-vector2d,rows=5 cols=4096,zipf,0.5,10,1778,0.0,0.0
frequency,countsketch-fastpath-vector2d,rows=5 cols=4096,zipf,0.5,10,3162,0.0,0.0
frequency,countsketch-fastpath-vector2d,rows=5 cols=4096,zipf,0.5,10,5623,0.0,0.0
frequency,countsketch-fastpath-vector2d,rows=5 cols=4096,zipf,0.5,10,10000,0.0,0.0
frequency,countsketch-fastpath-vector2d,rows=5 cols=4096,zipf,0.5,10,17783,0.0,0.0
frequency,countsketch-fastpath-vector2d,rows=5 cols=4096,zipf,0.5,10,31623,0.0,0.0
frequency,countsketch-fastpath-vector2d,rows=5 cols=4096,zipf,0.5,10,56234,0.0,0.0
frequency,countsketch-fastpath-vector2d,rows=5 cols=4096,zipf,0.5,10,100000,0.0,0.0
frequency,countsketch-fastpath-vector2d,rows=5 cols=4096,zipf,0.5,10,177828,0.0,0.0
frequency,countsketch-fastpath-vector2d,rows=5 cols=4096,zipf,0.5,10,316228,0.0,0.0
frequency,countsketch-fastpath-vector2d,rows=5 cols=4096,zipf,0.5,10,562341,0.0,0.0
frequency,countsketch-fastpath-vector2d,rows=5 cols=4096,zipf,0.5,10,1000000,0.0,0.0
frequency,countsketch-fastpath-vector2d,rows=5 cols=4096,zipf,0.5,10,1778279,0.0,0.0
frequency,countsketch-fastpath-vector2d,rows=5 cols=4096,zipf,0.5,10,3162278,0.0,0.0
frequency,countsketch-fastpath-vector2d,rows=5 cols=4096,zipf,0.5,10,5623413,0.0,0.0
frequency,countsketch-fastpath-vector2d,rows=5 cols=4096,zipf,0.5,10,10000000,0.0,0.0
frequency,countsketch-fastpath-vector2d,rows=5 cols=4096,zipf,0.5,10,17782794,0.0,0.0
frequency,countsketch-fastpath-vector2d,rows=5 cols=4096,zipf,0.5,10,31622777,0.0,0.0
frequency,countsketch-fastpath-vector2d,rows=5 cols=4096,zipf,0.5,10,56234133,0.0,0.0
frequency,countsketch-fastpath-vector2d,rows=5 cols=4096,zipf,0.5,10,100000000,0.0,0.0
frequency,countsketch-fastpath-vector2d,rows=5 cols=4096,zipf,0.5,100,1000,0.0,0.0
frequency,countsketch-fastpath-vector2d,rows=5 cols=4096,zipf,0.5,100,1778,0.0,0.0
frequency,countsketch-fastpath-vector2d,rows=5 cols=4096,zipf,0.5,100,3162,0.0,0.0
frequency,countsketch-fastpath-vector2d,rows=5 cols=4096,zipf,0.5,100,5623,0.0,0.0
frequency,countsketch-fastpath-vector2d,rows=5 cols=4096,zipf,0.5,100,10000,0.0,0.0
frequency,countsketch-fastpath-vector2d,rows=5 cols=4096,zipf,0.5,100,17783,0.0,0.0
frequency,countsketch-fastpath-vector2d,rows=5 cols=4096,zipf,0.5,100,31623,0.0,0.0
frequency,countsketch-fastpath-vector2d,rows=5 cols=4096,zipf,0.5,100,56234,0.0,0.0
frequency,countsketch-fastpath-vector2d,rows=5 cols=4096,zipf,0.5,100,100000,0.0,0.0
frequency,countsketch-fastpath-vector2d,rows=5 cols=4096,zipf,0.5,100,177828,0.0,0.0
frequency,countsketch-fastpath-vector2d,rows=5 cols=4096,zipf,0.5,100,316228,0.0,0.0
frequency,countsketch-fastpath-vector2d,rows=5 cols=4096,zipf,0.5,100,562341,0.0,0.0
frequency,countsketch-fastpath-vector2d,rows=5 cols=4096,zipf,0.5,100,1000000,0.0,0.0
frequency,countsketch-fastpath-vector2d,rows=5 cols=4096,zipf,0.5,100,1778279,0.0,0.0
frequency,countsketch-fastpath-vector2d,rows=5 cols=4096,zipf,0.5,100,3162278,0.0,0.0
frequency,countsketch-fastpath-vector2d,rows=5 cols=4096,zipf,0.5,100,5623413,0.0,0.0
frequency,countsketch-fastpath-vector2d,rows=5 cols=4096,zipf,0.5,100,10000000,0.0,0.0
frequency,countsketch-fastpath-vector2d,rows=5 cols=4096,zipf,0.5,100,17782794,0.0,0.0
frequency,countsketch-fastpath-vector2d,rows=5 cols=4096,zipf,0.5,100,31622777,0.0,0.0
frequency,countsketch-fastpath-vector2d,rows=5 cols=4096,zipf,0.5,100,56234133,0.0,0.0
frequency,countsketch-fastpath-vector2d,rows=5 cols=4096,zipf,0.5,100,100000000,0.0,0.0
frequency,countsketch-fastpath-vector2d,rows=5 cols=4096,zipf,0.5,10000,1000,0.004166666666666667,0.002204792759220492
frequency,countsketch-fastpath-vector2d,rows=5 cols=4096,zipf,0.5,10000,1778,0.014444444444444446,0.0015466012118972288
frequency,countsketch-fastpath-vector2d,rows=5 cols=4096,zipf,0.5,10000,3162,0.035294973544973546,0.005864329489570986
frequency,countsketch-fastpath-vector2d,rows=5 cols=4096,zipf,0.5,10000,5623,0.06203442853442853,0.011094358386229557
frequency,countsketch-fastpath-vector2d,rows=5 cols=4096,zipf,0.5,10000,10000,0.0546934763684949,0.005735665410616689
frequency,countsketch-fastpath-vector2d,rows=5 cols=4096,zipf,0.5,10000,17783,0.06530896062020995,0.0027178194752898116
frequency,countsketch-fastpath-vector2d,rows=5 cols=4096,zipf,0.5,10000,31623,0.06919087145812867,0.000877618476114764
frequency,countsketch-fastpath-vector2d,rows=5 cols=4096,zipf,0.5,10000,56234,0.07344633936611801,0.004483226046954172
frequency,countsketch-fastpath-vector2d,rows=5 cols=4096,zipf,0.5,10000,100000,0.07000328851456913,0.0029777319915901108
frequency,countsketch-fastpath-vector2d,rows=5 cols=4096,zipf,0.5,10000,177828,0.0675726696535371,0.0023366083473342495
frequency,countsketch-fastpath-vector2d,rows=5 cols=4096,zipf,0.5,10000,316228,0.07113363776934589,0.0024504909259991923
frequency,countsketch-fastpath-vector2d,rows=5 cols=4096,zipf,0.5,10000,562341,0.0708233298438502,0.0025343363285814224
frequency,countsketch-fastpath-vector2d,rows=5 cols=4096,zipf,0.5,10000,1000000,0.0696999765234202,0.0008274767315450111
frequency,countsketch-fastpath-vector2d,rows=5 cols=4096,zipf,0.5,10000,1778279,0.06814429251113661,0.0012036440381152508
frequency,countsketch-fastpath-vector2d,rows=5 cols=4096,zipf,0.5,10000,3162278,0.06900841986693229,0.00043255761008221004
frequency,countsketch-fastpath-vector2d,rows=5 cols=4096,zipf,0.5,10000,5623413,0.06809566398227855,0.001865051464757374
frequency,countsketch-fastpath-vector2d,rows=5 cols=4096,zipf,0.5,10000,10000000,0.06770957023566693,0.0008254523705471845
frequency,countsketch-fastpath-vector2d,rows=5 cols=4096,zipf,0.5,10000,17782794,0.06675603216389259,0.00014986150075362888
frequency,countsketch-fastpath-vector2d,rows=5 cols=4096,zipf,0.5,10000,31622777,0.0664336948192898,0.00015572121983784665
frequency,countsketch-fastpath-vector2d,rows=5 cols=4096,zipf,0.5,10000,56234133,0.06669898001941628,0.00019802575499591288
frequency,countsketch-fastpath-vector2d,rows=5 cols=4096,zipf,0.5,10000,100000000,0.06644991032441551,0.0002495712797149038
frequency,countsketch-fastpath-vector2d,rows=5 cols=4096,zipf,0.5,1000000,1000,0.013333333333333334,0.006666666666666667
frequency,countsketch-fastpath-vector2d,rows=5 cols=4096,zipf,0.5,1000000,1778,0.055,0.023629078131263043
frequency,countsketch-fastpath-vector2d,rows=5 cols=4096,zipf,0.5,1000000,3162,0.15777777777777777,0.007222222222222228
frequency,countsketch-fastpath-vector2d,rows=5 cols=4096,zipf,0.5,1000000,5623,0.2619444444444444,0.01487862415649119
frequency,countsketch-fastpath-vector2d,rows=5 cols=4096,zipf,0.5,1000000,10000,0.2659444444444444,0.0056571270464568
frequency,countsketch-fastpath-vector2d,rows=5 cols=4096,zipf,0.5,1000000,17783,0.3388703703703704,0.03920338879140129
frequency,countsketch-fastpath-vector2d,rows=5 cols=4096,zipf,0.5,1000000,31623,0.35846916645446053,0.010008509676984382
frequency,countsketch-fastpath-vector2d,rows=5 cols=4096,zipf,0.5,1000000,56234,0.3022986451207199,0.012984625184934963
frequency,countsketch-fastpath-vector2d,rows=5 cols=4096,zipf,0.5,1000000,100000,0.26051429334462894,0.007088036505130716
frequency,countsketch-fastpath-vector2d,rows=5 cols=4096,zipf,0.5,1000000,177828,0.23673050681888516,0.01056819704322042
frequency,countsketch-fastpath-vector2d,rows=5 cols=4096,zipf,0.5,1000000,316228,0.21123524431617635,0.0054279608478751415
frequency,countsketch-fastpath-vector2d,rows=5 cols=4096,zipf,0.5,1000000,562341,0.18718990676099723,0.002269828784298266
frequency,countsketch-fastpath-vector2d,rows=5 cols=4096,zipf,0.5,1000000,1000000,0.16005067596041536,0.004999520863528713
frequency,countsketch-fastpath-vector2d,rows=5 cols=4096,zipf,0.5,1000000,1778279,0.14857635169152814,0.0005778136631508888
frequency,countsketch-fastpath-vector2d,rows=5 cols=4096,zipf,0.5,1000000,3162278,0.14439744742274419,0.002215772858155803
frequency,countsketch-fastpath-vector2d,rows=5 cols=4096,zipf,0.5,1000000,5623413,0.13236553382026028,0.00327818649984596
frequency,countsketch-fastpath-vector2d,rows=5 cols=4096,zipf,0.5,1000000,10000000,0.13112457888544007,0.002812697736352073
frequency,countsketch-fastpath-vector2d,rows=5 cols=4096,zipf,0.5,1000000,17782794,0.12709784509321279,0.003486003551534506
frequency,countsketch-fastpath-vector2d,rows=5 cols=4096,zipf,0.5,1000000,31622777,0.12152223630434174,0.0014641519550210422
frequency,countsketch-fastpath-vector2d,rows=5 cols=4096,zipf,0.5,1000000,56234133,0.11931258159492553,0.0014162322604960623
frequency,countsketch-fastpath-vector2d,rows=5 cols=4096,zipf,0.5,1000000,100000000,0.12090933412449491,0.0015111079659398986
frequency,countsketch-fastpath-vector2d,rows=5 cols=4096,zipf,1.0,10,1000,0.0,0.0
frequency,countsketch-fastpath-vector2d,rows=5 cols=4096,zipf,1.0,10,1778,0.0,0.0
frequency,countsketch-fastpath-vector2d,rows=5 cols=4096,zipf,1.0,10,3162,0.0,0.0
frequency,countsketch-fastpath-vector2d,rows=5 cols=4096,zipf,1.0,10,5623,0.0,0.0
frequency,countsketch-fastpath-vector2d,rows=5 cols=4096,zipf,1.0,10,10000,0.0,0.0
frequency,countsketch-fastpath-vector2d,rows=5 cols=4096,zipf,1.0,10,17783,0.0,0.0
frequency,countsketch-fastpath-vector2d,rows=5 cols=4096,zipf,1.0,10,31623,0.0,0.0
frequency,countsketch-fastpath-vector2d,rows=5 cols=4096,zipf,1.0,10,56234,0.0,0.0
frequency,countsketch-fastpath-vector2d,rows=5 cols=4096,zipf,1.0,10,100000,0.0,0.0
frequency,countsketch-fastpath-vector2d,rows=5 cols=4096,zipf,1.0,10,177828,0.0,0.0
frequency,countsketch-fastpath-vector2d,rows=5 cols=4096,zipf,1.0,10,316228,0.0,0.0
frequency,countsketch-fastpath-vector2d,rows=5 cols=4096,zipf,1.0,10,562341,0.0,0.0
frequency,countsketch-fastpath-vector2d,rows=5 cols=4096,zipf,1.0,10,1000000,0.0,0.0
frequency,countsketch-fastpath-vector2d,rows=5 cols=4096,zipf,1.0,10,1778279,0.0,0.0
frequency,countsketch-fastpath-vector2d,rows=5 cols=4096,zipf,1.0,10,3162278,0.0,0.0
frequency,countsketch-fastpath-vector2d,rows=5 cols=4096,zipf,1.0,10,5623413,0.0,0.0
frequency,countsketch-fastpath-vector2d,rows=5 cols=4096,zipf,1.0,10,10000000,0.0,0.0
frequency,countsketch-fastpath-vector2d,rows=5 cols=4096,zipf,1.0,10,17782794,0.0,0.0
frequency,countsketch-fastpath-vector2d,rows=5 cols=4096,zipf,1.0,10,31622777,0.0,0.0
frequency,countsketch-fastpath-vector2d,rows=5 cols=4096,zipf,1.0,10,56234133,0.0,0.0
frequency,countsketch-fastpath-vector2d,rows=5 cols=4096,zipf,1.0,10,100000000,0.0,0.0
frequency,countsketch-fastpath-vector2d,rows=5 cols=4096,zipf,1.0,100,1000,0.0,0.0
frequency,countsketch-fastpath-vector2d,rows=5 cols=4096,zipf,1.0,100,1778,0.0,0.0
frequency,countsketch-fastpath-vector2d,rows=5 cols=4096,zipf,1.0,100,3162,0.0,0.0
frequency,countsketch-fastpath-vector2d,rows=5 cols=4096,zipf,1.0,100,5623,0.0,0.0
frequency,countsketch-fastpath-vector2d,rows=5 cols=4096,zipf,1.0,100,10000,0.0,0.0
frequency,countsketch-fastpath-vector2d,rows=5 cols=4096,zipf,1.0,100,17783,0.0,0.0
frequency,countsketch-fastpath-vector2d,rows=5 cols=4096,zipf,1.0,100,31623,0.0,0.0
frequency,countsketch-fastpath-vector2d,rows=5 cols=4096,zipf,1.0,100,56234,0.0,0.0
frequency,countsketch-fastpath-vector2d,rows=5 cols=4096,zipf,1.0,100,100000,0.0,0.0
frequency,countsketch-fastpath-vector2d,rows=5 cols=4096,zipf,1.0,100,177828,0.0,0.0
frequency,countsketch-fastpath-vector2d,rows=5 cols=4096,zipf,1.0,100,316228,0.0,0.0
frequency,countsketch-fastpath-vector2d,rows=5 cols=4096,zipf,1.0,100,562341,0.0,0.0
frequency,countsketch-fastpath-vector2d,rows=5 cols=4096,zipf,1.0,100,1000000,0.0,0.0
frequency,countsketch-fastpath-vector2d,rows=5 cols=4096,zipf,1.0,100,1778279,0.0,0.0
frequency,countsketch-fastpath-vector2d,rows=5 cols=4096,zipf,1.0,100,3162278,0.0,0.0
frequency,countsketch-fastpath-vector2d,rows=5 cols=4096,zipf,1.0,100,5623413,0.0,0.0
frequency,countsketch-fastpath-vector2d,rows=5 cols=4096,zipf,1.0,100,10000000,0.0,0.0
frequency,countsketch-fastpath-vector2d,rows=5 cols=4096,zipf,1.0,100,17782794,0.0,0.0
frequency,countsketch-fastpath-vector2d,rows=5 cols=4096,zipf,1.0,100,31622777,0.0,0.0
frequency,countsketch-fastpath-vector2d,rows=5 cols=4096,zipf,1.0,100,56234133,0.0,0.0
frequency,countsketch-fastpath-vector2d,rows=5 cols=4096,zipf,1.0,100,100000000,0.0,0.0
frequency,countsketch-fastpath-vector2d,rows=5 cols=4096,zipf,1.0,10000,1000,0.0016666666666666668,0.0016666666666666668
frequency,countsketch-fastpath-vector2d,rows=5 cols=4096,zipf,1.0,10000,1778,0.005694444444444444,0.002869996988857197
frequency,countsketch-fastpath-vector2d,rows=5 cols=4096,zipf,1.0,10000,3162,0.005358585858585859,0.0014502866243350768
frequency,countsketch-fastpath-vector2d,rows=5 cols=4096,zipf,1.0,10000,5623,0.006777846894415252,0.0006334540228335795
frequency,countsketch-fastpath-vector2d,rows=5 cols=4096,zipf,1.0,10000,10000,0.01001751743378682,0.0018467270890922534
frequency,countsketch-fastpath-vector2d,rows=5 cols=4096,zipf,1.0,10000,17783,0.008896076056849752,0.0009338519348715907
frequency,countsketch-fastpath-vector2d,rows=5 cols=4096,zipf,1.0,10000,31623,0.009965680394214449,0.0010090413015480632
frequency,countsketch-fastpath-vector2d,rows=5 cols=4096,zipf,1.0,10000,56234,0.009318497234932844,0.0006562622234535993
frequency,countsketch-fastpath-vector2d,rows=5 cols=4096,zipf,1.0,10000,100000,0.010637326473133056,0.0005769520572103708
frequency,countsketch-fastpath-vector2d,rows=5 cols=4096,zipf,1.0,10000,177828,0.009288233844195241,0.000179151014477367
frequency,countsketch-fastpath-vector2d,rows=5 cols=4096,zipf,1.0,10000,316228,0.009492446364428836,0.00023723054749275228
frequency,countsketch-fastpath-vector2d,rows=5 cols=4096,zipf,1.0,10000,562341,0.00894807353161614,0.00030370264053584907
frequency,countsketch-fastpath-vector2d,rows=5 cols=4096,zipf,1.0,10000,1000000,0.008939794277569834,7.315604349645469e-05
frequency,countsketch-fastpath-vector2d,rows=5 cols=4096,zipf,1.0,10000,1778279,0.008703309238351685,6.630892277217897e-05
frequency,countsketch-fastpath-vector2d,rows=5 cols=4096,zipf,1.0,10000,3162278,0.008861348489444976,0.0003020692339957697
frequency,countsketch-fastpath-vector2d,rows=5 cols=4096,zipf,1.0,10000,5623413,0.008735432786424552,8.960940929040425e-05
frequency,countsketch-fastpath-vector2d,rows=5 cols=4096,zipf,1.0,10000,10000000,0.008818226975683114,2.5720975594334242e-05
frequency,countsketch-fastpath-vector2d,rows=5 cols=4096,zipf,1.0,10000,17782794,0.008774210391236397,3.447318031425518e-05
frequency,countsketch-fastpath-vector2d,rows=5 cols=4096,zipf,1.0,10000,31622777,0.008825761511635099,1.274922177266442e-05
frequency,countsketch-fastpath-vector2d,rows=5 cols=4096,zipf,1.0,10000,56234133,0.008835365068282197,1.9798199166353974e-05
frequency,countsketch-fastpath-vector2d,rows=5 cols=4096,zipf,1.0,10000,100000000,0.00882530336711159,3.839362216053244e-06
frequency,countsketch-fastpath-vector2d,rows=5 cols=4096,zipf,1.0,1000000,1000,0.006666666666666667,0.004409585518440984
frequency,countsketch-fastpath-vector2d,rows=5 cols=4096,zipf,1.0,1000000,1778,0.008888888888888889,0.0027357938338322513
frequency,countsketch-fastpath-vector2d,rows=5 cols=4096,zipf,1.0,1000000,3162,0.019056998556998557,0.0043479101957040805
frequency,countsketch-fastpath-vector2d,rows=5 cols=4096,zipf,1.0,1000000,5623,0.019266366226387843,0.003411106684701781
frequency,countsketch-fastpath-vector2d,rows=5 cols=4096,zipf,1.0,1000000,10000,0.027762602384078447,0.0007070893411423565
frequency,countsketch-fastpath-vector2d,rows=5 cols=4096,zipf,1.0,1000000,17783,0.02720121300249977,0.0020106392874537755
frequency,countsketch-fastpath-vector2d,rows=5 cols=4096,zipf,1.0,1000000,31623,0.02395281553006071,0.002012094621571617
frequency,countsketch-fastpath-vector2d,rows=5 cols=4096,zipf,1.0,1000000,56234,0.01810141109195944,0.0002869960627120178
frequency,countsketch-fastpath-vector2d,rows=5 cols=4096,zipf,1.0,1000000,100000,0.016600265326506585,0.0004548197595837164
frequency,countsketch-fastpath-vector2d,rows=5 cols=4096,zipf,1.0,1000000,177828,0.015627887557176128,0.0006864596101445896
frequency,countsketch-fastpath-vector2d,rows=5 cols=4096,zipf,1.0,1000000,316228,0.012764906144016389,0.0007218824423970735
frequency,countsketch-fastpath-vector2d,rows=5 cols=4096,zipf,1.0,1000000,562341,0.012145555073745989,0.0007039463300740075
frequency,countsketch-fastpath-vector2d,rows=5 cols=4096,zipf,1.0,1000000,1000000,0.011537762481581552,0.00036069416489106077
frequency,countsketch-fastpath-vector2d,rows=5 cols=4096,zipf,1.0,1000000,1778279,0.011230076519208787,0.0007724247716290114
frequency,countsketch-fastpath-vector2d,rows=5 cols=4096,zipf,1.0,1000000,3162278,0.010635304108604976,0.00034158537827589253
frequency,countsketch-fastpath-vector2d,rows=5 cols=4096,zipf,1.0,1000000,5623413,0.010494668222513005,0.0003361558603079257
frequency,countsketch-fastpath-vector2d,rows=5 cols=4096,zipf,1.0,1000000,10000000,0.010332701739544583,0.0002479808057060044
frequency,countsketch-fastpath-vector2d,rows=5 cols=4096,zipf,1.0,1000000,17782794,0.010216502640068912,0.00011294549095102454
frequency,countsketch-fastpath-vector2d,rows=5 cols=4096,zipf,1.0,1000000,31622777,0.010193319232565607,9.437184239534498e-05
frequency,countsketch-fastpath-vector2d,rows=5 cols=4096,zipf,1.0,1000000,56234133,0.01018920469880927,1.9358353816484354e-05
frequency,countsketch-fastpath-vector2d,rows=5 cols=4096,zipf,1.0,1000000,100000000,0.010176511187423182,3.224349037709333e-05
frequency,countsketch-fastpath-vector2d,rows=5 cols=4096,zipf,1.5,10,1000,0.0,0.0
frequency,countsketch-fastpath-vector2d,rows=5 cols=4096,zipf,1.5,10,1778,0.0,0.0
frequency,countsketch-fastpath-vector2d,rows=5 cols=4096,zipf,1.5,10,3162,0.0,0.0
frequency,countsketch-fastpath-vector2d,rows=5 cols=4096,zipf,1.5,10,5623,0.0,0.0
frequency,countsketch-fastpath-vector2d,rows=5 cols=4096,zipf,1.5,10,10000,0.0,0.0
frequency,countsketch-fastpath-vector2d,rows=5 cols=4096,zipf,1.5,10,17783,0.0,0.0
frequency,countsketch-fastpath-vector2d,rows=5 cols=4096,zipf,1.5,10,31623,0.0,0.0
frequency,countsketch-fastpath-vector2d,rows=5 cols=4096,zipf,1.5,10,56234,0.0,0.0
frequency,countsketch-fastpath-vector2d,rows=5 cols=4096,zipf,1.5,10,100000,0.0,0.0
frequency,countsketch-fastpath-vector2d,rows=5 cols=4096,zipf,1.5,10,177828,0.0,0.0
frequency,countsketch-fastpath-vector2d,rows=5 cols=4096,zipf,1.5,10,316228,0.0,0.0
frequency,countsketch-fastpath-vector2d,rows=5 cols=4096,zipf,1.5,10,562341,0.0,0.0
frequency,countsketch-fastpath-vector2d,rows=5 cols=4096,zipf,1.5,10,1000000,0.0,0.0
frequency,countsketch-fastpath-vector2d,rows=5 cols=4096,zipf,1.5,10,1778279,0.0,0.0
frequency,countsketch-fastpath-vector2d,rows=5 cols=4096,zipf,1.5,10,3162278,0.0,0.0
frequency,countsketch-fastpath-vector2d,rows=5 cols=4096,zipf,1.5,10,5623413,0.0,0.0
frequency,countsketch-fastpath-vector2d,rows=5 cols=4096,zipf,1.5,10,10000000,0.0,0.0
frequency,countsketch-fastpath-vector2d,rows=5 cols=4096,zipf,1.5,10,17782794,0.0,0.0
frequency,countsketch-fastpath-vector2d,rows=5 cols=4096,zipf,1.5,10,31622777,0.0,0.0
frequency,countsketch-fastpath-vector2d,rows=5 cols=4096,zipf,1.5,10,56234133,0.0,0.0
frequency,countsketch-fastpath-vector2d,rows=5 cols=4096,zipf,1.5,10,100000000,0.0,0.0
frequency,countsketch-fastpath-vector2d,rows=5 cols=4096,zipf,1.5,100,1000,0.0,0.0
frequency,countsketch-fastpath-vector2d,rows=5 cols=4096,zipf,1.5,100,1778,0.0,0.0
frequency,countsketch-fastpath-vector2d,rows=5 cols=4096,zipf,1.5,100,3162,0.0,0.0
frequency,countsketch-fastpath-vector2d,rows=5 cols=4096,zipf,1.5,100,5623,0.0,0.0
frequency,countsketch-fastpath-vector2d,rows=5 cols=4096,zipf,1.5,100,10000,0.0,0.0
frequency,countsketch-fastpath-vector2d,rows=5 cols=4096,zipf,1.5,100,17783,0.0,0.0
frequency,countsketch-fastpath-vector2d,rows=5 cols=4096,zipf,1.5,100,31623,0.0,0.0
frequency,countsketch-fastpath-vector2d,rows=5 cols=4096,zipf,1.5,100,56234,0.0,0.0
frequency,countsketch-fastpath-vector2d,rows=5 cols=4096,zipf,1.5,100,100000,0.0,0.0
frequency,countsketch-fastpath-vector2d,rows=5 cols=4096,zipf,1.5,100,177828,0.0,0.0
frequency,countsketch-fastpath-vector2d,rows=5 cols=4096,zipf,1.5,100,316228,0.0,0.0
frequency,countsketch-fastpath-vector2d,rows=5 cols=4096,zipf,1.5,100,562341,0.0,0.0
frequency,countsketch-fastpath-vector2d,rows=5 cols=4096,zipf,1.5,100,1000000,0.0,0.0
frequency,countsketch-fastpath-vector2d,rows=5 cols=4096,zipf,1.5,100,1778279,0.0,0.0
frequency,countsketch-fastpath-vector2d,rows=5 cols=4096,zipf,1.5,100,3162278,0.0,0.0
frequency,countsketch-fastpath-vector2d,rows=5 cols=4096,zipf,1.5,100,5623413,0.0,0.0
frequency,countsketch-fastpath-vector2d,rows=5 cols=4096,zipf,1.5,100,10000000,0.0,0.0
frequency,countsketch-fastpath-vector2d,rows=5 cols=4096,zipf,1.5,100,17782794,0.0,0.0
frequency,countsketch-fastpath-vector2d,rows=5 cols=4096,zipf,1.5,100,31622777,0.0,0.0
frequency,countsketch-fastpath-vector2d,rows=5 cols=4096,zipf,1.5,100,56234133,0.0,0.0
frequency,countsketch-fastpath-vector2d,rows=5 cols=4096,zipf,1.5,100,100000000,0.0,0.0
frequency,countsketch-fastpath-vector2d,rows=5 cols=4096,zipf,1.5,10000,1000,0.0,0.0
frequency,countsketch-fastpath-vector2d,rows=5 cols=4096,zipf,1.5,10000,1778,0.0,0.0
frequency,countsketch-fastpath-vector2d,rows=5 cols=4096,zipf,1.5,10000,3162,0.0,0.0
frequency,countsketch-fastpath-vector2d,rows=5 cols=4096,zipf,1.5,10000,5623,0.0011111111111111111,0.0011111111111111111
frequency,countsketch-fastpath-vector2d,rows=5 cols=4096,zipf,1.5,10000,10000,0.001650793650793651,0.00020634920634920632
frequency,countsketch-fastpath-vector2d,rows=5 cols=4096,zipf,1.5,10000,17783,0.0009417989417989419,0.0001181921053105221
frequency,countsketch-fastpath-vector2d,rows=5 cols=4096,zipf,1.5,10000,31623,0.0007103905535278083,0.00016189876463112694
frequency,countsketch-fastpath-vector2d,rows=5 cols=4096,zipf,1.5,10000,56234,0.0011969762049359406,0.0003190964393483783
frequency,countsketch-fastpath-vector2d,rows=5 cols=4096,zipf,1.5,10000,100000,0.0012564255393137634,0.0003340673168255478
frequency,countsketch-fastpath-vector2d,rows=5 cols=4096,zipf,1.5,10000,177828,0.0010442367430781925,0.00024464568915987943
frequency,countsketch-fastpath-vector2d,rows=5 cols=4096,zipf,1.5,10000,316228,0.0014227565035116142,0.000272440828583524
frequency,countsketch-fastpath-vector2d,rows=5 cols=4096,zipf,1.5,10000,562341,0.0014680320539140147,0.0002118856951436126
frequency,countsketch-fastpath-vector2d,rows=5 cols=4096,zipf,1.5,10000,1000000,0.0013660702401990538,0.0001798677906088254
frequency,countsketch-fastpath-vector2d,rows=5 cols=4096,zipf,1.5,10000,1778279,0.001334060431963239,0.00012563698884577026
frequency,countsketch-fastpath-vector2d,rows=5 cols=4096,zipf,1.5,10000,3162278,0.0013576539418292735,0.00013574976190012822
frequency,countsketch-fastpath-vector2d,rows=5 cols=4096,zipf,1.5,10000,5623413,0.0014028297490358676,9.190127185424926e-05
frequency,countsketch-fastpath-vector2d,rows=5 cols=4096,zipf,1.5,10000,10000000,0.0014253964680136404,4.926094567303251e-05
frequency,countsketch-fastpath-vector2d,rows=5 cols=4096,zipf,1.5,10000,17782794,0.0013733752455273105,1.485542215978745e-05
frequency,countsketch-fastpath-vector2d,rows=5 cols=4096,zipf,1.5,10000,31622777,0.001369350223340258,1.0708583464564156e-05
frequency,countsketch-fastpath-vector2d,rows=5 cols=4096,zipf,1.5,10000,56234133,0.0013970164554171214,1.7838998490827784e-05
frequency,countsketch-fastpath-vector2d,rows=5 cols=4096,zipf,1.5,10000,100000000,0.0013889051709273313,1.920575955679488e-05
frequency,countsketch-fastpath-vector2d,rows=5 cols=4096,zipf,1.5,1000000,1000,0.0,0.0
frequency,countsketch-fastpath-vector2d,rows=5 cols=4096,zipf,1.5,1000000,1778,0.0,0.0
frequency,countsketch-fastpath-vector2d,rows=5 cols=4096,zipf,1.5,1000000,3162,0.0,0.0
frequency,countsketch-fastpath-vector2d,rows=5 cols=4096,zipf,1.5,1000000,5623,0.0004761904761904762,0.0004761904761904762
frequency,countsketch-fastpath-vector2d,rows=5 cols=4096,zipf,1.5,1000000,10000,0.0010396825396825399,0.0005055125695014026
frequency,countsketch-fastpath-vector2d,rows=5 cols=4096,zipf,1.5,1000000,17783,5.291005291005291e-05,5.2910052910052905e-05
frequency,countsketch-fastpath-vector2d,rows=5 cols=4096,zipf,1.5,1000000,31623,0.001867319836166585,0.0005580556304228482
frequency,countsketch-fastpath-vector2d,rows=5 cols=4096,zipf,1.5,1000000,56234,0.0014331458135955339,0.00030647663076738475
frequency,countsketch-fastpath-vector2d,rows=5 cols=4096,zipf,1.5,1000000,100000,0.0019143369481507619,0.00026118945271172433
frequency,countsketch-fastpath-vector2d,rows=5 cols=4096,zipf,1.5,1000000,177828,0.0022943229048547104,0.00011356443917390705
frequency,countsketch-fastpath-vector2d,rows=5 cols=4096,zipf,1.5,1000000,316228,0.002108894764392174,0.0001340400032503848
frequency,countsketch-fastpath-vector2d,rows=5 cols=4096,zipf,1.5,1000000,562341,0.0021041024443163945,4.610736040614366e-05
frequency,countsketch-fastpath-vector2d,rows=5 cols=4096,zipf,1.5,1000000,1000000,0.001946328555061526,7.042743820345265e-05
frequency,countsketch-fastpath-vector2d,rows=5 cols=4096,zipf,1.5,1000000,1778279,0.001750543028207177,0.00011587754357377538
frequency,countsketch-fastpath-vector2d,rows=5 cols=4096,zipf,1.5,1000000,3162278,0.0015698467937180583,0.00012060229316641669
frequency,countsketch-fastpath-vector2d,rows=5 cols=4096,zipf,1.5,1000000,5623413,0.0014874525816025701,3.862717210226203e-05
frequency,countsketch-fastpath-vector2d,rows=5 cols=4096,zipf,1.5,1000000,10000000,0.0014483640977691755,4.645970719290571e-05
frequency,countsketch-fastpath-vector2d,rows=5 cols=4096,zipf,1.5,1000000,17782794,0.0014328057646275261,3.438870698605169e-05
frequency,countsketch-fastpath-vector2d,rows=5 cols=4096,zipf,1.5,1000000,31622777,0.001415539996058048,2.800618612999562e-05
frequency,countsketch-fastpath-vector2d,rows=5 cols=4096,zipf,1.5,1000000,56234133,0.0013941379642976777,9.46105103537119e-06
frequency,countsketch-fastpath-vector2d,rows=5 cols=4096,zipf,1.5,1000000,100000000,0.0014040622934977434,8.856831757048032e-06
frequency,countsketch-fastpath-vector2d,rows=5 cols=4096,zipf,2.0,10,1000,0.0,0.0
frequency,countsketch-fastpath-vector2d,rows=5 cols=4096,zipf,2.0,10,1778,0.0,0.0
frequency,countsketch-fastpath-vector2d,rows=5 cols=4096,zipf,2.0,10,3162,0.0,0.0
frequency,countsketch-fastpath-vector2d,rows=5 cols=4096,zipf,2.0,10,5623,0.0,0.0
frequency,countsketch-fastpath-vector2d,rows=5 cols=4096,zipf,2.0,10,10000,0.0,0.0
frequency,countsketch-fastpath-vector2d,rows=5 cols=4096,zipf,2.0,10,17783,0.0,0.0
frequency,countsketch-fastpath-vector2d,rows=5 cols=4096,zipf,2.0,10,31623,0.0,0.0
frequency,countsketch-fastpath-vector2d,rows=5 cols=4096,zipf,2.0,10,56234,0.0,0.0
frequency,countsketch-fastpath-vector2d,rows=5 cols=4096,zipf,2.0,10,100000,0.0,0.0
frequency,countsketch-fastpath-vector2d,rows=5 cols=4096,zipf,2.0,10,177828,0.0,0.0
frequency,countsketch-fastpath-vector2d,rows=5 cols=4096,zipf,2.0,10,316228,0.0,0.0
frequency,countsketch-fastpath-vector2d,rows=5 cols=4096,zipf,2.0,10,562341,0.0,0.0
frequency,countsketch-fastpath-vector2d,rows=5 cols=4096,zipf,2.0,10,1000000,0.0,0.0
frequency,countsketch-fastpath-vector2d,rows=5 cols=4096,zipf,2.0,10,1778279,0.0,0.0
frequency,countsketch-fastpath-vector2d,rows=5 cols=4096,zipf,2.0,10,3162278,0.0,0.0
frequency,countsketch-fastpath-vector2d,rows=5 cols=4096,zipf,2.0,10,5623413,0.0,0.0
frequency,countsketch-fastpath-vector2d,rows=5 cols=4096,zipf,2.0,10,10000000,0.0,0.0
frequency,countsketch-fastpath-vector2d,rows=5 cols=4096,zipf,2.0,10,17782794,0.0,0.0
frequency,countsketch-fastpath-vector2d,rows=5 cols=4096,zipf,2.0,10,31622777,0.0,0.0
frequency,countsketch-fastpath-vector2d,rows=5 cols=4096,zipf,2.0,10,56234133,0.0,0.0
frequency,countsketch-fastpath-vector2d,rows=5 cols=4096,zipf,2.0,10,100000000,0.0,0.0
frequency,countsketch-fastpath-vector2d,rows=5 cols=4096,zipf,2.0,100,1000,0.0,0.0
frequency,countsketch-fastpath-vector2d,rows=5 cols=4096,zipf,2.0,100,1778,0.0,0.0
frequency,countsketch-fastpath-vector2d,rows=5 cols=4096,zipf,2.0,100,3162,0.0,0.0
frequency,countsketch-fastpath-vector2d,rows=5 cols=4096,zipf,2.0,100,5623,0.0,0.0
frequency,countsketch-fastpath-vector2d,rows=5 cols=4096,zipf,2.0,100,10000,0.0,0.0
frequency,countsketch-fastpath-vector2d,rows=5 cols=4096,zipf,2.0,100,17783,0.0,0.0
frequency,countsketch-fastpath-vector2d,rows=5 cols=4096,zipf,2.0,100,31623,0.0,0.0
frequency,countsketch-fastpath-vector2d,rows=5 cols=4096,zipf,2.0,100,56234,0.0,0.0
frequency,countsketch-fastpath-vector2d,rows=5 cols=4096,zipf,2.0,100,100000,0.0,0.0
frequency,countsketch-fastpath-vector2d,rows=5 cols=4096,zipf,2.0,100,177828,0.0,0.0
frequency,countsketch-fastpath-vector2d,rows=5 cols=4096,zipf,2.0,100,316228,0.0,0.0
frequency,countsketch-fastpath-vector2d,rows=5 cols=4096,zipf,2.0,100,562341,0.0,0.0
frequency,countsketch-fastpath-vector2d,rows=5 cols=4096,zipf,2.0,100,1000000,0.0,0.0
frequency,countsketch-fastpath-vector2d,rows=5 cols=4096,zipf,2.0,100,1778279,0.0,0.0
frequency,countsketch-fastpath-vector2d,rows=5 cols=4096,zipf,2.0,100,3162278,0.0,0.0
frequency,countsketch-fastpath-vector2d,rows=5 cols=4096,zipf,2.0,100,5623413,0.0,0.0
frequency,countsketch-fastpath-vector2d,rows=5 cols=4096,zipf,2.0,100,10000000,0.0,0.0
frequency,countsketch-fastpath-vector2d,rows=5 cols=4096,zipf,2.0,100,17782794,0.0,0.0
frequency,countsketch-fastpath-vector2d,rows=5 cols=4096,zipf,2.0,100,31622777,0.0,0.0
frequency,countsketch-fastpath-vector2d,rows=5 cols=4096,zipf,2.0,100,56234133,0.0,0.0
frequency,countsketch-fastpath-vector2d,rows=5 cols=4096,zipf,2.0,100,100000000,0.0,0.0
frequency,countsketch-fastpath-vector2d,rows=5 cols=4096,zipf,2.0,10000,1000,0.0,0.0
frequency,countsketch-fastpath-vector2d,rows=5 cols=4096,zipf,2.0,10000,1778,0.0,0.0
frequency,countsketch-fastpath-vector2d,rows=5 cols=4096,zipf,2.0,10000,3162,0.0,0.0
frequency,countsketch-fastpath-vector2d,rows=5 cols=4096,zipf,2.0,10000,5623,0.0,0.0
frequency,countsketch-fastpath-vector2d,rows=5 cols=4096,zipf,2.0,10000,10000,0.0,0.0
frequency,countsketch-fastpath-vector2d,rows=5 cols=4096,zipf,2.0,10000,17783,0.0,0.0
frequency,countsketch-fastpath-vector2d,rows=5 cols=4096,zipf,2.0,10000,31623,0.0,0.0
frequency,countsketch-fastpath-vector2d,rows=5 cols=4096,zipf,2.0,10000,56234,0.0,0.0
frequency,countsketch-fastpath-vector2d,rows=5 cols=4096,zipf,2.0,10000,100000,0.0,0.0
frequency,countsketch-fastpath-vector2d,rows=5 cols=4096,zipf,2.0,10000,177828,0.0,0.0
frequency,countsketch-fastpath-vector2d,rows=5 cols=4096,zipf,2.0,10000,316228,0.0,0.0
frequency,countsketch-fastpath-vector2d,rows=5 cols=4096,zipf,2.0,10000,562341,0.0001340098881082488,0.00013400988810824876
frequency,countsketch-fastpath-vector2d,rows=5 cols=4096,zipf,2.0,10000,1000000,0.00014338808815428865,8.225871549284925e-05
frequency,countsketch-fastpath-vector2d,rows=5 cols=4096,zipf,2.0,10000,1778279,0.0001173829252318114,6.0385964857966275e-05
frequency,countsketch-fastpath-vector2d,rows=5 cols=4096,zipf,2.0,10000,3162278,0.00022446364156813634,2.7292452653348874e-05
frequency,countsketch-fastpath-vector2d,rows=5 cols=4096,zipf,2.0,10000,5623413,0.00028094241317886006,1.4634239151778077e-05
frequency,countsketch-fastpath-vector2d,rows=5 cols=4096,zipf,2.0,10000,10000000,0.0002720608227862004,1.7325950074780815e-05
frequency,countsketch-fastpath-vector2d,rows=5 cols=4096,zipf,2.0,10000,17782794,0.00026993455459027496,9.319894677134142e-06
frequency,countsketch-fastpath-vector2d,rows=5 cols=4096,zipf,2.0,10000,31622777,0.0002406467935097877,1.2444430986624596e-05
frequency,countsketch-fastpath-vector2d,rows=5 cols=4096,zipf,2.0,10000,56234133,0.00024739918275417256,1.599310155086313e-05
frequency,countsketch-fastpath-vector2d,rows=5 cols=4096,zipf,2.0,10000,100000000,0.000244175135007916,1.0746471608307889e-05
frequency,countsketch-fastpath-vector2d,rows=5 cols=4096,zipf,2.0,1000000,1000,0.0,0.0
frequency,countsketch-fastpath-vector2d,rows=5 cols=4096,zipf,2.0,1000000,1778,0.0,0.0
frequency,countsketch-fastpath-vector2d,rows=5 cols=4096,zipf,2.0,1000000,3162,0.0,0.0
frequency,countsketch-fastpath-vector2d,rows=5 cols=4096,zipf,2.0,1000000,5623,0.0,0.0
frequency,countsketch-fastpath-vector2d,rows=5 cols=4096,zipf,2.0,1000000,10000,0.0,0.0
frequency,countsketch-fastpath-vector2d,rows=5 cols=4096,zipf,2.0,1000000,17783,0.0,0.0
frequency,countsketch-fastpath-vector2d,rows=5 cols=4096,zipf,2.0,1000000,31623,0.0,0.0
frequency,countsketch-fastpath-vector2d,rows=5 cols=4096,zipf,2.0,1000000,56234,0.0,0.0
frequency,countsketch-fastpath-vector2d,rows=5 cols=4096,zipf,2.0,1000000,100000,0.0,0.0
frequency,countsketch-fastpath-vector2d,rows=5 cols=4096,zipf,2.0,1000000,177828,0.0,0.0
frequency,countsketch-fastpath-vector2d,rows=5 cols=4096,zipf,2.0,1000000,316228,0.0,0.0
frequency,countsketch-fastpath-vector2d,rows=5 cols=4096,zipf,2.0,1000000,562341,0.0,0.0
frequency,countsketch-fastpath-vector2d,rows=5 cols=4096,zipf,2.0,1000000,1000000,1.8416206261510128e-05,1.8416206261510128e-05
frequency,countsketch-fastpath-vector2d,rows=5 cols=4096,zipf,2.0,1000000,1778279,0.0001139578790354945,3.536430956450873e-05
frequency,countsketch-fastpath-vector2d,rows=5 cols=4096,zipf,2.0,1000000,3162278,0.00021457151527091666,6.896805628309789e-05
frequency,countsketch-fastpath-vector2d,rows=5 cols=4096,zipf,2.0,1000000,5623413,0.00022317504821830147,4.3819426152821515e-05
frequency,countsketch-fastpath-vector2d,rows=5 cols=4096,zipf,2.0,1000000,10000000,0.00021653479379056943,3.802524547576244e-05
frequency,countsketch-fastpath-vector2d,rows=5 cols=4096,zipf,2.0,1000000,17782794,0.00025551145336817475,1.7861475120671864e-05
frequency,countsketch-fastpath-vector2d,rows=5 cols=4096,zipf,2.0,1000000,31622777,0.00028651824124189824,2.7055836956160577e-05
frequency,countsketch-fastpath-vector2d,rows=5 cols=4096,zipf,2.0,1000000,56234133,0.0002786851269687464,2.6537576438391896e-05
frequency,countsketch-fastpath-vector2d,rows=5 cols=4096,zipf,2.0,1000000,100000000,0.00026214372930395306,1.7851840690851473e-05
frequency,countsketch-fastpath-vector2d,rows=5 cols=16384,zipf,0.0,10,1000,0.0,0.0
frequency,countsketch-fastpath-vector2d,rows=5 cols=16384,zipf,0.0,10,1778,0.0,0.0
frequency,countsketch-fastpath-vector2d,rows=5 cols=16384,zipf,0.0,10,3162,0.0,0.0
frequency,countsketch-fastpath-vector2d,rows=5 cols=16384,zipf,0.0,10,5623,0.0,0.0
frequency,countsketch-fastpath-vector2d,rows=5 cols=16384,zipf,0.0,10,10000,0.0,0.0
frequency,countsketch-fastpath-vector2d,rows=5 cols=16384,zipf,0.0,10,17783,0.0,0.0
frequency,countsketch-fastpath-vector2d,rows=5 cols=16384,zipf,0.0,10,31623,0.0,0.0
frequency,countsketch-fastpath-vector2d,rows=5 cols=16384,zipf,0.0,10,56234,0.0,0.0
frequency,countsketch-fastpath-vector2d,rows=5 cols=16384,zipf,0.0,10,100000,0.0,0.0
frequency,countsketch-fastpath-vector2d,rows=5 cols=16384,zipf,0.0,10,177828,0.0,0.0
frequency,countsketch-fastpath-vector2d,rows=5 cols=16384,zipf,0.0,10,316228,0.0,0.0
frequency,countsketch-fastpath-vector2d,rows=5 cols=16384,zipf,0.0,10,562341,0.0,0.0
frequency,countsketch-fastpath-vector2d,rows=5 cols=16384,zipf,0.0,10,1000000,0.0,0.0
frequency,countsketch-fastpath-vector2d,rows=5 cols=16384,zipf,0.0,10,1778279,0.0,0.0
frequency,countsketch-fastpath-vector2d,rows=5 cols=16384,zipf,0.0,10,3162278,0.0,0.0
frequency,countsketch-fastpath-vector2d,rows=5 cols=16384,zipf,0.0,10,5623413,0.0,0.0
frequency,countsketch-fastpath-vector2d,rows=5 cols=16384,zipf,0.0,10,10000000,0.0,0.0
frequency,countsketch-fastpath-vector2d,rows=5 cols=16384,zipf,0.0,10,17782794,0.0,0.0
frequency,countsketch-fastpath-vector2d,rows=5 cols=16384,zipf,0.0,10,31622777,0.0,0.0
frequency,countsketch-fastpath-vector2d,rows=5 cols=16384,zipf,0.0,10,56234133,0.0,0.0
frequency,countsketch-fastpath-vector2d,rows=5 cols=16384,zipf,0.0,10,100000000,0.0,0.0
frequency,countsketch-fastpath-vector2d,rows=5 cols=16384,zipf,0.0,100,1000,0.0,0.0
frequency,countsketch-fastpath-vector2d,rows=5 cols=16384,zipf,0.0,100,1778,0.0,0.0
frequency,countsketch-fastpath-vector2d,rows=5 cols=16384,zipf,0.0,100,3162,0.0,0.0
frequency,countsketch-fastpath-vector2d,rows=5 cols=16384,zipf,0.0,100,5623,0.0,0.0
frequency,countsketch-fastpath-vector2d,rows=5 cols=16384,zipf,0.0,100,10000,0.0,0.0
frequency,countsketch-fastpath-vector2d,rows=5 cols=16384,zipf,0.0,100,17783,0.0,0.0
frequency,countsketch-fastpath-vector2d,rows=5 cols=16384,zipf,0.0,100,31623,0.0,0.0
frequency,countsketch-fastpath-vector2d,rows=5 cols=16384,zipf,0.0,100,56234,0.0,0.0
frequency,countsketch-fastpath-vector2d,rows=5 cols=16384,zipf,0.0,100,100000,0.0,0.0
frequency,countsketch-fastpath-vector2d,rows=5 cols=16384,zipf,0.0,100,177828,0.0,0.0
frequency,countsketch-fastpath-vector2d,rows=5 cols=16384,zipf,0.0,100,316228,0.0,0.0
frequency,countsketch-fastpath-vector2d,rows=5 cols=16384,zipf,0.0,100,562341,0.0,0.0
frequency,countsketch-fastpath-vector2d,rows=5 cols=16384,zipf,0.0,100,1000000,0.0,0.0
frequency,countsketch-fastpath-vector2d,rows=5 cols=16384,zipf,0.0,100,1778279,0.0,0.0
frequency,countsketch-fastpath-vector2d,rows=5 cols=16384,zipf,0.0,100,3162278,0.0,0.0
frequency,countsketch-fastpath-vector2d,rows=5 cols=16384,zipf,0.0,100,5623413,0.0,0.0
frequency,countsketch-fastpath-vector2d,rows=5 cols=16384,zipf,0.0,100,10000000,0.0,0.0
frequency,countsketch-fastpath-vector2d,rows=5 cols=16384,zipf,0.0,100,17782794,0.0,0.0
frequency,countsketch-fastpath-vector2d,rows=5 cols=16384,zipf,0.0,100,31622777,0.0,0.0
frequency,countsketch-fastpath-vector2d,rows=5 cols=16384,zipf,0.0,100,56234133,0.0,0.0
frequency,countsketch-fastpath-vector2d,rows=5 cols=16384,zipf,0.0,100,100000000,0.0,0.0
frequency,countsketch-fastpath-vector2d,rows=5 cols=16384,zipf,0.0,10000,1000,0.0,0.0
frequency,countsketch-fastpath-vector2d,rows=5 cols=16384,zipf,0.0,10000,1778,0.0016666666666666668,0.0016666666666666668
frequency,countsketch-fastpath-vector2d,rows=5 cols=16384,zipf,0.0,10000,3162,0.0,0.0
frequency,countsketch-fastpath-vector2d,rows=5 cols=16384,zipf,0.0,10000,5623,0.0030555555555555557,0.0019444444444444444
frequency,countsketch-fastpath-vector2d,rows=5 cols=16384,zipf,0.0,10000,10000,0.018444444444444444,0.0053665056336548635
frequency,countsketch-fastpath-vector2d,rows=5 cols=16384,zipf,0.0,10000,17783,0.02209920634920635,0.003265178618148664
frequency,countsketch-fastpath-vector2d,rows=5 cols=16384,zipf,0.0,10000,31623,0.034377104377104374,0.001759925485630682
frequency,countsketch-fastpath-vector2d,rows=5 cols=16384,zipf,0.0,10000,56234,0.04343489190548014,0.0013579285546808308
frequency,countsketch-fastpath-vector2d,rows=5 cols=16384,zipf,0.0,10000,100000,0.04913425141686012,0.005545544978636838
frequency,countsketch-fastpath-vector2d,rows=5 cols=16384,zipf,0.0,10000,177828,0.07132375336708992,0.008841604853966937
frequency,countsketch-fastpath-vector2d,rows=5 cols=16384,zipf,0.0,10000,316228,0.07623939374676247,0.008157529953774197
frequency,countsketch-fastpath-vector2d,rows=5 cols=16384,zipf,0.0,10000,562341,0.09565658373098261,0.020093306888662236
frequency,countsketch-fastpath-vector2d,rows=5 cols=16384,zipf,0.0,10000,1000000,0.11448416342776295,0.013629161126607978
frequency,countsketch-fastpath-vector2d,rows=5 cols=16384,zipf,0.0,10000,1778279,0.10057889679220834,0.006457094685999646
frequency,countsketch-fastpath-vector2d,rows=5 cols=16384,zipf,0.0,10000,3162278,0.12677738233419847,0.016747355882712568
frequency,countsketch-fastpath-vector2d,rows=5 cols=16384,zipf,0.0,10000,5623413,0.113771536103022,0.03153696275288964
frequency,countsketch-fastpath-vector2d,rows=5 cols=16384,zipf,0.0,10000,10000000,0.13067247459687778,0.02957413098785263
frequency,countsketch-fastpath-vector2d,rows=5 cols=16384,zipf,0.0,10000,17782794,0.09639566834718725,0.026850983010516638
frequency,countsketch-fastpath-vector2d,rows=5 cols=16384,zipf,0.0,10000,31622777,0.11682223045277806,0.012757605099582011
frequency,countsketch-fastpath-vector2d,rows=5 cols=16384,zipf,0.0,10000,56234133,0.15690838549592054,0.016886223565057774
frequency,countsketch-fastpath-vector2d,rows=5 cols=16384,zipf,0.0,10000,100000000,0.13887643146864775,0.0326258543319298
frequency,countsketch-fastpath-vector2d,rows=5 cols=16384,zipf,0.0,1000000,1000,0.0,0.0
frequency,countsketch-fastpath-vector2d,rows=5 cols=16384,zipf,0.0,1000000,1778,0.0,0.0
frequency,countsketch-fastpath-vector2d,rows=5 cols=16384,zipf,0.0,1000000,3162,0.006666666666666667,0.0033333333333333335
frequency,countsketch-fastpath-vector2d,rows=5 cols=16384,zipf,0.0,1000000,5623,0.03,0.008660254037844387
frequency,countsketch-fastpath-vector2d,rows=5 cols=16384,zipf,0.0,1000000,10000,0.07833333333333332,0.01740051084818425
frequency,countsketch-fastpath-vector2d,rows=5 cols=16384,zipf,0.0,1000000,17783,0.1361111111111111,0.016024672335395507
frequency,countsketch-fastpath-vector2d,rows=5 cols=16384,zipf,0.0,1000000,31623,0.2577777777777778,0.015585289043450605
frequency,countsketch-fastpath-vector2d,rows=5 cols=16384,zipf,0.0,1000000,56234,0.3011111111111111,0.013064417795894262
frequency,countsketch-fastpath-vector2d,rows=5 cols=16384,zipf,0.0,1000000,100000,0.3643888888888888,0.015349427946070273
frequency,countsketch-fastpath-vector2d,rows=5 cols=16384,zipf,0.0,1000000,177828,0.4416111111111111,0.008769862816895136
frequency,countsketch-fastpath-vector2d,rows=5 cols=16384,zipf,0.0,1000000,316228,0.5007777777777778,0.00808080334595822
frequency,countsketch-fastpath-vector2d,rows=5 cols=16384,zipf,0.0,1000000,562341,0.5458571428571428,0.025695628151933738
frequency,countsketch-fastpath-vector2d,rows=5 cols=16384,zipf,0.0,1000000,1000000,0.6446494708994711,0.041684284404215684
frequency,countsketch-fastpath-vector2d,rows=5 cols=16384,zipf,0.0,1000000,1778279,0.7679890572390574,0.02220878478856124
frequency,countsketch-fastpath-vector2d,rows=5 cols=16384,zipf,0.0,1000000,3162278,0.8032661782661782,0.05114135218919408
frequency,countsketch-fastpath-vector2d,rows=5 cols=16384,zipf,0.0,1000000,5623413,1.0034792598325881,0.023805892069361397
frequency,countsketch-fastpath-vector2d,rows=5 cols=16384,zipf,0.0,1000000,10000000,1.0672623524623523,0.035385047969780405
frequency,countsketch-fastpath-vector2d,rows=5 cols=16384,zipf,0.0,1000000,17782794,1.1715962182647033,0.03903928028854169
frequency,countsketch-fastpath-vector2d,rows=5 cols=16384,zipf,0.0,1000000,31622777,1.4618065833684086,0.0841383469112184
frequency,countsketch-fastpath-vector2d,rows=5 cols=16384,zipf,0.0,1000000,56234133,1.4797244530016564,0.11304174163431562
frequency,countsketch-fastpath-vector2d,rows=5 cols=16384,zipf,0.0,1000000,100000000,1.618608846825829,0.1020866386494271
frequency,countsketch-fastpath-vector2d,rows=5 cols=16384,zipf,0.5,10,1000,0.0,0.0
frequency,countsketch-fastpath-vector2d,rows=5 cols=16384,zipf,0.5,10,1778,0.0,0.0
frequency,countsketch-fastpath-vector2d,rows=5 cols=16384,zipf,0.5,10,3162,0.0,0.0
frequency,countsketch-fastpath-vector2d,rows=5 cols=16384,zipf,0.5,10,5623,0.0,0.0
frequency,countsketch-fastpath-vector2d,rows=5 cols=16384,zipf,0.5,10,10000,0.0,0.0
frequency,countsketch-fastpath-vector2d,rows=5 cols=16384,zipf,0.5,10,17783,0.0,0.0
frequency,countsketch-fastpath-vector2d,rows=5 cols=16384,zipf,0.5,10,31623,0.0,0.0
frequency,countsketch-fastpath-vector2d,rows=5 cols=16384,zipf,0.5,10,56234,0.0,0.0
frequency,countsketch-fastpath-vector2d,rows=5 cols=16384,zipf,0.5,10,100000,0.0,0.0
frequency,countsketch-fastpath-vector2d,rows=5 cols=16384,zipf,0.5,10,177828,0.0,0.0
frequency,countsketch-fastpath-vector2d,rows=5 cols=16384,zipf,0.5,10,316228,0.0,0.0
frequency,countsketch-fastpath-vector2d,rows=5 cols=16384,zipf,0.5,10,562341,0.0,0.0
frequency,countsketch-fastpath-vector2d,rows=5 cols=16384,zipf,0.5,10,1000000,0.0,0.0
frequency,countsketch-fastpath-vector2d,rows=5 cols=16384,zipf,0.5,10,1778279,0.0,0.0
frequency,countsketch-fastpath-vector2d,rows=5 cols=16384,zipf,0.5,10,3162278,0.0,0.0
frequency,countsketch-fastpath-vector2d,rows=5 cols=16384,zipf,0.5,10,5623413,0.0,0.0
frequency,countsketch-fastpath-vector2d,rows=5 cols=16384,zipf,0.5,10,10000000,0.0,0.0
frequency,countsketch-fastpath-vector2d,rows=5 cols=16384,zipf,0.5,10,17782794,0.0,0.0
frequency,countsketch-fastpath-vector2d,rows=5 cols=16384,zipf,0.5,10,31622777,0.0,0.0
frequency,countsketch-fastpath-vector2d,rows=5 cols=16384,zipf,0.5,10,56234133,0.0,0.0
frequency,countsketch-fastpath-vector2d,rows=5 cols=16384,zipf,0.5,10,100000000,0.0,0.0
frequency,countsketch-fastpath-vector2d,rows=5 cols=16384,zipf,0.5,100,1000,0.0,0.0
frequency,countsketch-fastpath-vector2d,rows=5 cols=16384,zipf,0.5,100,1778,0.0,0.0
frequency,countsketch-fastpath-vector2d,rows=5 cols=16384,zipf,0.5,100,3162,0.0,0.0
frequency,countsketch-fastpath-vector2d,rows=5 cols=16384,zipf,0.5,100,5623,0.0,0.0
frequency,countsketch-fastpath-vector2d,rows=5 cols=16384,zipf,0.5,100,10000,0.0,0.0
frequency,countsketch-fastpath-vector2d,rows=5 cols=16384,zipf,0.5,100,17783,0.0,0.0
frequency,countsketch-fastpath-vector2d,rows=5 cols=16384,zipf,0.5,100,31623,0.0,0.0
frequency,countsketch-fastpath-vector2d,rows=5 cols=16384,zipf,0.5,100,56234,0.0,0.0
frequency,countsketch-fastpath-vector2d,rows=5 cols=16384,zipf,0.5,100,100000,0.0,0.0
frequency,countsketch-fastpath-vector2d,rows=5 cols=16384,zipf,0.5,100,177828,0.0,0.0
frequency,countsketch-fastpath-vector2d,rows=5 cols=16384,zipf,0.5,100,316228,0.0,0.0
frequency,countsketch-fastpath-vector2d,rows=5 cols=16384,zipf,0.5,100,562341,0.0,0.0
frequency,countsketch-fastpath-vector2d,rows=5 cols=16384,zipf,0.5,100,1000000,0.0,0.0
frequency,countsketch-fastpath-vector2d,rows=5 cols=16384,zipf,0.5,100,1778279,0.0,0.0
frequency,countsketch-fastpath-vector2d,rows=5 cols=16384,zipf,0.5,100,3162278,0.0,0.0
frequency,countsketch-fastpath-vector2d,rows=5 cols=16384,zipf,0.5,100,5623413,0.0,0.0
frequency,countsketch-fastpath-vector2d,rows=5 cols=16384,zipf,0.5,100,10000000,0.0,0.0
frequency,countsketch-fastpath-vector2d,rows=5 cols=16384,zipf,0.5,100,17782794,0.0,0.0
frequency,countsketch-fastpath-vector2d,rows=5 cols=16384,zipf,0.5,100,31622777,0.0,0.0
frequency,countsketch-fastpath-vector2d,rows=5 cols=16384,zipf,0.5,100,56234133,0.0,0.0
frequency,countsketch-fastpath-vector2d,rows=5 cols=16384,zipf,0.5,100,100000000,0.0,0.0
frequency,countsketch-fastpath-vector2d,rows=5 cols=16384,zipf,0.5,10000,1000,0.0,0.0
frequency,countsketch-fastpath-vector2d,rows=5 cols=16384,zipf,0.5,10000,1778,0.0011111111111111111,0.0011111111111111111
frequency,countsketch-fastpath-vector2d,rows=5 cols=16384,zipf,0.5,10000,3162,0.0038888888888888883,0.002421610524189263
frequency,countsketch-fastpath-vector2d,rows=5 cols=16384,zipf,0.5,10000,5623,0.0036111111111111114,0.0007349309197401641
frequency,countsketch-fastpath-vector2d,rows=5 cols=16384,zipf,0.5,10000,10000,0.0025149342891278375,0.0009068840156007497
frequency,countsketch-fastpath-vector2d,rows=5 cols=16384,zipf,0.5,10000,17783,0.005262219262219262,0.0007876810555760068
frequency,countsketch-fastpath-vector2d,rows=5 cols=16384,zipf,0.5,10000,31623,0.009203284602131965,0.0009253721997314985
frequency,countsketch-fastpath-vector2d,rows=5 cols=16384,zipf,0.5,10000,56234,0.010969817784180401,0.0013929505487185157
frequency,countsketch-fastpath-vector2d,rows=5 cols=16384,zipf,0.5,10000,100000,0.008907448627458134,0.0005768155223654215
frequency,countsketch-fastpath-vector2d,rows=5 cols=16384,zipf,0.5,10000,177828,0.010939556915240655,0.000608877569989848
frequency,countsketch-fastpath-vector2d,rows=5 cols=16384,zipf,0.5,10000,316228,0.011267763665071753,0.0012459331476018431
frequency,countsketch-fastpath-vector2d,rows=5 cols=16384,zipf,0.5,10000,562341,0.012775834334086293,0.0005805202577415898
frequency,countsketch-fastpath-vector2d,rows=5 cols=16384,zipf,0.5,10000,1000000,0.012741643236278244,0.00023626730590435444
frequency,countsketch-fastpath-vector2d,rows=5 cols=16384,zipf,0.5,10000,1778279,0.013136935298191115,0.00036577485365752344
frequency,countsketch-fastpath-vector2d,rows=5 cols=16384,zipf,0.5,10000,3162278,0.013446899338161776,0.00015153000523538405
frequency,countsketch-fastpath-vector2d,rows=5 cols=16384,zipf,0.5,10000,5623413,0.013602238075203157,9.100155275966054e-05
frequency,countsketch-fastpath-vector2d,rows=5 cols=16384,zipf,0.5,10000,10000000,0.013365590284871021,0.0003442872605678405
frequency,countsketch-fastpath-vector2d,rows=5 cols=16384,zipf,0.5,10000,17782794,0.013082356891662516,0.00036195506720599393
frequency,countsketch-fastpath-vector2d,rows=5 cols=16384,zipf,0.5,10000,31622777,0.013038691186302886,0.00033009148677404004
frequency,countsketch-fastpath-vector2d,rows=5 cols=16384,zipf,0.5,10000,56234133,0.012655302197085348,5.643318433437852e-05
frequency,countsketch-fastpath-vector2d,rows=5 cols=16384,zipf,0.5,10000,100000000,0.012654260447343463,2.160443071090055e-05
frequency,countsketch-fastpath-vector2d,rows=5 cols=16384,zipf,0.5,1000000,1000,0.0,0.0
frequency,countsketch-fastpath-vector2d,rows=5 cols=16384,zipf,0.5,1000000,1778,0.006666666666666667,0.006666666666666667
frequency,countsketch-fastpath-vector2d,rows=5 cols=16384,zipf,0.5,1000000,3162,0.016666666666666666,0.008819171036881969
frequency,countsketch-fastpath-vector2d,rows=5 cols=16384,zipf,0.5,1000000,5623,0.03,0.007637626158259735
frequency,countsketch-fastpath-vector2d,rows=5 cols=16384,zipf,0.5,1000000,10000,0.060198412698412695,0.0022359975534890168
frequency,countsketch-fastpath-vector2d,rows=5 cols=16384,zipf,0.5,1000000,17783,0.12493233618233619,0.002365533023102607
frequency,countsketch-fastpath-vector2d,rows=5 cols=16384,zipf,0.5,1000000,31623,0.1227584882437824,0.006128522005080507
frequency,countsketch-fastpath-vector2d,rows=5 cols=16384,zipf,0.5,1000000,56234,0.14414513627826278,0.005281776509903474
frequency,countsketch-fastpath-vector2d,rows=5 cols=16384,zipf,0.5,1000000,100000,0.13088990649244356,0.006165056356176067
frequency,countsketch-fastpath-vector2d,rows=5 cols=16384,zipf,0.5,1000000,177828,0.10766128299456627,0.007062492349902947
frequency,countsketch-fastpath-vector2d,rows=5 cols=16384,zipf,0.5,1000000,316228,0.09312146338312512,0.007553191260354396
frequency,countsketch-fastpath-vector2d,rows=5 cols=16384,zipf,0.5,1000000,562341,0.08088301226864981,0.00177580808390656
frequency,countsketch-fastpath-vector2d,rows=5 cols=16384,zipf,0.5,1000000,1000000,0.07598971916271442,0.003306817158824324
frequency,countsketch-fastpath-vector2d,rows=5 cols=16384,zipf,0.5,1000000,1778279,0.06854740866936394,0.005012638543821834
frequency,countsketch-fastpath-vector2d,rows=5 cols=16384,zipf,0.5,1000000,3162278,0.06700998859176206,0.0041236854705605334
frequency,countsketch-fastpath-vector2d,rows=5 cols=16384,zipf,0.5,1000000,5623413,0.06223160763901869,0.0022497023749535653
frequency,countsketch-fastpath-vector2d,rows=5 cols=16384,zipf,0.5,1000000,10000000,0.06212162610418783,0.001293083997061757
frequency,countsketch-fastpath-vector2d,rows=5 cols=16384,zipf,0.5,1000000,17782794,0.06121535451203636,0.0008666333072949538
frequency,countsketch-fastpath-vector2d,rows=5 cols=16384,zipf,0.5,1000000,31622777,0.06382560754111284,0.0014839792639219887
frequency,countsketch-fastpath-vector2d,rows=5 cols=16384,zipf,0.5,1000000,56234133,0.06321781945393408,0.0016767508760749052
frequency,countsketch-fastpath-vector2d,rows=5 cols=16384,zipf,0.5,1000000,100000000,0.06264350159340475,0.0014900197912678782
frequency,countsketch-fastpath-vector2d,rows=5 cols=16384,zipf,1.0,10,1000,0.0,0.0
frequency,countsketch-fastpath-vector2d,rows=5 cols=16384,zipf,1.0,10,1778,0.0,0.0
frequency,countsketch-fastpath-vector2d,rows=5 cols=16384,zipf,1.0,10,3162,0.0,0.0
frequency,countsketch-fastpath-vector2d,rows=5 cols=16384,zipf,1.0,10,5623,0.0,0.0
frequency,countsketch-fastpath-vector2d,rows=5 cols=16384,zipf,1.0,10,10000,0.0,0.0
frequency,countsketch-fastpath-vector2d,rows=5 cols=16384,zipf,1.0,10,17783,0.0,0.0
frequency,countsketch-fastpath-vector2d,rows=5 cols=16384,zipf,1.0,10,31623,0.0,0.0
frequency,countsketch-fastpath-vector2d,rows=5 cols=16384,zipf,1.0,10,56234,0.0,0.0
frequency,countsketch-fastpath-vector2d,rows=5 cols=16384,zipf,1.0,10,100000,0.0,0.0
frequency,countsketch-fastpath-vector2d,rows=5 cols=16384,zipf,1.0,10,177828,0.0,0.0
frequency,countsketch-fastpath-vector2d,rows=5 cols=16384,zipf,1.0,10,316228,0.0,0.0
frequency,countsketch-fastpath-vector2d,rows=5 cols=16384,zipf,1.0,10,562341,0.0,0.0
frequency,countsketch-fastpath-vector2d,rows=5 cols=16384,zipf,1.0,10,1000000,0.0,0.0
frequency,countsketch-fastpath-vector2d,rows=5 cols=16384,zipf,1.0,10,1778279,0.0,0.0
frequency,countsketch-fastpath-vector2d,rows=5 cols=16384,zipf,1.0,10,3162278,0.0,0.0
frequency,countsketch-fastpath-vector2d,rows=5 cols=16384,zipf,1.0,10,5623413,0.0,0.0
frequency,countsketch-fastpath-vector2d,rows=5 cols=16384,zipf,1.0,10,10000000,0.0,0.0
frequency,countsketch-fastpath-vector2d,rows=5 cols=16384,zipf,1.0,10,17782794,0.0,0.0
frequency,countsketch-fastpath-vector2d,rows=5 cols=16384,zipf,1.0,10,31622777,0.0,0.0
frequency,countsketch-fastpath-vector2d,rows=5 cols=16384,zipf,1.0,10,56234133,0.0,0.0
frequency,countsketch-fastpath-vector2d,rows=5 cols=16384,zipf,1.0,10,100000000,0.0,0.0
frequency,countsketch-fastpath-vector2d,rows=5 cols=16384,zipf,1.0,100,1000,0.0,0.0
frequency,countsketch-fastpath-vector2d,rows=5 cols=16384,zipf,1.0,100,1778,0.0,0.0
frequency,countsketch-fastpath-vector2d,rows=5 cols=16384,zipf,1.0,100,3162,0.0,0.0
frequency,countsketch-fastpath-vector2d,rows=5 cols=16384,zipf,1.0,100,5623,0.0,0.0
frequency,countsketch-fastpath-vector2d,rows=5 cols=16384,zipf,1.0,100,10000,0.0,0.0
frequency,countsketch-fastpath-vector2d,rows=5 cols=16384,zipf,1.0,100,17783,0.0,0.0
frequency,countsketch-fastpath-vector2d,rows=5 cols=16384,zipf,1.0,100,31623,0.0,0.0
frequency,countsketch-fastpath-vector2d,rows=5 cols=16384,zipf,1.0,100,56234,0.0,0.0
frequency,countsketch-fastpath-vector2d,rows=5 cols=16384,zipf,1.0,100,100000,0.0,0.0
frequency,countsketch-fastpath-vector2d,rows=5 cols=16384,zipf,1.0,100,177828,0.0,0.0
frequency,countsketch-fastpath-vector2d,rows=5 cols=16384,zipf,1.0,100,316228,0.0,0.0
frequency,countsketch-fastpath-vector2d,rows=5 cols=16384,zipf,1.0,100,562341,0.0,0.0
frequency,countsketch-fastpath-vector2d,rows=5 cols=16384,zipf,1.0,100,1000000,0.0,0.0
frequency,countsketch-fastpath-vector2d,rows=5 cols=16384,zipf,1.0,100,1778279,0.0,0.0
frequency,countsketch-fastpath-vector2d,rows=5 cols=16384,zipf,1.0,100,3162278,0.0,0.0
frequency,countsketch-fastpath-vector2d,rows=5 cols=16384,zipf,1.0,100,5623413,0.0,0.0
frequency,countsketch-fastpath-vector2d,rows=5 cols=16384,zipf,1.0,100,10000000,0.0,0.0
frequency,countsketch-fastpath-vector2d,rows=5 cols=16384,zipf,1.0,100,17782794,0.0,0.0
frequency,countsketch-fastpath-vector2d,rows=5 cols=16384,zipf,1.0,100,31622777,0.0,0.0
frequency,countsketch-fastpath-vector2d,rows=5 cols=16384,zipf,1.0,100,56234133,0.0,0.0
frequency,countsketch-fastpath-vector2d,rows=5 cols=16384,zipf,1.0,100,100000000,0.0,0.0
frequency,countsketch-fastpath-vector2d,rows=5 cols=16384,zipf,1.0,10000,1000,0.0,0.0
frequency,countsketch-fastpath-vector2d,rows=5 cols=16384,zipf,1.0,10000,1778,0.0,0.0
frequency,countsketch-fastpath-vector2d,rows=5 cols=16384,zipf,1.0,10000,3162,0.0,0.0
frequency,countsketch-fastpath-vector2d,rows=5 cols=16384,zipf,1.0,10000,5623,0.0,0.0
frequency,countsketch-fastpath-vector2d,rows=5 cols=16384,zipf,1.0,10000,10000,8.547008547008547e-05,8.547008547008546e-05
frequency,countsketch-fastpath-vector2d,rows=5 cols=16384,zipf,1.0,10000,17783,0.0005480371398777471,0.00038358071319054114
frequency,countsketch-fastpath-vector2d,rows=5 cols=16384,zipf,1.0,10000,31623,0.0009605793040336406,0.0004149348463177402
frequency,countsketch-fastpath-vector2d,rows=5 cols=16384,zipf,1.0,10000,56234,0.0010897800848773448,0.00024194566857955508
frequency,countsketch-fastpath-vector2d,rows=5 cols=16384,zipf,1.0,10000,100000,0.001169945983524437,9.817732511717888e-05
frequency,countsketch-fastpath-vector2d,rows=5 cols=16384,zipf,1.0,10000,177828,0.0011138950347299385,0.00019348905460732943
frequency,countsketch-fastpath-vector2d,rows=5 cols=16384,zipf,1.0,10000,316228,0.00130753149069271,0.00015895109836115156
frequency,countsketch-fastpath-vector2d,rows=5 cols=16384,zipf,1.0,10000,562341,0.0012136411582950658,8.184388273838606e-05
frequency,countsketch-fastpath-vector2d,rows=5 cols=16384,zipf,1.0,10000,1000000,0.0012147502687853294,7.047165456918406e-05
frequency,countsketch-fastpath-vector2d,rows=5 cols=16384,zipf,1.0,10000,1778279,0.0011103164839080337,5.6799899493332374e-05
frequency,countsketch-fastpath-vector2d,rows=5 cols=16384,zipf,1.0,10000,3162278,0.001141082519949611,5.338262514950837e-05
frequency,countsketch-fastpath-vector2d,rows=5 cols=16384,zipf,1.0,10000,5623413,0.0011757774741110022,5.198064967659647e-05
frequency,countsketch-fastpath-vector2d,rows=5 cols=16384,zipf,1.0,10000,10000000,0.0011451035518237605,3.0296205837577773e-05
frequency,countsketch-fastpath-vector2d,rows=5 cols=16384,zipf,1.0,10000,17782794,0.0011513597409525346,1.8777072267590522e-05
frequency,countsketch-fastpath-vector2d,rows=5 cols=16384,zipf,1.0,10000,31622777,0.0011507414414025769,7.356065582517215e-06
frequency,countsketch-fastpath-vector2d,rows=5 cols=16384,zipf,1.0,10000,56234133,0.0011530551521096186,4.938784551434418e-06
frequency,countsketch-fastpath-vector2d,rows=5 cols=16384,zipf,1.0,10000,100000000,0.0011479011971159228,7.093417789214728e-06
frequency,countsketch-fastpath-vector2d,rows=5 cols=16384,zipf,1.0,1000000,1000,0.0,0.0
frequency,countsketch-fastpath-vector2d,rows=5 cols=16384,zipf,1.0,1000000,1778,0.0,0.0
frequency,countsketch-fastpath-vector2d,rows=5 cols=16384,zipf,1.0,1000000,3162,0.0,0.0
frequency,countsketch-fastpath-vector2d,rows=5 cols=16384,zipf,1.0,1000000,5623,0.001053030303030303,0.0006534941754001409
frequency,countsketch-fastpath-vector2d,rows=5 cols=16384,zipf,1.0,1000000,10000,0.0022152014652014654,0.0005394976255363848
frequency,countsketch-fastpath-vector2d,rows=5 cols=16384,zipf,1.0,1000000,17783,0.004421899440137848,0.0010289033339293066
frequency,countsketch-fastpath-vector2d,rows=5 cols=16384,zipf,1.0,1000000,31623,0.0061575027044070765,0.0003469451146887425
frequency,countsketch-fastpath-vector2d,rows=5 cols=16384,zipf,1.0,1000000,56234,0.005915984854259898,0.0007850533946106585
frequency,countsketch-fastpath-vector2d,rows=5 cols=16384,zipf,1.0,1000000,100000,0.005657241113652432,0.00047333417983857546
frequency,countsketch-fastpath-vector2d,rows=5 cols=16384,zipf,1.0,1000000,177828,0.00478110279706442,0.00043696146607548255
frequency,countsketch-fastpath-vector2d,rows=5 cols=16384,zipf,1.0,1000000,316228,0.004255021313534491,8.772078959909582e-05
frequency,countsketch-fastpath-vector2d,rows=5 cols=16384,zipf,1.0,1000000,562341,0.003921882598200179,0.0001476650935899048
frequency,countsketch-fastpath-vector2d,rows=5 cols=16384,zipf,1.0,1000000,1000000,0.003594659280162504,0.00010747467341821805
frequency,countsketch-fastpath-vector2d,rows=5 cols=16384,zipf,1.0,1000000,1778279,0.0034710243474872066,8.296668322235722e-05
frequency,countsketch-fastpath-vector2d,rows=5 cols=16384,zipf,1.0,1000000,3162278,0.0032221952658869593,0.00015097951351807158
frequency,countsketch-fastpath-vector2d,rows=5 cols=16384,zipf,1.0,1000000,5623413,0.003111558643272627,0.00013702721077319156
frequency,countsketch-fastpath-vector2d,rows=5 cols=16384,zipf,1.0,1000000,10000000,0.0031713506395911295,0.0001753294657307314
frequency,countsketch-fastpath-vector2d,rows=5 cols=16384,zipf,1.0,1000000,17782794,0.003106755815803428,9.689397179758344e-05
frequency,countsketch-fastpath-vector2d,rows=5 cols=16384,zipf,1.0,1000000,31622777,0.0030874912183756643,5.3244603808040826e-05
frequency,countsketch-fastpath-vector2d,rows=5 cols=16384,zipf,1.0,1000000,56234133,0.0031077876272842726,2.463103316077425e-05
frequency,countsketch-fastpath-vector2d,rows=5 cols=16384,zipf,1.0,1000000,100000000,0.003073214322235,1.7311123470756e-05
frequency,countsketch-fastpath-vector2d,rows=5 cols=16384,zipf,1.5,10,1000,0.0,0.0
frequency,countsketch-fastpath-vector2d,rows=5 cols=16384,zipf,1.5,10,1778,0.0,0.0
frequency,countsketch-fastpath-vector2d,rows=5 cols=16384,zipf,1.5,10,3162,0.0,0.0
frequency,countsketch-fastpath-vector2d,rows=5 cols=16384,zipf,1.5,10,5623,0.0,0.0
frequency,countsketch-fastpath-vector2d,rows=5 cols=16384,zipf,1.5,10,10000,0.0,0.0
frequency,countsketch-fastpath-vector2d,rows=5 cols=16384,zipf,1.5,10,17783,0.0,0.0
frequency,countsketch-fastpath-vector2d,rows=5 cols=16384,zipf,1.5,10,31623,0.0,0.0
frequency,countsketch-fastpath-vector2d,rows=5 cols=16384,zipf,1.5,10,56234,0.0,0.0
frequency,countsketch-fastpath-vector2d,rows=5 cols=16384,zipf,1.5,10,100000,0.0,0.0
frequency,countsketch-fastpath-vector2d,rows=5 cols=16384,zipf,1.5,10,177828,0.0,0.0
frequency,countsketch-fastpath-vector2d,rows=5 cols=16384,zipf,1.5,10,316228,0.0,0.0
frequency,countsketch-fastpath-vector2d,rows=5 cols=16384,zipf,1.5,10,562341,0.0,0.0
frequency,countsketch-fastpath-vector2d,rows=5 cols=16384,zipf,1.5,10,1000000,0.0,0.0
frequency,countsketch-fastpath-vector2d,rows=5 cols=16384,zipf,1.5,10,1778279,0.0,0.0
frequency,countsketch-fastpath-vector2d,rows=5 cols=16384,zipf,1.5,10,3162278,0.0,0.0
frequency,countsketch-fastpath-vector2d,rows=5 cols=16384,zipf,1.5,10,5623413,0.0,0.0
frequency,countsketch-fastpath-vector2d,rows=5 cols=16384,zipf,1.5,10,10000000,0.0,0.0
frequency,countsketch-fastpath-vector2d,rows=5 cols=16384,zipf,1.5,10,17782794,0.0,0.0
frequency,countsketch-fastpath-vector2d,rows=5 cols=16384,zipf,1.5,10,31622777,0.0,0.0
frequency,countsketch-fastpath-vector2d,rows=5 cols=16384,zipf,1.5,10,56234133,0.0,0.0
frequency,countsketch-fastpath-vector2d,rows=5 cols=16384,zipf,1.5,10,100000000,0.0,0.0
frequency,countsketch-fastpath-vector2d,rows=5 cols=16384,zipf,1.5,100,1000,0.0,0.0
frequency,countsketch-fastpath-vector2d,rows=5 cols=16384,zipf,1.5,100,1778,0.0,0.0
frequency,countsketch-fastpath-vector2d,rows=5 cols=16384,zipf,1.5,100,3162,0.0,0.0
frequency,countsketch-fastpath-vector2d,rows=5 cols=16384,zipf,1.5,100,5623,0.0,0.0
frequency,countsketch-fastpath-vector2d,rows=5 cols=16384,zipf,1.5,100,10000,0.0,0.0
frequency,countsketch-fastpath-vector2d,rows=5 cols=16384,zipf,1.5,100,17783,0.0,0.0
frequency,countsketch-fastpath-vector2d,rows=5 cols=16384,zipf,1.5,100,31623,0.0,0.0
frequency,countsketch-fastpath-vector2d,rows=5 cols=16384,zipf,1.5,100,56234,0.0,0.0
frequency,countsketch-fastpath-vector2d,rows=5 cols=16384,zipf,1.5,100,100000,0.0,0.0
frequency,countsketch-fastpath-vector2d,rows=5 cols=16384,zipf,1.5,100,177828,0.0,0.0
frequency,countsketch-fastpath-vector2d,rows=5 cols=16384,zipf,1.5,100,316228,0.0,0.0
frequency,countsketch-fastpath-vector2d,rows=5 cols=16384,zipf,1.5,100,562341,0.0,0.0
frequency,countsketch-fastpath-vector2d,rows=5 cols=16384,zipf,1.5,100,1000000,0.0,0.0
frequency,countsketch-fastpath-vector2d,rows=5 cols=16384,zipf,1.5,100,1778279,0.0,0.0
frequency,countsketch-fastpath-vector2d,rows=5 cols=16384,zipf,1.5,100,3162278,0.0,0.0
frequency,countsketch-fastpath-vector2d,rows=5 cols=16384,zipf,1.5,100,5623413,0.0,0.0
frequency,countsketch-fastpath-vector2d,rows=5 cols=16384,zipf,1.5,100,10000000,0.0,0.0
frequency,countsketch-fastpath-vector2d,rows=5 cols=16384,zipf,1.5,100,17782794,0.0,0.0
frequency,countsketch-fastpath-vector2d,rows=5 cols=16384,zipf,1.5,100,31622777,0.0,0.0
frequency,countsketch-fastpath-vector2d,rows=5 cols=16384,zipf,1.5,100,56234133,0.0,0.0
frequency,countsketch-fastpath-vector2d,rows=5 cols=16384,zipf,1.5,100,100000000,0.0,0.0
frequency,countsketch-fastpath-vector2d,rows=5 cols=16384,zipf,1.5,10000,1000,0.0,0.0
frequency,countsketch-fastpath-vector2d,rows=5 cols=16384,zipf,1.5,10000,1778,0.0,0.0
frequency,countsketch-fastpath-vector2d,rows=5 cols=16384,zipf,1.5,10000,3162,0.0,0.0
frequency,countsketch-fastpath-vector2d,rows=5 cols=16384,zipf,1.5,10000,5623,0.0,0.0
frequency,countsketch-fastpath-vector2d,rows=5 cols=16384,zipf,1.5,10000,10000,0.0,0.0
frequency,countsketch-fastpath-vector2d,rows=5 cols=16384,zipf,1.5,10000,17783,0.0,0.0
frequency,countsketch-fastpath-vector2d,rows=5 cols=16384,zipf,1.5,10000,31623,0.0,0.0
frequency,countsketch-fastpath-vector2d,rows=5 cols=16384,zipf,1.5,10000,56234,0.0,0.0
frequency,countsketch-fastpath-vector2d,rows=5 cols=16384,zipf,1.5,10000,100000,0.0,0.0
frequency,countsketch-fastpath-vector2d,rows=5 cols=16384,zipf,1.5,10000,177828,1.6260162601626018e-05,1.6260162601626015e-05
frequency,countsketch-fastpath-vector2d,rows=5 cols=16384,zipf,1.5,10000,316228,5.556494614967442e-05,2.7806145020809744e-05
frequency,countsketch-fastpath-vector2d,rows=5 cols=16384,zipf,1.5,10000,562341,0.00011593317730875502,3.1807135359340146e-05
frequency,countsketch-fastpath-vector2d,rows=5 cols=16384,zipf,1.5,10000,1000000,0.0001129742322973616,3.5900608426151744e-05
frequency,countsketch-fastpath-vector2d,rows=5 cols=16384,zipf,1.5,10000,1778279,0.00010670002332134746,2.344560678132246e-06
frequency,countsketch-fastpath-vector2d,rows=5 cols=16384,zipf,1.5,10000,3162278,0.00011404849512169782,1.5875016530770154e-05
frequency,countsketch-fastpath-vector2d,rows=5 cols=16384,zipf,1.5,10000,5623413,0.00011480404249158385,6.3178096013218e-06
frequency,countsketch-fastpath-vector2d,rows=5 cols=16384,zipf,1.5,10000,10000000,0.00012005132577178029,5.939612846070313e-06
frequency,countsketch-fastpath-vector2d,rows=5 cols=16384,zipf,1.5,10000,17782794,0.00010958113511626007,3.2831684405920515e-06
frequency,countsketch-fastpath-vector2d,rows=5 cols=16384,zipf,1.5,10000,31622777,0.00011018266871280378,2.3887721540923193e-06
frequency,countsketch-fastpath-vector2d,rows=5 cols=16384,zipf,1.5,10000,56234133,0.00010861432559618952,3.0313843015703577e-06
frequency,countsketch-fastpath-vector2d,rows=5 cols=16384,zipf,1.5,10000,100000000,0.00010817110662267693,1.8438668526517322e-06
frequency,countsketch-fastpath-vector2d,rows=5 cols=16384,zipf,1.5,1000000,1000,0.0,0.0
frequency,countsketch-fastpath-vector2d,rows=5 cols=16384,zipf,1.5,1000000,1778,0.0,0.0
frequency,countsketch-fastpath-vector2d,rows=5 cols=16384,zipf,1.5,1000000,3162,0.0,0.0
frequency,countsketch-fastpath-vector2d,rows=5 cols=16384,zipf,1.5,1000000,5623,0.0,0.0
frequency,countsketch-fastpath-vector2d,rows=5 cols=16384,zipf,1.5,1000000,10000,0.0,0.0
frequency,countsketch-fastpath-vector2d,rows=5 cols=16384,zipf,1.5,1000000,17783,0.0,0.0
frequency,countsketch-fastpath-vector2d,rows=5 cols=16384,zipf,1.5,1000000,31623,0.0,0.0
frequency,countsketch-fastpath-vector2d,rows=5 cols=16384,zipf,1.5,1000000,56234,0.0,0.0
frequency,countsketch-fastpath-vector2d,rows=5 cols=16384,zipf,1.5,1000000,100000,0.0,0.0
frequency,countsketch-fastpath-vector2d,rows=5 cols=16384,zipf,1.5,1000000,177828,0.0001102772968269205,8.072646746287021e-05
frequency,countsketch-fastpath-vector2d,rows=5 cols=16384,zipf,1.5,1000000,316228,0.00019021369805583338,8.411383625987966e-05
frequency,countsketch-fastpath-vector2d,rows=5 cols=16384,zipf,1.5,1000000,562341,0.00035323551362135744,9.64821518882658e-05
frequency,countsketch-fastpath-vector2d,rows=5 cols=16384,zipf,1.5,1000000,1000000,0.000366961423242262,2.175139098581048e-05
frequency,countsketch-fastpath-vector2d,rows=5 cols=16384,zipf,1.5,1000000,1778279,0.00031776455439093155,2.7926461803751987e-05
frequency,countsketch-fastpath-vector2d,rows=5 cols=16384,zipf,1.5,1000000,3162278,0.00030281392393439826,1.327099907714986e-05
frequency,countsketch-fastpath-vector2d,rows=5 cols=16384,zipf,1.5,1000000,5623413,0.0002824444448634381,9.441663999282319e-06
frequency,countsketch-fastpath-vector2d,rows=5 cols=16384,zipf,1.5,1000000,10000000,0.00028355522482585407,9.785713792857846e-06
frequency,countsketch-fastpath-vector2d,rows=5 cols=16384,zipf,1.5,1000000,17782794,0.00024830126253346045,3.81416973289396e-06
frequency,countsketch-fastpath-vector2d,rows=5 cols=16384,zipf,1.5,1000000,31622777,0.00023531789527385762,2.0843827651503153e-06
frequency,countsketch-fastpath-vector2d,rows=5 cols=16384,zipf,1.5,1000000,56234133,0.00022169346274323408,1.17227334522513e-06
frequency,countsketch-fastpath-vector2d,rows=5 cols=16384,zipf,1.5,1000000,100000000,0.00022067575471473695,1.2372424704840053e-06
frequency,countsketch-fastpath-vector2d,rows=5 cols=16384,zipf,2.0,10,1000,0.0,0.0
frequency,countsketch-fastpath-vector2d,rows=5 cols=16384,zipf,2.0,10,1778,0.0,0.0
frequency,countsketch-fastpath-vector2d,rows=5 cols=16384,zipf,2.0,10,3162,0.0,0.0
frequency,countsketch-fastpath-vector2d,rows=5 cols=16384,zipf,2.0,10,5623,0.0,0.0
frequency,countsketch-fastpath-vector2d,rows=5 cols=16384,zipf,2.0,10,10000,0.0,0.0
frequency,countsketch-fastpath-vector2d,rows=5 cols=16384,zipf,2.0,10,17783,0.0,0.0
frequency,countsketch-fastpath-vector2d,rows=5 cols=16384,zipf,2.0,10,31623,0.0,0.0
frequency,countsketch-fastpath-vector2d,rows=5 cols=16384,zipf,2.0,10,56234,0.0,0.0
frequency,countsketch-fastpath-vector2d,rows=5 cols=16384,zipf,2.0,10,100000,0.0,0.0
frequency,countsketch-fastpath-vector2d,rows=5 cols=16384,zipf,2.0,10,177828,0.0,0.0
frequency,countsketch-fastpath-vector2d,rows=5 cols=16384,zipf,2.0,10,316228,0.0,0.0
frequency,countsketch-fastpath-vector2d,rows=5 cols=16384,zipf,2.0,10,562341,0.0,0.0
frequency,countsketch-fastpath-vector2d,rows=5 cols=16384,zipf,2.0,10,1000000,0.0,0.0
frequency,countsketch-fastpath-vector2d,rows=5 cols=16384,zipf,2.0,10,1778279,0.0,0.0
frequency,countsketch-fastpath-vector2d,rows=5 cols=16384,zipf,2.0,10,3162278,0.0,0.0
frequency,countsketch-fastpath-vector2d,rows=5 cols=16384,zipf,2.0,10,5623413,0.0,0.0
frequency,countsketch-fastpath-vector2d,rows=5 cols=16384,zipf,2.0,10,10000000,0.0,0.0
frequency,countsketch-fastpath-vector2d,rows=5 cols=16384,zipf,2.0,10,17782794,0.0,0.0
frequency,countsketch-fastpath-vector2d,rows=5 cols=16384,zipf,2.0,10,31622777,0.0,0.0
frequency,countsketch-fastpath-vector2d,rows=5 cols=16384,zipf,2.0,10,56234133,0.0,0.0
frequency,countsketch-fastpath-vector2d,rows=5 cols=16384,zipf,2.0,10,100000000,0.0,0.0
frequency,countsketch-fastpath-vector2d,rows=5 cols=16384,zipf,2.0,100,1000,0.0,0.0
frequency,countsketch-fastpath-vector2d,rows=5 cols=16384,zipf,2.0,100,1778,0.0,0.0
frequency,countsketch-fastpath-vector2d,rows=5 cols=16384,zipf,2.0,100,3162,0.0,0.0
frequency,countsketch-fastpath-vector2d,rows=5 cols=16384,zipf,2.0,100,5623,0.0,0.0
frequency,countsketch-fastpath-vector2d,rows=5 cols=16384,zipf,2.0,100,10000,0.0,0.0
frequency,countsketch-fastpath-vector2d,rows=5 cols=16384,zipf,2.0,100,17783,0.0,0.0
frequency,countsketch-fastpath-vector2d,rows=5 cols=16384,zipf,2.0,100,31623,0.0,0.0
frequency,countsketch-fastpath-vector2d,rows=5 cols=16384,zipf,2.0,100,56234,0.0,0.0
frequency,countsketch-fastpath-vector2d,rows=5 cols=16384,zipf,2.0,100,100000,0.0,0.0
frequency,countsketch-fastpath-vector2d,rows=5 cols=16384,zipf,2.0,100,177828,0.0,0.0
frequency,countsketch-fastpath-vector2d,rows=5 cols=16384,zipf,2.0,100,316228,0.0,0.0
frequency,countsketch-fastpath-vector2d,rows=5 cols=16384,zipf,2.0,100,562341,0.0,0.0
frequency,countsketch-fastpath-vector2d,rows=5 cols=16384,zipf,2.0,100,1000000,0.0,0.0
frequency,countsketch-fastpath-vector2d,rows=5 cols=16384,zipf,2.0,100,1778279,0.0,0.0
frequency,countsketch-fastpath-vector2d,rows=5 cols=16384,zipf,2.0,100,3162278,0.0,0.0
frequency,countsketch-fastpath-vector2d,rows=5 cols=16384,zipf,2.0,100,5623413,0.0,0.0
frequency,countsketch-fastpath-vector2d,rows=5 cols=16384,zipf,2.0,100,10000000,0.0,0.0
frequency,countsketch-fastpath-vector2d,rows=5 cols=16384,zipf,2.0,100,17782794,0.0,0.0
frequency,countsketch-fastpath-vector2d,rows=5 cols=16384,zipf,2.0,100,31622777,0.0,0.0
frequency,countsketch-fastpath-vector2d,rows=5 cols=16384,zipf,2.0,100,56234133,0.0,0.0
frequency,countsketch-fastpath-vector2d,rows=5 cols=16384,zipf,2.0,100,100000000,0.0,0.0
frequency,countsketch-fastpath-vector2d,rows=5 cols=16384,zipf,2.0,10000,1000,0.0,0.0
frequency,countsketch-fastpath-vector2d,rows=5 cols=16384,zipf,2.0,10000,1778,0.0,0.0
frequency,countsketch-fastpath-vector2d,rows=5 cols=16384,zipf,2.0,10000,3162,0.0,0.0
frequency,countsketch-fastpath-vector2d,rows=5 cols=16384,zipf,2.0,10000,5623,0.0,0.0
frequency,countsketch-fastpath-vector2d,rows=5 cols=16384,zipf,2.0,10000,10000,0.0,0.0
frequency,countsketch-fastpath-vector2d,rows=5 cols=16384,zipf,2.0,10000,17783,0.0,0.0
frequency,countsketch-fastpath-vector2d,rows=5 cols=16384,zipf,2.0,10000,31623,0.0,0.0
frequency,countsketch-fastpath-vector2d,rows=5 cols=16384,zipf,2.0,10000,56234,0.0,0.0
frequency,countsketch-fastpath-vector2d,rows=5 cols=16384,zipf,2.0,10000,100000,0.0,0.0
frequency,countsketch-fastpath-vector2d,rows=5 cols=16384,zipf,2.0,10000,177828,0.0,0.0
frequency,countsketch-fastpath-vector2d,rows=5 cols=16384,zipf,2.0,10000,316228,0.0,0.0
frequency,countsketch-fastpath-vector2d,rows=5 cols=16384,zipf,2.0,10000,562341,0.0,0.0
frequency,countsketch-fastpath-vector2d,rows=5 cols=16384,zipf,2.0,10000,1000000,0.0,0.0
frequency,countsketch-fastpath-vector2d,rows=5 cols=16384,zipf,2.0,10000,1778279,0.0,0.0
frequency,countsketch-fastpath-vector2d,rows=5 cols=16384,zipf,2.0,10000,3162278,0.0,0.0
frequency,countsketch-fastpath-vector2d,rows=5 cols=16384,zipf,2.0,10000,5623413,0.0,0.0
frequency,countsketch-fastpath-vector2d,rows=5 cols=16384,zipf,2.0,10000,10000000,2.121790791427965e-06,2.121790791427965e-06
frequency,countsketch-fastpath-vector2d,rows=5 cols=16384,zipf,2.0,10000,17782794,4.767549657603252e-06,2.546666795160439e-06
frequency,countsketch-fastpath-vector2d,rows=5 cols=16384,zipf,2.0,10000,31622777,4.8186338039703625e-06,2.1768947092165766e-06
frequency,countsketch-fastpath-vector2d,rows=5 cols=16384,zipf,2.0,10000,56234133,8.735879952555536e-06,1.84933016919296e-06
frequency,countsketch-fastpath-vector2d,rows=5 cols=16384,zipf,2.0,10000,100000000,8.36806493812971e-06,1.508140248282464e-07
frequency,countsketch-fastpath-vector2d,rows=5 cols=16384,zipf,2.0,1000000,1000,0.0,0.0
frequency,countsketch-fastpath-vector2d,rows=5 cols=16384,zipf,2.0,1000000,1778,0.0,0.0
frequency,countsketch-fastpath-vector2d,rows=5 cols=16384,zipf,2.0,1000000,3162,0.0,0.0
frequency,countsketch-fastpath-vector2d,rows=5 cols=16384,zipf,2.0,1000000,5623,0.0,0.0
frequency,countsketch-fastpath-vector2d,rows=5 cols=16384,zipf,2.0,1000000,10000,0.0,0.0
frequency,countsketch-fastpath-vector2d,rows=5 cols=16384,zipf,2.0,1000000,17783,0.0,0.0
frequency,countsketch-fastpath-vector2d,rows=5 cols=16384,zipf,2.0,1000000,31623,0.0,0.0
frequency,countsketch-fastpath-vector2d,rows=5 cols=16384,zipf,2.0,1000000,56234,0.0,0.0
frequency,countsketch-fastpath-vector2d,rows=5 cols=16384,zipf,2.0,1000000,100000,0.0,0.0
frequency,countsketch-fastpath-vector2d,rows=5 cols=16384,zipf,2.0,1000000,177828,0.0,0.0
frequency,countsketch-fastpath-vector2d,rows=5 cols=16384,zipf,2.0,1000000,316228,0.0,0.0
frequency,countsketch-fastpath-vector2d,rows=5 cols=16384,zipf,2.0,1000000,562341,0.0,0.0
frequency,countsketch-fastpath-vector2d,rows=5 cols=16384,zipf,2.0,1000000,1000000,0.0,0.0
frequency,countsketch-fastpath-vector2d,rows=5 cols=16384,zipf,2.0,1000000,1778279,0.0,0.0
frequency,countsketch-fastpath-vector2d,rows=5 cols=16384,zipf,2.0,1000000,3162278,0.0,0.0
frequency,countsketch-fastpath-vector2d,rows=5 cols=16384,zipf,2.0,1000000,5623413,3.6231884057971017e-06,3.6231884057971017e-06
frequency,countsketch-fastpath-vector2d,rows=5 cols=16384,zipf,2.0,1000000,10000000,4.30326944366361e-06,4.30326944366361e-06
frequency,countsketch-fastpath-vector2d,rows=5 cols=16384,zipf,2.0,1000000,17782794,1.3150496822713899e-05,5.600787462773782e-06
frequency,countsketch-fastpath-vector2d,rows=5 cols=16384,zipf,2.0,1000000,31622777,1.2440809418718633e-05,6.086805359036907e-06
frequency,countsketch-fastpath-vector2d,rows=5 cols=16384,zipf,2.0,1000000,56234133,1.1076579961190413e-05,4.057440458290721e-06
frequency,countsketch-fastpath-vector2d,rows=5 cols=16384,zipf,2.0,1000000,100000000,1.8601047685658712e-05,4.276620419828311e-06
topk,cms-heap-topk-fastpath-vector2d,rows=3 cols=256,zipf,0.0,10,1000,1.0,0.0
topk,cms-heap-topk-fastpath-vector2d,rows=3 cols=256,zipf,0.0,10,1778,1.0,0.0
topk,cms-heap-topk-fastpath-vector2d,rows=3 cols=256,zipf,0.0,10,3162,1.0,0.0
topk,cms-heap-topk-fastpath-vector2d,rows=3 cols=256,zipf,0.0,10,5623,1.0,0.0
topk,cms-heap-topk-fastpath-vector2d,rows=3 cols=256,zipf,0.0,10,10000,1.0,0.0
topk,cms-heap-topk-fastpath-vector2d,rows=3 cols=256,zipf,0.0,10,17783,1.0,0.0
topk,cms-heap-topk-fastpath-vector2d,rows=3 cols=256,zipf,0.0,10,31623,1.0,0.0
topk,cms-heap-topk-fastpath-vector2d,rows=3 cols=256,zipf,0.0,10,56234,1.0,0.0
topk,cms-heap-topk-fastpath-vector2d,rows=3 cols=256,zipf,0.0,10,100000,1.0,0.0
topk,cms-heap-topk-fastpath-vector2d,rows=3 cols=256,zipf,0.0,10,177828,1.0,0.0
topk,cms-heap-topk-fastpath-vector2d,rows=3 cols=256,zipf,0.0,10,316228,1.0,0.0
topk,cms-heap-topk-fastpath-vector2d,rows=3 cols=256,zipf,0.0,10,562341,1.0,0.0
topk,cms-heap-topk-fastpath-vector2d,rows=3 cols=256,zipf,0.0,10,1000000,1.0,0.0
topk,cms-heap-topk-fastpath-vector2d,rows=3 cols=256,zipf,0.0,10,1778279,1.0,0.0
topk,cms-heap-topk-fastpath-vector2d,rows=3 cols=256,zipf,0.0,10,3162278,1.0,0.0
topk,cms-heap-topk-fastpath-vector2d,rows=3 cols=256,zipf,0.0,10,5623413,1.0,0.0
topk,cms-heap-topk-fastpath-vector2d,rows=3 cols=256,zipf,0.0,10,10000000,1.0,0.0
topk,cms-heap-topk-fastpath-vector2d,rows=3 cols=256,zipf,0.0,10,17782794,1.0,0.0
topk,cms-heap-topk-fastpath-vector2d,rows=3 cols=256,zipf,0.0,10,31622777,1.0,0.0
topk,cms-heap-topk-fastpath-vector2d,rows=3 cols=256,zipf,0.0,10,56234133,1.0,0.0
topk,cms-heap-topk-fastpath-vector2d,rows=3 cols=256,zipf,0.0,10,100000000,1.0,0.0
topk,cms-heap-topk-fastpath-vector2d,rows=3 cols=256,zipf,0.0,100,1000,0.9270833333333334,0.010416666666666668
topk,cms-heap-topk-fastpath-vector2d,rows=3 cols=256,zipf,0.0,100,1778,0.9375,0.0
topk,cms-heap-topk-fastpath-vector2d,rows=3 cols=256,zipf,0.0,100,3162,0.9166666666666666,0.027559909490256152
topk,cms-heap-topk-fastpath-vector2d,rows=3 cols=256,zipf,0.0,100,5623,0.9270833333333334,0.020833333333333332
topk,cms-heap-topk-fastpath-vector2d,rows=3 cols=256,zipf,0.0,100,10000,0.9375,0.018042195912175804
topk,cms-heap-topk-fastpath-vector2d,rows=3 cols=256,zipf,0.0,100,17783,0.9375,0.018042195912175804
topk,cms-heap-topk-fastpath-vector2d,rows=3 cols=256,zipf,0.0,100,31623,0.9166666666666666,0.010416666666666668
topk,cms-heap-topk-fastpath-vector2d,rows=3 cols=256,zipf,0.0,100,56234,0.9270833333333334,0.010416666666666668
topk,cms-heap-topk-fastpath-vector2d,rows=3 cols=256,zipf,0.0,100,100000,0.9479166666666666,0.010416666666666668
topk,cms-heap-topk-fastpath-vector2d,rows=3 cols=256,zipf,0.0,100,177828,0.9375,0.018042195912175804
topk,cms-heap-topk-fastpath-vector2d,rows=3 cols=256,zipf,0.0,100,316228,0.9375,0.018042195912175804
topk,cms-heap-topk-fastpath-vector2d,rows=3 cols=256,zipf,0.0,100,562341,0.9166666666666666,0.010416666666666668
topk,cms-heap-topk-fastpath-vector2d,rows=3 cols=256,zipf,0.0,100,1000000,0.9270833333333334,0.010416666666666668
topk,cms-heap-topk-fastpath-vector2d,rows=3 cols=256,zipf,0.0,100,1778279,0.9375,0.0
topk,cms-heap-topk-fastpath-vector2d,rows=3 cols=256,zipf,0.0,100,3162278,0.9375,0.0
topk,cms-heap-topk-fastpath-vector2d,rows=3 cols=256,zipf,0.0,100,5623413,0.9479166666666666,0.010416666666666668
topk,cms-heap-topk-fastpath-vector2d,rows=3 cols=256,zipf,0.0,100,10000000,0.9583333333333334,0.020833333333333332
topk,cms-heap-topk-fastpath-vector2d,rows=3 cols=256,zipf,0.0,100,17782794,0.9270833333333334,0.010416666666666668
topk,cms-heap-topk-fastpath-vector2d,rows=3 cols=256,zipf,0.0,100,31622777,0.9375,0.018042195912175804
topk,cms-heap-topk-fastpath-vector2d,rows=3 cols=256,zipf,0.0,100,56234133,0.9479166666666666,0.02755990949025615
topk,cms-heap-topk-fastpath-vector2d,rows=3 cols=256,zipf,0.0,100,100000000,0.9375,0.018042195912175804
topk,cms-heap-topk-fastpath-vector2d,rows=3 cols=256,zipf,0.0,10000,1000,0.19791666666666666,0.03755782578608322
topk,cms-heap-topk-fastpath-vector2d,rows=3 cols=256,zipf,0.0,10000,1778,0.11458333333333333,0.010416666666666668
topk,cms-heap-topk-fastpath-vector2d,rows=3 cols=256,zipf,0.0,10000,3162,0.09375,0.03608439182435161
topk,cms-heap-topk-fastpath-vector2d,rows=3 cols=256,zipf,0.0,10000,5623,0.09375,0.03125
topk,cms-heap-topk-fastpath-vector2d,rows=3 cols=256,zipf,0.0,10000,10000,0.0,0.0
topk,cms-heap-topk-fastpath-vector2d,rows=3 cols=256,zipf,0.0,10000,17783,0.020833333333333332,0.010416666666666668
topk,cms-heap-topk-fastpath-vector2d,rows=3 cols=256,zipf,0.0,10000,31623,0.020833333333333332,0.010416666666666668
topk,cms-heap-topk-fastpath-vector2d,rows=3 cols=256,zipf,0.0,10000,56234,0.0,0.0
topk,cms-heap-topk-fastpath-vector2d,rows=3 cols=256,zipf,0.0,10000,100000,0.0,0.0
topk,cms-heap-topk-fastpath-vector2d,rows=3 cols=256,zipf,0.0,10000,177828,0.0,0.0
topk,cms-heap-topk-fastpath-vector2d,rows=3 cols=256,zipf,0.0,10000,316228,0.0,0.0
topk,cms-heap-topk-fastpath-vector2d,rows=3 cols=256,zipf,0.0,10000,562341,0.0,0.0
topk,cms-heap-topk-fastpath-vector2d,rows=3 cols=256,zipf,0.0,10000,1000000,0.010416666666666666,0.010416666666666668
topk,cms-heap-topk-fastpath-vector2d,rows=3 cols=256,zipf,0.0,10000,1778279,0.0,0.0
topk,cms-heap-topk-fastpath-vector2d,rows=3 cols=256,zipf,0.0,10000,3162278,0.0,0.0
topk,cms-heap-topk-fastpath-vector2d,rows=3 cols=256,zipf,0.0,10000,5623413,0.0,0.0
topk,cms-heap-topk-fastpath-vector2d,rows=3 cols=256,zipf,0.0,10000,10000000,0.010416666666666666,0.010416666666666668
topk,cms-heap-topk-fastpath-vector2d,rows=3 cols=256,zipf,0.0,10000,17782794,0.020833333333333332,0.020833333333333336
topk,cms-heap-topk-fastpath-vector2d,rows=3 cols=256,zipf,0.0,10000,31622777,0.010416666666666666,0.010416666666666668
topk,cms-heap-topk-fastpath-vector2d,rows=3 cols=256,zipf,0.0,10000,56234133,0.0,0.0
topk,cms-heap-topk-fastpath-vector2d,rows=3 cols=256,zipf,0.0,10000,100000000,0.0,0.0
topk,cms-heap-topk-fastpath-vector2d,rows=3 cols=256,zipf,0.0,1000000,1000,0.041666666666666664,0.020833333333333336
topk,cms-heap-topk-fastpath-vector2d,rows=3 cols=256,zipf,0.0,1000000,1778,0.010416666666666666,0.010416666666666668
topk,cms-heap-topk-fastpath-vector2d,rows=3 cols=256,zipf,0.0,1000000,3162,0.0,0.0
topk,cms-heap-topk-fastpath-vector2d,rows=3 cols=256,zipf,0.0,1000000,5623,0.0,0.0
topk,cms-heap-topk-fastpath-vector2d,rows=3 cols=256,zipf,0.0,1000000,10000,0.020833333333333332,0.010416666666666668
topk,cms-heap-topk-fastpath-vector2d,rows=3 cols=256,zipf,0.0,1000000,17783,0.010416666666666666,0.010416666666666668
topk,cms-heap-topk-fastpath-vector2d,rows=3 cols=256,zipf,0.0,1000000,31623,0.0,0.0
topk,cms-heap-topk-fastpath-vector2d,rows=3 cols=256,zipf,0.0,1000000,56234,0.0,0.0
topk,cms-heap-topk-fastpath-vector2d,rows=3 cols=256,zipf,0.0,1000000,100000,0.0,0.0
topk,cms-heap-topk-fastpath-vector2d,rows=3 cols=256,zipf,0.0,1000000,177828,0.0,0.0
topk,cms-heap-topk-fastpath-vector2d,rows=3 cols=256,zipf,0.0,1000000,316228,0.0,0.0
topk,cms-heap-topk-fastpath-vector2d,rows=3 cols=256,zipf,0.0,1000000,562341,0.0,0.0
topk,cms-heap-topk-fastpath-vector2d,rows=3 cols=256,zipf,0.0,1000000,1000000,0.0,0.0
topk,cms-heap-topk-fastpath-vector2d,rows=3 cols=256,zipf,0.0,1000000,1778279,0.0,0.0
topk,cms-heap-topk-fastpath-vector2d,rows=3 cols=256,zipf,0.0,1000000,3162278,0.0,0.0
topk,cms-heap-topk-fastpath-vector2d,rows=3 cols=256,zipf,0.0,1000000,5623413,0.0,0.0
topk,cms-heap-topk-fastpath-vector2d,rows=3 cols=256,zipf,0.0,1000000,10000000,0.0,0.0
topk,cms-heap-topk-fastpath-vector2d,rows=3 cols=256,zipf,0.0,1000000,17782794,0.0,0.0
topk,cms-heap-topk-fastpath-vector2d,rows=3 cols=256,zipf,0.0,1000000,31622777,0.0,0.0
topk,cms-heap-topk-fastpath-vector2d,rows=3 cols=256,zipf,0.0,1000000,56234133,0.0,0.0
topk,cms-heap-topk-fastpath-vector2d,rows=3 cols=256,zipf,0.0,1000000,100000000,0.0,0.0
topk,cms-heap-topk-fastpath-vector2d,rows=3 cols=256,zipf,0.5,10,1000,1.0,0.0
topk,cms-heap-topk-fastpath-vector2d,rows=3 cols=256,zipf,0.5,10,1778,1.0,0.0
topk,cms-heap-topk-fastpath-vector2d,rows=3 cols=256,zipf,0.5,10,3162,1.0,0.0
topk,cms-heap-topk-fastpath-vector2d,rows=3 cols=256,zipf,0.5,10,5623,1.0,0.0
topk,cms-heap-topk-fastpath-vector2d,rows=3 cols=256,zipf,0.5,10,10000,1.0,0.0
topk,cms-heap-topk-fastpath-vector2d,rows=3 cols=256,zipf,0.5,10,17783,1.0,0.0
topk,cms-heap-topk-fastpath-vector2d,rows=3 cols=256,zipf,0.5,10,31623,1.0,0.0
topk,cms-heap-topk-fastpath-vector2d,rows=3 cols=256,zipf,0.5,10,56234,1.0,0.0
topk,cms-heap-topk-fastpath-vector2d,rows=3 cols=256,zipf,0.5,10,100000,1.0,0.0
topk,cms-heap-topk-fastpath-vector2d,rows=3 cols=256,zipf,0.5,10,177828,1.0,0.0
topk,cms-heap-topk-fastpath-vector2d,rows=3 cols=256,zipf,0.5,10,316228,1.0,0.0
topk,cms-heap-topk-fastpath-vector2d,rows=3 cols=256,zipf,0.5,10,562341,1.0,0.0
topk,cms-heap-topk-fastpath-vector2d,rows=3 cols=256,zipf,0.5,10,1000000,1.0,0.0
topk,cms-heap-topk-fastpath-vector2d,rows=3 cols=256,zipf,0.5,10,1778279,1.0,0.0
topk,cms-heap-topk-fastpath-vector2d,rows=3 cols=256,zipf,0.5,10,3162278,1.0,0.0
topk,cms-heap-topk-fastpath-vector2d,rows=3 cols=256,zipf,0.5,10,5623413,1.0,0.0
topk,cms-heap-topk-fastpath-vector2d,rows=3 cols=256,zipf,0.5,10,10000000,1.0,0.0
topk,cms-heap-topk-fastpath-vector2d,rows=3 cols=256,zipf,0.5,10,17782794,1.0,0.0
topk,cms-heap-topk-fastpath-vector2d,rows=3 cols=256,zipf,0.5,10,31622777,1.0,0.0
topk,cms-heap-topk-fastpath-vector2d,rows=3 cols=256,zipf,0.5,10,56234133,1.0,0.0
topk,cms-heap-topk-fastpath-vector2d,rows=3 cols=256,zipf,0.5,10,100000000,1.0,0.0
topk,cms-heap-topk-fastpath-vector2d,rows=3 cols=256,zipf,0.5,100,1000,0.9270833333333334,0.010416666666666668
topk,cms-heap-topk-fastpath-vector2d,rows=3 cols=256,zipf,0.5,100,1778,0.9270833333333334,0.010416666666666668
topk,cms-heap-topk-fastpath-vector2d,rows=3 cols=256,zipf,0.5,100,3162,0.9166666666666666,0.010416666666666668
topk,cms-heap-topk-fastpath-vector2d,rows=3 cols=256,zipf,0.5,100,5623,0.9166666666666666,0.010416666666666668
topk,cms-heap-topk-fastpath-vector2d,rows=3 cols=256,zipf,0.5,100,10000,0.9166666666666666,0.010416666666666668
topk,cms-heap-topk-fastpath-vector2d,rows=3 cols=256,zipf,0.5,100,17783,0.9166666666666666,0.010416666666666668
topk,cms-heap-topk-fastpath-vector2d,rows=3 cols=256,zipf,0.5,100,31623,0.9270833333333334,0.010416666666666668
topk,cms-heap-topk-fastpath-vector2d,rows=3 cols=256,zipf,0.5,100,56234,0.90625,0.0
topk,cms-heap-topk-fastpath-vector2d,rows=3 cols=256,zipf,0.5,100,100000,0.9166666666666666,0.010416666666666668
topk,cms-heap-topk-fastpath-vector2d,rows=3 cols=256,zipf,0.5,100,177828,0.9270833333333334,0.010416666666666668
topk,cms-heap-topk-fastpath-vector2d,rows=3 cols=256,zipf,0.5,100,316228,0.9166666666666666,0.010416666666666668
topk,cms-heap-topk-fastpath-vector2d,rows=3 cols=256,zipf,0.5,100,562341,0.9166666666666666,0.010416666666666668
topk,cms-heap-topk-fastpath-vector2d,rows=3 cols=256,zipf,0.5,100,1000000,0.90625,0.0
topk,cms-heap-topk-fastpath-vector2d,rows=3 cols=256,zipf,0.5,100,1778279,0.90625,0.0
topk,cms-heap-topk-fastpath-vector2d,rows=3 cols=256,zipf,0.5,100,3162278,0.90625,0.0
topk,cms-heap-topk-fastpath-vector2d,rows=3 cols=256,zipf,0.5,100,5623413,0.90625,0.0
topk,cms-heap-topk-fastpath-vector2d,rows=3 cols=256,zipf,0.5,100,10000000,0.90625,0.0
topk,cms-heap-topk-fastpath-vector2d,rows=3 cols=256,zipf,0.5,100,17782794,0.90625,0.0
topk,cms-heap-topk-fastpath-vector2d,rows=3 cols=256,zipf,0.5,100,31622777,0.90625,0.0
topk,cms-heap-topk-fastpath-vector2d,rows=3 cols=256,zipf,0.5,100,56234133,0.90625,0.0
topk,cms-heap-topk-fastpath-vector2d,rows=3 cols=256,zipf,0.5,100,100000000,0.90625,0.0
topk,cms-heap-topk-fastpath-vector2d,rows=3 cols=256,zipf,0.5,10000,1000,0.3333333333333333,0.04540519732854868
topk,cms-heap-topk-fastpath-vector2d,rows=3 cols=256,zipf,0.5,10000,1778,0.28125,0.0
topk,cms-heap-topk-fastpath-vector2d,rows=3 cols=256,zipf,0.5,10000,3162,0.3333333333333333,0.010416666666666666
topk,cms-heap-topk-fastpath-vector2d,rows=3 cols=256,zipf,0.5,10000,5623,0.3645833333333333,0.027559909490256152
topk,cms-heap-topk-fastpath-vector2d,rows=3 cols=256,zipf,0.5,10000,10000,0.3645833333333333,0.0551198189805123
topk,cms-heap-topk-fastpath-vector2d,rows=3 cols=256,zipf,0.5,10000,17783,0.3541666666666667,0.020833333333333336
topk,cms-heap-topk-fastpath-vector2d,rows=3 cols=256,zipf,0.5,10000,31623,0.3125,0.03608439182435161
topk,cms-heap-topk-fastpath-vector2d,rows=3 cols=256,zipf,0.5,10000,56234,0.3645833333333333,0.03755782578608322
topk,cms-heap-topk-fastpath-vector2d,rows=3 cols=256,zipf,0.5,10000,100000,0.3333333333333333,0.027559909490256152
topk,cms-heap-topk-fastpath-vector2d,rows=3 cols=256,zipf,0.5,10000,177828,0.3333333333333333,0.010416666666666666
topk,cms-heap-topk-fastpath-vector2d,rows=3 cols=256,zipf,0.5,10000,316228,0.3125,0.0
topk,cms-heap-topk-fastpath-vector2d,rows=3 cols=256,zipf,0.5,10000,562341,0.3229166666666667,0.010416666666666666
topk,cms-heap-topk-fastpath-vector2d,rows=3 cols=256,zipf,0.5,10000,1000000,0.3125,0.018042195912175804
topk,cms-heap-topk-fastpath-vector2d,rows=3 cols=256,zipf,0.5,10000,1778279,0.2916666666666667,0.010416666666666666
topk,cms-heap-topk-fastpath-vector2d,rows=3 cols=256,zipf,0.5,10000,3162278,0.3020833333333333,0.010416666666666666
topk,cms-heap-topk-fastpath-vector2d,rows=3 cols=256,zipf,0.5,10000,5623413,0.2916666666666667,0.010416666666666666
topk,cms-heap-topk-fastpath-vector2d,rows=3 cols=256,zipf,0.5,10000,10000000,0.2916666666666667,0.010416666666666666
topk,cms-heap-topk-fastpath-vector2d,rows=3 cols=256,zipf,0.5,10000,17782794,0.28125,0.018042195912175804
topk,cms-heap-topk-fastpath-vector2d,rows=3 cols=256,zipf,0.5,10000,31622777,0.28125,0.0
topk,cms-heap-topk-fastpath-vector2d,rows=3 cols=256,zipf,0.5,10000,56234133,0.28125,0.0
topk,cms-heap-topk-fastpath-vector2d,rows=3 cols=256,zipf,0.5,10000,100000000,0.28125,0.0
topk,cms-heap-topk-fastpath-vector2d,rows=3 cols=256,zipf,0.5,1000000,1000,0.052083333333333336,0.03755782578608322
topk,cms-heap-topk-fastpath-vector2d,rows=3 cols=256,zipf,0.5,1000000,1778,0.010416666666666666,0.010416666666666668
topk,cms-heap-topk-fastpath-vector2d,rows=3 cols=256,zipf,0.5,1000000,3162,0.010416666666666666,0.010416666666666668
topk,cms-heap-topk-fastpath-vector2d,rows=3 cols=256,zipf,0.5,1000000,5623,0.010416666666666666,0.010416666666666668
topk,cms-heap-topk-fastpath-vector2d,rows=3 cols=256,zipf,0.5,1000000,10000,0.010416666666666666,0.010416666666666668
topk,cms-heap-topk-fastpath-vector2d,rows=3 cols=256,zipf,0.5,1000000,17783,0.03125,0.0
topk,cms-heap-topk-fastpath-vector2d,rows=3 cols=256,zipf,0.5,1000000,31623,0.03125,0.018042195912175804
topk,cms-heap-topk-fastpath-vector2d,rows=3 cols=256,zipf,0.5,1000000,56234,0.041666666666666664,0.010416666666666666
topk,cms-heap-topk-fastpath-vector2d,rows=3 cols=256,zipf,0.5,1000000,100000,0.0625,0.018042195912175804
topk,cms-heap-topk-fastpath-vector2d,rows=3 cols=256,zipf,0.5,1000000,177828,0.09375,0.018042195912175804
topk,cms-heap-topk-fastpath-vector2d,rows=3 cols=256,zipf,0.5,1000000,316228,0.125,0.0
topk,cms-heap-topk-fastpath-vector2d,rows=3 cols=256,zipf,0.5,1000000,562341,0.15625,0.018042195912175804
topk,cms-heap-topk-fastpath-vector2d,rows=3 cols=256,zipf,0.5,1000000,1000000,0.16666666666666666,0.02755990949025615
topk,cms-heap-topk-fastpath-vector2d,rows=3 cols=256,zipf,0.5,1000000,1778279,0.14583333333333334,0.010416666666666668
topk,cms-heap-topk-fastpath-vector2d,rows=3 cols=256,zipf,0.5,1000000,3162278,0.15625,0.0
topk,cms-heap-topk-fastpath-vector2d,rows=3 cols=256,zipf,0.5,1000000,5623413,0.125,0.0
topk,cms-heap-topk-fastpath-vector2d,rows=3 cols=256,zipf,0.5,1000000,10000000,0.11458333333333333,0.010416666666666668
topk,cms-heap-topk-fastpath-vector2d,rows=3 cols=256,zipf,0.5,1000000,17782794,0.09375,0.0
topk,cms-heap-topk-fastpath-vector2d,rows=3 cols=256,zipf,0.5,1000000,31622777,0.09375,0.0
topk,cms-heap-topk-fastpath-vector2d,rows=3 cols=256,zipf,0.5,1000000,56234133,0.09375,0.0
topk,cms-heap-topk-fastpath-vector2d,rows=3 cols=256,zipf,0.5,1000000,100000000,0.09375,0.0
topk,cms-heap-topk-fastpath-vector2d,rows=3 cols=256,zipf,1.0,10,1000,1.0,0.0
topk,cms-heap-topk-fastpath-vector2d,rows=3 cols=256,zipf,1.0,10,1778,1.0,0.0
topk,cms-heap-topk-fastpath-vector2d,rows=3 cols=256,zipf,1.0,10,3162,1.0,0.0
topk,cms-heap-topk-fastpath-vector2d,rows=3 cols=256,zipf,1.0,10,5623,1.0,0.0
topk,cms-heap-topk-fastpath-vector2d,rows=3 cols=256,zipf,1.0,10,10000,1.0,0.0
topk,cms-heap-topk-fastpath-vector2d,rows=3 cols=256,zipf,1.0,10,17783,1.0,0.0
topk,cms-heap-topk-fastpath-vector2d,rows=3 cols=256,zipf,1.0,10,31623,1.0,0.0
topk,cms-heap-topk-fastpath-vector2d,rows=3 cols=256,zipf,1.0,10,56234,1.0,0.0
topk,cms-heap-topk-fastpath-vector2d,rows=3 cols=256,zipf,1.0,10,100000,1.0,0.0
topk,cms-heap-topk-fastpath-vector2d,rows=3 cols=256,zipf,1.0,10,177828,1.0,0.0
topk,cms-heap-topk-fastpath-vector2d,rows=3 cols=256,zipf,1.0,10,316228,1.0,0.0
topk,cms-heap-topk-fastpath-vector2d,rows=3 cols=256,zipf,1.0,10,562341,1.0,0.0
topk,cms-heap-topk-fastpath-vector2d,rows=3 cols=256,zipf,1.0,10,1000000,1.0,0.0
topk,cms-heap-topk-fastpath-vector2d,rows=3 cols=256,zipf,1.0,10,1778279,1.0,0.0
topk,cms-heap-topk-fastpath-vector2d,rows=3 cols=256,zipf,1.0,10,3162278,1.0,0.0
topk,cms-heap-topk-fastpath-vector2d,rows=3 cols=256,zipf,1.0,10,5623413,1.0,0.0
topk,cms-heap-topk-fastpath-vector2d,rows=3 cols=256,zipf,1.0,10,10000000,1.0,0.0
topk,cms-heap-topk-fastpath-vector2d,rows=3 cols=256,zipf,1.0,10,17782794,1.0,0.0
topk,cms-heap-topk-fastpath-vector2d,rows=3 cols=256,zipf,1.0,10,31622777,1.0,0.0
topk,cms-heap-topk-fastpath-vector2d,rows=3 cols=256,zipf,1.0,10,56234133,1.0,0.0
topk,cms-heap-topk-fastpath-vector2d,rows=3 cols=256,zipf,1.0,10,100000000,1.0,0.0
topk,cms-heap-topk-fastpath-vector2d,rows=3 cols=256,zipf,1.0,100,1000,0.9479166666666666,0.010416666666666668
topk,cms-heap-topk-fastpath-vector2d,rows=3 cols=256,zipf,1.0,100,1778,0.96875,0.018042195912175804
topk,cms-heap-topk-fastpath-vector2d,rows=3 cols=256,zipf,1.0,100,3162,0.96875,0.0
topk,cms-heap-topk-fastpath-vector2d,rows=3 cols=256,zipf,1.0,100,5623,0.9479166666666666,0.010416666666666668
topk,cms-heap-topk-fastpath-vector2d,rows=3 cols=256,zipf,1.0,100,10000,0.9791666666666666,0.010416666666666668
topk,cms-heap-topk-fastpath-vector2d,rows=3 cols=256,zipf,1.0,100,17783,0.96875,0.0
topk,cms-heap-topk-fastpath-vector2d,rows=3 cols=256,zipf,1.0,100,31623,0.9479166666666666,0.010416666666666668
topk,cms-heap-topk-fastpath-vector2d,rows=3 cols=256,zipf,1.0,100,56234,0.96875,0.0
topk,cms-heap-topk-fastpath-vector2d,rows=3 cols=256,zipf,1.0,100,100000,0.96875,0.0
topk,cms-heap-topk-fastpath-vector2d,rows=3 cols=256,zipf,1.0,100,177828,0.96875,0.0
topk,cms-heap-topk-fastpath-vector2d,rows=3 cols=256,zipf,1.0,100,316228,0.9479166666666666,0.010416666666666668
topk,cms-heap-topk-fastpath-vector2d,rows=3 cols=256,zipf,1.0,100,562341,0.9479166666666666,0.010416666666666668
topk,cms-heap-topk-fastpath-vector2d,rows=3 cols=256,zipf,1.0,100,1000000,0.9479166666666666,0.010416666666666668
topk,cms-heap-topk-fastpath-vector2d,rows=3 cols=256,zipf,1.0,100,1778279,0.9479166666666666,0.010416666666666668
topk,cms-heap-topk-fastpath-vector2d,rows=3 cols=256,zipf,1.0,100,3162278,0.9375,0.0
topk,cms-heap-topk-fastpath-vector2d,rows=3 cols=256,zipf,1.0,100,5623413,0.9375,0.0
topk,cms-heap-topk-fastpath-vector2d,rows=3 cols=256,zipf,1.0,100,10000000,0.9375,0.0
topk,cms-heap-topk-fastpath-vector2d,rows=3 cols=256,zipf,1.0,100,17782794,0.9375,0.0
topk,cms-heap-topk-fastpath-vector2d,rows=3 cols=256,zipf,1.0,100,31622777,0.9375,0.0
topk,cms-heap-topk-fastpath-vector2d,rows=3 cols=256,zipf,1.0,100,56234133,0.9375,0.0
topk,cms-heap-topk-fastpath-vector2d,rows=3 cols=256,zipf,1.0,100,100000000,0.9375,0.0
topk,cms-heap-topk-fastpath-vector2d,rows=3 cols=256,zipf,1.0,10000,1000,0.8541666666666666,0.010416666666666668
topk,cms-heap-topk-fastpath-vector2d,rows=3 cols=256,zipf,1.0,10000,1778,0.8229166666666666,0.010416666666666668
topk,cms-heap-topk-fastpath-vector2d,rows=3 cols=256,zipf,1.0,10000,3162,0.8645833333333334,0.03755782578608322
topk,cms-heap-topk-fastpath-vector2d,rows=3 cols=256,zipf,1.0,10000,5623,0.8541666666666666,0.010416666666666668
topk,cms-heap-topk-fastpath-vector2d,rows=3 cols=256,zipf,1.0,10000,10000,0.875,0.03608439182435161
topk,cms-heap-topk-fastpath-vector2d,rows=3 cols=256,zipf,1.0,10000,17783,0.8541666666666666,0.02755990949025615
topk,cms-heap-topk-fastpath-vector2d,rows=3 cols=256,zipf,1.0,10000,31623,0.8229166666666666,0.02755990949025615
topk,cms-heap-topk-fastpath-vector2d,rows=3 cols=256,zipf,1.0,10000,56234,0.7708333333333334,0.010416666666666668
topk,cms-heap-topk-fastpath-vector2d,rows=3 cols=256,zipf,1.0,10000,100000,0.7604166666666666,0.010416666666666668
topk,cms-heap-topk-fastpath-vector2d,rows=3 cols=256,zipf,1.0,10000,177828,0.71875,0.03125
topk,cms-heap-topk-fastpath-vector2d,rows=3 cols=256,zipf,1.0,10000,316228,0.6979166666666666,0.010416666666666668
topk,cms-heap-topk-fastpath-vector2d,rows=3 cols=256,zipf,1.0,10000,562341,0.65625,0.0
topk,cms-heap-topk-fastpath-vector2d,rows=3 cols=256,zipf,1.0,10000,1000000,0.6354166666666666,0.010416666666666668
topk,cms-heap-topk-fastpath-vector2d,rows=3 cols=256,zipf,1.0,10000,1778279,0.625,0.0
topk,cms-heap-topk-fastpath-vector2d,rows=3 cols=256,zipf,1.0,10000,3162278,0.6145833333333334,0.010416666666666668
topk,cms-heap-topk-fastpath-vector2d,rows=3 cols=256,zipf,1.0,10000,5623413,0.625,0.0
topk,cms-heap-topk-fastpath-vector2d,rows=3 cols=256,zipf,1.0,10000,10000000,0.6041666666666666,0.010416666666666668
topk,cms-heap-topk-fastpath-vector2d,rows=3 cols=256,zipf,1.0,10000,17782794,0.625,0.0
topk,cms-heap-topk-fastpath-vector2d,rows=3 cols=256,zipf,1.0,10000,31622777,0.6145833333333334,0.010416666666666668
topk,cms-heap-topk-fastpath-vector2d,rows=3 cols=256,zipf,1.0,10000,56234133,0.6041666666666666,0.010416666666666668
topk,cms-heap-topk-fastpath-vector2d,rows=3 cols=256,zipf,1.0,10000,100000000,0.6041666666666666,0.010416666666666668
topk,cms-heap-topk-fastpath-vector2d,rows=3 cols=256,zipf,1.0,1000000,1000,0.6979166666666666,0.04540519732854868
topk,cms-heap-topk-fastpath-vector2d,rows=3 cols=256,zipf,1.0,1000000,1778,0.78125,0.03608439182435161
topk,cms-heap-topk-fastpath-vector2d,rows=3 cols=256,zipf,1.0,1000000,3162,0.7604166666666666,0.02755990949025615
topk,cms-heap-topk-fastpath-vector2d,rows=3 cols=256,zipf,1.0,1000000,5623,0.8125,0.047735163489123336
topk,cms-heap-topk-fastpath-vector2d,rows=3 cols=256,zipf,1.0,1000000,10000,0.875,0.047735163489123336
topk,cms-heap-topk-fastpath-vector2d,rows=3 cols=256,zipf,1.0,1000000,17783,0.8333333333333334,0.010416666666666668
topk,cms-heap-topk-fastpath-vector2d,rows=3 cols=256,zipf,1.0,1000000,31623,0.8020833333333334,0.010416666666666668
topk,cms-heap-topk-fastpath-vector2d,rows=3 cols=256,zipf,1.0,1000000,56234,0.7604166666666666,0.020833333333333332
topk,cms-heap-topk-fastpath-vector2d,rows=3 cols=256,zipf,1.0,1000000,100000,0.6458333333333334,0.03755782578608322
topk,cms-heap-topk-fastpath-vector2d,rows=3 cols=256,zipf,1.0,1000000,177828,0.59375,0.018042195912175804
topk,cms-heap-topk-fastpath-vector2d,rows=3 cols=256,zipf,1.0,1000000,316228,0.5625,0.018042195912175804
topk,cms-heap-topk-fastpath-vector2d,rows=3 cols=256,zipf,1.0,1000000,562341,0.5,0.03125
topk,cms-heap-topk-fastpath-vector2d,rows=3 cols=256,zipf,1.0,1000000,1000000,0.4166666666666667,0.020833333333333336
topk,cms-heap-topk-fastpath-vector2d,rows=3 cols=256,zipf,1.0,1000000,1778279,0.375,0.0
topk,cms-heap-topk-fastpath-vector2d,rows=3 cols=256,zipf,1.0,1000000,3162278,0.3541666666666667,0.010416666666666666
topk,cms-heap-topk-fastpath-vector2d,rows=3 cols=256,zipf,1.0,1000000,5623413,0.3125,0.018042195912175804
topk,cms-heap-topk-fastpath-vector2d,rows=3 cols=256,zipf,1.0,1000000,10000000,0.28125,0.0
topk,cms-heap-topk-fastpath-vector2d,rows=3 cols=256,zipf,1.0,1000000,17782794,0.28125,0.0
topk,cms-heap-topk-fastpath-vector2d,rows=3 cols=256,zipf,1.0,1000000,31622777,0.25,0.0
topk,cms-heap-topk-fastpath-vector2d,rows=3 cols=256,zipf,1.0,1000000,56234133,0.22916666666666666,0.010416666666666668
topk,cms-heap-topk-fastpath-vector2d,rows=3 cols=256,zipf,1.0,1000000,100000000,0.21875,0.0
topk,cms-heap-topk-fastpath-vector2d,rows=3 cols=256,zipf,1.5,10,1000,1.0,0.0
topk,cms-heap-topk-fastpath-vector2d,rows=3 cols=256,zipf,1.5,10,1778,1.0,0.0
topk,cms-heap-topk-fastpath-vector2d,rows=3 cols=256,zipf,1.5,10,3162,1.0,0.0
topk,cms-heap-topk-fastpath-vector2d,rows=3 cols=256,zipf,1.5,10,5623,1.0,0.0
topk,cms-heap-topk-fastpath-vector2d,rows=3 cols=256,zipf,1.5,10,10000,1.0,0.0
topk,cms-heap-topk-fastpath-vector2d,rows=3 cols=256,zipf,1.5,10,17783,1.0,0.0
topk,cms-heap-topk-fastpath-vector2d,rows=3 cols=256,zipf,1.5,10,31623,1.0,0.0
topk,cms-heap-topk-fastpath-vector2d,rows=3 cols=256,zipf,1.5,10,56234,1.0,0.0
topk,cms-heap-topk-fastpath-vector2d,rows=3 cols=256,zipf,1.5,10,100000,1.0,0.0
topk,cms-heap-topk-fastpath-vector2d,rows=3 cols=256,zipf,1.5,10,177828,1.0,0.0
topk,cms-heap-topk-fastpath-vector2d,rows=3 cols=256,zipf,1.5,10,316228,1.0,0.0
topk,cms-heap-topk-fastpath-vector2d,rows=3 cols=256,zipf,1.5,10,562341,1.0,0.0
topk,cms-heap-topk-fastpath-vector2d,rows=3 cols=256,zipf,1.5,10,1000000,1.0,0.0
topk,cms-heap-topk-fastpath-vector2d,rows=3 cols=256,zipf,1.5,10,1778279,1.0,0.0
topk,cms-heap-topk-fastpath-vector2d,rows=3 cols=256,zipf,1.5,10,3162278,1.0,0.0
topk,cms-heap-topk-fastpath-vector2d,rows=3 cols=256,zipf,1.5,10,5623413,1.0,0.0
topk,cms-heap-topk-fastpath-vector2d,rows=3 cols=256,zipf,1.5,10,10000000,1.0,0.0
topk,cms-heap-topk-fastpath-vector2d,rows=3 cols=256,zipf,1.5,10,17782794,1.0,0.0
topk,cms-heap-topk-fastpath-vector2d,rows=3 cols=256,zipf,1.5,10,31622777,1.0,0.0
topk,cms-heap-topk-fastpath-vector2d,rows=3 cols=256,zipf,1.5,10,56234133,1.0,0.0
topk,cms-heap-topk-fastpath-vector2d,rows=3 cols=256,zipf,1.5,10,100000000,1.0,0.0
topk,cms-heap-topk-fastpath-vector2d,rows=3 cols=256,zipf,1.5,100,1000,0.9479166666666666,0.010416666666666668
topk,cms-heap-topk-fastpath-vector2d,rows=3 cols=256,zipf,1.5,100,1778,1.0,0.0
topk,cms-heap-topk-fastpath-vector2d,rows=3 cols=256,zipf,1.5,100,3162,1.0,0.0
topk,cms-heap-topk-fastpath-vector2d,rows=3 cols=256,zipf,1.5,100,5623,0.9791666666666666,0.010416666666666668
topk,cms-heap-topk-fastpath-vector2d,rows=3 cols=256,zipf,1.5,100,10000,0.9895833333333334,0.010416666666666668
topk,cms-heap-topk-fastpath-vector2d,rows=3 cols=256,zipf,1.5,100,17783,0.9895833333333334,0.010416666666666668
topk,cms-heap-topk-fastpath-vector2d,rows=3 cols=256,zipf,1.5,100,31623,0.9791666666666666,0.010416666666666668
topk,cms-heap-topk-fastpath-vector2d,rows=3 cols=256,zipf,1.5,100,56234,0.96875,0.0
topk,cms-heap-topk-fastpath-vector2d,rows=3 cols=256,zipf,1.5,100,100000,0.96875,0.0
topk,cms-heap-topk-fastpath-vector2d,rows=3 cols=256,zipf,1.5,100,177828,0.96875,0.0
topk,cms-heap-topk-fastpath-vector2d,rows=3 cols=256,zipf,1.5,100,316228,0.96875,0.0
topk,cms-heap-topk-fastpath-vector2d,rows=3 cols=256,zipf,1.5,100,562341,0.96875,0.0
topk,cms-heap-topk-fastpath-vector2d,rows=3 cols=256,zipf,1.5,100,1000000,0.96875,0.0
topk,cms-heap-topk-fastpath-vector2d,rows=3 cols=256,zipf,1.5,100,1778279,0.96875,0.0
topk,cms-heap-topk-fastpath-vector2d,rows=3 cols=256,zipf,1.5,100,3162278,0.96875,0.0
topk,cms-heap-topk-fastpath-vector2d,rows=3 cols=256,zipf,1.5,100,5623413,0.96875,0.0
topk,cms-heap-topk-fastpath-vector2d,rows=3 cols=256,zipf,1.5,100,10000000,0.96875,0.0
topk,cms-heap-topk-fastpath-vector2d,rows=3 cols=256,zipf,1.5,100,17782794,0.96875,0.0
topk,cms-heap-topk-fastpath-vector2d,rows=3 cols=256,zipf,1.5,100,31622777,0.96875,0.0
topk,cms-heap-topk-fastpath-vector2d,rows=3 cols=256,zipf,1.5,100,56234133,0.96875,0.0
topk,cms-heap-topk-fastpath-vector2d,rows=3 cols=256,zipf,1.5,100,100000000,0.96875,0.0
topk,cms-heap-topk-fastpath-vector2d,rows=3 cols=256,zipf,1.5,10000,1000,0.9583333333333334,0.010416666666666668
topk,cms-heap-topk-fastpath-vector2d,rows=3 cols=256,zipf,1.5,10000,1778,0.9583333333333334,0.010416666666666668
topk,cms-heap-topk-fastpath-vector2d,rows=3 cols=256,zipf,1.5,10000,3162,0.96875,0.018042195912175804
topk,cms-heap-topk-fastpath-vector2d,rows=3 cols=256,zipf,1.5,10000,5623,0.9583333333333334,0.020833333333333332
topk,cms-heap-topk-fastpath-vector2d,rows=3 cols=256,zipf,1.5,10000,10000,0.9791666666666666,0.020833333333333332
topk,cms-heap-topk-fastpath-vector2d,rows=3 cols=256,zipf,1.5,10000,17783,0.9583333333333334,0.010416666666666668
topk,cms-heap-topk-fastpath-vector2d,rows=3 cols=256,zipf,1.5,10000,31623,0.9270833333333334,0.010416666666666668
topk,cms-heap-topk-fastpath-vector2d,rows=3 cols=256,zipf,1.5,10000,56234,0.90625,0.03125
topk,cms-heap-topk-fastpath-vector2d,rows=3 cols=256,zipf,1.5,10000,100000,0.9166666666666666,0.010416666666666668
topk,cms-heap-topk-fastpath-vector2d,rows=3 cols=256,zipf,1.5,10000,177828,0.875,0.0
topk,cms-heap-topk-fastpath-vector2d,rows=3 cols=256,zipf,1.5,10000,316228,0.8541666666666666,0.010416666666666668
topk,cms-heap-topk-fastpath-vector2d,rows=3 cols=256,zipf,1.5,10000,562341,0.8125,0.0
topk,cms-heap-topk-fastpath-vector2d,rows=3 cols=256,zipf,1.5,10000,1000000,0.8020833333333334,0.02755990949025615
topk,cms-heap-topk-fastpath-vector2d,rows=3 cols=256,zipf,1.5,10000,1778279,0.7708333333333334,0.010416666666666668
topk,cms-heap-topk-fastpath-vector2d,rows=3 cols=256,zipf,1.5,10000,3162278,0.7395833333333334,0.010416666666666668
topk,cms-heap-topk-fastpath-vector2d,rows=3 cols=256,zipf,1.5,10000,5623413,0.7083333333333334,0.010416666666666668
topk,cms-heap-topk-fastpath-vector2d,rows=3 cols=256,zipf,1.5,10000,10000000,0.6875,0.0
topk,cms-heap-topk-fastpath-vector2d,rows=3 cols=256,zipf,1.5,10000,17782794,0.6875,0.0
topk,cms-heap-topk-fastpath-vector2d,rows=3 cols=256,zipf,1.5,10000,31622777,0.6875,0.0
topk,cms-heap-topk-fastpath-vector2d,rows=3 cols=256,zipf,1.5,10000,56234133,0.6875,0.0
topk,cms-heap-topk-fastpath-vector2d,rows=3 cols=256,zipf,1.5,10000,100000000,0.6875,0.0
topk,cms-heap-topk-fastpath-vector2d,rows=3 cols=256,zipf,1.5,1000000,1000,0.9583333333333334,0.010416666666666668
topk,cms-heap-topk-fastpath-vector2d,rows=3 cols=256,zipf,1.5,1000000,1778,0.9479166666666666,0.010416666666666668
topk,cms-heap-topk-fastpath-vector2d,rows=3 cols=256,zipf,1.5,1000000,3162,0.9479166666666666,0.020833333333333332
topk,cms-heap-topk-fastpath-vector2d,rows=3 cols=256,zipf,1.5,1000000,5623,0.9583333333333334,0.010416666666666668
topk,cms-heap-topk-fastpath-vector2d,rows=3 cols=256,zipf,1.5,1000000,10000,0.96875,0.0
topk,cms-heap-topk-fastpath-vector2d,rows=3 cols=256,zipf,1.5,1000000,17783,0.96875,0.0
topk,cms-heap-topk-fastpath-vector2d,rows=3 cols=256,zipf,1.5,1000000,31623,0.9479166666666666,0.010416666666666668
topk,cms-heap-topk-fastpath-vector2d,rows=3 cols=256,zipf,1.5,1000000,56234,0.9375,0.018042195912175804
topk,cms-heap-topk-fastpath-vector2d,rows=3 cols=256,zipf,1.5,1000000,100000,0.90625,0.0
topk,cms-heap-topk-fastpath-vector2d,rows=3 cols=256,zipf,1.5,1000000,177828,0.875,0.03125
topk,cms-heap-topk-fastpath-vector2d,rows=3 cols=256,zipf,1.5,1000000,316228,0.84375,0.0
topk,cms-heap-topk-fastpath-vector2d,rows=3 cols=256,zipf,1.5,1000000,562341,0.8125,0.018042195912175804
topk,cms-heap-topk-fastpath-vector2d,rows=3 cols=256,zipf,1.5,1000000,1000000,0.7291666666666666,0.02755990949025615
topk,cms-heap-topk-fastpath-vector2d,rows=3 cols=256,zipf,1.5,1000000,1778279,0.6770833333333334,0.010416666666666668
topk,cms-heap-topk-fastpath-vector2d,rows=3 cols=256,zipf,1.5,1000000,3162278,0.6354166666666666,0.020833333333333332
topk,cms-heap-topk-fastpath-vector2d,rows=3 cols=256,zipf,1.5,1000000,5623413,0.625,0.0
topk,cms-heap-topk-fastpath-vector2d,rows=3 cols=256,zipf,1.5,1000000,10000000,0.5416666666666666,0.010416666666666668
topk,cms-heap-topk-fastpath-vector2d,rows=3 cols=256,zipf,1.5,1000000,17782794,0.5416666666666666,0.010416666666666668
topk,cms-heap-topk-fastpath-vector2d,rows=3 cols=256,zipf,1.5,1000000,31622777,0.5104166666666666,0.010416666666666668
topk,cms-heap-topk-fastpath-vector2d,rows=3 cols=256,zipf,1.5,1000000,56234133,0.4375,0.0
topk,cms-heap-topk-fastpath-vector2d,rows=3 cols=256,zipf,1.5,1000000,100000000,0.3958333333333333,0.010416666666666666
topk,cms-heap-topk-fastpath-vector2d,rows=3 cols=256,zipf,2.0,10,1000,1.0,0.0
topk,cms-heap-topk-fastpath-vector2d,rows=3 cols=256,zipf,2.0,10,1778,1.0,0.0
topk,cms-heap-topk-fastpath-vector2d,rows=3 cols=256,zipf,2.0,10,3162,1.0,0.0
topk,cms-heap-topk-fastpath-vector2d,rows=3 cols=256,zipf,2.0,10,5623,1.0,0.0
topk,cms-heap-topk-fastpath-vector2d,rows=3 cols=256,zipf,2.0,10,10000,1.0,0.0
topk,cms-heap-topk-fastpath-vector2d,rows=3 cols=256,zipf,2.0,10,17783,1.0,0.0
topk,cms-heap-topk-fastpath-vector2d,rows=3 cols=256,zipf,2.0,10,31623,1.0,0.0
topk,cms-heap-topk-fastpath-vector2d,rows=3 cols=256,zipf,2.0,10,56234,1.0,0.0
topk,cms-heap-topk-fastpath-vector2d,rows=3 cols=256,zipf,2.0,10,100000,1.0,0.0
topk,cms-heap-topk-fastpath-vector2d,rows=3 cols=256,zipf,2.0,10,177828,1.0,0.0
topk,cms-heap-topk-fastpath-vector2d,rows=3 cols=256,zipf,2.0,10,316228,1.0,0.0
topk,cms-heap-topk-fastpath-vector2d,rows=3 cols=256,zipf,2.0,10,562341,1.0,0.0
topk,cms-heap-topk-fastpath-vector2d,rows=3 cols=256,zipf,2.0,10,1000000,1.0,0.0
topk,cms-heap-topk-fastpath-vector2d,rows=3 cols=256,zipf,2.0,10,1778279,1.0,0.0
topk,cms-heap-topk-fastpath-vector2d,rows=3 cols=256,zipf,2.0,10,3162278,1.0,0.0
topk,cms-heap-topk-fastpath-vector2d,rows=3 cols=256,zipf,2.0,10,5623413,1.0,0.0
topk,cms-heap-topk-fastpath-vector2d,rows=3 cols=256,zipf,2.0,10,10000000,1.0,0.0
topk,cms-heap-topk-fastpath-vector2d,rows=3 cols=256,zipf,2.0,10,17782794,1.0,0.0
topk,cms-heap-topk-fastpath-vector2d,rows=3 cols=256,zipf,2.0,10,31622777,1.0,0.0
topk,cms-heap-topk-fastpath-vector2d,rows=3 cols=256,zipf,2.0,10,56234133,1.0,0.0
topk,cms-heap-topk-fastpath-vector2d,rows=3 cols=256,zipf,2.0,10,100000000,1.0,0.0
topk,cms-heap-topk-fastpath-vector2d,rows=3 cols=256,zipf,2.0,100,1000,0.9270833333333334,0.03755782578608322
topk,cms-heap-topk-fastpath-vector2d,rows=3 cols=256,zipf,2.0,100,1778,0.9270833333333334,0.027559909490256152
topk,cms-heap-topk-fastpath-vector2d,rows=3 cols=256,zipf,2.0,100,3162,0.96875,0.0
topk,cms-heap-topk-fastpath-vector2d,rows=3 cols=256,zipf,2.0,100,5623,0.9895833333333334,0.010416666666666668
topk,cms-heap-topk-fastpath-vector2d,rows=3 cols=256,zipf,2.0,100,10000,0.9791666666666666,0.010416666666666668
topk,cms-heap-topk-fastpath-vector2d,rows=3 cols=256,zipf,2.0,100,17783,0.9895833333333334,0.010416666666666668
topk,cms-heap-topk-fastpath-vector2d,rows=3 cols=256,zipf,2.0,100,31623,0.9791666666666666,0.010416666666666668
topk,cms-heap-topk-fastpath-vector2d,rows=3 cols=256,zipf,2.0,100,56234,0.9895833333333334,0.010416666666666668
topk,cms-heap-topk-fastpath-vector2d,rows=3 cols=256,zipf,2.0,100,100000,1.0,0.0
topk,cms-heap-topk-fastpath-vector2d,rows=3 cols=256,zipf,2.0,100,177828,0.9791666666666666,0.010416666666666668
topk,cms-heap-topk-fastpath-vector2d,rows=3 cols=256,zipf,2.0,100,316228,0.9791666666666666,0.010416666666666668
topk,cms-heap-topk-fastpath-vector2d,rows=3 cols=256,zipf,2.0,100,562341,0.96875,0.0
topk,cms-heap-topk-fastpath-vector2d,rows=3 cols=256,zipf,2.0,100,1000000,0.96875,0.0
topk,cms-heap-topk-fastpath-vector2d,rows=3 cols=256,zipf,2.0,100,1778279,0.96875,0.0
topk,cms-heap-topk-fastpath-vector2d,rows=3 cols=256,zipf,2.0,100,3162278,0.96875,0.0
topk,cms-heap-topk-fastpath-vector2d,rows=3 cols=256,zipf,2.0,100,5623413,0.96875,0.0
topk,cms-heap-topk-fastpath-vector2d,rows=3 cols=256,zipf,2.0,100,10000000,0.96875,0.0
topk,cms-heap-topk-fastpath-vector2d,rows=3 cols=256,zipf,2.0,100,17782794,0.96875,0.0
topk,cms-heap-topk-fastpath-vector2d,rows=3 cols=256,zipf,2.0,100,31622777,0.96875,0.0
topk,cms-heap-topk-fastpath-vector2d,rows=3 cols=256,zipf,2.0,100,56234133,0.96875,0.0
topk,cms-heap-topk-fastpath-vector2d,rows=3 cols=256,zipf,2.0,100,100000000,0.96875,0.0
topk,cms-heap-topk-fastpath-vector2d,rows=3 cols=256,zipf,2.0,10000,1000,0.8645833333333334,0.020833333333333332
topk,cms-heap-topk-fastpath-vector2d,rows=3 cols=256,zipf,2.0,10000,1778,0.90625,0.0
topk,cms-heap-topk-fastpath-vector2d,rows=3 cols=256,zipf,2.0,10000,3162,0.9270833333333334,0.020833333333333332
topk,cms-heap-topk-fastpath-vector2d,rows=3 cols=256,zipf,2.0,10000,5623,0.96875,0.018042195912175804
topk,cms-heap-topk-fastpath-vector2d,rows=3 cols=256,zipf,2.0,10000,10000,0.96875,0.0
topk,cms-heap-topk-fastpath-vector2d,rows=3 cols=256,zipf,2.0,10000,17783,0.9791666666666666,0.010416666666666668
topk,cms-heap-topk-fastpath-vector2d,rows=3 cols=256,zipf,2.0,10000,31623,0.9895833333333334,0.010416666666666668
topk,cms-heap-topk-fastpath-vector2d,rows=3 cols=256,zipf,2.0,10000,56234,0.9791666666666666,0.010416666666666668
topk,cms-heap-topk-fastpath-vector2d,rows=3 cols=256,zipf,2.0,10000,100000,0.9895833333333334,0.010416666666666668
topk,cms-heap-topk-fastpath-vector2d,rows=3 cols=256,zipf,2.0,10000,177828,0.9895833333333334,0.010416666666666668
topk,cms-heap-topk-fastpath-vector2d,rows=3 cols=256,zipf,2.0,10000,316228,0.96875,0.018042195912175804
topk,cms-heap-topk-fastpath-vector2d,rows=3 cols=256,zipf,2.0,10000,562341,0.9583333333333334,0.010416666666666668
topk,cms-heap-topk-fastpath-vector2d,rows=3 cols=256,zipf,2.0,10000,1000000,0.96875,0.018042195912175804
topk,cms-heap-topk-fastpath-vector2d,rows=3 cols=256,zipf,2.0,10000,1778279,0.9375,0.03608439182435161
topk,cms-heap-topk-fastpath-vector2d,rows=3 cols=256,zipf,2.0,10000,3162278,0.9375,0.018042195912175804
topk,cms-heap-topk-fastpath-vector2d,rows=3 cols=256,zipf,2.0,10000,5623413,0.8854166666666666,0.020833333333333332
topk,cms-heap-topk-fastpath-vector2d,rows=3 cols=256,zipf,2.0,10000,10000000,0.875,0.018042195912175804
topk,cms-heap-topk-fastpath-vector2d,rows=3 cols=256,zipf,2.0,10000,17782794,0.8229166666666666,0.020833333333333332
topk,cms-heap-topk-fastpath-vector2d,rows=3 cols=256,zipf,2.0,10000,31622777,0.8020833333333334,0.02755990949025615
topk,cms-heap-topk-fastpath-vector2d,rows=3 cols=256,zipf,2.0,10000,56234133,0.7395833333333334,0.010416666666666668
topk,cms-heap-topk-fastpath-vector2d,rows=3 cols=256,zipf,2.0,10000,100000000,0.7395833333333334,0.010416666666666668
topk,cms-heap-topk-fastpath-vector2d,rows=3 cols=256,zipf,2.0,1000000,1000,0.8645833333333334,0.02755990949025615
topk,cms-heap-topk-fastpath-vector2d,rows=3 cols=256,zipf,2.0,1000000,1778,0.8958333333333334,0.010416666666666668
topk,cms-heap-topk-fastpath-vector2d,rows=3 cols=256,zipf,2.0,1000000,3162,0.9270833333333334,0.02755990949025615
topk,cms-heap-topk-fastpath-vector2d,rows=3 cols=256,zipf,2.0,1000000,5623,1.0,0.0
topk,cms-heap-topk-fastpath-vector2d,rows=3 cols=256,zipf,2.0,1000000,10000,0.96875,0.018042195912175804
topk,cms-heap-topk-fastpath-vector2d,rows=3 cols=256,zipf,2.0,1000000,17783,0.9895833333333334,0.010416666666666668
topk,cms-heap-topk-fastpath-vector2d,rows=3 cols=256,zipf,2.0,1000000,31623,0.9895833333333334,0.010416666666666668
topk,cms-heap-topk-fastpath-vector2d,rows=3 cols=256,zipf,2.0,1000000,56234,0.9895833333333334,0.010416666666666668
topk,cms-heap-topk-fastpath-vector2d,rows=3 cols=256,zipf,2.0,1000000,100000,1.0,0.0
topk,cms-heap-topk-fastpath-vector2d,rows=3 cols=256,zipf,2.0,1000000,177828,0.9791666666666666,0.010416666666666668
topk,cms-heap-topk-fastpath-vector2d,rows=3 cols=256,zipf,2.0,1000000,316228,0.9791666666666666,0.010416666666666668
topk,cms-heap-topk-fastpath-vector2d,rows=3 cols=256,zipf,2.0,1000000,562341,0.9583333333333334,0.020833333333333332
topk,cms-heap-topk-fastpath-vector2d,rows=3 cols=256,zipf,2.0,1000000,1000000,0.9375,0.0
topk,cms-heap-topk-fastpath-vector2d,rows=3 cols=256,zipf,2.0,1000000,1778279,0.9375,0.0
topk,cms-heap-topk-fastpath-vector2d,rows=3 cols=256,zipf,2.0,1000000,3162278,0.9166666666666666,0.010416666666666668
topk,cms-heap-topk-fastpath-vector2d,rows=3 cols=256,zipf,2.0,1000000,5623413,0.90625,0.018042195912175804
topk,cms-heap-topk-fastpath-vector2d,rows=3 cols=256,zipf,2.0,1000000,10000000,0.875,0.0
topk,cms-heap-topk-fastpath-vector2d,rows=3 cols=256,zipf,2.0,1000000,17782794,0.84375,0.018042195912175804
topk,cms-heap-topk-fastpath-vector2d,rows=3 cols=256,zipf,2.0,1000000,31622777,0.7916666666666666,0.010416666666666668
topk,cms-heap-topk-fastpath-vector2d,rows=3 cols=256,zipf,2.0,1000000,56234133,0.78125,0.03125
topk,cms-heap-topk-fastpath-vector2d,rows=3 cols=256,zipf,2.0,1000000,100000000,0.7395833333333334,0.020833333333333332
topk,cms-heap-topk-fastpath-vector2d,rows=3 cols=1024,zipf,0.0,10,1000,1.0,0.0
topk,cms-heap-topk-fastpath-vector2d,rows=3 cols=1024,zipf,0.0,10,1778,1.0,0.0
topk,cms-heap-topk-fastpath-vector2d,rows=3 cols=1024,zipf,0.0,10,3162,1.0,0.0
topk,cms-heap-topk-fastpath-vector2d,rows=3 cols=1024,zipf,0.0,10,5623,1.0,0.0
topk,cms-heap-topk-fastpath-vector2d,rows=3 cols=1024,zipf,0.0,10,10000,1.0,0.0
topk,cms-heap-topk-fastpath-vector2d,rows=3 cols=1024,zipf,0.0,10,17783,1.0,0.0
topk,cms-heap-topk-fastpath-vector2d,rows=3 cols=1024,zipf,0.0,10,31623,1.0,0.0
topk,cms-heap-topk-fastpath-vector2d,rows=3 cols=1024,zipf,0.0,10,56234,1.0,0.0
topk,cms-heap-topk-fastpath-vector2d,rows=3 cols=1024,zipf,0.0,10,100000,1.0,0.0
topk,cms-heap-topk-fastpath-vector2d,rows=3 cols=1024,zipf,0.0,10,177828,1.0,0.0
topk,cms-heap-topk-fastpath-vector2d,rows=3 cols=1024,zipf,0.0,10,316228,1.0,0.0
topk,cms-heap-topk-fastpath-vector2d,rows=3 cols=1024,zipf,0.0,10,562341,1.0,0.0
topk,cms-heap-topk-fastpath-vector2d,rows=3 cols=1024,zipf,0.0,10,1000000,1.0,0.0
topk,cms-heap-topk-fastpath-vector2d,rows=3 cols=1024,zipf,0.0,10,1778279,1.0,0.0
topk,cms-heap-topk-fastpath-vector2d,rows=3 cols=1024,zipf,0.0,10,3162278,1.0,0.0
topk,cms-heap-topk-fastpath-vector2d,rows=3 cols=1024,zipf,0.0,10,5623413,1.0,0.0
topk,cms-heap-topk-fastpath-vector2d,rows=3 cols=1024,zipf,0.0,10,10000000,1.0,0.0
topk,cms-heap-topk-fastpath-vector2d,rows=3 cols=1024,zipf,0.0,10,17782794,1.0,0.0
topk,cms-heap-topk-fastpath-vector2d,rows=3 cols=1024,zipf,0.0,10,31622777,1.0,0.0
topk,cms-heap-topk-fastpath-vector2d,rows=3 cols=1024,zipf,0.0,10,56234133,1.0,0.0
topk,cms-heap-topk-fastpath-vector2d,rows=3 cols=1024,zipf,0.0,10,100000000,1.0,0.0
topk,cms-heap-topk-fastpath-vector2d,rows=3 cols=1024,zipf,0.0,100,1000,0.9479166666666666,0.010416666666666668
topk,cms-heap-topk-fastpath-vector2d,rows=3 cols=1024,zipf,0.0,100,1778,0.9583333333333334,0.010416666666666668
topk,cms-heap-topk-fastpath-vector2d,rows=3 cols=1024,zipf,0.0,100,3162,0.9791666666666666,0.010416666666666668
topk,cms-heap-topk-fastpath-vector2d,rows=3 cols=1024,zipf,0.0,100,5623,0.96875,0.0
topk,cms-heap-topk-fastpath-vector2d,rows=3 cols=1024,zipf,0.0,100,10000,0.9791666666666666,0.010416666666666668
topk,cms-heap-topk-fastpath-vector2d,rows=3 cols=1024,zipf,0.0,100,17783,0.9791666666666666,0.010416666666666668
topk,cms-heap-topk-fastpath-vector2d,rows=3 cols=1024,zipf,0.0,100,31623,0.9895833333333334,0.010416666666666668
topk,cms-heap-topk-fastpath-vector2d,rows=3 cols=1024,zipf,0.0,100,56234,0.9895833333333334,0.010416666666666668
topk,cms-heap-topk-fastpath-vector2d,rows=3 cols=1024,zipf,0.0,100,100000,0.9895833333333334,0.010416666666666668
topk,cms-heap-topk-fastpath-vector2d,rows=3 cols=1024,zipf,0.0,100,177828,0.9791666666666666,0.020833333333333332
topk,cms-heap-topk-fastpath-vector2d,rows=3 cols=1024,zipf,0.0,100,316228,1.0,0.0
topk,cms-heap-topk-fastpath-vector2d,rows=3 cols=1024,zipf,0.0,100,562341,1.0,0.0
topk,cms-heap-topk-fastpath-vector2d,rows=3 cols=1024,zipf,0.0,100,1000000,0.9791666666666666,0.010416666666666668
topk,cms-heap-topk-fastpath-vector2d,rows=3 cols=1024,zipf,0.0,100,1778279,1.0,0.0
topk,cms-heap-topk-fastpath-vector2d,rows=3 cols=1024,zipf,0.0,100,3162278,1.0,0.0
topk,cms-heap-topk-fastpath-vector2d,rows=3 cols=1024,zipf,0.0,100,5623413,1.0,0.0
topk,cms-heap-topk-fastpath-vector2d,rows=3 cols=1024,zipf,0.0,100,10000000,1.0,0.0
topk,cms-heap-topk-fastpath-vector2d,rows=3 cols=1024,zipf,0.0,100,17782794,1.0,0.0
topk,cms-heap-topk-fastpath-vector2d,rows=3 cols=1024,zipf,0.0,100,31622777,1.0,0.0
topk,cms-heap-topk-fastpath-vector2d,rows=3 cols=1024,zipf,0.0,100,56234133,1.0,0.0
topk,cms-heap-topk-fastpath-vector2d,rows=3 cols=1024,zipf,0.0,100,100000000,1.0,0.0
topk,cms-heap-topk-fastpath-vector2d,rows=3 cols=1024,zipf,0.0,10000,1000,0.4479166666666667,0.08900003901372429
topk,cms-heap-topk-fastpath-vector2d,rows=3 cols=1024,zipf,0.0,10000,1778,0.23958333333333334,0.02755990949025615
topk,cms-heap-topk-fastpath-vector2d,rows=3 cols=1024,zipf,0.0,10000,3162,0.2708333333333333,0.027559909490256152
topk,cms-heap-topk-fastpath-vector2d,rows=3 cols=1024,zipf,0.0,10000,5623,0.10416666666666667,0.020833333333333332
topk,cms-heap-topk-fastpath-vector2d,rows=3 cols=1024,zipf,0.0,10000,10000,0.13541666666666666,0.010416666666666668
topk,cms-heap-topk-fastpath-vector2d,rows=3 cols=1024,zipf,0.0,10000,17783,0.0625,0.0
topk,cms-heap-topk-fastpath-vector2d,rows=3 cols=1024,zipf,0.0,10000,31623,0.03125,0.018042195912175804
topk,cms-heap-topk-fastpath-vector2d,rows=3 cols=1024,zipf,0.0,10000,56234,0.0,0.0
topk,cms-heap-topk-fastpath-vector2d,rows=3 cols=1024,zipf,0.0,10000,100000,0.010416666666666666,0.010416666666666668
topk,cms-heap-topk-fastpath-vector2d,rows=3 cols=1024,zipf,0.0,10000,177828,0.020833333333333332,0.010416666666666668
topk,cms-heap-topk-fastpath-vector2d,rows=3 cols=1024,zipf,0.0,10000,316228,0.010416666666666666,0.010416666666666668
topk,cms-heap-topk-fastpath-vector2d,rows=3 cols=1024,zipf,0.0,10000,562341,0.020833333333333332,0.010416666666666668
topk,cms-heap-topk-fastpath-vector2d,rows=3 cols=1024,zipf,0.0,10000,1000000,0.010416666666666666,0.010416666666666668
topk,cms-heap-topk-fastpath-vector2d,rows=3 cols=1024,zipf,0.0,10000,1778279,0.0,0.0
topk,cms-heap-topk-fastpath-vector2d,rows=3 cols=1024,zipf,0.0,10000,3162278,0.0,0.0
topk,cms-heap-topk-fastpath-vector2d,rows=3 cols=1024,zipf,0.0,10000,5623413,0.010416666666666666,0.010416666666666668
topk,cms-heap-topk-fastpath-vector2d,rows=3 cols=1024,zipf,0.0,10000,10000000,0.0,0.0
topk,cms-heap-topk-fastpath-vector2d,rows=3 cols=1024,zipf,0.0,10000,17782794,0.0,0.0
topk,cms-heap-topk-fastpath-vector2d,rows=3 cols=1024,zipf,0.0,10000,31622777,0.020833333333333332,0.020833333333333336
topk,cms-heap-topk-fastpath-vector2d,rows=3 cols=1024,zipf,0.0,10000,56234133,0.0,0.0
topk,cms-heap-topk-fastpath-vector2d,rows=3 cols=1024,zipf,0.0,10000,100000000,0.0,0.0
topk,cms-heap-topk-fastpath-vector2d,rows=3 cols=1024,zipf,0.0,1000000,1000,0.041666666666666664,0.010416666666666666
topk,cms-heap-topk-fastpath-vector2d,rows=3 cols=1024,zipf,0.0,1000000,1778,0.041666666666666664,0.010416666666666666
topk,cms-heap-topk-fastpath-vector2d,rows=3 cols=1024,zipf,0.0,1000000,3162,0.03125,0.018042195912175804
topk,cms-heap-topk-fastpath-vector2d,rows=3 cols=1024,zipf,0.0,1000000,5623,0.020833333333333332,0.020833333333333336
topk,cms-heap-topk-fastpath-vector2d,rows=3 cols=1024,zipf,0.0,1000000,10000,0.010416666666666666,0.010416666666666668
topk,cms-heap-topk-fastpath-vector2d,rows=3 cols=1024,zipf,0.0,1000000,17783,0.020833333333333332,0.010416666666666668
topk,cms-heap-topk-fastpath-vector2d,rows=3 cols=1024,zipf,0.0,1000000,31623,0.0,0.0
topk,cms-heap-topk-fastpath-vector2d,rows=3 cols=1024,zipf,0.0,1000000,56234,0.0,0.0
topk,cms-heap-topk-fastpath-vector2d,rows=3 cols=1024,zipf,0.0,1000000,100000,0.010416666666666666,0.010416666666666668
topk,cms-heap-topk-fastpath-vector2d,rows=3 cols=1024,zipf,0.0,1000000,177828,0.0,0.0
topk,cms-heap-topk-fastpath-vector2d,rows=3 cols=1024,zipf,0.0,1000000,316228,0.0,0.0
topk,cms-heap-topk-fastpath-vector2d,rows=3 cols=1024,zipf,0.0,1000000,562341,0.010416666666666666,0.010416666666666668
topk,cms-heap-topk-fastpath-vector2d,rows=3 cols=1024,zipf,0.0,1000000,1000000,0.0,0.0
topk,cms-heap-topk-fastpath-vector2d,rows=3 cols=1024,zipf,0.0,1000000,1778279,0.0,0.0
topk,cms-heap-topk-fastpath-vector2d,rows=3 cols=1024,zipf,0.0,1000000,3162278,0.0,0.0
topk,cms-heap-topk-fastpath-vector2d,rows=3 cols=1024,zipf,0.0,1000000,5623413,0.0,0.0
topk,cms-heap-topk-fastpath-vector2d,rows=3 cols=1024,zipf,0.0,1000000,10000000,0.0,0.0
topk,cms-heap-topk-fastpath-vector2d,rows=3 cols=1024,zipf,0.0,1000000,17782794,0.0,0.0
topk,cms-heap-topk-fastpath-vector2d,rows=3 cols=1024,zipf,0.0,1000000,31622777,0.0,0.0
topk,cms-heap-topk-fastpath-vector2d,rows=3 cols=1024,zipf,0.0,1000000,56234133,0.0,0.0
topk,cms-heap-topk-fastpath-vector2d,rows=3 cols=1024,zipf,0.0,1000000,100000000,0.0,0.0
topk,cms-heap-topk-fastpath-vector2d,rows=3 cols=1024,zipf,0.5,10,1000,1.0,0.0
topk,cms-heap-topk-fastpath-vector2d,rows=3 cols=1024,zipf,0.5,10,1778,1.0,0.0
topk,cms-heap-topk-fastpath-vector2d,rows=3 cols=1024,zipf,0.5,10,3162,1.0,0.0
topk,cms-heap-topk-fastpath-vector2d,rows=3 cols=1024,zipf,0.5,10,5623,1.0,0.0
topk,cms-heap-topk-fastpath-vector2d,rows=3 cols=1024,zipf,0.5,10,10000,1.0,0.0
topk,cms-heap-topk-fastpath-vector2d,rows=3 cols=1024,zipf,0.5,10,17783,1.0,0.0
topk,cms-heap-topk-fastpath-vector2d,rows=3 cols=1024,zipf,0.5,10,31623,1.0,0.0
topk,cms-heap-topk-fastpath-vector2d,rows=3 cols=1024,zipf,0.5,10,56234,1.0,0.0
topk,cms-heap-topk-fastpath-vector2d,rows=3 cols=1024,zipf,0.5,10,100000,1.0,0.0
topk,cms-heap-topk-fastpath-vector2d,rows=3 cols=1024,zipf,0.5,10,177828,1.0,0.0
topk,cms-heap-topk-fastpath-vector2d,rows=3 cols=1024,zipf,0.5,10,316228,1.0,0.0
topk,cms-heap-topk-fastpath-vector2d,rows=3 cols=1024,zipf,0.5,10,562341,1.0,0.0
topk,cms-heap-topk-fastpath-vector2d,rows=3 cols=1024,zipf,0.5,10,1000000,1.0,0.0
topk,cms-heap-topk-fastpath-vector2d,rows=3 cols=1024,zipf,0.5,10,1778279,1.0,0.0
topk,cms-heap-topk-fastpath-vector2d,rows=3 cols=1024,zipf,0.5,10,3162278,1.0,0.0
topk,cms-heap-topk-fastpath-vector2d,rows=3 cols=1024,zipf,0.5,10,5623413,1.0,0.0
topk,cms-heap-topk-fastpath-vector2d,rows=3 cols=1024,zipf,0.5,10,10000000,1.0,0.0
topk,cms-heap-topk-fastpath-vector2d,rows=3 cols=1024,zipf,0.5,10,17782794,1.0,0.0
topk,cms-heap-topk-fastpath-vector2d,rows=3 cols=1024,zipf,0.5,10,31622777,1.0,0.0
topk,cms-heap-topk-fastpath-vector2d,rows=3 cols=1024,zipf,0.5,10,56234133,1.0,0.0
topk,cms-heap-topk-fastpath-vector2d,rows=3 cols=1024,zipf,0.5,10,100000000,1.0,0.0
topk,cms-heap-topk-fastpath-vector2d,rows=3 cols=1024,zipf,0.5,100,1000,0.9583333333333334,0.010416666666666668
topk,cms-heap-topk-fastpath-vector2d,rows=3 cols=1024,zipf,0.5,100,1778,0.9895833333333334,0.010416666666666668
topk,cms-heap-topk-fastpath-vector2d,rows=3 cols=1024,zipf,0.5,100,3162,0.9895833333333334,0.010416666666666668
topk,cms-heap-topk-fastpath-vector2d,rows=3 cols=1024,zipf,0.5,100,5623,1.0,0.0
topk,cms-heap-topk-fastpath-vector2d,rows=3 cols=1024,zipf,0.5,100,10000,1.0,0.0
topk,cms-heap-topk-fastpath-vector2d,rows=3 cols=1024,zipf,0.5,100,17783,1.0,0.0
topk,cms-heap-topk-fastpath-vector2d,rows=3 cols=1024,zipf,0.5,100,31623,1.0,0.0
topk,cms-heap-topk-fastpath-vector2d,rows=3 cols=1024,zipf,0.5,100,56234,1.0,0.0
topk,cms-heap-topk-fastpath-vector2d,rows=3 cols=1024,zipf,0.5,100,100000,1.0,0.0
topk,cms-heap-topk-fastpath-vector2d,rows=3 cols=1024,zipf,0.5,100,177828,1.0,0.0
topk,cms-heap-topk-fastpath-vector2d,rows=3 cols=1024,zipf,0.5,100,316228,1.0,0.0
topk,cms-heap-topk-fastpath-vector2d,rows=3 cols=1024,zipf,0.5,100,562341,1.0,0.0
topk,cms-heap-topk-fastpath-vector2d,rows=3 cols=1024,zipf,0.5,100,1000000,1.0,0.0
topk,cms-heap-topk-fastpath-vector2d,rows=3 cols=1024,zipf,0.5,100,1778279,1.0,0.0
topk,cms-heap-topk-fastpath-vector2d,rows=3 cols=1024,zipf,0.5,100,3162278,1.0,0.0
topk,cms-heap-topk-fastpath-vector2d,rows=3 cols=1024,zipf,0.5,100,5623413,1.0,0.0
topk,cms-heap-topk-fastpath-vector2d,rows=3 cols=1024,zipf,0.5,100,10000000,1.0,0.0
topk,cms-heap-topk-fastpath-vector2d,rows=3 cols=1024,zipf,0.5,100,17782794,1.0,0.0
topk,cms-heap-topk-fastpath-vector2d,rows=3 cols=1024,zipf,0.5,100,31622777,1.0,0.0
topk,cms-heap-topk-fastpath-vector2d,rows=3 cols=1024,zipf,0.5,100,56234133,1.0,0.0
topk,cms-heap-topk-fastpath-vector2d,rows=3 cols=1024,zipf,0.5,100,100000000,1.0,0.0
topk,cms-heap-topk-fastpath-vector2d,rows=3 cols=1024,zipf,0.5,10000,1000,0.5729166666666666,0.04540519732854868
topk,cms-heap-topk-fastpath-vector2d,rows=3 cols=1024,zipf,0.5,10000,1778,0.6041666666666666,0.010416666666666668
topk,cms-heap-topk-fastpath-vector2d,rows=3 cols=1024,zipf,0.5,10000,3162,0.5729166666666666,0.010416666666666668
topk,cms-heap-topk-fastpath-vector2d,rows=3 cols=1024,zipf,0.5,10000,5623,0.6041666666666666,0.02755990949025615
topk,cms-heap-topk-fastpath-vector2d,rows=3 cols=1024,zipf,0.5,10000,10000,0.6875,0.03125
topk,cms-heap-topk-fastpath-vector2d,rows=3 cols=1024,zipf,0.5,10000,17783,0.75,0.0
topk,cms-heap-topk-fastpath-vector2d,rows=3 cols=1024,zipf,0.5,10000,31623,0.7083333333333334,0.027559909490256152
topk,cms-heap-topk-fastpath-vector2d,rows=3 cols=1024,zipf,0.5,10000,56234,0.7083333333333334,0.03755782578608322
topk,cms-heap-topk-fastpath-vector2d,rows=3 cols=1024,zipf,0.5,10000,100000,0.6979166666666666,0.010416666666666668
topk,cms-heap-topk-fastpath-vector2d,rows=3 cols=1024,zipf,0.5,10000,177828,0.7083333333333334,0.010416666666666668
topk,cms-heap-topk-fastpath-vector2d,rows=3 cols=1024,zipf,0.5,10000,316228,0.6770833333333334,0.03755782578608322
topk,cms-heap-topk-fastpath-vector2d,rows=3 cols=1024,zipf,0.5,10000,562341,0.65625,0.03125
topk,cms-heap-topk-fastpath-vector2d,rows=3 cols=1024,zipf,0.5,10000,1000000,0.6666666666666666,0.010416666666666668
topk,cms-heap-topk-fastpath-vector2d,rows=3 cols=1024,zipf,0.5,10000,1778279,0.65625,0.0
topk,cms-heap-topk-fastpath-vector2d,rows=3 cols=1024,zipf,0.5,10000,3162278,0.65625,0.0
topk,cms-heap-topk-fastpath-vector2d,rows=3 cols=1024,zipf,0.5,10000,5623413,0.6770833333333334,0.010416666666666668
topk,cms-heap-topk-fastpath-vector2d,rows=3 cols=1024,zipf,0.5,10000,10000000,0.6875,0.0
topk,cms-heap-topk-fastpath-vector2d,rows=3 cols=1024,zipf,0.5,10000,17782794,0.6875,0.0
topk,cms-heap-topk-fastpath-vector2d,rows=3 cols=1024,zipf,0.5,10000,31622777,0.6875,0.0
topk,cms-heap-topk-fastpath-vector2d,rows=3 cols=1024,zipf,0.5,10000,56234133,0.6875,0.0
topk,cms-heap-topk-fastpath-vector2d,rows=3 cols=1024,zipf,0.5,10000,100000000,0.6875,0.0
topk,cms-heap-topk-fastpath-vector2d,rows=3 cols=1024,zipf,0.5,1000000,1000,0.10416666666666667,0.03755782578608322
topk,cms-heap-topk-fastpath-vector2d,rows=3 cols=1024,zipf,0.5,1000000,1778,0.020833333333333332,0.010416666666666668
topk,cms-heap-topk-fastpath-vector2d,rows=3 cols=1024,zipf,0.5,1000000,3162,0.07291666666666667,0.020833333333333332
topk,cms-heap-topk-fastpath-vector2d,rows=3 cols=1024,zipf,0.5,1000000,5623,0.041666666666666664,0.010416666666666666
topk,cms-heap-topk-fastpath-vector2d,rows=3 cols=1024,zipf,0.5,1000000,10000,0.07291666666666667,0.010416666666666668
topk,cms-heap-topk-fastpath-vector2d,rows=3 cols=1024,zipf,0.5,1000000,17783,0.07291666666666667,0.010416666666666668
topk,cms-heap-topk-fastpath-vector2d,rows=3 cols=1024,zipf,0.5,1000000,31623,0.09375,0.018042195912175804
topk,cms-heap-topk-fastpath-vector2d,rows=3 cols=1024,zipf,0.5,1000000,56234,0.13541666666666666,0.02755990949025615
topk,cms-heap-topk-fastpath-vector2d,rows=3 cols=1024,zipf,0.5,1000000,100000,0.1875,0.03125
topk,cms-heap-topk-fastpath-vector2d,rows=3 cols=1024,zipf,0.5,1000000,177828,0.21875,0.05412658773652741
topk,cms-heap-topk-fastpath-vector2d,rows=3 cols=1024,zipf,0.5,1000000,316228,0.2916666666666667,0.010416666666666666
topk,cms-heap-topk-fastpath-vector2d,rows=3 cols=1024,zipf,0.5,1000000,562341,0.3645833333333333,0.020833333333333336
topk,cms-heap-topk-fastpath-vector2d,rows=3 cols=1024,zipf,0.5,1000000,1000000,0.3958333333333333,0.027559909490256152
topk,cms-heap-topk-fastpath-vector2d,rows=3 cols=1024,zipf,0.5,1000000,1778279,0.5208333333333334,0.010416666666666668
topk,cms-heap-topk-fastpath-vector2d,rows=3 cols=1024,zipf,0.5,1000000,3162278,0.4583333333333333,0.020833333333333336
topk,cms-heap-topk-fastpath-vector2d,rows=3 cols=1024,zipf,0.5,1000000,5623413,0.46875,0.018042195912175804
topk,cms-heap-topk-fastpath-vector2d,rows=3 cols=1024,zipf,0.5,1000000,10000000,0.4583333333333333,0.010416666666666666
topk,cms-heap-topk-fastpath-vector2d,rows=3 cols=1024,zipf,0.5,1000000,17782794,0.4375,0.03125
topk,cms-heap-topk-fastpath-vector2d,rows=3 cols=1024,zipf,0.5,1000000,31622777,0.3229166666666667,0.010416666666666666
topk,cms-heap-topk-fastpath-vector2d,rows=3 cols=1024,zipf,0.5,1000000,56234133,0.3020833333333333,0.010416666666666666
topk,cms-heap-topk-fastpath-vector2d,rows=3 cols=1024,zipf,0.5,1000000,100000000,0.3020833333333333,0.010416666666666666
topk,cms-heap-topk-fastpath-vector2d,rows=3 cols=1024,zipf,1.0,10,1000,1.0,0.0
topk,cms-heap-topk-fastpath-vector2d,rows=3 cols=1024,zipf,1.0,10,1778,1.0,0.0
topk,cms-heap-topk-fastpath-vector2d,rows=3 cols=1024,zipf,1.0,10,3162,1.0,0.0
topk,cms-heap-topk-fastpath-vector2d,rows=3 cols=1024,zipf,1.0,10,5623,1.0,0.0
topk,cms-heap-topk-fastpath-vector2d,rows=3 cols=1024,zipf,1.0,10,10000,1.0,0.0
topk,cms-heap-topk-fastpath-vector2d,rows=3 cols=1024,zipf,1.0,10,17783,1.0,0.0
topk,cms-heap-topk-fastpath-vector2d,rows=3 cols=1024,zipf,1.0,10,31623,1.0,0.0
topk,cms-heap-topk-fastpath-vector2d,rows=3 cols=1024,zipf,1.0,10,56234,1.0,0.0
topk,cms-heap-topk-fastpath-vector2d,rows=3 cols=1024,zipf,1.0,10,100000,1.0,0.0
topk,cms-heap-topk-fastpath-vector2d,rows=3 cols=1024,zipf,1.0,10,177828,1.0,0.0
topk,cms-heap-topk-fastpath-vector2d,rows=3 cols=1024,zipf,1.0,10,316228,1.0,0.0
topk,cms-heap-topk-fastpath-vector2d,rows=3 cols=1024,zipf,1.0,10,562341,1.0,0.0
topk,cms-heap-topk-fastpath-vector2d,rows=3 cols=1024,zipf,1.0,10,1000000,1.0,0.0
topk,cms-heap-topk-fastpath-vector2d,rows=3 cols=1024,zipf,1.0,10,1778279,1.0,0.0
topk,cms-heap-topk-fastpath-vector2d,rows=3 cols=1024,zipf,1.0,10,3162278,1.0,0.0
topk,cms-heap-topk-fastpath-vector2d,rows=3 cols=1024,zipf,1.0,10,5623413,1.0,0.0
topk,cms-heap-topk-fastpath-vector2d,rows=3 cols=1024,zipf,1.0,10,10000000,1.0,0.0
topk,cms-heap-topk-fastpath-vector2d,rows=3 cols=1024,zipf,1.0,10,17782794,1.0,0.0
topk,cms-heap-topk-fastpath-vector2d,rows=3 cols=1024,zipf,1.0,10,31622777,1.0,0.0
topk,cms-heap-topk-fastpath-vector2d,rows=3 cols=1024,zipf,1.0,10,56234133,1.0,0.0
topk,cms-heap-topk-fastpath-vector2d,rows=3 cols=1024,zipf,1.0,10,100000000,1.0,0.0
topk,cms-heap-topk-fastpath-vector2d,rows=3 cols=1024,zipf,1.0,100,1000,0.9583333333333334,0.010416666666666668
topk,cms-heap-topk-fastpath-vector2d,rows=3 cols=1024,zipf,1.0,100,1778,0.9791666666666666,0.010416666666666668
topk,cms-heap-topk-fastpath-vector2d,rows=3 cols=1024,zipf,1.0,100,3162,0.9791666666666666,0.010416666666666668
topk,cms-heap-topk-fastpath-vector2d,rows=3 cols=1024,zipf,1.0,100,5623,0.9895833333333334,0.010416666666666668
topk,cms-heap-topk-fastpath-vector2d,rows=3 cols=1024,zipf,1.0,100,10000,1.0,0.0
topk,cms-heap-topk-fastpath-vector2d,rows=3 cols=1024,zipf,1.0,100,17783,1.0,0.0
topk,cms-heap-topk-fastpath-vector2d,rows=3 cols=1024,zipf,1.0,100,31623,1.0,0.0
topk,cms-heap-topk-fastpath-vector2d,rows=3 cols=1024,zipf,1.0,100,56234,1.0,0.0
topk,cms-heap-topk-fastpath-vector2d,rows=3 cols=1024,zipf,1.0,100,100000,1.0,0.0
topk,cms-heap-topk-fastpath-vector2d,rows=3 cols=1024,zipf,1.0,100,177828,1.0,0.0
topk,cms-heap-topk-fastpath-vector2d,rows=3 cols=1024,zipf,1.0,100,316228,1.0,0.0
topk,cms-heap-topk-fastpath-vector2d,rows=3 cols=1024,zipf,1.0,100,562341,1.0,0.0
topk,cms-heap-topk-fastpath-vector2d,rows=3 cols=1024,zipf,1.0,100,1000000,1.0,0.0
topk,cms-heap-topk-fastpath-vector2d,rows=3 cols=1024,zipf,1.0,100,1778279,1.0,0.0
topk,cms-heap-topk-fastpath-vector2d,rows=3 cols=1024,zipf,1.0,100,3162278,1.0,0.0
topk,cms-heap-topk-fastpath-vector2d,rows=3 cols=1024,zipf,1.0,100,5623413,1.0,0.0
topk,cms-heap-topk-fastpath-vector2d,rows=3 cols=1024,zipf,1.0,100,10000000,1.0,0.0
topk,cms-heap-topk-fastpath-vector2d,rows=3 cols=1024,zipf,1.0,100,17782794,1.0,0.0
topk,cms-heap-topk-fastpath-vector2d,rows=3 cols=1024,zipf,1.0,100,31622777,1.0,0.0
topk,cms-heap-topk-fastpath-vector2d,rows=3 cols=1024,zipf,1.0,100,56234133,1.0,0.0
topk,cms-heap-topk-fastpath-vector2d,rows=3 cols=1024,zipf,1.0,100,100000000,1.0,0.0
topk,cms-heap-topk-fastpath-vector2d,rows=3 cols=1024,zipf,1.0,10000,1000,0.9166666666666666,0.04166666666666667
topk,cms-heap-topk-fastpath-vector2d,rows=3 cols=1024,zipf,1.0,10000,1778,0.9375,0.018042195912175804
topk,cms-heap-topk-fastpath-vector2d,rows=3 cols=1024,zipf,1.0,10000,3162,0.9479166666666666,0.020833333333333332
topk,cms-heap-topk-fastpath-vector2d,rows=3 cols=1024,zipf,1.0,10000,5623,0.96875,0.0
topk,cms-heap-topk-fastpath-vector2d,rows=3 cols=1024,zipf,1.0,10000,10000,0.9583333333333334,0.010416666666666668
topk,cms-heap-topk-fastpath-vector2d,rows=3 cols=1024,zipf,1.0,10000,17783,0.96875,0.0
topk,cms-heap-topk-fastpath-vector2d,rows=3 cols=1024,zipf,1.0,10000,31623,0.9791666666666666,0.010416666666666668
topk,cms-heap-topk-fastpath-vector2d,rows=3 cols=1024,zipf,1.0,10000,56234,0.96875,0.0
topk,cms-heap-topk-fastpath-vector2d,rows=3 cols=1024,zipf,1.0,10000,100000,0.9791666666666666,0.010416666666666668
topk,cms-heap-topk-fastpath-vector2d,rows=3 cols=1024,zipf,1.0,10000,177828,0.9895833333333334,0.010416666666666668
topk,cms-heap-topk-fastpath-vector2d,rows=3 cols=1024,zipf,1.0,10000,316228,0.96875,0.0
topk,cms-heap-topk-fastpath-vector2d,rows=3 cols=1024,zipf,1.0,10000,562341,0.96875,0.0
topk,cms-heap-topk-fastpath-vector2d,rows=3 cols=1024,zipf,1.0,10000,1000000,0.96875,0.0
topk,cms-heap-topk-fastpath-vector2d,rows=3 cols=1024,zipf,1.0,10000,1778279,0.96875,0.0
topk,cms-heap-topk-fastpath-vector2d,rows=3 cols=1024,zipf,1.0,10000,3162278,0.96875,0.0
topk,cms-heap-topk-fastpath-vector2d,rows=3 cols=1024,zipf,1.0,10000,5623413,0.96875,0.0
topk,cms-heap-topk-fastpath-vector2d,rows=3 cols=1024,zipf,1.0,10000,10000000,0.96875,0.0
topk,cms-heap-topk-fastpath-vector2d,rows=3 cols=1024,zipf,1.0,10000,17782794,0.96875,0.0
topk,cms-heap-topk-fastpath-vector2d,rows=3 cols=1024,zipf,1.0,10000,31622777,0.96875,0.0
topk,cms-heap-topk-fastpath-vector2d,rows=3 cols=1024,zipf,1.0,10000,56234133,0.96875,0.0
topk,cms-heap-topk-fastpath-vector2d,rows=3 cols=1024,zipf,1.0,10000,100000000,0.96875,0.0
topk,cms-heap-topk-fastpath-vector2d,rows=3 cols=1024,zipf,1.0,1000000,1000,0.8958333333333334,0.02755990949025615
topk,cms-heap-topk-fastpath-vector2d,rows=3 cols=1024,zipf,1.0,1000000,1778,0.8958333333333334,0.02755990949025615
topk,cms-heap-topk-fastpath-vector2d,rows=3 cols=1024,zipf,1.0,1000000,3162,0.9375,0.0
topk,cms-heap-topk-fastpath-vector2d,rows=3 cols=1024,zipf,1.0,1000000,5623,0.96875,0.018042195912175804
topk,cms-heap-topk-fastpath-vector2d,rows=3 cols=1024,zipf,1.0,1000000,10000,0.9583333333333334,0.010416666666666668
topk,cms-heap-topk-fastpath-vector2d,rows=3 cols=1024,zipf,1.0,1000000,17783,0.9791666666666666,0.010416666666666668
topk,cms-heap-topk-fastpath-vector2d,rows=3 cols=1024,zipf,1.0,1000000,31623,0.9895833333333334,0.010416666666666668
topk,cms-heap-topk-fastpath-vector2d,rows=3 cols=1024,zipf,1.0,1000000,56234,0.9895833333333334,0.010416666666666668
topk,cms-heap-topk-fastpath-vector2d,rows=3 cols=1024,zipf,1.0,1000000,100000,0.96875,0.018042195912175804
topk,cms-heap-topk-fastpath-vector2d,rows=3 cols=1024,zipf,1.0,1000000,177828,0.9791666666666666,0.010416666666666668
topk,cms-heap-topk-fastpath-vector2d,rows=3 cols=1024,zipf,1.0,1000000,316228,0.9583333333333334,0.010416666666666668
topk,cms-heap-topk-fastpath-vector2d,rows=3 cols=1024,zipf,1.0,1000000,562341,0.96875,0.0
topk,cms-heap-topk-fastpath-vector2d,rows=3 cols=1024,zipf,1.0,1000000,1000000,0.9270833333333334,0.010416666666666668
topk,cms-heap-topk-fastpath-vector2d,rows=3 cols=1024,zipf,1.0,1000000,1778279,0.9270833333333334,0.010416666666666668
topk,cms-heap-topk-fastpath-vector2d,rows=3 cols=1024,zipf,1.0,1000000,3162278,0.8854166666666666,0.020833333333333332
topk,cms-heap-topk-fastpath-vector2d,rows=3 cols=1024,zipf,1.0,1000000,5623413,0.8229166666666666,0.02755990949025615
topk,cms-heap-topk-fastpath-vector2d,rows=3 cols=1024,zipf,1.0,1000000,10000000,0.7916666666666666,0.010416666666666668
topk,cms-heap-topk-fastpath-vector2d,rows=3 cols=1024,zipf,1.0,1000000,17782794,0.71875,0.018042195912175804
topk,cms-heap-topk-fastpath-vector2d,rows=3 cols=1024,zipf,1.0,1000000,31622777,0.71875,0.018042195912175804
topk,cms-heap-topk-fastpath-vector2d,rows=3 cols=1024,zipf,1.0,1000000,56234133,0.6875,0.0
topk,cms-heap-topk-fastpath-vector2d,rows=3 cols=1024,zipf,1.0,1000000,100000000,0.6875,0.0
topk,cms-heap-topk-fastpath-vector2d,rows=3 cols=1024,zipf,1.5,10,1000,1.0,0.0
topk,cms-heap-topk-fastpath-vector2d,rows=3 cols=1024,zipf,1.5,10,1778,1.0,0.0
topk,cms-heap-topk-fastpath-vector2d,rows=3 cols=1024,zipf,1.5,10,3162,1.0,0.0
topk,cms-heap-topk-fastpath-vector2d,rows=3 cols=1024,zipf,1.5,10,5623,1.0,0.0
topk,cms-heap-topk-fastpath-vector2d,rows=3 cols=1024,zipf,1.5,10,10000,1.0,0.0
topk,cms-heap-topk-fastpath-vector2d,rows=3 cols=1024,zipf,1.5,10,17783,1.0,0.0
topk,cms-heap-topk-fastpath-vector2d,rows=3 cols=1024,zipf,1.5,10,31623,1.0,0.0
topk,cms-heap-topk-fastpath-vector2d,rows=3 cols=1024,zipf,1.5,10,56234,1.0,0.0
topk,cms-heap-topk-fastpath-vector2d,rows=3 cols=1024,zipf,1.5,10,100000,1.0,0.0
topk,cms-heap-topk-fastpath-vector2d,rows=3 cols=1024,zipf,1.5,10,177828,1.0,0.0
topk,cms-heap-topk-fastpath-vector2d,rows=3 cols=1024,zipf,1.5,10,316228,1.0,0.0
topk,cms-heap-topk-fastpath-vector2d,rows=3 cols=1024,zipf,1.5,10,562341,1.0,0.0
topk,cms-heap-topk-fastpath-vector2d,rows=3 cols=1024,zipf,1.5,10,1000000,1.0,0.0
topk,cms-heap-topk-fastpath-vector2d,rows=3 cols=1024,zipf,1.5,10,1778279,1.0,0.0
topk,cms-heap-topk-fastpath-vector2d,rows=3 cols=1024,zipf,1.5,10,3162278,1.0,0.0
topk,cms-heap-topk-fastpath-vector2d,rows=3 cols=1024,zipf,1.5,10,5623413,1.0,0.0
topk,cms-heap-topk-fastpath-vector2d,rows=3 cols=1024,zipf,1.5,10,10000000,1.0,0.0
topk,cms-heap-topk-fastpath-vector2d,rows=3 cols=1024,zipf,1.5,10,17782794,1.0,0.0
topk,cms-heap-topk-fastpath-vector2d,rows=3 cols=1024,zipf,1.5,10,31622777,1.0,0.0
topk,cms-heap-topk-fastpath-vector2d,rows=3 cols=1024,zipf,1.5,10,56234133,1.0,0.0
topk,cms-heap-topk-fastpath-vector2d,rows=3 cols=1024,zipf,1.5,10,100000000,1.0,0.0
topk,cms-heap-topk-fastpath-vector2d,rows=3 cols=1024,zipf,1.5,100,1000,0.9479166666666666,0.010416666666666668
topk,cms-heap-topk-fastpath-vector2d,rows=3 cols=1024,zipf,1.5,100,1778,1.0,0.0
topk,cms-heap-topk-fastpath-vector2d,rows=3 cols=1024,zipf,1.5,100,3162,1.0,0.0
topk,cms-heap-topk-fastpath-vector2d,rows=3 cols=1024,zipf,1.5,100,5623,0.9791666666666666,0.010416666666666668
topk,cms-heap-topk-fastpath-vector2d,rows=3 cols=1024,zipf,1.5,100,10000,0.9895833333333334,0.010416666666666668
topk,cms-heap-topk-fastpath-vector2d,rows=3 cols=1024,zipf,1.5,100,17783,1.0,0.0
topk,cms-heap-topk-fastpath-vector2d,rows=3 cols=1024,zipf,1.5,100,31623,0.9895833333333334,0.010416666666666668
topk,cms-heap-topk-fastpath-vector2d,rows=3 cols=1024,zipf,1.5,100,56234,1.0,0.0
topk,cms-heap-topk-fastpath-vector2d,rows=3 cols=1024,zipf,1.5,100,100000,1.0,0.0
topk,cms-heap-topk-fastpath-vector2d,rows=3 cols=1024,zipf,1.5,100,177828,1.0,0.0
topk,cms-heap-topk-fastpath-vector2d,rows=3 cols=1024,zipf,1.5,100,316228,1.0,0.0
topk,cms-heap-topk-fastpath-vector2d,rows=3 cols=1024,zipf,1.5,100,562341,1.0,0.0
topk,cms-heap-topk-fastpath-vector2d,rows=3 cols=1024,zipf,1.5,100,1000000,1.0,0.0
topk,cms-heap-topk-fastpath-vector2d,rows=3 cols=1024,zipf,1.5,100,1778279,1.0,0.0
topk,cms-heap-topk-fastpath-vector2d,rows=3 cols=1024,zipf,1.5,100,3162278,1.0,0.0
topk,cms-heap-topk-fastpath-vector2d,rows=3 cols=1024,zipf,1.5,100,5623413,1.0,0.0
topk,cms-heap-topk-fastpath-vector2d,rows=3 cols=1024,zipf,1.5,100,10000000,1.0,0.0
topk,cms-heap-topk-fastpath-vector2d,rows=3 cols=1024,zipf,1.5,100,17782794,1.0,0.0
topk,cms-heap-topk-fastpath-vector2d,rows=3 cols=1024,zipf,1.5,100,31622777,1.0,0.0
topk,cms-heap-topk-fastpath-vector2d,rows=3 cols=1024,zipf,1.5,100,56234133,1.0,0.0
topk,cms-heap-topk-fastpath-vector2d,rows=3 cols=1024,zipf,1.5,100,100000000,1.0,0.0
topk,cms-heap-topk-fastpath-vector2d,rows=3 cols=1024,zipf,1.5,10000,1000,0.96875,0.0
topk,cms-heap-topk-fastpath-vector2d,rows=3 cols=1024,zipf,1.5,10000,1778,0.96875,0.0
topk,cms-heap-topk-fastpath-vector2d,rows=3 cols=1024,zipf,1.5,10000,3162,0.9895833333333334,0.010416666666666668
topk,cms-heap-topk-fastpath-vector2d,rows=3 cols=1024,zipf,1.5,10000,5623,0.9895833333333334,0.010416666666666668
topk,cms-heap-topk-fastpath-vector2d,rows=3 cols=1024,zipf,1.5,10000,10000,0.9791666666666666,0.010416666666666668
topk,cms-heap-topk-fastpath-vector2d,rows=3 cols=1024,zipf,1.5,10000,17783,0.9895833333333334,0.010416666666666668
topk,cms-heap-topk-fastpath-vector2d,rows=3 cols=1024,zipf,1.5,10000,31623,1.0,0.0
topk,cms-heap-topk-fastpath-vector2d,rows=3 cols=1024,zipf,1.5,10000,56234,0.9895833333333334,0.010416666666666668
topk,cms-heap-topk-fastpath-vector2d,rows=3 cols=1024,zipf,1.5,10000,100000,1.0,0.0
topk,cms-heap-topk-fastpath-vector2d,rows=3 cols=1024,zipf,1.5,10000,177828,0.9895833333333334,0.010416666666666668
topk,cms-heap-topk-fastpath-vector2d,rows=3 cols=1024,zipf,1.5,10000,316228,0.9895833333333334,0.010416666666666668
topk,cms-heap-topk-fastpath-vector2d,rows=3 cols=1024,zipf,1.5,10000,562341,1.0,0.0
topk,cms-heap-topk-fastpath-vector2d,rows=3 cols=1024,zipf,1.5,10000,1000000,1.0,0.0
topk,cms-heap-topk-fastpath-vector2d,rows=3 cols=1024,zipf,1.5,10000,1778279,0.9895833333333334,0.010416666666666668
topk,cms-heap-topk-fastpath-vector2d,rows=3 cols=1024,zipf,1.5,10000,3162278,0.96875,0.0
topk,cms-heap-topk-fastpath-vector2d,rows=3 cols=1024,zipf,1.5,10000,5623413,0.9791666666666666,0.010416666666666668
topk,cms-heap-topk-fastpath-vector2d,rows=3 cols=1024,zipf,1.5,10000,10000000,0.96875,0.0
topk,cms-heap-topk-fastpath-vector2d,rows=3 cols=1024,zipf,1.5,10000,17782794,0.96875,0.0
topk,cms-heap-topk-fastpath-vector2d,rows=3 cols=1024,zipf,1.5,10000,31622777,0.96875,0.0
topk,cms-heap-topk-fastpath-vector2d,rows=3 cols=1024,zipf,1.5,10000,56234133,0.96875,0.0
topk,cms-heap-topk-fastpath-vector2d,rows=3 cols=1024,zipf,1.5,10000,100000000,0.96875,0.0
topk,cms-heap-topk-fastpath-vector2d,rows=3 cols=1024,zipf,1.5,1000000,1000,0.9583333333333334,0.010416666666666668
topk,cms-heap-topk-fastpath-vector2d,rows=3 cols=1024,zipf,1.5,1000000,1778,0.9791666666666666,0.020833333333333332
topk,cms-heap-topk-fastpath-vector2d,rows=3 cols=1024,zipf,1.5,1000000,3162,0.9791666666666666,0.010416666666666668
topk,cms-heap-topk-fastpath-vector2d,rows=3 cols=1024,zipf,1.5,1000000,5623,0.9895833333333334,0.010416666666666668
topk,cms-heap-topk-fastpath-vector2d,rows=3 cols=1024,zipf,1.5,1000000,10000,0.9895833333333334,0.010416666666666668
topk,cms-heap-topk-fastpath-vector2d,rows=3 cols=1024,zipf,1.5,1000000,17783,1.0,0.0
topk,cms-heap-topk-fastpath-vector2d,rows=3 cols=1024,zipf,1.5,1000000,31623,1.0,0.0
topk,cms-heap-topk-fastpath-vector2d,rows=3 cols=1024,zipf,1.5,1000000,56234,1.0,0.0
topk,cms-heap-topk-fastpath-vector2d,rows=3 cols=1024,zipf,1.5,1000000,100000,0.9895833333333334,0.010416666666666668
topk,cms-heap-topk-fastpath-vector2d,rows=3 cols=1024,zipf,1.5,1000000,177828,1.0,0.0
topk,cms-heap-topk-fastpath-vector2d,rows=3 cols=1024,zipf,1.5,1000000,316228,1.0,0.0
topk,cms-heap-topk-fastpath-vector2d,rows=3 cols=1024,zipf,1.5,1000000,562341,1.0,0.0
topk,cms-heap-topk-fastpath-vector2d,rows=3 cols=1024,zipf,1.5,1000000,1000000,1.0,0.0
topk,cms-heap-topk-fastpath-vector2d,rows=3 cols=1024,zipf,1.5,1000000,1778279,0.9895833333333334,0.010416666666666668
topk,cms-heap-topk-fastpath-vector2d,rows=3 cols=1024,zipf,1.5,1000000,3162278,0.9895833333333334,0.010416666666666668
topk,cms-heap-topk-fastpath-vector2d,rows=3 cols=1024,zipf,1.5,1000000,5623413,0.9895833333333334,0.010416666666666668
topk,cms-heap-topk-fastpath-vector2d,rows=3 cols=1024,zipf,1.5,1000000,10000000,0.96875,0.0
topk,cms-heap-topk-fastpath-vector2d,rows=3 cols=1024,zipf,1.5,1000000,17782794,0.96875,0.0
topk,cms-heap-topk-fastpath-vector2d,rows=3 cols=1024,zipf,1.5,1000000,31622777,0.9583333333333334,0.010416666666666668
topk,cms-heap-topk-fastpath-vector2d,rows=3 cols=1024,zipf,1.5,1000000,56234133,0.96875,0.0
topk,cms-heap-topk-fastpath-vector2d,rows=3 cols=1024,zipf,1.5,1000000,100000000,0.9479166666666666,0.010416666666666668
topk,cms-heap-topk-fastpath-vector2d,rows=3 cols=1024,zipf,2.0,10,1000,1.0,0.0
topk,cms-heap-topk-fastpath-vector2d,rows=3 cols=1024,zipf,2.0,10,1778,1.0,0.0
topk,cms-heap-topk-fastpath-vector2d,rows=3 cols=1024,zipf,2.0,10,3162,1.0,0.0
topk,cms-heap-topk-fastpath-vector2d,rows=3 cols=1024,zipf,2.0,10,5623,1.0,0.0
topk,cms-heap-topk-fastpath-vector2d,rows=3 cols=1024,zipf,2.0,10,10000,1.0,0.0
topk,cms-heap-topk-fastpath-vector2d,rows=3 cols=1024,zipf,2.0,10,17783,1.0,0.0
topk,cms-heap-topk-fastpath-vector2d,rows=3 cols=1024,zipf,2.0,10,31623,1.0,0.0
topk,cms-heap-topk-fastpath-vector2d,rows=3 cols=1024,zipf,2.0,10,56234,1.0,0.0
topk,cms-heap-topk-fastpath-vector2d,rows=3 cols=1024,zipf,2.0,10,100000,1.0,0.0
topk,cms-heap-topk-fastpath-vector2d,rows=3 cols=1024,zipf,2.0,10,177828,1.0,0.0
topk,cms-heap-topk-fastpath-vector2d,rows=3 cols=1024,zipf,2.0,10,316228,1.0,0.0
topk,cms-heap-topk-fastpath-vector2d,rows=3 cols=1024,zipf,2.0,10,562341,1.0,0.0
topk,cms-heap-topk-fastpath-vector2d,rows=3 cols=1024,zipf,2.0,10,1000000,1.0,0.0
topk,cms-heap-topk-fastpath-vector2d,rows=3 cols=1024,zipf,2.0,10,1778279,1.0,0.0
topk,cms-heap-topk-fastpath-vector2d,rows=3 cols=1024,zipf,2.0,10,3162278,1.0,0.0
topk,cms-heap-topk-fastpath-vector2d,rows=3 cols=1024,zipf,2.0,10,5623413,1.0,0.0
topk,cms-heap-topk-fastpath-vector2d,rows=3 cols=1024,zipf,2.0,10,10000000,1.0,0.0
topk,cms-heap-topk-fastpath-vector2d,rows=3 cols=1024,zipf,2.0,10,17782794,1.0,0.0
topk,cms-heap-topk-fastpath-vector2d,rows=3 cols=1024,zipf,2.0,10,31622777,1.0,0.0
topk,cms-heap-topk-fastpath-vector2d,rows=3 cols=1024,zipf,2.0,10,56234133,1.0,0.0
topk,cms-heap-topk-fastpath-vector2d,rows=3 cols=1024,zipf,2.0,10,100000000,1.0,0.0
topk,cms-heap-topk-fastpath-vector2d,rows=3 cols=1024,zipf,2.0,100,1000,0.9270833333333334,0.03755782578608322
topk,cms-heap-topk-fastpath-vector2d,rows=3 cols=1024,zipf,2.0,100,1778,0.9270833333333334,0.027559909490256152
topk,cms-heap-topk-fastpath-vector2d,rows=3 cols=1024,zipf,2.0,100,3162,0.96875,0.0
topk,cms-heap-topk-fastpath-vector2d,rows=3 cols=1024,zipf,2.0,100,5623,0.9895833333333334,0.010416666666666668
topk,cms-heap-topk-fastpath-vector2d,rows=3 cols=1024,zipf,2.0,100,10000,0.9895833333333334,0.010416666666666668
topk,cms-heap-topk-fastpath-vector2d,rows=3 cols=1024,zipf,2.0,100,17783,0.9895833333333334,0.010416666666666668
topk,cms-heap-topk-fastpath-vector2d,rows=3 cols=1024,zipf,2.0,100,31623,0.9895833333333334,0.010416666666666668
topk,cms-heap-topk-fastpath-vector2d,rows=3 cols=1024,zipf,2.0,100,56234,0.9895833333333334,0.010416666666666668
topk,cms-heap-topk-fastpath-vector2d,rows=3 cols=1024,zipf,2.0,100,100000,1.0,0.0
topk,cms-heap-topk-fastpath-vector2d,rows=3 cols=1024,zipf,2.0,100,177828,1.0,0.0
topk,cms-heap-topk-fastpath-vector2d,rows=3 cols=1024,zipf,2.0,100,316228,1.0,0.0
topk,cms-heap-topk-fastpath-vector2d,rows=3 cols=1024,zipf,2.0,100,562341,1.0,0.0
topk,cms-heap-topk-fastpath-vector2d,rows=3 cols=1024,zipf,2.0,100,1000000,1.0,0.0
topk,cms-heap-topk-fastpath-vector2d,rows=3 cols=1024,zipf,2.0,100,1778279,1.0,0.0
topk,cms-heap-topk-fastpath-vector2d,rows=3 cols=1024,zipf,2.0,100,3162278,1.0,0.0
topk,cms-heap-topk-fastpath-vector2d,rows=3 cols=1024,zipf,2.0,100,5623413,1.0,0.0
topk,cms-heap-topk-fastpath-vector2d,rows=3 cols=1024,zipf,2.0,100,10000000,1.0,0.0
topk,cms-heap-topk-fastpath-vector2d,rows=3 cols=1024,zipf,2.0,100,17782794,1.0,0.0
topk,cms-heap-topk-fastpath-vector2d,rows=3 cols=1024,zipf,2.0,100,31622777,1.0,0.0
topk,cms-heap-topk-fastpath-vector2d,rows=3 cols=1024,zipf,2.0,100,56234133,1.0,0.0
topk,cms-heap-topk-fastpath-vector2d,rows=3 cols=1024,zipf,2.0,100,100000000,1.0,0.0
topk,cms-heap-topk-fastpath-vector2d,rows=3 cols=1024,zipf,2.0,10000,1000,0.8645833333333334,0.020833333333333332
topk,cms-heap-topk-fastpath-vector2d,rows=3 cols=1024,zipf,2.0,10000,1778,0.90625,0.0
topk,cms-heap-topk-fastpath-vector2d,rows=3 cols=1024,zipf,2.0,10000,3162,0.9270833333333334,0.020833333333333332
topk,cms-heap-topk-fastpath-vector2d,rows=3 cols=1024,zipf,2.0,10000,5623,0.9583333333333334,0.010416666666666668
topk,cms-heap-topk-fastpath-vector2d,rows=3 cols=1024,zipf,2.0,10000,10000,0.96875,0.0
topk,cms-heap-topk-fastpath-vector2d,rows=3 cols=1024,zipf,2.0,10000,17783,0.9895833333333334,0.010416666666666668
topk,cms-heap-topk-fastpath-vector2d,rows=3 cols=1024,zipf,2.0,10000,31623,1.0,0.0
topk,cms-heap-topk-fastpath-vector2d,rows=3 cols=1024,zipf,2.0,10000,56234,1.0,0.0
topk,cms-heap-topk-fastpath-vector2d,rows=3 cols=1024,zipf,2.0,10000,100000,1.0,0.0
topk,cms-heap-topk-fastpath-vector2d,rows=3 cols=1024,zipf,2.0,10000,177828,1.0,0.0
topk,cms-heap-topk-fastpath-vector2d,rows=3 cols=1024,zipf,2.0,10000,316228,1.0,0.0
topk,cms-heap-topk-fastpath-vector2d,rows=3 cols=1024,zipf,2.0,10000,562341,1.0,0.0
topk,cms-heap-topk-fastpath-vector2d,rows=3 cols=1024,zipf,2.0,10000,1000000,1.0,0.0
topk,cms-heap-topk-fastpath-vector2d,rows=3 cols=1024,zipf,2.0,10000,1778279,1.0,0.0
topk,cms-heap-topk-fastpath-vector2d,rows=3 cols=1024,zipf,2.0,10000,3162278,1.0,0.0
topk,cms-heap-topk-fastpath-vector2d,rows=3 cols=1024,zipf,2.0,10000,5623413,1.0,0.0
topk,cms-heap-topk-fastpath-vector2d,rows=3 cols=1024,zipf,2.0,10000,10000000,1.0,0.0
topk,cms-heap-topk-fastpath-vector2d,rows=3 cols=1024,zipf,2.0,10000,17782794,0.9895833333333334,0.010416666666666668
topk,cms-heap-topk-fastpath-vector2d,rows=3 cols=1024,zipf,2.0,10000,31622777,1.0,0.0
topk,cms-heap-topk-fastpath-vector2d,rows=3 cols=1024,zipf,2.0,10000,56234133,0.9895833333333334,0.010416666666666668
topk,cms-heap-topk-fastpath-vector2d,rows=3 cols=1024,zipf,2.0,10000,100000000,0.9791666666666666,0.010416666666666668
topk,cms-heap-topk-fastpath-vector2d,rows=3 cols=1024,zipf,2.0,1000000,1000,0.8645833333333334,0.02755990949025615
topk,cms-heap-topk-fastpath-vector2d,rows=3 cols=1024,zipf,2.0,1000000,1778,0.8958333333333334,0.010416666666666668
topk,cms-heap-topk-fastpath-vector2d,rows=3 cols=1024,zipf,2.0,1000000,3162,0.9375,0.018042195912175804
topk,cms-heap-topk-fastpath-vector2d,rows=3 cols=1024,zipf,2.0,1000000,5623,1.0,0.0
topk,cms-heap-topk-fastpath-vector2d,rows=3 cols=1024,zipf,2.0,1000000,10000,0.9791666666666666,0.010416666666666668
topk,cms-heap-topk-fastpath-vector2d,rows=3 cols=1024,zipf,2.0,1000000,17783,0.9895833333333334,0.010416666666666668
topk,cms-heap-topk-fastpath-vector2d,rows=3 cols=1024,zipf,2.0,1000000,31623,1.0,0.0
topk,cms-heap-topk-fastpath-vector2d,rows=3 cols=1024,zipf,2.0,1000000,56234,1.0,0.0
topk,cms-heap-topk-fastpath-vector2d,rows=3 cols=1024,zipf,2.0,1000000,100000,1.0,0.0
topk,cms-heap-topk-fastpath-vector2d,rows=3 cols=1024,zipf,2.0,1000000,177828,1.0,0.0
topk,cms-heap-topk-fastpath-vector2d,rows=3 cols=1024,zipf,2.0,1000000,316228,1.0,0.0
topk,cms-heap-topk-fastpath-vector2d,rows=3 cols=1024,zipf,2.0,1000000,562341,1.0,0.0
topk,cms-heap-topk-fastpath-vector2d,rows=3 cols=1024,zipf,2.0,1000000,1000000,1.0,0.0
topk,cms-heap-topk-fastpath-vector2d,rows=3 cols=1024,zipf,2.0,1000000,1778279,1.0,0.0
topk,cms-heap-topk-fastpath-vector2d,rows=3 cols=1024,zipf,2.0,1000000,3162278,0.9895833333333334,0.010416666666666668
topk,cms-heap-topk-fastpath-vector2d,rows=3 cols=1024,zipf,2.0,1000000,5623413,1.0,0.0
topk,cms-heap-topk-fastpath-vector2d,rows=3 cols=1024,zipf,2.0,1000000,10000000,1.0,0.0
topk,cms-heap-topk-fastpath-vector2d,rows=3 cols=1024,zipf,2.0,1000000,17782794,1.0,0.0
topk,cms-heap-topk-fastpath-vector2d,rows=3 cols=1024,zipf,2.0,1000000,31622777,0.9895833333333334,0.010416666666666668
topk,cms-heap-topk-fastpath-vector2d,rows=3 cols=1024,zipf,2.0,1000000,56234133,0.9791666666666666,0.010416666666666668
topk,cms-heap-topk-fastpath-vector2d,rows=3 cols=1024,zipf,2.0,1000000,100000000,1.0,0.0
topk,cms-heap-topk-fastpath-vector2d,rows=3 cols=4096,zipf,0.0,10,1000,1.0,0.0
topk,cms-heap-topk-fastpath-vector2d,rows=3 cols=4096,zipf,0.0,10,1778,1.0,0.0
topk,cms-heap-topk-fastpath-vector2d,rows=3 cols=4096,zipf,0.0,10,3162,1.0,0.0
topk,cms-heap-topk-fastpath-vector2d,rows=3 cols=4096,zipf,0.0,10,5623,1.0,0.0
topk,cms-heap-topk-fastpath-vector2d,rows=3 cols=4096,zipf,0.0,10,10000,1.0,0.0
topk,cms-heap-topk-fastpath-vector2d,rows=3 cols=4096,zipf,0.0,10,17783,1.0,0.0
topk,cms-heap-topk-fastpath-vector2d,rows=3 cols=4096,zipf,0.0,10,31623,1.0,0.0
topk,cms-heap-topk-fastpath-vector2d,rows=3 cols=4096,zipf,0.0,10,56234,1.0,0.0
topk,cms-heap-topk-fastpath-vector2d,rows=3 cols=4096,zipf,0.0,10,100000,1.0,0.0
topk,cms-heap-topk-fastpath-vector2d,rows=3 cols=4096,zipf,0.0,10,177828,1.0,0.0
topk,cms-heap-topk-fastpath-vector2d,rows=3 cols=4096,zipf,0.0,10,316228,1.0,0.0
topk,cms-heap-topk-fastpath-vector2d,rows=3 cols=4096,zipf,0.0,10,562341,1.0,0.0
topk,cms-heap-topk-fastpath-vector2d,rows=3 cols=4096,zipf,0.0,10,1000000,1.0,0.0
topk,cms-heap-topk-fastpath-vector2d,rows=3 cols=4096,zipf,0.0,10,1778279,1.0,0.0
topk,cms-heap-topk-fastpath-vector2d,rows=3 cols=4096,zipf,0.0,10,3162278,1.0,0.0
topk,cms-heap-topk-fastpath-vector2d,rows=3 cols=4096,zipf,0.0,10,5623413,1.0,0.0
topk,cms-heap-topk-fastpath-vector2d,rows=3 cols=4096,zipf,0.0,10,10000000,1.0,0.0
topk,cms-heap-topk-fastpath-vector2d,rows=3 cols=4096,zipf,0.0,10,17782794,1.0,0.0
topk,cms-heap-topk-fastpath-vector2d,rows=3 cols=4096,zipf,0.0,10,31622777,1.0,0.0
topk,cms-heap-topk-fastpath-vector2d,rows=3 cols=4096,zipf,0.0,10,56234133,1.0,0.0
topk,cms-heap-topk-fastpath-vector2d,rows=3 cols=4096,zipf,0.0,10,100000000,1.0,0.0
topk,cms-heap-topk-fastpath-vector2d,rows=3 cols=4096,zipf,0.0,100,1000,0.9479166666666666,0.010416666666666668
topk,cms-heap-topk-fastpath-vector2d,rows=3 cols=4096,zipf,0.0,100,1778,0.9583333333333334,0.010416666666666668
topk,cms-heap-topk-fastpath-vector2d,rows=3 cols=4096,zipf,0.0,100,3162,0.9791666666666666,0.010416666666666668
topk,cms-heap-topk-fastpath-vector2d,rows=3 cols=4096,zipf,0.0,100,5623,0.96875,0.0
topk,cms-heap-topk-fastpath-vector2d,rows=3 cols=4096,zipf,0.0,100,10000,0.9791666666666666,0.010416666666666668
topk,cms-heap-topk-fastpath-vector2d,rows=3 cols=4096,zipf,0.0,100,17783,0.9791666666666666,0.010416666666666668
topk,cms-heap-topk-fastpath-vector2d,rows=3 cols=4096,zipf,0.0,100,31623,0.9895833333333334,0.010416666666666668
topk,cms-heap-topk-fastpath-vector2d,rows=3 cols=4096,zipf,0.0,100,56234,0.9895833333333334,0.010416666666666668
topk,cms-heap-topk-fastpath-vector2d,rows=3 cols=4096,zipf,0.0,100,100000,0.9895833333333334,0.010416666666666668
topk,cms-heap-topk-fastpath-vector2d,rows=3 cols=4096,zipf,0.0,100,177828,0.9791666666666666,0.020833333333333332
topk,cms-heap-topk-fastpath-vector2d,rows=3 cols=4096,zipf,0.0,100,316228,1.0,0.0
topk,cms-heap-topk-fastpath-vector2d,rows=3 cols=4096,zipf,0.0,100,562341,1.0,0.0
topk,cms-heap-topk-fastpath-vector2d,rows=3 cols=4096,zipf,0.0,100,1000000,0.9791666666666666,0.010416666666666668
topk,cms-heap-topk-fastpath-vector2d,rows=3 cols=4096,zipf,0.0,100,1778279,1.0,0.0
topk,cms-heap-topk-fastpath-vector2d,rows=3 cols=4096,zipf,0.0,100,3162278,1.0,0.0
topk,cms-heap-topk-fastpath-vector2d,rows=3 cols=4096,zipf,0.0,100,5623413,1.0,0.0
topk,cms-heap-topk-fastpath-vector2d,rows=3 cols=4096,zipf,0.0,100,10000000,1.0,0.0
topk,cms-heap-topk-fastpath-vector2d,rows=3 cols=4096,zipf,0.0,100,17782794,1.0,0.0
topk,cms-heap-topk-fastpath-vector2d,rows=3 cols=4096,zipf,0.0,100,31622777,1.0,0.0
topk,cms-heap-topk-fastpath-vector2d,rows=3 cols=4096,zipf,0.0,100,56234133,1.0,0.0
topk,cms-heap-topk-fastpath-vector2d,rows=3 cols=4096,zipf,0.0,100,100000000,1.0,0.0
topk,cms-heap-topk-fastpath-vector2d,rows=3 cols=4096,zipf,0.0,10000,1000,0.5729166666666666,0.05799754544614606
topk,cms-heap-topk-fastpath-vector2d,rows=3 cols=4096,zipf,0.0,10000,1778,0.4479166666666667,0.05799754544614606
topk,cms-heap-topk-fastpath-vector2d,rows=3 cols=4096,zipf,0.0,10000,3162,0.5416666666666666,0.03755782578608322
topk,cms-heap-topk-fastpath-vector2d,rows=3 cols=4096,zipf,0.0,10000,5623,0.4479166666666667,0.06336210969060645
topk,cms-heap-topk-fastpath-vector2d,rows=3 cols=4096,zipf,0.0,10000,10000,0.3020833333333333,0.03755782578608322
topk,cms-heap-topk-fastpath-vector2d,rows=3 cols=4096,zipf,0.0,10000,17783,0.17708333333333334,0.03755782578608322
topk,cms-heap-topk-fastpath-vector2d,rows=3 cols=4096,zipf,0.0,10000,31623,0.125,0.047735163489123336
topk,cms-heap-topk-fastpath-vector2d,rows=3 cols=4096,zipf,0.0,10000,56234,0.052083333333333336,0.010416666666666666
topk,cms-heap-topk-fastpath-vector2d,rows=3 cols=4096,zipf,0.0,10000,100000,0.020833333333333332,0.020833333333333336
topk,cms-heap-topk-fastpath-vector2d,rows=3 cols=4096,zipf,0.0,10000,177828,0.03125,0.018042195912175804
topk,cms-heap-topk-fastpath-vector2d,rows=3 cols=4096,zipf,0.0,10000,316228,0.010416666666666666,0.010416666666666668
topk,cms-heap-topk-fastpath-vector2d,rows=3 cols=4096,zipf,0.0,10000,562341,0.0,0.0
topk,cms-heap-topk-fastpath-vector2d,rows=3 cols=4096,zipf,0.0,10000,1000000,0.0,0.0
topk,cms-heap-topk-fastpath-vector2d,rows=3 cols=4096,zipf,0.0,10000,1778279,0.0,0.0
topk,cms-heap-topk-fastpath-vector2d,rows=3 cols=4096,zipf,0.0,10000,3162278,0.010416666666666666,0.010416666666666668
topk,cms-heap-topk-fastpath-vector2d,rows=3 cols=4096,zipf,0.0,10000,5623413,0.020833333333333332,0.010416666666666668
topk,cms-heap-topk-fastpath-vector2d,rows=3 cols=4096,zipf,0.0,10000,10000000,0.0,0.0
topk,cms-heap-topk-fastpath-vector2d,rows=3 cols=4096,zipf,0.0,10000,17782794,0.0,0.0
topk,cms-heap-topk-fastpath-vector2d,rows=3 cols=4096,zipf,0.0,10000,31622777,0.0,0.0
topk,cms-heap-topk-fastpath-vector2d,rows=3 cols=4096,zipf,0.0,10000,56234133,0.010416666666666666,0.010416666666666668
topk,cms-heap-topk-fastpath-vector2d,rows=3 cols=4096,zipf,0.0,10000,100000000,0.0,0.0
topk,cms-heap-topk-fastpath-vector2d,rows=3 cols=4096,zipf,0.0,1000000,1000,0.03125,0.0
topk,cms-heap-topk-fastpath-vector2d,rows=3 cols=4096,zipf,0.0,1000000,1778,0.052083333333333336,0.02755990949025615
topk,cms-heap-topk-fastpath-vector2d,rows=3 cols=4096,zipf,0.0,1000000,3162,0.052083333333333336,0.02755990949025615
topk,cms-heap-topk-fastpath-vector2d,rows=3 cols=4096,zipf,0.0,1000000,5623,0.09375,0.018042195912175804
topk,cms-heap-topk-fastpath-vector2d,rows=3 cols=4096,zipf,0.0,1000000,10000,0.052083333333333336,0.020833333333333336
topk,cms-heap-topk-fastpath-vector2d,rows=3 cols=4096,zipf,0.0,1000000,17783,0.010416666666666666,0.010416666666666668
topk,cms-heap-topk-fastpath-vector2d,rows=3 cols=4096,zipf,0.0,1000000,31623,0.010416666666666666,0.010416666666666668
topk,cms-heap-topk-fastpath-vector2d,rows=3 cols=4096,zipf,0.0,1000000,56234,0.010416666666666666,0.010416666666666668
topk,cms-heap-topk-fastpath-vector2d,rows=3 cols=4096,zipf,0.0,1000000,100000,0.0,0.0
topk,cms-heap-topk-fastpath-vector2d,rows=3 cols=4096,zipf,0.0,1000000,177828,0.010416666666666666,0.010416666666666668
topk,cms-heap-topk-fastpath-vector2d,rows=3 cols=4096,zipf,0.0,1000000,316228,0.010416666666666666,0.010416666666666668
topk,cms-heap-topk-fastpath-vector2d,rows=3 cols=4096,zipf,0.0,1000000,562341,0.010416666666666666,0.010416666666666668
topk,cms-heap-topk-fastpath-vector2d,rows=3 cols=4096,zipf,0.0,1000000,1000000,0.010416666666666666,0.010416666666666668
topk,cms-heap-topk-fastpath-vector2d,rows=3 cols=4096,zipf,0.0,1000000,1778279,0.0,0.0
topk,cms-heap-topk-fastpath-vector2d,rows=3 cols=4096,zipf,0.0,1000000,3162278,0.0,0.0
topk,cms-heap-topk-fastpath-vector2d,rows=3 cols=4096,zipf,0.0,1000000,5623413,0.0,0.0
topk,cms-heap-topk-fastpath-vector2d,rows=3 cols=4096,zipf,0.0,1000000,10000000,0.0,0.0
topk,cms-heap-topk-fastpath-vector2d,rows=3 cols=4096,zipf,0.0,1000000,17782794,0.0,0.0
topk,cms-heap-topk-fastpath-vector2d,rows=3 cols=4096,zipf,0.0,1000000,31622777,0.0,0.0
topk,cms-heap-topk-fastpath-vector2d,rows=3 cols=4096,zipf,0.0,1000000,56234133,0.0,0.0
topk,cms-heap-topk-fastpath-vector2d,rows=3 cols=4096,zipf,0.0,1000000,100000000,0.0,0.0
topk,cms-heap-topk-fastpath-vector2d,rows=3 cols=4096,zipf,0.5,10,1000,1.0,0.0
topk,cms-heap-topk-fastpath-vector2d,rows=3 cols=4096,zipf,0.5,10,1778,1.0,0.0
topk,cms-heap-topk-fastpath-vector2d,rows=3 cols=4096,zipf,0.5,10,3162,1.0,0.0
topk,cms-heap-topk-fastpath-vector2d,rows=3 cols=4096,zipf,0.5,10,5623,1.0,0.0
topk,cms-heap-topk-fastpath-vector2d,rows=3 cols=4096,zipf,0.5,10,10000,1.0,0.0
topk,cms-heap-topk-fastpath-vector2d,rows=3 cols=4096,zipf,0.5,10,17783,1.0,0.0
topk,cms-heap-topk-fastpath-vector2d,rows=3 cols=4096,zipf,0.5,10,31623,1.0,0.0
topk,cms-heap-topk-fastpath-vector2d,rows=3 cols=4096,zipf,0.5,10,56234,1.0,0.0
topk,cms-heap-topk-fastpath-vector2d,rows=3 cols=4096,zipf,0.5,10,100000,1.0,0.0
topk,cms-heap-topk-fastpath-vector2d,rows=3 cols=4096,zipf,0.5,10,177828,1.0,0.0
topk,cms-heap-topk-fastpath-vector2d,rows=3 cols=4096,zipf,0.5,10,316228,1.0,0.0
topk,cms-heap-topk-fastpath-vector2d,rows=3 cols=4096,zipf,0.5,10,562341,1.0,0.0
topk,cms-heap-topk-fastpath-vector2d,rows=3 cols=4096,zipf,0.5,10,1000000,1.0,0.0
topk,cms-heap-topk-fastpath-vector2d,rows=3 cols=4096,zipf,0.5,10,1778279,1.0,0.0
topk,cms-heap-topk-fastpath-vector2d,rows=3 cols=4096,zipf,0.5,10,3162278,1.0,0.0
topk,cms-heap-topk-fastpath-vector2d,rows=3 cols=4096,zipf,0.5,10,5623413,1.0,0.0
topk,cms-heap-topk-fastpath-vector2d,rows=3 cols=4096,zipf,0.5,10,10000000,1.0,0.0
topk,cms-heap-topk-fastpath-vector2d,rows=3 cols=4096,zipf,0.5,10,17782794,1.0,0.0
topk,cms-heap-topk-fastpath-vector2d,rows=3 cols=4096,zipf,0.5,10,31622777,1.0,0.0
topk,cms-heap-topk-fastpath-vector2d,rows=3 cols=4096,zipf,0.5,10,56234133,1.0,0.0
topk,cms-heap-topk-fastpath-vector2d,rows=3 cols=4096,zipf,0.5,10,100000000,1.0,0.0
topk,cms-heap-topk-fastpath-vector2d,rows=3 cols=4096,zipf,0.5,100,1000,0.9583333333333334,0.010416666666666668
topk,cms-heap-topk-fastpath-vector2d,rows=3 cols=4096,zipf,0.5,100,1778,0.9895833333333334,0.010416666666666668
topk,cms-heap-topk-fastpath-vector2d,rows=3 cols=4096,zipf,0.5,100,3162,0.9895833333333334,0.010416666666666668
topk,cms-heap-topk-fastpath-vector2d,rows=3 cols=4096,zipf,0.5,100,5623,1.0,0.0
topk,cms-heap-topk-fastpath-vector2d,rows=3 cols=4096,zipf,0.5,100,10000,1.0,0.0
topk,cms-heap-topk-fastpath-vector2d,rows=3 cols=4096,zipf,0.5,100,17783,1.0,0.0
topk,cms-heap-topk-fastpath-vector2d,rows=3 cols=4096,zipf,0.5,100,31623,1.0,0.0
topk,cms-heap-topk-fastpath-vector2d,rows=3 cols=4096,zipf,0.5,100,56234,1.0,0.0
topk,cms-heap-topk-fastpath-vector2d,rows=3 cols=4096,zipf,0.5,100,100000,1.0,0.0
topk,cms-heap-topk-fastpath-vector2d,rows=3 cols=4096,zipf,0.5,100,177828,1.0,0.0
topk,cms-heap-topk-fastpath-vector2d,rows=3 cols=4096,zipf,0.5,100,316228,1.0,0.0
topk,cms-heap-topk-fastpath-vector2d,rows=3 cols=4096,zipf,0.5,100,562341,1.0,0.0
topk,cms-heap-topk-fastpath-vector2d,rows=3 cols=4096,zipf,0.5,100,1000000,1.0,0.0
topk,cms-heap-topk-fastpath-vector2d,rows=3 cols=4096,zipf,0.5,100,1778279,1.0,0.0
topk,cms-heap-topk-fastpath-vector2d,rows=3 cols=4096,zipf,0.5,100,3162278,1.0,0.0
topk,cms-heap-topk-fastpath-vector2d,rows=3 cols=4096,zipf,0.5,100,5623413,1.0,0.0
topk,cms-heap-topk-fastpath-vector2d,rows=3 cols=4096,zipf,0.5,100,10000000,1.0,0.0
topk,cms-heap-topk-fastpath-vector2d,rows=3 cols=4096,zipf,0.5,100,17782794,1.0,0.0
topk,cms-heap-topk-fastpath-vector2d,rows=3 cols=4096,zipf,0.5,100,31622777,1.0,0.0
topk,cms-heap-topk-fastpath-vector2d,rows=3 cols=4096,zipf,0.5,100,56234133,1.0,0.0
topk,cms-heap-topk-fastpath-vector2d,rows=3 cols=4096,zipf,0.5,100,100000000,1.0,0.0
topk,cms-heap-topk-fastpath-vector2d,rows=3 cols=4096,zipf,0.5,10000,1000,0.5729166666666666,0.010416666666666668
topk,cms-heap-topk-fastpath-vector2d,rows=3 cols=4096,zipf,0.5,10000,1778,0.8333333333333334,0.010416666666666668
topk,cms-heap-topk-fastpath-vector2d,rows=3 cols=4096,zipf,0.5,10000,3162,0.7916666666666666,0.02755990949025615
topk,cms-heap-topk-fastpath-vector2d,rows=3 cols=4096,zipf,0.5,10000,5623,0.90625,0.0
topk,cms-heap-topk-fastpath-vector2d,rows=3 cols=4096,zipf,0.5,10000,10000,0.8854166666666666,0.020833333333333332
topk,cms-heap-topk-fastpath-vector2d,rows=3 cols=4096,zipf,0.5,10000,17783,0.8854166666666666,0.027559909490256152
topk,cms-heap-topk-fastpath-vector2d,rows=3 cols=4096,zipf,0.5,10000,31623,0.8645833333333334,0.010416666666666668
topk,cms-heap-topk-fastpath-vector2d,rows=3 cols=4096,zipf,0.5,10000,56234,0.875,0.03125
topk,cms-heap-topk-fastpath-vector2d,rows=3 cols=4096,zipf,0.5,10000,100000,0.8958333333333334,0.010416666666666668
topk,cms-heap-topk-fastpath-vector2d,rows=3 cols=4096,zipf,0.5,10000,177828,0.90625,0.0
topk,cms-heap-topk-fastpath-vector2d,rows=3 cols=4096,zipf,0.5,10000,316228,0.8854166666666666,0.020833333333333332
topk,cms-heap-topk-fastpath-vector2d,rows=3 cols=4096,zipf,0.5,10000,562341,0.90625,0.018042195912175804
topk,cms-heap-topk-fastpath-vector2d,rows=3 cols=4096,zipf,0.5,10000,1000000,0.9375,0.0
topk,cms-heap-topk-fastpath-vector2d,rows=3 cols=4096,zipf,0.5,10000,1778279,0.9270833333333334,0.010416666666666668
topk,cms-heap-topk-fastpath-vector2d,rows=3 cols=4096,zipf,0.5,10000,3162278,0.9270833333333334,0.010416666666666668
topk,cms-heap-topk-fastpath-vector2d,rows=3 cols=4096,zipf,0.5,10000,5623413,0.9270833333333334,0.010416666666666668
topk,cms-heap-topk-fastpath-vector2d,rows=3 cols=4096,zipf,0.5,10000,10000000,0.9270833333333334,0.010416666666666668
topk,cms-heap-topk-fastpath-vector2d,rows=3 cols=4096,zipf,0.5,10000,17782794,0.9270833333333334,0.010416666666666668
topk,cms-heap-topk-fastpath-vector2d,rows=3 cols=4096,zipf,0.5,10000,31622777,0.9270833333333334,0.010416666666666668
topk,cms-heap-topk-fastpath-vector2d,rows=3 cols=4096,zipf,0.5,10000,56234133,0.9375,0.0
topk,cms-heap-topk-fastpath-vector2d,rows=3 cols=4096,zipf,0.5,10000,100000000,0.9375,0.0
topk,cms-heap-topk-fastpath-vector2d,rows=3 cols=4096,zipf,0.5,1000000,1000,0.07291666666666667,0.020833333333333332
topk,cms-heap-topk-fastpath-vector2d,rows=3 cols=4096,zipf,0.5,1000000,1778,0.19791666666666666,0.020833333333333336
topk,cms-heap-topk-fastpath-vector2d,rows=3 cols=4096,zipf,0.5,1000000,3162,0.17708333333333334,0.04540519732854868
topk,cms-heap-topk-fastpath-vector2d,rows=3 cols=4096,zipf,0.5,1000000,5623,0.125,0.0
topk,cms-heap-topk-fastpath-vector2d,rows=3 cols=4096,zipf,0.5,1000000,10000,0.15625,0.018042195912175804
topk,cms-heap-topk-fastpath-vector2d,rows=3 cols=4096,zipf,0.5,1000000,17783,0.21875,0.03608439182435161
topk,cms-heap-topk-fastpath-vector2d,rows=3 cols=4096,zipf,0.5,1000000,31623,0.34375,0.03608439182435161
topk,cms-heap-topk-fastpath-vector2d,rows=3 cols=4096,zipf,0.5,1000000,56234,0.375,0.03125
topk,cms-heap-topk-fastpath-vector2d,rows=3 cols=4096,zipf,0.5,1000000,100000,0.59375,0.03125
topk,cms-heap-topk-fastpath-vector2d,rows=3 cols=4096,zipf,0.5,1000000,177828,0.71875,0.03125
topk,cms-heap-topk-fastpath-vector2d,rows=3 cols=4096,zipf,0.5,1000000,316228,0.7708333333333334,0.027559909490256152
topk,cms-heap-topk-fastpath-vector2d,rows=3 cols=4096,zipf,0.5,1000000,562341,0.8020833333333334,0.02755990949025615
topk,cms-heap-topk-fastpath-vector2d,rows=3 cols=4096,zipf,0.5,1000000,1000000,0.7916666666666666,0.020833333333333332
topk,cms-heap-topk-fastpath-vector2d,rows=3 cols=4096,zipf,0.5,1000000,1778279,0.7916666666666666,0.010416666666666668
topk,cms-heap-topk-fastpath-vector2d,rows=3 cols=4096,zipf,0.5,1000000,3162278,0.8229166666666666,0.010416666666666668
topk,cms-heap-topk-fastpath-vector2d,rows=3 cols=4096,zipf,0.5,1000000,5623413,0.8125,0.018042195912175804
topk,cms-heap-topk-fastpath-vector2d,rows=3 cols=4096,zipf,0.5,1000000,10000000,0.8229166666666666,0.010416666666666668
topk,cms-heap-topk-fastpath-vector2d,rows=3 cols=4096,zipf,0.5,1000000,17782794,0.78125,0.018042195912175804
topk,cms-heap-topk-fastpath-vector2d,rows=3 cols=4096,zipf,0.5,1000000,31622777,0.7916666666666666,0.020833333333333332
topk,cms-heap-topk-fastpath-vector2d,rows=3 cols=4096,zipf,0.5,1000000,56234133,0.75,0.0
topk,cms-heap-topk-fastpath-vector2d,rows=3 cols=4096,zipf,0.5,1000000,100000000,0.7604166666666666,0.010416666666666668
topk,cms-heap-topk-fastpath-vector2d,rows=3 cols=4096,zipf,1.0,10,1000,1.0,0.0
topk,cms-heap-topk-fastpath-vector2d,rows=3 cols=4096,zipf,1.0,10,1778,1.0,0.0
topk,cms-heap-topk-fastpath-vector2d,rows=3 cols=4096,zipf,1.0,10,3162,1.0,0.0
topk,cms-heap-topk-fastpath-vector2d,rows=3 cols=4096,zipf,1.0,10,5623,1.0,0.0
topk,cms-heap-topk-fastpath-vector2d,rows=3 cols=4096,zipf,1.0,10,10000,1.0,0.0
topk,cms-heap-topk-fastpath-vector2d,rows=3 cols=4096,zipf,1.0,10,17783,1.0,0.0
topk,cms-heap-topk-fastpath-vector2d,rows=3 cols=4096,zipf,1.0,10,31623,1.0,0.0
topk,cms-heap-topk-fastpath-vector2d,rows=3 cols=4096,zipf,1.0,10,56234,1.0,0.0
topk,cms-heap-topk-fastpath-vector2d,rows=3 cols=4096,zipf,1.0,10,100000,1.0,0.0
topk,cms-heap-topk-fastpath-vector2d,rows=3 cols=4096,zipf,1.0,10,177828,1.0,0.0
topk,cms-heap-topk-fastpath-vector2d,rows=3 cols=4096,zipf,1.0,10,316228,1.0,0.0
topk,cms-heap-topk-fastpath-vector2d,rows=3 cols=4096,zipf,1.0,10,562341,1.0,0.0
topk,cms-heap-topk-fastpath-vector2d,rows=3 cols=4096,zipf,1.0,10,1000000,1.0,0.0
topk,cms-heap-topk-fastpath-vector2d,rows=3 cols=4096,zipf,1.0,10,1778279,1.0,0.0
topk,cms-heap-topk-fastpath-vector2d,rows=3 cols=4096,zipf,1.0,10,3162278,1.0,0.0
topk,cms-heap-topk-fastpath-vector2d,rows=3 cols=4096,zipf,1.0,10,5623413,1.0,0.0
topk,cms-heap-topk-fastpath-vector2d,rows=3 cols=4096,zipf,1.0,10,10000000,1.0,0.0
topk,cms-heap-topk-fastpath-vector2d,rows=3 cols=4096,zipf,1.0,10,17782794,1.0,0.0
topk,cms-heap-topk-fastpath-vector2d,rows=3 cols=4096,zipf,1.0,10,31622777,1.0,0.0
topk,cms-heap-topk-fastpath-vector2d,rows=3 cols=4096,zipf,1.0,10,56234133,1.0,0.0
topk,cms-heap-topk-fastpath-vector2d,rows=3 cols=4096,zipf,1.0,10,100000000,1.0,0.0
topk,cms-heap-topk-fastpath-vector2d,rows=3 cols=4096,zipf,1.0,100,1000,0.9583333333333334,0.010416666666666668
topk,cms-heap-topk-fastpath-vector2d,rows=3 cols=4096,zipf,1.0,100,1778,0.9791666666666666,0.010416666666666668
topk,cms-heap-topk-fastpath-vector2d,rows=3 cols=4096,zipf,1.0,100,3162,0.9791666666666666,0.010416666666666668
topk,cms-heap-topk-fastpath-vector2d,rows=3 cols=4096,zipf,1.0,100,5623,0.9895833333333334,0.010416666666666668
topk,cms-heap-topk-fastpath-vector2d,rows=3 cols=4096,zipf,1.0,100,10000,1.0,0.0
topk,cms-heap-topk-fastpath-vector2d,rows=3 cols=4096,zipf,1.0,100,17783,1.0,0.0
topk,cms-heap-topk-fastpath-vector2d,rows=3 cols=4096,zipf,1.0,100,31623,1.0,0.0
topk,cms-heap-topk-fastpath-vector2d,rows=3 cols=4096,zipf,1.0,100,56234,1.0,0.0
topk,cms-heap-topk-fastpath-vector2d,rows=3 cols=4096,zipf,1.0,100,100000,1.0,0.0
topk,cms-heap-topk-fastpath-vector2d,rows=3 cols=4096,zipf,1.0,100,177828,1.0,0.0
topk,cms-heap-topk-fastpath-vector2d,rows=3 cols=4096,zipf,1.0,100,316228,1.0,0.0
topk,cms-heap-topk-fastpath-vector2d,rows=3 cols=4096,zipf,1.0,100,562341,1.0,0.0
topk,cms-heap-topk-fastpath-vector2d,rows=3 cols=4096,zipf,1.0,100,1000000,1.0,0.0
topk,cms-heap-topk-fastpath-vector2d,rows=3 cols=4096,zipf,1.0,100,1778279,1.0,0.0
topk,cms-heap-topk-fastpath-vector2d,rows=3 cols=4096,zipf,1.0,100,3162278,1.0,0.0
topk,cms-heap-topk-fastpath-vector2d,rows=3 cols=4096,zipf,1.0,100,5623413,1.0,0.0
topk,cms-heap-topk-fastpath-vector2d,rows=3 cols=4096,zipf,1.0,100,10000000,1.0,0.0
topk,cms-heap-topk-fastpath-vector2d,rows=3 cols=4096,zipf,1.0,100,17782794,1.0,0.0
topk,cms-heap-topk-fastpath-vector2d,rows=3 cols=4096,zipf,1.0,100,31622777,1.0,0.0
topk,cms-heap-topk-fastpath-vector2d,rows=3 cols=4096,zipf,1.0,100,56234133,1.0,0.0
topk,cms-heap-topk-fastpath-vector2d,rows=3 cols=4096,zipf,1.0,100,100000000,1.0,0.0
topk,cms-heap-topk-fastpath-vector2d,rows=3 cols=4096,zipf,1.0,10000,1000,0.9375,0.03608439182435161
topk,cms-heap-topk-fastpath-vector2d,rows=3 cols=4096,zipf,1.0,10000,1778,0.9479166666666666,0.020833333333333332
topk,cms-heap-topk-fastpath-vector2d,rows=3 cols=4096,zipf,1.0,10000,3162,0.96875,0.018042195912175804
topk,cms-heap-topk-fastpath-vector2d,rows=3 cols=4096,zipf,1.0,10000,5623,0.9791666666666666,0.010416666666666668
topk,cms-heap-topk-fastpath-vector2d,rows=3 cols=4096,zipf,1.0,10000,10000,0.9791666666666666,0.010416666666666668
topk,cms-heap-topk-fastpath-vector2d,rows=3 cols=4096,zipf,1.0,10000,17783,1.0,0.0
topk,cms-heap-topk-fastpath-vector2d,rows=3 cols=4096,zipf,1.0,10000,31623,1.0,0.0
topk,cms-heap-topk-fastpath-vector2d,rows=3 cols=4096,zipf,1.0,10000,56234,1.0,0.0
topk,cms-heap-topk-fastpath-vector2d,rows=3 cols=4096,zipf,1.0,10000,100000,1.0,0.0
topk,cms-heap-topk-fastpath-vector2d,rows=3 cols=4096,zipf,1.0,10000,177828,1.0,0.0
topk,cms-heap-topk-fastpath-vector2d,rows=3 cols=4096,zipf,1.0,10000,316228,1.0,0.0
topk,cms-heap-topk-fastpath-vector2d,rows=3 cols=4096,zipf,1.0,10000,562341,0.9895833333333334,0.010416666666666668
topk,cms-heap-topk-fastpath-vector2d,rows=3 cols=4096,zipf,1.0,10000,1000000,1.0,0.0
topk,cms-heap-topk-fastpath-vector2d,rows=3 cols=4096,zipf,1.0,10000,1778279,0.9895833333333334,0.010416666666666668
topk,cms-heap-topk-fastpath-vector2d,rows=3 cols=4096,zipf,1.0,10000,3162278,1.0,0.0
topk,cms-heap-topk-fastpath-vector2d,rows=3 cols=4096,zipf,1.0,10000,5623413,1.0,0.0
topk,cms-heap-topk-fastpath-vector2d,rows=3 cols=4096,zipf,1.0,10000,10000000,1.0,0.0
topk,cms-heap-topk-fastpath-vector2d,rows=3 cols=4096,zipf,1.0,10000,17782794,1.0,0.0
topk,cms-heap-topk-fastpath-vector2d,rows=3 cols=4096,zipf,1.0,10000,31622777,1.0,0.0
topk,cms-heap-topk-fastpath-vector2d,rows=3 cols=4096,zipf,1.0,10000,56234133,1.0,0.0
topk,cms-heap-topk-fastpath-vector2d,rows=3 cols=4096,zipf,1.0,10000,100000000,1.0,0.0
topk,cms-heap-topk-fastpath-vector2d,rows=3 cols=4096,zipf,1.0,1000000,1000,0.9375,0.03608439182435161
topk,cms-heap-topk-fastpath-vector2d,rows=3 cols=4096,zipf,1.0,1000000,1778,0.9166666666666666,0.03755782578608322
topk,cms-heap-topk-fastpath-vector2d,rows=3 cols=4096,zipf,1.0,1000000,3162,0.9895833333333334,0.010416666666666668
topk,cms-heap-topk-fastpath-vector2d,rows=3 cols=4096,zipf,1.0,1000000,5623,0.9895833333333334,0.010416666666666668
topk,cms-heap-topk-fastpath-vector2d,rows=3 cols=4096,zipf,1.0,1000000,10000,0.96875,0.0
topk,cms-heap-topk-fastpath-vector2d,rows=3 cols=4096,zipf,1.0,1000000,17783,0.9791666666666666,0.010416666666666668
topk,cms-heap-topk-fastpath-vector2d,rows=3 cols=4096,zipf,1.0,1000000,31623,1.0,0.0
topk,cms-heap-topk-fastpath-vector2d,rows=3 cols=4096,zipf,1.0,1000000,56234,1.0,0.0
topk,cms-heap-topk-fastpath-vector2d,rows=3 cols=4096,zipf,1.0,1000000,100000,1.0,0.0
topk,cms-heap-topk-fastpath-vector2d,rows=3 cols=4096,zipf,1.0,1000000,177828,1.0,0.0
topk,cms-heap-topk-fastpath-vector2d,rows=3 cols=4096,zipf,1.0,1000000,316228,1.0,0.0
topk,cms-heap-topk-fastpath-vector2d,rows=3 cols=4096,zipf,1.0,1000000,562341,1.0,0.0
topk,cms-heap-topk-fastpath-vector2d,rows=3 cols=4096,zipf,1.0,1000000,1000000,1.0,0.0
topk,cms-heap-topk-fastpath-vector2d,rows=3 cols=4096,zipf,1.0,1000000,1778279,0.9895833333333334,0.010416666666666668
topk,cms-heap-topk-fastpath-vector2d,rows=3 cols=4096,zipf,1.0,1000000,3162278,1.0,0.0
topk,cms-heap-topk-fastpath-vector2d,rows=3 cols=4096,zipf,1.0,1000000,5623413,0.9895833333333334,0.010416666666666668
topk,cms-heap-topk-fastpath-vector2d,rows=3 cols=4096,zipf,1.0,1000000,10000000,1.0,0.0
topk,cms-heap-topk-fastpath-vector2d,rows=3 cols=4096,zipf,1.0,1000000,17782794,0.96875,0.018042195912175804
topk,cms-heap-topk-fastpath-vector2d,rows=3 cols=4096,zipf,1.0,1000000,31622777,0.9375,0.018042195912175804
topk,cms-heap-topk-fastpath-vector2d,rows=3 cols=4096,zipf,1.0,1000000,56234133,0.9270833333333334,0.020833333333333332
topk,cms-heap-topk-fastpath-vector2d,rows=3 cols=4096,zipf,1.0,1000000,100000000,0.90625,0.0
topk,cms-heap-topk-fastpath-vector2d,rows=3 cols=4096,zipf,1.5,10,1000,1.0,0.0
topk,cms-heap-topk-fastpath-vector2d,rows=3 cols=4096,zipf,1.5,10,1778,1.0,0.0
topk,cms-heap-topk-fastpath-vector2d,rows=3 cols=4096,zipf,1.5,10,3162,1.0,0.0
topk,cms-heap-topk-fastpath-vector2d,rows=3 cols=4096,zipf,1.5,10,5623,1.0,0.0
topk,cms-heap-topk-fastpath-vector2d,rows=3 cols=4096,zipf,1.5,10,10000,1.0,0.0
topk,cms-heap-topk-fastpath-vector2d,rows=3 cols=4096,zipf,1.5,10,17783,1.0,0.0
topk,cms-heap-topk-fastpath-vector2d,rows=3 cols=4096,zipf,1.5,10,31623,1.0,0.0
topk,cms-heap-topk-fastpath-vector2d,rows=3 cols=4096,zipf,1.5,10,56234,1.0,0.0
topk,cms-heap-topk-fastpath-vector2d,rows=3 cols=4096,zipf,1.5,10,100000,1.0,0.0
topk,cms-heap-topk-fastpath-vector2d,rows=3 cols=4096,zipf,1.5,10,177828,1.0,0.0
topk,cms-heap-topk-fastpath-vector2d,rows=3 cols=4096,zipf,1.5,10,316228,1.0,0.0
topk,cms-heap-topk-fastpath-vector2d,rows=3 cols=4096,zipf,1.5,10,562341,1.0,0.0
topk,cms-heap-topk-fastpath-vector2d,rows=3 cols=4096,zipf,1.5,10,1000000,1.0,0.0
topk,cms-heap-topk-fastpath-vector2d,rows=3 cols=4096,zipf,1.5,10,1778279,1.0,0.0
topk,cms-heap-topk-fastpath-vector2d,rows=3 cols=4096,zipf,1.5,10,3162278,1.0,0.0
topk,cms-heap-topk-fastpath-vector2d,rows=3 cols=4096,zipf,1.5,10,5623413,1.0,0.0
topk,cms-heap-topk-fastpath-vector2d,rows=3 cols=4096,zipf,1.5,10,10000000,1.0,0.0
topk,cms-heap-topk-fastpath-vector2d,rows=3 cols=4096,zipf,1.5,10,17782794,1.0,0.0
topk,cms-heap-topk-fastpath-vector2d,rows=3 cols=4096,zipf,1.5,10,31622777,1.0,0.0
topk,cms-heap-topk-fastpath-vector2d,rows=3 cols=4096,zipf,1.5,10,56234133,1.0,0.0
topk,cms-heap-topk-fastpath-vector2d,rows=3 cols=4096,zipf,1.5,10,100000000,1.0,0.0
topk,cms-heap-topk-fastpath-vector2d,rows=3 cols=4096,zipf,1.5,100,1000,0.9479166666666666,0.010416666666666668
topk,cms-heap-topk-fastpath-vector2d,rows=3 cols=4096,zipf,1.5,100,1778,1.0,0.0
topk,cms-heap-topk-fastpath-vector2d,rows=3 cols=4096,zipf,1.5,100,3162,1.0,0.0
topk,cms-heap-topk-fastpath-vector2d,rows=3 cols=4096,zipf,1.5,100,5623,0.9791666666666666,0.010416666666666668
topk,cms-heap-topk-fastpath-vector2d,rows=3 cols=4096,zipf,1.5,100,10000,0.9895833333333334,0.010416666666666668
topk,cms-heap-topk-fastpath-vector2d,rows=3 cols=4096,zipf,1.5,100,17783,1.0,0.0
topk,cms-heap-topk-fastpath-vector2d,rows=3 cols=4096,zipf,1.5,100,31623,0.9895833333333334,0.010416666666666668
topk,cms-heap-topk-fastpath-vector2d,rows=3 cols=4096,zipf,1.5,100,56234,1.0,0.0
topk,cms-heap-topk-fastpath-vector2d,rows=3 cols=4096,zipf,1.5,100,100000,1.0,0.0
topk,cms-heap-topk-fastpath-vector2d,rows=3 cols=4096,zipf,1.5,100,177828,1.0,0.0
topk,cms-heap-topk-fastpath-vector2d,rows=3 cols=4096,zipf,1.5,100,316228,1.0,0.0
topk,cms-heap-topk-fastpath-vector2d,rows=3 cols=4096,zipf,1.5,100,562341,1.0,0.0
topk,cms-heap-topk-fastpath-vector2d,rows=3 cols=4096,zipf,1.5,100,1000000,1.0,0.0
topk,cms-heap-topk-fastpath-vector2d,rows=3 cols=4096,zipf,1.5,100,1778279,1.0,0.0
topk,cms-heap-topk-fastpath-vector2d,rows=3 cols=4096,zipf,1.5,100,3162278,1.0,0.0
topk,cms-heap-topk-fastpath-vector2d,rows=3 cols=4096,zipf,1.5,100,5623413,1.0,0.0
topk,cms-heap-topk-fastpath-vector2d,rows=3 cols=4096,zipf,1.5,100,10000000,1.0,0.0
topk,cms-heap-topk-fastpath-vector2d,rows=3 cols=4096,zipf,1.5,100,17782794,1.0,0.0
topk,cms-heap-topk-fastpath-vector2d,rows=3 cols=4096,zipf,1.5,100,31622777,1.0,0.0
topk,cms-heap-topk-fastpath-vector2d,rows=3 cols=4096,zipf,1.5,100,56234133,1.0,0.0
topk,cms-heap-topk-fastpath-vector2d,rows=3 cols=4096,zipf,1.5,100,100000000,1.0,0.0
topk,cms-heap-topk-fastpath-vector2d,rows=3 cols=4096,zipf,1.5,10000,1000,0.96875,0.0
topk,cms-heap-topk-fastpath-vector2d,rows=3 cols=4096,zipf,1.5,10000,1778,0.96875,0.0
topk,cms-heap-topk-fastpath-vector2d,rows=3 cols=4096,zipf,1.5,10000,3162,0.9895833333333334,0.010416666666666668
topk,cms-heap-topk-fastpath-vector2d,rows=3 cols=4096,zipf,1.5,10000,5623,0.9895833333333334,0.010416666666666668
topk,cms-heap-topk-fastpath-vector2d,rows=3 cols=4096,zipf,1.5,10000,10000,0.9791666666666666,0.010416666666666668
topk,cms-heap-topk-fastpath-vector2d,rows=3 cols=4096,zipf,1.5,10000,17783,0.9895833333333334,0.010416666666666668
topk,cms-heap-topk-fastpath-vector2d,rows=3 cols=4096,zipf,1.5,10000,31623,1.0,0.0
topk,cms-heap-topk-fastpath-vector2d,rows=3 cols=4096,zipf,1.5,10000,56234,1.0,0.0
topk,cms-heap-topk-fastpath-vector2d,rows=3 cols=4096,zipf,1.5,10000,100000,1.0,0.0
topk,cms-heap-topk-fastpath-vector2d,rows=3 cols=4096,zipf,1.5,10000,177828,0.9895833333333334,0.010416666666666668
topk,cms-heap-topk-fastpath-vector2d,rows=3 cols=4096,zipf,1.5,10000,316228,1.0,0.0
topk,cms-heap-topk-fastpath-vector2d,rows=3 cols=4096,zipf,1.5,10000,562341,1.0,0.0
topk,cms-heap-topk-fastpath-vector2d,rows=3 cols=4096,zipf,1.5,10000,1000000,1.0,0.0
topk,cms-heap-topk-fastpath-vector2d,rows=3 cols=4096,zipf,1.5,10000,1778279,1.0,0.0
topk,cms-heap-topk-fastpath-vector2d,rows=3 cols=4096,zipf,1.5,10000,3162278,1.0,0.0
topk,cms-heap-topk-fastpath-vector2d,rows=3 cols=4096,zipf,1.5,10000,5623413,1.0,0.0
topk,cms-heap-topk-fastpath-vector2d,rows=3 cols=4096,zipf,1.5,10000,10000000,1.0,0.0
topk,cms-heap-topk-fastpath-vector2d,rows=3 cols=4096,zipf,1.5,10000,17782794,1.0,0.0
topk,cms-heap-topk-fastpath-vector2d,rows=3 cols=4096,zipf,1.5,10000,31622777,1.0,0.0
topk,cms-heap-topk-fastpath-vector2d,rows=3 cols=4096,zipf,1.5,10000,56234133,1.0,0.0
topk,cms-heap-topk-fastpath-vector2d,rows=3 cols=4096,zipf,1.5,10000,100000000,1.0,0.0
topk,cms-heap-topk-fastpath-vector2d,rows=3 cols=4096,zipf,1.5,1000000,1000,0.9583333333333334,0.010416666666666668
topk,cms-heap-topk-fastpath-vector2d,rows=3 cols=4096,zipf,1.5,1000000,1778,0.9791666666666666,0.020833333333333332
topk,cms-heap-topk-fastpath-vector2d,rows=3 cols=4096,zipf,1.5,1000000,3162,0.9791666666666666,0.010416666666666668
topk,cms-heap-topk-fastpath-vector2d,rows=3 cols=4096,zipf,1.5,1000000,5623,0.9895833333333334,0.010416666666666668
topk,cms-heap-topk-fastpath-vector2d,rows=3 cols=4096,zipf,1.5,1000000,10000,0.9895833333333334,0.010416666666666668
topk,cms-heap-topk-fastpath-vector2d,rows=3 cols=4096,zipf,1.5,1000000,17783,1.0,0.0
topk,cms-heap-topk-fastpath-vector2d,rows=3 cols=4096,zipf,1.5,1000000,31623,1.0,0.0
topk,cms-heap-topk-fastpath-vector2d,rows=3 cols=4096,zipf,1.5,1000000,56234,1.0,0.0
topk,cms-heap-topk-fastpath-vector2d,rows=3 cols=4096,zipf,1.5,1000000,100000,1.0,0.0
topk,cms-heap-topk-fastpath-vector2d,rows=3 cols=4096,zipf,1.5,1000000,177828,1.0,0.0
topk,cms-heap-topk-fastpath-vector2d,rows=3 cols=4096,zipf,1.5,1000000,316228,1.0,0.0
topk,cms-heap-topk-fastpath-vector2d,rows=3 cols=4096,zipf,1.5,1000000,562341,1.0,0.0
topk,cms-heap-topk-fastpath-vector2d,rows=3 cols=4096,zipf,1.5,1000000,1000000,1.0,0.0
topk,cms-heap-topk-fastpath-vector2d,rows=3 cols=4096,zipf,1.5,1000000,1778279,1.0,0.0
topk,cms-heap-topk-fastpath-vector2d,rows=3 cols=4096,zipf,1.5,1000000,3162278,1.0,0.0
topk,cms-heap-topk-fastpath-vector2d,rows=3 cols=4096,zipf,1.5,1000000,5623413,1.0,0.0
topk,cms-heap-topk-fastpath-vector2d,rows=3 cols=4096,zipf,1.5,1000000,10000000,1.0,0.0
topk,cms-heap-topk-fastpath-vector2d,rows=3 cols=4096,zipf,1.5,1000000,17782794,1.0,0.0
topk,cms-heap-topk-fastpath-vector2d,rows=3 cols=4096,zipf,1.5,1000000,31622777,1.0,0.0
topk,cms-heap-topk-fastpath-vector2d,rows=3 cols=4096,zipf,1.5,1000000,56234133,1.0,0.0
topk,cms-heap-topk-fastpath-vector2d,rows=3 cols=4096,zipf,1.5,1000000,100000000,1.0,0.0
topk,cms-heap-topk-fastpath-vector2d,rows=3 cols=4096,zipf,2.0,10,1000,1.0,0.0
topk,cms-heap-topk-fastpath-vector2d,rows=3 cols=4096,zipf,2.0,10,1778,1.0,0.0
topk,cms-heap-topk-fastpath-vector2d,rows=3 cols=4096,zipf,2.0,10,3162,1.0,0.0
topk,cms-heap-topk-fastpath-vector2d,rows=3 cols=4096,zipf,2.0,10,5623,1.0,0.0
topk,cms-heap-topk-fastpath-vector2d,rows=3 cols=4096,zipf,2.0,10,10000,1.0,0.0
topk,cms-heap-topk-fastpath-vector2d,rows=3 cols=4096,zipf,2.0,10,17783,1.0,0.0
topk,cms-heap-topk-fastpath-vector2d,rows=3 cols=4096,zipf,2.0,10,31623,1.0,0.0
topk,cms-heap-topk-fastpath-vector2d,rows=3 cols=4096,zipf,2.0,10,56234,1.0,0.0
topk,cms-heap-topk-fastpath-vector2d,rows=3 cols=4096,zipf,2.0,10,100000,1.0,0.0
topk,cms-heap-topk-fastpath-vector2d,rows=3 cols=4096,zipf,2.0,10,177828,1.0,0.0
topk,cms-heap-topk-fastpath-vector2d,rows=3 cols=4096,zipf,2.0,10,316228,1.0,0.0
topk,cms-heap-topk-fastpath-vector2d,rows=3 cols=4096,zipf,2.0,10,562341,1.0,0.0
topk,cms-heap-topk-fastpath-vector2d,rows=3 cols=4096,zipf,2.0,10,1000000,1.0,0.0
topk,cms-heap-topk-fastpath-vector2d,rows=3 cols=4096,zipf,2.0,10,1778279,1.0,0.0
topk,cms-heap-topk-fastpath-vector2d,rows=3 cols=4096,zipf,2.0,10,3162278,1.0,0.0
topk,cms-heap-topk-fastpath-vector2d,rows=3 cols=4096,zipf,2.0,10,5623413,1.0,0.0
topk,cms-heap-topk-fastpath-vector2d,rows=3 cols=4096,zipf,2.0,10,10000000,1.0,0.0
topk,cms-heap-topk-fastpath-vector2d,rows=3 cols=4096,zipf,2.0,10,17782794,1.0,0.0
topk,cms-heap-topk-fastpath-vector2d,rows=3 cols=4096,zipf,2.0,10,31622777,1.0,0.0
topk,cms-heap-topk-fastpath-vector2d,rows=3 cols=4096,zipf,2.0,10,56234133,1.0,0.0
topk,cms-heap-topk-fastpath-vector2d,rows=3 cols=4096,zipf,2.0,10,100000000,1.0,0.0
topk,cms-heap-topk-fastpath-vector2d,rows=3 cols=4096,zipf,2.0,100,1000,0.9270833333333334,0.03755782578608322
topk,cms-heap-topk-fastpath-vector2d,rows=3 cols=4096,zipf,2.0,100,1778,0.9270833333333334,0.027559909490256152
topk,cms-heap-topk-fastpath-vector2d,rows=3 cols=4096,zipf,2.0,100,3162,0.96875,0.0
topk,cms-heap-topk-fastpath-vector2d,rows=3 cols=4096,zipf,2.0,100,5623,0.9895833333333334,0.010416666666666668
topk,cms-heap-topk-fastpath-vector2d,rows=3 cols=4096,zipf,2.0,100,10000,0.9895833333333334,0.010416666666666668
topk,cms-heap-topk-fastpath-vector2d,rows=3 cols=4096,zipf,2.0,100,17783,0.9895833333333334,0.010416666666666668
topk,cms-heap-topk-fastpath-vector2d,rows=3 cols=4096,zipf,2.0,100,31623,0.9895833333333334,0.010416666666666668
topk,cms-heap-topk-fastpath-vector2d,rows=3 cols=4096,zipf,2.0,100,56234,0.9895833333333334,0.010416666666666668
topk,cms-heap-topk-fastpath-vector2d,rows=3 cols=4096,zipf,2.0,100,100000,1.0,0.0
topk,cms-heap-topk-fastpath-vector2d,rows=3 cols=4096,zipf,2.0,100,177828,1.0,0.0
topk,cms-heap-topk-fastpath-vector2d,rows=3 cols=4096,zipf,2.0,100,316228,1.0,0.0
topk,cms-heap-topk-fastpath-vector2d,rows=3 cols=4096,zipf,2.0,100,562341,1.0,0.0
topk,cms-heap-topk-fastpath-vector2d,rows=3 cols=4096,zipf,2.0,100,1000000,1.0,0.0
topk,cms-heap-topk-fastpath-vector2d,rows=3 cols=4096,zipf,2.0,100,1778279,1.0,0.0
topk,cms-heap-topk-fastpath-vector2d,rows=3 cols=4096,zipf,2.0,100,3162278,1.0,0.0
topk,cms-heap-topk-fastpath-vector2d,rows=3 cols=4096,zipf,2.0,100,5623413,1.0,0.0
topk,cms-heap-topk-fastpath-vector2d,rows=3 cols=4096,zipf,2.0,100,10000000,1.0,0.0
topk,cms-heap-topk-fastpath-vector2d,rows=3 cols=4096,zipf,2.0,100,17782794,1.0,0.0
topk,cms-heap-topk-fastpath-vector2d,rows=3 cols=4096,zipf,2.0,100,31622777,1.0,0.0
topk,cms-heap-topk-fastpath-vector2d,rows=3 cols=4096,zipf,2.0,100,56234133,1.0,0.0
topk,cms-heap-topk-fastpath-vector2d,rows=3 cols=4096,zipf,2.0,100,100000000,1.0,0.0
topk,cms-heap-topk-fastpath-vector2d,rows=3 cols=4096,zipf,2.0,10000,1000,0.8645833333333334,0.020833333333333332
topk,cms-heap-topk-fastpath-vector2d,rows=3 cols=4096,zipf,2.0,10000,1778,0.90625,0.0
topk,cms-heap-topk-fastpath-vector2d,rows=3 cols=4096,zipf,2.0,10000,3162,0.9270833333333334,0.020833333333333332
topk,cms-heap-topk-fastpath-vector2d,rows=3 cols=4096,zipf,2.0,10000,5623,0.9583333333333334,0.010416666666666668
topk,cms-heap-topk-fastpath-vector2d,rows=3 cols=4096,zipf,2.0,10000,10000,0.96875,0.0
topk,cms-heap-topk-fastpath-vector2d,rows=3 cols=4096,zipf,2.0,10000,17783,0.9895833333333334,0.010416666666666668
topk,cms-heap-topk-fastpath-vector2d,rows=3 cols=4096,zipf,2.0,10000,31623,1.0,0.0
topk,cms-heap-topk-fastpath-vector2d,rows=3 cols=4096,zipf,2.0,10000,56234,1.0,0.0
topk,cms-heap-topk-fastpath-vector2d,rows=3 cols=4096,zipf,2.0,10000,100000,1.0,0.0
topk,cms-heap-topk-fastpath-vector2d,rows=3 cols=4096,zipf,2.0,10000,177828,1.0,0.0
topk,cms-heap-topk-fastpath-vector2d,rows=3 cols=4096,zipf,2.0,10000,316228,1.0,0.0
topk,cms-heap-topk-fastpath-vector2d,rows=3 cols=4096,zipf,2.0,10000,562341,1.0,0.0
topk,cms-heap-topk-fastpath-vector2d,rows=3 cols=4096,zipf,2.0,10000,1000000,1.0,0.0
topk,cms-heap-topk-fastpath-vector2d,rows=3 cols=4096,zipf,2.0,10000,1778279,1.0,0.0
topk,cms-heap-topk-fastpath-vector2d,rows=3 cols=4096,zipf,2.0,10000,3162278,1.0,0.0
topk,cms-heap-topk-fastpath-vector2d,rows=3 cols=4096,zipf,2.0,10000,5623413,1.0,0.0
topk,cms-heap-topk-fastpath-vector2d,rows=3 cols=4096,zipf,2.0,10000,10000000,1.0,0.0
topk,cms-heap-topk-fastpath-vector2d,rows=3 cols=4096,zipf,2.0,10000,17782794,1.0,0.0
topk,cms-heap-topk-fastpath-vector2d,rows=3 cols=4096,zipf,2.0,10000,31622777,1.0,0.0
topk,cms-heap-topk-fastpath-vector2d,rows=3 cols=4096,zipf,2.0,10000,56234133,1.0,0.0
topk,cms-heap-topk-fastpath-vector2d,rows=3 cols=4096,zipf,2.0,10000,100000000,1.0,0.0
topk,cms-heap-topk-fastpath-vector2d,rows=3 cols=4096,zipf,2.0,1000000,1000,0.8645833333333334,0.02755990949025615
topk,cms-heap-topk-fastpath-vector2d,rows=3 cols=4096,zipf,2.0,1000000,1778,0.8958333333333334,0.010416666666666668
topk,cms-heap-topk-fastpath-vector2d,rows=3 cols=4096,zipf,2.0,1000000,3162,0.9375,0.018042195912175804
topk,cms-heap-topk-fastpath-vector2d,rows=3 cols=4096,zipf,2.0,1000000,5623,1.0,0.0
topk,cms-heap-topk-fastpath-vector2d,rows=3 cols=4096,zipf,2.0,1000000,10000,0.9791666666666666,0.010416666666666668
topk,cms-heap-topk-fastpath-vector2d,rows=3 cols=4096,zipf,2.0,1000000,17783,0.9895833333333334,0.010416666666666668
topk,cms-heap-topk-fastpath-vector2d,rows=3 cols=4096,zipf,2.0,1000000,31623,1.0,0.0
topk,cms-heap-topk-fastpath-vector2d,rows=3 cols=4096,zipf,2.0,1000000,56234,1.0,0.0
topk,cms-heap-topk-fastpath-vector2d,rows=3 cols=4096,zipf,2.0,1000000,100000,1.0,0.0
topk,cms-heap-topk-fastpath-vector2d,rows=3 cols=4096,zipf,2.0,1000000,177828,1.0,0.0
topk,cms-heap-topk-fastpath-vector2d,rows=3 cols=4096,zipf,2.0,1000000,316228,1.0,0.0
topk,cms-heap-topk-fastpath-vector2d,rows=3 cols=4096,zipf,2.0,1000000,562341,1.0,0.0
topk,cms-heap-topk-fastpath-vector2d,rows=3 cols=4096,zipf,2.0,1000000,1000000,1.0,0.0
topk,cms-heap-topk-fastpath-vector2d,rows=3 cols=4096,zipf,2.0,1000000,1778279,1.0,0.0
topk,cms-heap-topk-fastpath-vector2d,rows=3 cols=4096,zipf,2.0,1000000,3162278,1.0,0.0
topk,cms-heap-topk-fastpath-vector2d,rows=3 cols=4096,zipf,2.0,1000000,5623413,1.0,0.0
topk,cms-heap-topk-fastpath-vector2d,rows=3 cols=4096,zipf,2.0,1000000,10000000,1.0,0.0
topk,cms-heap-topk-fastpath-vector2d,rows=3 cols=4096,zipf,2.0,1000000,17782794,1.0,0.0
topk,cms-heap-topk-fastpath-vector2d,rows=3 cols=4096,zipf,2.0,1000000,31622777,1.0,0.0
topk,cms-heap-topk-fastpath-vector2d,rows=3 cols=4096,zipf,2.0,1000000,56234133,1.0,0.0
topk,cms-heap-topk-fastpath-vector2d,rows=3 cols=4096,zipf,2.0,1000000,100000000,1.0,0.0
topk,cms-heap-topk-fastpath-vector2d,rows=3 cols=16384,zipf,0.0,10,1000,1.0,0.0
topk,cms-heap-topk-fastpath-vector2d,rows=3 cols=16384,zipf,0.0,10,1778,1.0,0.0
topk,cms-heap-topk-fastpath-vector2d,rows=3 cols=16384,zipf,0.0,10,3162,1.0,0.0
topk,cms-heap-topk-fastpath-vector2d,rows=3 cols=16384,zipf,0.0,10,5623,1.0,0.0
topk,cms-heap-topk-fastpath-vector2d,rows=3 cols=16384,zipf,0.0,10,10000,1.0,0.0
topk,cms-heap-topk-fastpath-vector2d,rows=3 cols=16384,zipf,0.0,10,17783,1.0,0.0
topk,cms-heap-topk-fastpath-vector2d,rows=3 cols=16384,zipf,0.0,10,31623,1.0,0.0
topk,cms-heap-topk-fastpath-vector2d,rows=3 cols=16384,zipf,0.0,10,56234,1.0,0.0
topk,cms-heap-topk-fastpath-vector2d,rows=3 cols=16384,zipf,0.0,10,100000,1.0,0.0
topk,cms-heap-topk-fastpath-vector2d,rows=3 cols=16384,zipf,0.0,10,177828,1.0,0.0
topk,cms-heap-topk-fastpath-vector2d,rows=3 cols=16384,zipf,0.0,10,316228,1.0,0.0
topk,cms-heap-topk-fastpath-vector2d,rows=3 cols=16384,zipf,0.0,10,562341,1.0,0.0
topk,cms-heap-topk-fastpath-vector2d,rows=3 cols=16384,zipf,0.0,10,1000000,1.0,0.0
topk,cms-heap-topk-fastpath-vector2d,rows=3 cols=16384,zipf,0.0,10,1778279,1.0,0.0
topk,cms-heap-topk-fastpath-vector2d,rows=3 cols=16384,zipf,0.0,10,3162278,1.0,0.0
topk,cms-heap-topk-fastpath-vector2d,rows=3 cols=16384,zipf,0.0,10,5623413,1.0,0.0
topk,cms-heap-topk-fastpath-vector2d,rows=3 cols=16384,zipf,0.0,10,10000000,1.0,0.0
topk,cms-heap-topk-fastpath-vector2d,rows=3 cols=16384,zipf,0.0,10,17782794,1.0,0.0
topk,cms-heap-topk-fastpath-vector2d,rows=3 cols=16384,zipf,0.0,10,31622777,1.0,0.0
topk,cms-heap-topk-fastpath-vector2d,rows=3 cols=16384,zipf,0.0,10,56234133,1.0,0.0
topk,cms-heap-topk-fastpath-vector2d,rows=3 cols=16384,zipf,0.0,10,100000000,1.0,0.0
topk,cms-heap-topk-fastpath-vector2d,rows=3 cols=16384,zipf,0.0,100,1000,0.9479166666666666,0.010416666666666668
topk,cms-heap-topk-fastpath-vector2d,rows=3 cols=16384,zipf,0.0,100,1778,0.9583333333333334,0.010416666666666668
topk,cms-heap-topk-fastpath-vector2d,rows=3 cols=16384,zipf,0.0,100,3162,0.9791666666666666,0.010416666666666668
topk,cms-heap-topk-fastpath-vector2d,rows=3 cols=16384,zipf,0.0,100,5623,0.96875,0.0
topk,cms-heap-topk-fastpath-vector2d,rows=3 cols=16384,zipf,0.0,100,10000,0.9791666666666666,0.010416666666666668
topk,cms-heap-topk-fastpath-vector2d,rows=3 cols=16384,zipf,0.0,100,17783,0.9791666666666666,0.010416666666666668
topk,cms-heap-topk-fastpath-vector2d,rows=3 cols=16384,zipf,0.0,100,31623,0.9895833333333334,0.010416666666666668
topk,cms-heap-topk-fastpath-vector2d,rows=3 cols=16384,zipf,0.0,100,56234,0.9895833333333334,0.010416666666666668
topk,cms-heap-topk-fastpath-vector2d,rows=3 cols=16384,zipf,0.0,100,100000,0.9895833333333334,0.010416666666666668
topk,cms-heap-topk-fastpath-vector2d,rows=3 cols=16384,zipf,0.0,100,177828,0.9791666666666666,0.020833333333333332
topk,cms-heap-topk-fastpath-vector2d,rows=3 cols=16384,zipf,0.0,100,316228,1.0,0.0
topk,cms-heap-topk-fastpath-vector2d,rows=3 cols=16384,zipf,0.0,100,562341,1.0,0.0
topk,cms-heap-topk-fastpath-vector2d,rows=3 cols=16384,zipf,0.0,100,1000000,0.9791666666666666,0.010416666666666668
topk,cms-heap-topk-fastpath-vector2d,rows=3 cols=16384,zipf,0.0,100,1778279,1.0,0.0
topk,cms-heap-topk-fastpath-vector2d,rows=3 cols=16384,zipf,0.0,100,3162278,1.0,0.0
topk,cms-heap-topk-fastpath-vector2d,rows=3 cols=16384,zipf,0.0,100,5623413,1.0,0.0
topk,cms-heap-topk-fastpath-vector2d,rows=3 cols=16384,zipf,0.0,100,10000000,1.0,0.0
topk,cms-heap-topk-fastpath-vector2d,rows=3 cols=16384,zipf,0.0,100,17782794,1.0,0.0
topk,cms-heap-topk-fastpath-vector2d,rows=3 cols=16384,zipf,0.0,100,31622777,1.0,0.0
topk,cms-heap-topk-fastpath-vector2d,rows=3 cols=16384,zipf,0.0,100,56234133,1.0,0.0
topk,cms-heap-topk-fastpath-vector2d,rows=3 cols=16384,zipf,0.0,100,100000000,1.0,0.0
topk,cms-heap-topk-fastpath-vector2d,rows=3 cols=16384,zipf,0.0,10000,1000,0.5625,0.06505206248331664
topk,cms-heap-topk-fastpath-vector2d,rows=3 cols=16384,zipf,0.0,10000,1778,0.4583333333333333,0.05208333333333333
topk,cms-heap-topk-fastpath-vector2d,rows=3 cols=16384,zipf,0.0,10000,3162,0.71875,0.10825317547305482
topk,cms-heap-topk-fastpath-vector2d,rows=3 cols=16384,zipf,0.0,10000,5623,0.6979166666666666,0.10416666666666666
topk,cms-heap-topk-fastpath-vector2d,rows=3 cols=16384,zipf,0.0,10000,10000,0.8125,0.047735163489123336
topk,cms-heap-topk-fastpath-vector2d,rows=3 cols=16384,zipf,0.0,10000,17783,0.6875,0.047735163489123336
topk,cms-heap-topk-fastpath-vector2d,rows=3 cols=16384,zipf,0.0,10000,31623,0.40625,0.06505206248331664
topk,cms-heap-topk-fastpath-vector2d,rows=3 cols=16384,zipf,0.0,10000,56234,0.17708333333333334,0.04540519732854868
topk,cms-heap-topk-fastpath-vector2d,rows=3 cols=16384,zipf,0.0,10000,100000,0.09375,0.018042195912175804
topk,cms-heap-topk-fastpath-vector2d,rows=3 cols=16384,zipf,0.0,10000,177828,0.07291666666666667,0.010416666666666668
topk,cms-heap-topk-fastpath-vector2d,rows=3 cols=16384,zipf,0.0,10000,316228,0.052083333333333336,0.027559909490256152
topk,cms-heap-topk-fastpath-vector2d,rows=3 cols=16384,zipf,0.0,10000,562341,0.03125,0.018042195912175804
topk,cms-heap-topk-fastpath-vector2d,rows=3 cols=16384,zipf,0.0,10000,1000000,0.07291666666666667,0.010416666666666668
topk,cms-heap-topk-fastpath-vector2d,rows=3 cols=16384,zipf,0.0,10000,1778279,0.07291666666666667,0.020833333333333332
topk,cms-heap-topk-fastpath-vector2d,rows=3 cols=16384,zipf,0.0,10000,3162278,0.020833333333333332,0.010416666666666668
topk,cms-heap-topk-fastpath-vector2d,rows=3 cols=16384,zipf,0.0,10000,5623413,0.041666666666666664,0.010416666666666666
topk,cms-heap-topk-fastpath-vector2d,rows=3 cols=16384,zipf,0.0,10000,10000000,0.020833333333333332,0.010416666666666668
topk,cms-heap-topk-fastpath-vector2d,rows=3 cols=16384,zipf,0.0,10000,17782794,0.020833333333333332,0.010416666666666668
topk,cms-heap-topk-fastpath-vector2d,rows=3 cols=16384,zipf,0.0,10000,31622777,0.03125,0.018042195912175804
topk,cms-heap-topk-fastpath-vector2d,rows=3 cols=16384,zipf,0.0,10000,56234133,0.020833333333333332,0.010416666666666668
topk,cms-heap-topk-fastpath-vector2d,rows=3 cols=16384,zipf,0.0,10000,100000000,0.041666666666666664,0.010416666666666666
topk,cms-heap-topk-fastpath-vector2d,rows=3 cols=16384,zipf,0.0,1000000,1000,0.03125,0.0
topk,cms-heap-topk-fastpath-vector2d,rows=3 cols=16384,zipf,0.0,1000000,1778,0.052083333333333336,0.027559909490256152
topk,cms-heap-topk-fastpath-vector2d,rows=3 cols=16384,zipf,0.0,1000000,3162,0.13541666666666666,0.03755782578608322
topk,cms-heap-topk-fastpath-vector2d,rows=3 cols=16384,zipf,0.0,1000000,5623,0.3229166666666667,0.04540519732854868
topk,cms-heap-topk-fastpath-vector2d,rows=3 cols=16384,zipf,0.0,1000000,10000,0.25,0.03125
topk,cms-heap-topk-fastpath-vector2d,rows=3 cols=16384,zipf,0.0,1000000,17783,0.125,0.03608439182435161
topk,cms-heap-topk-fastpath-vector2d,rows=3 cols=16384,zipf,0.0,1000000,31623,0.0625,0.018042195912175804
topk,cms-heap-topk-fastpath-vector2d,rows=3 cols=16384,zipf,0.0,1000000,56234,0.03125,0.018042195912175804
topk,cms-heap-topk-fastpath-vector2d,rows=3 cols=16384,zipf,0.0,1000000,100000,0.0,0.0
topk,cms-heap-topk-fastpath-vector2d,rows=3 cols=16384,zipf,0.0,1000000,177828,0.020833333333333332,0.010416666666666668
topk,cms-heap-topk-fastpath-vector2d,rows=3 cols=16384,zipf,0.0,1000000,316228,0.0,0.0
topk,cms-heap-topk-fastpath-vector2d,rows=3 cols=16384,zipf,0.0,1000000,562341,0.0,0.0
topk,cms-heap-topk-fastpath-vector2d,rows=3 cols=16384,zipf,0.0,1000000,1000000,0.010416666666666666,0.010416666666666668
topk,cms-heap-topk-fastpath-vector2d,rows=3 cols=16384,zipf,0.0,1000000,1778279,0.0,0.0
topk,cms-heap-topk-fastpath-vector2d,rows=3 cols=16384,zipf,0.0,1000000,3162278,0.0,0.0
topk,cms-heap-topk-fastpath-vector2d,rows=3 cols=16384,zipf,0.0,1000000,5623413,0.0,0.0
topk,cms-heap-topk-fastpath-vector2d,rows=3 cols=16384,zipf,0.0,1000000,10000000,0.0,0.0
topk,cms-heap-topk-fastpath-vector2d,rows=3 cols=16384,zipf,0.0,1000000,17782794,0.0,0.0
topk,cms-heap-topk-fastpath-vector2d,rows=3 cols=16384,zipf,0.0,1000000,31622777,0.0,0.0
topk,cms-heap-topk-fastpath-vector2d,rows=3 cols=16384,zipf,0.0,1000000,56234133,0.0,0.0
topk,cms-heap-topk-fastpath-vector2d,rows=3 cols=16384,zipf,0.0,1000000,100000000,0.0,0.0
topk,cms-heap-topk-fastpath-vector2d,rows=3 cols=16384,zipf,0.5,10,1000,1.0,0.0
topk,cms-heap-topk-fastpath-vector2d,rows=3 cols=16384,zipf,0.5,10,1778,1.0,0.0
topk,cms-heap-topk-fastpath-vector2d,rows=3 cols=16384,zipf,0.5,10,3162,1.0,0.0
topk,cms-heap-topk-fastpath-vector2d,rows=3 cols=16384,zipf,0.5,10,5623,1.0,0.0
topk,cms-heap-topk-fastpath-vector2d,rows=3 cols=16384,zipf,0.5,10,10000,1.0,0.0
topk,cms-heap-topk-fastpath-vector2d,rows=3 cols=16384,zipf,0.5,10,17783,1.0,0.0
topk,cms-heap-topk-fastpath-vector2d,rows=3 cols=16384,zipf,0.5,10,31623,1.0,0.0
topk,cms-heap-topk-fastpath-vector2d,rows=3 cols=16384,zipf,0.5,10,56234,1.0,0.0
topk,cms-heap-topk-fastpath-vector2d,rows=3 cols=16384,zipf,0.5,10,100000,1.0,0.0
topk,cms-heap-topk-fastpath-vector2d,rows=3 cols=16384,zipf,0.5,10,177828,1.0,0.0
topk,cms-heap-topk-fastpath-vector2d,rows=3 cols=16384,zipf,0.5,10,316228,1.0,0.0
topk,cms-heap-topk-fastpath-vector2d,rows=3 cols=16384,zipf,0.5,10,562341,1.0,0.0
topk,cms-heap-topk-fastpath-vector2d,rows=3 cols=16384,zipf,0.5,10,1000000,1.0,0.0
topk,cms-heap-topk-fastpath-vector2d,rows=3 cols=16384,zipf,0.5,10,1778279,1.0,0.0
topk,cms-heap-topk-fastpath-vector2d,rows=3 cols=16384,zipf,0.5,10,3162278,1.0,0.0
topk,cms-heap-topk-fastpath-vector2d,rows=3 cols=16384,zipf,0.5,10,5623413,1.0,0.0
topk,cms-heap-topk-fastpath-vector2d,rows=3 cols=16384,zipf,0.5,10,10000000,1.0,0.0
topk,cms-heap-topk-fastpath-vector2d,rows=3 cols=16384,zipf,0.5,10,17782794,1.0,0.0
topk,cms-heap-topk-fastpath-vector2d,rows=3 cols=16384,zipf,0.5,10,31622777,1.0,0.0
topk,cms-heap-topk-fastpath-vector2d,rows=3 cols=16384,zipf,0.5,10,56234133,1.0,0.0
topk,cms-heap-topk-fastpath-vector2d,rows=3 cols=16384,zipf,0.5,10,100000000,1.0,0.0
topk,cms-heap-topk-fastpath-vector2d,rows=3 cols=16384,zipf,0.5,100,1000,0.9583333333333334,0.010416666666666668
topk,cms-heap-topk-fastpath-vector2d,rows=3 cols=16384,zipf,0.5,100,1778,0.9895833333333334,0.010416666666666668
topk,cms-heap-topk-fastpath-vector2d,rows=3 cols=16384,zipf,0.5,100,3162,0.9895833333333334,0.010416666666666668
topk,cms-heap-topk-fastpath-vector2d,rows=3 cols=16384,zipf,0.5,100,5623,1.0,0.0
topk,cms-heap-topk-fastpath-vector2d,rows=3 cols=16384,zipf,0.5,100,10000,1.0,0.0
topk,cms-heap-topk-fastpath-vector2d,rows=3 cols=16384,zipf,0.5,100,17783,1.0,0.0
topk,cms-heap-topk-fastpath-vector2d,rows=3 cols=16384,zipf,0.5,100,31623,1.0,0.0
topk,cms-heap-topk-fastpath-vector2d,rows=3 cols=16384,zipf,0.5,100,56234,1.0,0.0
topk,cms-heap-topk-fastpath-vector2d,rows=3 cols=16384,zipf,0.5,100,100000,1.0,0.0
topk,cms-heap-topk-fastpath-vector2d,rows=3 cols=16384,zipf,0.5,100,177828,1.0,0.0
topk,cms-heap-topk-fastpath-vector2d,rows=3 cols=16384,zipf,0.5,100,316228,1.0,0.0
topk,cms-heap-topk-fastpath-vector2d,rows=3 cols=16384,zipf,0.5,100,562341,1.0,0.0
topk,cms-heap-topk-fastpath-vector2d,rows=3 cols=16384,zipf,0.5,100,1000000,1.0,0.0
topk,cms-heap-topk-fastpath-vector2d,rows=3 cols=16384,zipf,0.5,100,1778279,1.0,0.0
topk,cms-heap-topk-fastpath-vector2d,rows=3 cols=16384,zipf,0.5,100,3162278,1.0,0.0
topk,cms-heap-topk-fastpath-vector2d,rows=3 cols=16384,zipf,0.5,100,5623413,1.0,0.0
topk,cms-heap-topk-fastpath-vector2d,rows=3 cols=16384,zipf,0.5,100,10000000,1.0,0.0
topk,cms-heap-topk-fastpath-vector2d,rows=3 cols=16384,zipf,0.5,100,17782794,1.0,0.0
topk,cms-heap-topk-fastpath-vector2d,rows=3 cols=16384,zipf,0.5,100,31622777,1.0,0.0
topk,cms-heap-topk-fastpath-vector2d,rows=3 cols=16384,zipf,0.5,100,56234133,1.0,0.0
topk,cms-heap-topk-fastpath-vector2d,rows=3 cols=16384,zipf,0.5,100,100000000,1.0,0.0
topk,cms-heap-topk-fastpath-vector2d,rows=3 cols=16384,zipf,0.5,10000,1000,0.5729166666666666,0.010416666666666668
topk,cms-heap-topk-fastpath-vector2d,rows=3 cols=16384,zipf,0.5,10000,1778,0.875,0.03125
topk,cms-heap-topk-fastpath-vector2d,rows=3 cols=16384,zipf,0.5,10000,3162,0.8645833333333334,0.04166666666666667
topk,cms-heap-topk-fastpath-vector2d,rows=3 cols=16384,zipf,0.5,10000,5623,0.9166666666666666,0.020833333333333332
topk,cms-heap-topk-fastpath-vector2d,rows=3 cols=16384,zipf,0.5,10000,10000,0.96875,0.0
topk,cms-heap-topk-fastpath-vector2d,rows=3 cols=16384,zipf,0.5,10000,17783,0.9791666666666666,0.010416666666666668
topk,cms-heap-topk-fastpath-vector2d,rows=3 cols=16384,zipf,0.5,10000,31623,0.9583333333333334,0.010416666666666668
topk,cms-heap-topk-fastpath-vector2d,rows=3 cols=16384,zipf,0.5,10000,56234,0.9895833333333334,0.010416666666666668
topk,cms-heap-topk-fastpath-vector2d,rows=3 cols=16384,zipf,0.5,10000,100000,1.0,0.0
topk,cms-heap-topk-fastpath-vector2d,rows=3 cols=16384,zipf,0.5,10000,177828,0.9791666666666666,0.010416666666666668
topk,cms-heap-topk-fastpath-vector2d,rows=3 cols=16384,zipf,0.5,10000,316228,0.9791666666666666,0.010416666666666668
topk,cms-heap-topk-fastpath-vector2d,rows=3 cols=16384,zipf,0.5,10000,562341,0.9895833333333334,0.010416666666666668
topk,cms-heap-topk-fastpath-vector2d,rows=3 cols=16384,zipf,0.5,10000,1000000,0.9895833333333334,0.010416666666666668
topk,cms-heap-topk-fastpath-vector2d,rows=3 cols=16384,zipf,0.5,10000,1778279,0.9895833333333334,0.010416666666666668
topk,cms-heap-topk-fastpath-vector2d,rows=3 cols=16384,zipf,0.5,10000,3162278,1.0,0.0
topk,cms-heap-topk-fastpath-vector2d,rows=3 cols=16384,zipf,0.5,10000,5623413,1.0,0.0
topk,cms-heap-topk-fastpath-vector2d,rows=3 cols=16384,zipf,0.5,10000,10000000,1.0,0.0
topk,cms-heap-topk-fastpath-vector2d,rows=3 cols=16384,zipf,0.5,10000,17782794,1.0,0.0
topk,cms-heap-topk-fastpath-vector2d,rows=3 cols=16384,zipf,0.5,10000,31622777,1.0,0.0
topk,cms-heap-topk-fastpath-vector2d,rows=3 cols=16384,zipf,0.5,10000,56234133,1.0,0.0
topk,cms-heap-topk-fastpath-vector2d,rows=3 cols=16384,zipf,0.5,10000,100000000,1.0,0.0
topk,cms-heap-topk-fastpath-vector2d,rows=3 cols=16384,zipf,0.5,1000000,1000,0.07291666666666667,0.020833333333333332
topk,cms-heap-topk-fastpath-vector2d,rows=3 cols=16384,zipf,0.5,1000000,1778,0.1875,0.0
topk,cms-heap-topk-fastpath-vector2d,rows=3 cols=16384,zipf,0.5,1000000,3162,0.40625,0.07864410870073697
topk,cms-heap-topk-fastpath-vector2d,rows=3 cols=16384,zipf,0.5,1000000,5623,0.5416666666666666,0.02755990949025615
topk,cms-heap-topk-fastpath-vector2d,rows=3 cols=16384,zipf,0.5,1000000,10000,0.46875,0.05412658773652741
topk,cms-heap-topk-fastpath-vector2d,rows=3 cols=16384,zipf,0.5,1000000,17783,0.5625,0.03125
topk,cms-heap-topk-fastpath-vector2d,rows=3 cols=16384,zipf,0.5,1000000,31623,0.6458333333333334,0.010416666666666668
topk,cms-heap-topk-fastpath-vector2d,rows=3 cols=16384,zipf,0.5,1000000,56234,0.78125,0.0
topk,cms-heap-topk-fastpath-vector2d,rows=3 cols=16384,zipf,0.5,1000000,100000,0.90625,0.03125
topk,cms-heap-topk-fastpath-vector2d,rows=3 cols=16384,zipf,0.5,1000000,177828,0.8958333333333334,0.010416666666666668
topk,cms-heap-topk-fastpath-vector2d,rows=3 cols=16384,zipf,0.5,1000000,316228,0.90625,0.018042195912175804
topk,cms-heap-topk-fastpath-vector2d,rows=3 cols=16384,zipf,0.5,1000000,562341,0.9166666666666666,0.027559909490256152
topk,cms-heap-topk-fastpath-vector2d,rows=3 cols=16384,zipf,0.5,1000000,1000000,0.9375,0.0
topk,cms-heap-topk-fastpath-vector2d,rows=3 cols=16384,zipf,0.5,1000000,1778279,0.9375,0.018042195912175804
topk,cms-heap-topk-fastpath-vector2d,rows=3 cols=16384,zipf,0.5,1000000,3162278,0.9375,0.0
topk,cms-heap-topk-fastpath-vector2d,rows=3 cols=16384,zipf,0.5,1000000,5623413,0.9479166666666666,0.020833333333333332
topk,cms-heap-topk-fastpath-vector2d,rows=3 cols=16384,zipf,0.5,1000000,10000000,0.9270833333333334,0.010416666666666668
topk,cms-heap-topk-fastpath-vector2d,rows=3 cols=16384,zipf,0.5,1000000,17782794,0.9479166666666666,0.010416666666666668
topk,cms-heap-topk-fastpath-vector2d,rows=3 cols=16384,zipf,0.5,1000000,31622777,0.96875,0.0
topk,cms-heap-topk-fastpath-vector2d,rows=3 cols=16384,zipf,0.5,1000000,56234133,0.9895833333333334,0.010416666666666668
topk,cms-heap-topk-fastpath-vector2d,rows=3 cols=16384,zipf,0.5,1000000,100000000,0.9791666666666666,0.010416666666666668
topk,cms-heap-topk-fastpath-vector2d,rows=3 cols=16384,zipf,1.0,10,1000,1.0,0.0
topk,cms-heap-topk-fastpath-vector2d,rows=3 cols=16384,zipf,1.0,10,1778,1.0,0.0
topk,cms-heap-topk-fastpath-vector2d,rows=3 cols=16384,zipf,1.0,10,3162,1.0,0.0
topk,cms-heap-topk-fastpath-vector2d,rows=3 cols=16384,zipf,1.0,10,5623,1.0,0.0
topk,cms-heap-topk-fastpath-vector2d,rows=3 cols=16384,zipf,1.0,10,10000,1.0,0.0
topk,cms-heap-topk-fastpath-vector2d,rows=3 cols=16384,zipf,1.0,10,17783,1.0,0.0
topk,cms-heap-topk-fastpath-vector2d,rows=3 cols=16384,zipf,1.0,10,31623,1.0,0.0
topk,cms-heap-topk-fastpath-vector2d,rows=3 cols=16384,zipf,1.0,10,56234,1.0,0.0
topk,cms-heap-topk-fastpath-vector2d,rows=3 cols=16384,zipf,1.0,10,100000,1.0,0.0
topk,cms-heap-topk-fastpath-vector2d,rows=3 cols=16384,zipf,1.0,10,177828,1.0,0.0
topk,cms-heap-topk-fastpath-vector2d,rows=3 cols=16384,zipf,1.0,10,316228,1.0,0.0
topk,cms-heap-topk-fastpath-vector2d,rows=3 cols=16384,zipf,1.0,10,562341,1.0,0.0
topk,cms-heap-topk-fastpath-vector2d,rows=3 cols=16384,zipf,1.0,10,1000000,1.0,0.0
topk,cms-heap-topk-fastpath-vector2d,rows=3 cols=16384,zipf,1.0,10,1778279,1.0,0.0
topk,cms-heap-topk-fastpath-vector2d,rows=3 cols=16384,zipf,1.0,10,3162278,1.0,0.0
topk,cms-heap-topk-fastpath-vector2d,rows=3 cols=16384,zipf,1.0,10,5623413,1.0,0.0
topk,cms-heap-topk-fastpath-vector2d,rows=3 cols=16384,zipf,1.0,10,10000000,1.0,0.0
topk,cms-heap-topk-fastpath-vector2d,rows=3 cols=16384,zipf,1.0,10,17782794,1.0,0.0
topk,cms-heap-topk-fastpath-vector2d,rows=3 cols=16384,zipf,1.0,10,31622777,1.0,0.0
topk,cms-heap-topk-fastpath-vector2d,rows=3 cols=16384,zipf,1.0,10,56234133,1.0,0.0
topk,cms-heap-topk-fastpath-vector2d,rows=3 cols=16384,zipf,1.0,10,100000000,1.0,0.0
topk,cms-heap-topk-fastpath-vector2d,rows=3 cols=16384,zipf,1.0,100,1000,0.9583333333333334,0.010416666666666668
topk,cms-heap-topk-fastpath-vector2d,rows=3 cols=16384,zipf,1.0,100,1778,0.9791666666666666,0.010416666666666668
topk,cms-heap-topk-fastpath-vector2d,rows=3 cols=16384,zipf,1.0,100,3162,0.9791666666666666,0.010416666666666668
topk,cms-heap-topk-fastpath-vector2d,rows=3 cols=16384,zipf,1.0,100,5623,0.9895833333333334,0.010416666666666668
topk,cms-heap-topk-fastpath-vector2d,rows=3 cols=16384,zipf,1.0,100,10000,1.0,0.0
topk,cms-heap-topk-fastpath-vector2d,rows=3 cols=16384,zipf,1.0,100,17783,1.0,0.0
topk,cms-heap-topk-fastpath-vector2d,rows=3 cols=16384,zipf,1.0,100,31623,1.0,0.0
topk,cms-heap-topk-fastpath-vector2d,rows=3 cols=16384,zipf,1.0,100,56234,1.0,0.0
topk,cms-heap-topk-fastpath-vector2d,rows=3 cols=16384,zipf,1.0,100,100000,1.0,0.0
topk,cms-heap-topk-fastpath-vector2d,rows=3 cols=16384,zipf,1.0,100,177828,1.0,0.0
topk,cms-heap-topk-fastpath-vector2d,rows=3 cols=16384,zipf,1.0,100,316228,1.0,0.0
topk,cms-heap-topk-fastpath-vector2d,rows=3 cols=16384,zipf,1.0,100,562341,1.0,0.0
topk,cms-heap-topk-fastpath-vector2d,rows=3 cols=16384,zipf,1.0,100,1000000,1.0,0.0
topk,cms-heap-topk-fastpath-vector2d,rows=3 cols=16384,zipf,1.0,100,1778279,1.0,0.0
topk,cms-heap-topk-fastpath-vector2d,rows=3 cols=16384,zipf,1.0,100,3162278,1.0,0.0
topk,cms-heap-topk-fastpath-vector2d,rows=3 cols=16384,zipf,1.0,100,5623413,1.0,0.0
topk,cms-heap-topk-fastpath-vector2d,rows=3 cols=16384,zipf,1.0,100,10000000,1.0,0.0
topk,cms-heap-topk-fastpath-vector2d,rows=3 cols=16384,zipf,1.0,100,17782794,1.0,0.0
topk,cms-heap-topk-fastpath-vector2d,rows=3 cols=16384,zipf,1.0,100,31622777,1.0,0.0
topk,cms-heap-topk-fastpath-vector2d,rows=3 cols=16384,zipf,1.0,100,56234133,1.0,0.0
topk,cms-heap-topk-fastpath-vector2d,rows=3 cols=16384,zipf,1.0,100,100000000,1.0,0.0
topk,cms-heap-topk-fastpath-vector2d,rows=3 cols=16384,zipf,1.0,10000,1000,0.9375,0.03608439182435161
topk,cms-heap-topk-fastpath-vector2d,rows=3 cols=16384,zipf,1.0,10000,1778,0.9479166666666666,0.020833333333333332
topk,cms-heap-topk-fastpath-vector2d,rows=3 cols=16384,zipf,1.0,10000,3162,0.96875,0.018042195912175804
topk,cms-heap-topk-fastpath-vector2d,rows=3 cols=16384,zipf,1.0,10000,5623,0.9791666666666666,0.010416666666666668
topk,cms-heap-topk-fastpath-vector2d,rows=3 cols=16384,zipf,1.0,10000,10000,0.9791666666666666,0.010416666666666668
topk,cms-heap-topk-fastpath-vector2d,rows=3 cols=16384,zipf,1.0,10000,17783,1.0,0.0
topk,cms-heap-topk-fastpath-vector2d,rows=3 cols=16384,zipf,1.0,10000,31623,1.0,0.0
topk,cms-heap-topk-fastpath-vector2d,rows=3 cols=16384,zipf,1.0,10000,56234,0.9895833333333334,0.010416666666666668
topk,cms-heap-topk-fastpath-vector2d,rows=3 cols=16384,zipf,1.0,10000,100000,1.0,0.0
topk,cms-heap-topk-fastpath-vector2d,rows=3 cols=16384,zipf,1.0,10000,177828,1.0,0.0
topk,cms-heap-topk-fastpath-vector2d,rows=3 cols=16384,zipf,1.0,10000,316228,1.0,0.0
topk,cms-heap-topk-fastpath-vector2d,rows=3 cols=16384,zipf,1.0,10000,562341,1.0,0.0
topk,cms-heap-topk-fastpath-vector2d,rows=3 cols=16384,zipf,1.0,10000,1000000,1.0,0.0
topk,cms-heap-topk-fastpath-vector2d,rows=3 cols=16384,zipf,1.0,10000,1778279,1.0,0.0
topk,cms-heap-topk-fastpath-vector2d,rows=3 cols=16384,zipf,1.0,10000,3162278,1.0,0.0
topk,cms-heap-topk-fastpath-vector2d,rows=3 cols=16384,zipf,1.0,10000,5623413,1.0,0.0
topk,cms-heap-topk-fastpath-vector2d,rows=3 cols=16384,zipf,1.0,10000,10000000,1.0,0.0
topk,cms-heap-topk-fastpath-vector2d,rows=3 cols=16384,zipf,1.0,10000,17782794,1.0,0.0
topk,cms-heap-topk-fastpath-vector2d,rows=3 cols=16384,zipf,1.0,10000,31622777,1.0,0.0
topk,cms-heap-topk-fastpath-vector2d,rows=3 cols=16384,zipf,1.0,10000,56234133,1.0,0.0
topk,cms-heap-topk-fastpath-vector2d,rows=3 cols=16384,zipf,1.0,10000,100000000,1.0,0.0
topk,cms-heap-topk-fastpath-vector2d,rows=3 cols=16384,zipf,1.0,1000000,1000,0.9375,0.03608439182435161
topk,cms-heap-topk-fastpath-vector2d,rows=3 cols=16384,zipf,1.0,1000000,1778,0.9270833333333334,0.027559909490256152
topk,cms-heap-topk-fastpath-vector2d,rows=3 cols=16384,zipf,1.0,1000000,3162,0.9895833333333334,0.010416666666666668
topk,cms-heap-topk-fastpath-vector2d,rows=3 cols=16384,zipf,1.0,1000000,5623,0.9895833333333334,0.010416666666666668
topk,cms-heap-topk-fastpath-vector2d,rows=3 cols=16384,zipf,1.0,1000000,10000,0.9895833333333334,0.010416666666666668
topk,cms-heap-topk-fastpath-vector2d,rows=3 cols=16384,zipf,1.0,1000000,17783,1.0,0.0
topk,cms-heap-topk-fastpath-vector2d,rows=3 cols=16384,zipf,1.0,1000000,31623,1.0,0.0
topk,cms-heap-topk-fastpath-vector2d,rows=3 cols=16384,zipf,1.0,1000000,56234,1.0,0.0
topk,cms-heap-topk-fastpath-vector2d,rows=3 cols=16384,zipf,1.0,1000000,100000,1.0,0.0
topk,cms-heap-topk-fastpath-vector2d,rows=3 cols=16384,zipf,1.0,1000000,177828,1.0,0.0
topk,cms-heap-topk-fastpath-vector2d,rows=3 cols=16384,zipf,1.0,1000000,316228,1.0,0.0
topk,cms-heap-topk-fastpath-vector2d,rows=3 cols=16384,zipf,1.0,1000000,562341,1.0,0.0
topk,cms-heap-topk-fastpath-vector2d,rows=3 cols=16384,zipf,1.0,1000000,1000000,1.0,0.0
topk,cms-heap-topk-fastpath-vector2d,rows=3 cols=16384,zipf,1.0,1000000,1778279,1.0,0.0
topk,cms-heap-topk-fastpath-vector2d,rows=3 cols=16384,zipf,1.0,1000000,3162278,1.0,0.0
topk,cms-heap-topk-fastpath-vector2d,rows=3 cols=16384,zipf,1.0,1000000,5623413,1.0,0.0
topk,cms-heap-topk-fastpath-vector2d,rows=3 cols=16384,zipf,1.0,1000000,10000000,1.0,0.0
topk,cms-heap-topk-fastpath-vector2d,rows=3 cols=16384,zipf,1.0,1000000,17782794,1.0,0.0
topk,cms-heap-topk-fastpath-vector2d,rows=3 cols=16384,zipf,1.0,1000000,31622777,1.0,0.0
topk,cms-heap-topk-fastpath-vector2d,rows=3 cols=16384,zipf,1.0,1000000,56234133,1.0,0.0
topk,cms-heap-topk-fastpath-vector2d,rows=3 cols=16384,zipf,1.0,1000000,100000000,1.0,0.0
topk,cms-heap-topk-fastpath-vector2d,rows=3 cols=16384,zipf,1.5,10,1000,1.0,0.0
topk,cms-heap-topk-fastpath-vector2d,rows=3 cols=16384,zipf,1.5,10,1778,1.0,0.0
topk,cms-heap-topk-fastpath-vector2d,rows=3 cols=16384,zipf,1.5,10,3162,1.0,0.0
topk,cms-heap-topk-fastpath-vector2d,rows=3 cols=16384,zipf,1.5,10,5623,1.0,0.0
topk,cms-heap-topk-fastpath-vector2d,rows=3 cols=16384,zipf,1.5,10,10000,1.0,0.0
topk,cms-heap-topk-fastpath-vector2d,rows=3 cols=16384,zipf,1.5,10,17783,1.0,0.0
topk,cms-heap-topk-fastpath-vector2d,rows=3 cols=16384,zipf,1.5,10,31623,1.0,0.0
topk,cms-heap-topk-fastpath-vector2d,rows=3 cols=16384,zipf,1.5,10,56234,1.0,0.0
topk,cms-heap-topk-fastpath-vector2d,rows=3 cols=16384,zipf,1.5,10,100000,1.0,0.0
topk,cms-heap-topk-fastpath-vector2d,rows=3 cols=16384,zipf,1.5,10,177828,1.0,0.0
topk,cms-heap-topk-fastpath-vector2d,rows=3 cols=16384,zipf,1.5,10,316228,1.0,0.0
topk,cms-heap-topk-fastpath-vector2d,rows=3 cols=16384,zipf,1.5,10,562341,1.0,0.0
topk,cms-heap-topk-fastpath-vector2d,rows=3 cols=16384,zipf,1.5,10,1000000,1.0,0.0
topk,cms-heap-topk-fastpath-vector2d,rows=3 cols=16384,zipf,1.5,10,1778279,1.0,0.0
topk,cms-heap-topk-fastpath-vector2d,rows=3 cols=16384,zipf,1.5,10,3162278,1.0,0.0
topk,cms-heap-topk-fastpath-vector2d,rows=3 cols=16384,zipf,1.5,10,5623413,1.0,0.0
topk,cms-heap-topk-fastpath-vector2d,rows=3 cols=16384,zipf,1.5,10,10000000,1.0,0.0
topk,cms-heap-topk-fastpath-vector2d,rows=3 cols=16384,zipf,1.5,10,17782794,1.0,0.0
topk,cms-heap-topk-fastpath-vector2d,rows=3 cols=16384,zipf,1.5,10,31622777,1.0,0.0
topk,cms-heap-topk-fastpath-vector2d,rows=3 cols=16384,zipf,1.5,10,56234133,1.0,0.0
topk,cms-heap-topk-fastpath-vector2d,rows=3 cols=16384,zipf,1.5,10,100000000,1.0,0.0
topk,cms-heap-topk-fastpath-vector2d,rows=3 cols=16384,zipf,1.5,100,1000,0.9479166666666666,0.010416666666666668
topk,cms-heap-topk-fastpath-vector2d,rows=3 cols=16384,zipf,1.5,100,1778,1.0,0.0
topk,cms-heap-topk-fastpath-vector2d,rows=3 cols=16384,zipf,1.5,100,3162,1.0,0.0
topk,cms-heap-topk-fastpath-vector2d,rows=3 cols=16384,zipf,1.5,100,5623,0.9791666666666666,0.010416666666666668
topk,cms-heap-topk-fastpath-vector2d,rows=3 cols=16384,zipf,1.5,100,10000,0.9895833333333334,0.010416666666666668
topk,cms-heap-topk-fastpath-vector2d,rows=3 cols=16384,zipf,1.5,100,17783,1.0,0.0
topk,cms-heap-topk-fastpath-vector2d,rows=3 cols=16384,zipf,1.5,100,31623,0.9895833333333334,0.010416666666666668
topk,cms-heap-topk-fastpath-vector2d,rows=3 cols=16384,zipf,1.5,100,56234,1.0,0.0
topk,cms-heap-topk-fastpath-vector2d,rows=3 cols=16384,zipf,1.5,100,100000,1.0,0.0
topk,cms-heap-topk-fastpath-vector2d,rows=3 cols=16384,zipf,1.5,100,177828,1.0,0.0
topk,cms-heap-topk-fastpath-vector2d,rows=3 cols=16384,zipf,1.5,100,316228,1.0,0.0
topk,cms-heap-topk-fastpath-vector2d,rows=3 cols=16384,zipf,1.5,100,562341,1.0,0.0
topk,cms-heap-topk-fastpath-vector2d,rows=3 cols=16384,zipf,1.5,100,1000000,1.0,0.0
topk,cms-heap-topk-fastpath-vector2d,rows=3 cols=16384,zipf,1.5,100,1778279,1.0,0.0
topk,cms-heap-topk-fastpath-vector2d,rows=3 cols=16384,zipf,1.5,100,3162278,1.0,0.0
topk,cms-heap-topk-fastpath-vector2d,rows=3 cols=16384,zipf,1.5,100,5623413,1.0,0.0
topk,cms-heap-topk-fastpath-vector2d,rows=3 cols=16384,zipf,1.5,100,10000000,1.0,0.0
topk,cms-heap-topk-fastpath-vector2d,rows=3 cols=16384,zipf,1.5,100,17782794,1.0,0.0
topk,cms-heap-topk-fastpath-vector2d,rows=3 cols=16384,zipf,1.5,100,31622777,1.0,0.0
topk,cms-heap-topk-fastpath-vector2d,rows=3 cols=16384,zipf,1.5,100,56234133,1.0,0.0
topk,cms-heap-topk-fastpath-vector2d,rows=3 cols=16384,zipf,1.5,100,100000000,1.0,0.0
topk,cms-heap-topk-fastpath-vector2d,rows=3 cols=16384,zipf,1.5,10000,1000,0.96875,0.0
topk,cms-heap-topk-fastpath-vector2d,rows=3 cols=16384,zipf,1.5,10000,1778,0.96875,0.0
topk,cms-heap-topk-fastpath-vector2d,rows=3 cols=16384,zipf,1.5,10000,3162,0.9895833333333334,0.010416666666666668
topk,cms-heap-topk-fastpath-vector2d,rows=3 cols=16384,zipf,1.5,10000,5623,0.9895833333333334,0.010416666666666668
topk,cms-heap-topk-fastpath-vector2d,rows=3 cols=16384,zipf,1.5,10000,10000,0.9791666666666666,0.010416666666666668
topk,cms-heap-topk-fastpath-vector2d,rows=3 cols=16384,zipf,1.5,10000,17783,0.9895833333333334,0.010416666666666668
topk,cms-heap-topk-fastpath-vector2d,rows=3 cols=16384,zipf,1.5,10000,31623,1.0,0.0
topk,cms-heap-topk-fastpath-vector2d,rows=3 cols=16384,zipf,1.5,10000,56234,1.0,0.0
topk,cms-heap-topk-fastpath-vector2d,rows=3 cols=16384,zipf,1.5,10000,100000,1.0,0.0
topk,cms-heap-topk-fastpath-vector2d,rows=3 cols=16384,zipf,1.5,10000,177828,1.0,0.0
topk,cms-heap-topk-fastpath-vector2d,rows=3 cols=16384,zipf,1.5,10000,316228,1.0,0.0
topk,cms-heap-topk-fastpath-vector2d,rows=3 cols=16384,zipf,1.5,10000,562341,1.0,0.0
topk,cms-heap-topk-fastpath-vector2d,rows=3 cols=16384,zipf,1.5,10000,1000000,1.0,0.0
topk,cms-heap-topk-fastpath-vector2d,rows=3 cols=16384,zipf,1.5,10000,1778279,1.0,0.0
topk,cms-heap-topk-fastpath-vector2d,rows=3 cols=16384,zipf,1.5,10000,3162278,1.0,0.0
topk,cms-heap-topk-fastpath-vector2d,rows=3 cols=16384,zipf,1.5,10000,5623413,1.0,0.0
topk,cms-heap-topk-fastpath-vector2d,rows=3 cols=16384,zipf,1.5,10000,10000000,1.0,0.0
topk,cms-heap-topk-fastpath-vector2d,rows=3 cols=16384,zipf,1.5,10000,17782794,1.0,0.0
topk,cms-heap-topk-fastpath-vector2d,rows=3 cols=16384,zipf,1.5,10000,31622777,1.0,0.0
topk,cms-heap-topk-fastpath-vector2d,rows=3 cols=16384,zipf,1.5,10000,56234133,1.0,0.0
topk,cms-heap-topk-fastpath-vector2d,rows=3 cols=16384,zipf,1.5,10000,100000000,1.0,0.0
topk,cms-heap-topk-fastpath-vector2d,rows=3 cols=16384,zipf,1.5,1000000,1000,0.9583333333333334,0.010416666666666668
topk,cms-heap-topk-fastpath-vector2d,rows=3 cols=16384,zipf,1.5,1000000,1778,0.9791666666666666,0.020833333333333332
topk,cms-heap-topk-fastpath-vector2d,rows=3 cols=16384,zipf,1.5,1000000,3162,0.9791666666666666,0.010416666666666668
topk,cms-heap-topk-fastpath-vector2d,rows=3 cols=16384,zipf,1.5,1000000,5623,0.9895833333333334,0.010416666666666668
topk,cms-heap-topk-fastpath-vector2d,rows=3 cols=16384,zipf,1.5,1000000,10000,0.9895833333333334,0.010416666666666668
topk,cms-heap-topk-fastpath-vector2d,rows=3 cols=16384,zipf,1.5,1000000,17783,1.0,0.0
topk,cms-heap-topk-fastpath-vector2d,rows=3 cols=16384,zipf,1.5,1000000,31623,1.0,0.0
topk,cms-heap-topk-fastpath-vector2d,rows=3 cols=16384,zipf,1.5,1000000,56234,1.0,0.0
topk,cms-heap-topk-fastpath-vector2d,rows=3 cols=16384,zipf,1.5,1000000,100000,1.0,0.0
topk,cms-heap-topk-fastpath-vector2d,rows=3 cols=16384,zipf,1.5,1000000,177828,1.0,0.0
topk,cms-heap-topk-fastpath-vector2d,rows=3 cols=16384,zipf,1.5,1000000,316228,1.0,0.0
topk,cms-heap-topk-fastpath-vector2d,rows=3 cols=16384,zipf,1.5,1000000,562341,1.0,0.0
topk,cms-heap-topk-fastpath-vector2d,rows=3 cols=16384,zipf,1.5,1000000,1000000,1.0,0.0
topk,cms-heap-topk-fastpath-vector2d,rows=3 cols=16384,zipf,1.5,1000000,1778279,1.0,0.0
topk,cms-heap-topk-fastpath-vector2d,rows=3 cols=16384,zipf,1.5,1000000,3162278,1.0,0.0
topk,cms-heap-topk-fastpath-vector2d,rows=3 cols=16384,zipf,1.5,1000000,5623413,1.0,0.0
topk,cms-heap-topk-fastpath-vector2d,rows=3 cols=16384,zipf,1.5,1000000,10000000,1.0,0.0
topk,cms-heap-topk-fastpath-vector2d,rows=3 cols=16384,zipf,1.5,1000000,17782794,1.0,0.0
topk,cms-heap-topk-fastpath-vector2d,rows=3 cols=16384,zipf,1.5,1000000,31622777,1.0,0.0
topk,cms-heap-topk-fastpath-vector2d,rows=3 cols=16384,zipf,1.5,1000000,56234133,1.0,0.0
topk,cms-heap-topk-fastpath-vector2d,rows=3 cols=16384,zipf,1.5,1000000,100000000,1.0,0.0
topk,cms-heap-topk-fastpath-vector2d,rows=3 cols=16384,zipf,2.0,10,1000,1.0,0.0
topk,cms-heap-topk-fastpath-vector2d,rows=3 cols=16384,zipf,2.0,10,1778,1.0,0.0
topk,cms-heap-topk-fastpath-vector2d,rows=3 cols=16384,zipf,2.0,10,3162,1.0,0.0
topk,cms-heap-topk-fastpath-vector2d,rows=3 cols=16384,zipf,2.0,10,5623,1.0,0.0
topk,cms-heap-topk-fastpath-vector2d,rows=3 cols=16384,zipf,2.0,10,10000,1.0,0.0
topk,cms-heap-topk-fastpath-vector2d,rows=3 cols=16384,zipf,2.0,10,17783,1.0,0.0
topk,cms-heap-topk-fastpath-vector2d,rows=3 cols=16384,zipf,2.0,10,31623,1.0,0.0
topk,cms-heap-topk-fastpath-vector2d,rows=3 cols=16384,zipf,2.0,10,56234,1.0,0.0
topk,cms-heap-topk-fastpath-vector2d,rows=3 cols=16384,zipf,2.0,10,100000,1.0,0.0
topk,cms-heap-topk-fastpath-vector2d,rows=3 cols=16384,zipf,2.0,10,177828,1.0,0.0
topk,cms-heap-topk-fastpath-vector2d,rows=3 cols=16384,zipf,2.0,10,316228,1.0,0.0
topk,cms-heap-topk-fastpath-vector2d,rows=3 cols=16384,zipf,2.0,10,562341,1.0,0.0
topk,cms-heap-topk-fastpath-vector2d,rows=3 cols=16384,zipf,2.0,10,1000000,1.0,0.0
topk,cms-heap-topk-fastpath-vector2d,rows=3 cols=16384,zipf,2.0,10,1778279,1.0,0.0
topk,cms-heap-topk-fastpath-vector2d,rows=3 cols=16384,zipf,2.0,10,3162278,1.0,0.0
topk,cms-heap-topk-fastpath-vector2d,rows=3 cols=16384,zipf,2.0,10,5623413,1.0,0.0
topk,cms-heap-topk-fastpath-vector2d,rows=3 cols=16384,zipf,2.0,10,10000000,1.0,0.0
topk,cms-heap-topk-fastpath-vector2d,rows=3 cols=16384,zipf,2.0,10,17782794,1.0,0.0
topk,cms-heap-topk-fastpath-vector2d,rows=3 cols=16384,zipf,2.0,10,31622777,1.0,0.0
topk,cms-heap-topk-fastpath-vector2d,rows=3 cols=16384,zipf,2.0,10,56234133,1.0,0.0
topk,cms-heap-topk-fastpath-vector2d,rows=3 cols=16384,zipf,2.0,10,100000000,1.0,0.0
topk,cms-heap-topk-fastpath-vector2d,rows=3 cols=16384,zipf,2.0,100,1000,0.9270833333333334,0.03755782578608322
topk,cms-heap-topk-fastpath-vector2d,rows=3 cols=16384,zipf,2.0,100,1778,0.9270833333333334,0.027559909490256152
topk,cms-heap-topk-fastpath-vector2d,rows=3 cols=16384,zipf,2.0,100,3162,0.96875,0.0
topk,cms-heap-topk-fastpath-vector2d,rows=3 cols=16384,zipf,2.0,100,5623,0.9895833333333334,0.010416666666666668
topk,cms-heap-topk-fastpath-vector2d,rows=3 cols=16384,zipf,2.0,100,10000,0.9895833333333334,0.010416666666666668
topk,cms-heap-topk-fastpath-vector2d,rows=3 cols=16384,zipf,2.0,100,17783,0.9895833333333334,0.010416666666666668
topk,cms-heap-topk-fastpath-vector2d,rows=3 cols=16384,zipf,2.0,100,31623,0.9895833333333334,0.010416666666666668
topk,cms-heap-topk-fastpath-vector2d,rows=3 cols=16384,zipf,2.0,100,56234,0.9895833333333334,0.010416666666666668
topk,cms-heap-topk-fastpath-vector2d,rows=3 cols=16384,zipf,2.0,100,100000,1.0,0.0
topk,cms-heap-topk-fastpath-vector2d,rows=3 cols=16384,zipf,2.0,100,177828,1.0,0.0
topk,cms-heap-topk-fastpath-vector2d,rows=3 cols=16384,zipf,2.0,100,316228,1.0,0.0
topk,cms-heap-topk-fastpath-vector2d,rows=3 cols=16384,zipf,2.0,100,562341,1.0,0.0
topk,cms-heap-topk-fastpath-vector2d,rows=3 cols=16384,zipf,2.0,100,1000000,1.0,0.0
topk,cms-heap-topk-fastpath-vector2d,rows=3 cols=16384,zipf,2.0,100,1778279,1.0,0.0
topk,cms-heap-topk-fastpath-vector2d,rows=3 cols=16384,zipf,2.0,100,3162278,1.0,0.0
topk,cms-heap-topk-fastpath-vector2d,rows=3 cols=16384,zipf,2.0,100,5623413,1.0,0.0
topk,cms-heap-topk-fastpath-vector2d,rows=3 cols=16384,zipf,2.0,100,10000000,1.0,0.0
topk,cms-heap-topk-fastpath-vector2d,rows=3 cols=16384,zipf,2.0,100,17782794,1.0,0.0
topk,cms-heap-topk-fastpath-vector2d,rows=3 cols=16384,zipf,2.0,100,31622777,1.0,0.0
topk,cms-heap-topk-fastpath-vector2d,rows=3 cols=16384,zipf,2.0,100,56234133,1.0,0.0
topk,cms-heap-topk-fastpath-vector2d,rows=3 cols=16384,zipf,2.0,100,100000000,1.0,0.0
topk,cms-heap-topk-fastpath-vector2d,rows=3 cols=16384,zipf,2.0,10000,1000,0.8645833333333334,0.020833333333333332
topk,cms-heap-topk-fastpath-vector2d,rows=3 cols=16384,zipf,2.0,10000,1778,0.90625,0.0
topk,cms-heap-topk-fastpath-vector2d,rows=3 cols=16384,zipf,2.0,10000,3162,0.9270833333333334,0.020833333333333332
topk,cms-heap-topk-fastpath-vector2d,rows=3 cols=16384,zipf,2.0,10000,5623,0.9583333333333334,0.010416666666666668
topk,cms-heap-topk-fastpath-vector2d,rows=3 cols=16384,zipf,2.0,10000,10000,0.96875,0.0
topk,cms-heap-topk-fastpath-vector2d,rows=3 cols=16384,zipf,2.0,10000,17783,0.9895833333333334,0.010416666666666668
topk,cms-heap-topk-fastpath-vector2d,rows=3 cols=16384,zipf,2.0,10000,31623,1.0,0.0
topk,cms-heap-topk-fastpath-vector2d,rows=3 cols=16384,zipf,2.0,10000,56234,1.0,0.0
topk,cms-heap-topk-fastpath-vector2d,rows=3 cols=16384,zipf,2.0,10000,100000,1.0,0.0
topk,cms-heap-topk-fastpath-vector2d,rows=3 cols=16384,zipf,2.0,10000,177828,1.0,0.0
topk,cms-heap-topk-fastpath-vector2d,rows=3 cols=16384,zipf,2.0,10000,316228,1.0,0.0
topk,cms-heap-topk-fastpath-vector2d,rows=3 cols=16384,zipf,2.0,10000,562341,1.0,0.0
topk,cms-heap-topk-fastpath-vector2d,rows=3 cols=16384,zipf,2.0,10000,1000000,1.0,0.0
topk,cms-heap-topk-fastpath-vector2d,rows=3 cols=16384,zipf,2.0,10000,1778279,1.0,0.0
topk,cms-heap-topk-fastpath-vector2d,rows=3 cols=16384,zipf,2.0,10000,3162278,1.0,0.0
topk,cms-heap-topk-fastpath-vector2d,rows=3 cols=16384,zipf,2.0,10000,5623413,1.0,0.0
topk,cms-heap-topk-fastpath-vector2d,rows=3 cols=16384,zipf,2.0,10000,10000000,1.0,0.0
topk,cms-heap-topk-fastpath-vector2d,rows=3 cols=16384,zipf,2.0,10000,17782794,1.0,0.0
topk,cms-heap-topk-fastpath-vector2d,rows=3 cols=16384,zipf,2.0,10000,31622777,1.0,0.0
topk,cms-heap-topk-fastpath-vector2d,rows=3 cols=16384,zipf,2.0,10000,56234133,1.0,0.0
topk,cms-heap-topk-fastpath-vector2d,rows=3 cols=16384,zipf,2.0,10000,100000000,1.0,0.0
topk,cms-heap-topk-fastpath-vector2d,rows=3 cols=16384,zipf,2.0,1000000,1000,0.8645833333333334,0.02755990949025615
topk,cms-heap-topk-fastpath-vector2d,rows=3 cols=16384,zipf,2.0,1000000,1778,0.8958333333333334,0.010416666666666668
topk,cms-heap-topk-fastpath-vector2d,rows=3 cols=16384,zipf,2.0,1000000,3162,0.9375,0.018042195912175804
topk,cms-heap-topk-fastpath-vector2d,rows=3 cols=16384,zipf,2.0,1000000,5623,1.0,0.0
topk,cms-heap-topk-fastpath-vector2d,rows=3 cols=16384,zipf,2.0,1000000,10000,0.9791666666666666,0.010416666666666668
topk,cms-heap-topk-fastpath-vector2d,rows=3 cols=16384,zipf,2.0,1000000,17783,0.9895833333333334,0.010416666666666668
topk,cms-heap-topk-fastpath-vector2d,rows=3 cols=16384,zipf,2.0,1000000,31623,1.0,0.0
topk,cms-heap-topk-fastpath-vector2d,rows=3 cols=16384,zipf,2.0,1000000,56234,1.0,0.0
topk,cms-heap-topk-fastpath-vector2d,rows=3 cols=16384,zipf,2.0,1000000,100000,1.0,0.0
topk,cms-heap-topk-fastpath-vector2d,rows=3 cols=16384,zipf,2.0,1000000,177828,1.0,0.0
topk,cms-heap-topk-fastpath-vector2d,rows=3 cols=16384,zipf,2.0,1000000,316228,1.0,0.0
topk,cms-heap-topk-fastpath-vector2d,rows=3 cols=16384,zipf,2.0,1000000,562341,1.0,0.0
topk,cms-heap-topk-fastpath-vector2d,rows=3 cols=16384,zipf,2.0,1000000,1000000,1.0,0.0
topk,cms-heap-topk-fastpath-vector2d,rows=3 cols=16384,zipf,2.0,1000000,1778279,1.0,0.0
topk,cms-heap-topk-fastpath-vector2d,rows=3 cols=16384,zipf,2.0,1000000,3162278,1.0,0.0
topk,cms-heap-topk-fastpath-vector2d,rows=3 cols=16384,zipf,2.0,1000000,5623413,1.0,0.0
topk,cms-heap-topk-fastpath-vector2d,rows=3 cols=16384,zipf,2.0,1000000,10000000,1.0,0.0
topk,cms-heap-topk-fastpath-vector2d,rows=3 cols=16384,zipf,2.0,1000000,17782794,1.0,0.0
topk,cms-heap-topk-fastpath-vector2d,rows=3 cols=16384,zipf,2.0,1000000,31622777,1.0,0.0
topk,cms-heap-topk-fastpath-vector2d,rows=3 cols=16384,zipf,2.0,1000000,56234133,1.0,0.0
topk,cms-heap-topk-fastpath-vector2d,rows=3 cols=16384,zipf,2.0,1000000,100000000,1.0,0.0
topk,cms-heap-topk-fastpath-vector2d,rows=5 cols=256,zipf,0.0,10,1000,1.0,0.0
topk,cms-heap-topk-fastpath-vector2d,rows=5 cols=256,zipf,0.0,10,1778,1.0,0.0
topk,cms-heap-topk-fastpath-vector2d,rows=5 cols=256,zipf,0.0,10,3162,1.0,0.0
topk,cms-heap-topk-fastpath-vector2d,rows=5 cols=256,zipf,0.0,10,5623,1.0,0.0
topk,cms-heap-topk-fastpath-vector2d,rows=5 cols=256,zipf,0.0,10,10000,1.0,0.0
topk,cms-heap-topk-fastpath-vector2d,rows=5 cols=256,zipf,0.0,10,17783,1.0,0.0
topk,cms-heap-topk-fastpath-vector2d,rows=5 cols=256,zipf,0.0,10,31623,1.0,0.0
topk,cms-heap-topk-fastpath-vector2d,rows=5 cols=256,zipf,0.0,10,56234,1.0,0.0
topk,cms-heap-topk-fastpath-vector2d,rows=5 cols=256,zipf,0.0,10,100000,1.0,0.0
topk,cms-heap-topk-fastpath-vector2d,rows=5 cols=256,zipf,0.0,10,177828,1.0,0.0
topk,cms-heap-topk-fastpath-vector2d,rows=5 cols=256,zipf,0.0,10,316228,1.0,0.0
topk,cms-heap-topk-fastpath-vector2d,rows=5 cols=256,zipf,0.0,10,562341,1.0,0.0
topk,cms-heap-topk-fastpath-vector2d,rows=5 cols=256,zipf,0.0,10,1000000,1.0,0.0
topk,cms-heap-topk-fastpath-vector2d,rows=5 cols=256,zipf,0.0,10,1778279,1.0,0.0
topk,cms-heap-topk-fastpath-vector2d,rows=5 cols=256,zipf,0.0,10,3162278,1.0,0.0
topk,cms-heap-topk-fastpath-vector2d,rows=5 cols=256,zipf,0.0,10,5623413,1.0,0.0
topk,cms-heap-topk-fastpath-vector2d,rows=5 cols=256,zipf,0.0,10,10000000,1.0,0.0
topk,cms-heap-topk-fastpath-vector2d,rows=5 cols=256,zipf,0.0,10,17782794,1.0,0.0
topk,cms-heap-topk-fastpath-vector2d,rows=5 cols=256,zipf,0.0,10,31622777,1.0,0.0
topk,cms-heap-topk-fastpath-vector2d,rows=5 cols=256,zipf,0.0,10,56234133,1.0,0.0
topk,cms-heap-topk-fastpath-vector2d,rows=5 cols=256,zipf,0.0,10,100000000,1.0,0.0
topk,cms-heap-topk-fastpath-vector2d,rows=5 cols=256,zipf,0.0,100,1000,0.9479166666666666,0.010416666666666668
topk,cms-heap-topk-fastpath-vector2d,rows=5 cols=256,zipf,0.0,100,1778,0.9583333333333334,0.010416666666666668
topk,cms-heap-topk-fastpath-vector2d,rows=5 cols=256,zipf,0.0,100,3162,0.9791666666666666,0.010416666666666668
topk,cms-heap-topk-fastpath-vector2d,rows=5 cols=256,zipf,0.0,100,5623,0.96875,0.0
topk,cms-heap-topk-fastpath-vector2d,rows=5 cols=256,zipf,0.0,100,10000,0.9791666666666666,0.010416666666666668
topk,cms-heap-topk-fastpath-vector2d,rows=5 cols=256,zipf,0.0,100,17783,0.9791666666666666,0.010416666666666668
topk,cms-heap-topk-fastpath-vector2d,rows=5 cols=256,zipf,0.0,100,31623,0.9895833333333334,0.010416666666666668
topk,cms-heap-topk-fastpath-vector2d,rows=5 cols=256,zipf,0.0,100,56234,0.9895833333333334,0.010416666666666668
topk,cms-heap-topk-fastpath-vector2d,rows=5 cols=256,zipf,0.0,100,100000,0.9895833333333334,0.010416666666666668
topk,cms-heap-topk-fastpath-vector2d,rows=5 cols=256,zipf,0.0,100,177828,0.9791666666666666,0.020833333333333332
topk,cms-heap-topk-fastpath-vector2d,rows=5 cols=256,zipf,0.0,100,316228,1.0,0.0
topk,cms-heap-topk-fastpath-vector2d,rows=5 cols=256,zipf,0.0,100,562341,1.0,0.0
topk,cms-heap-topk-fastpath-vector2d,rows=5 cols=256,zipf,0.0,100,1000000,0.9791666666666666,0.010416666666666668
topk,cms-heap-topk-fastpath-vector2d,rows=5 cols=256,zipf,0.0,100,1778279,1.0,0.0
topk,cms-heap-topk-fastpath-vector2d,rows=5 cols=256,zipf,0.0,100,3162278,1.0,0.0
topk,cms-heap-topk-fastpath-vector2d,rows=5 cols=256,zipf,0.0,100,5623413,1.0,0.0
topk,cms-heap-topk-fastpath-vector2d,rows=5 cols=256,zipf,0.0,100,10000000,1.0,0.0
topk,cms-heap-topk-fastpath-vector2d,rows=5 cols=256,zipf,0.0,100,17782794,1.0,0.0
topk,cms-heap-topk-fastpath-vector2d,rows=5 cols=256,zipf,0.0,100,31622777,1.0,0.0
topk,cms-heap-topk-fastpath-vector2d,rows=5 cols=256,zipf,0.0,100,56234133,1.0,0.0
topk,cms-heap-topk-fastpath-vector2d,rows=5 cols=256,zipf,0.0,100,100000000,1.0,0.0
topk,cms-heap-topk-fastpath-vector2d,rows=5 cols=256,zipf,0.0,10000,1000,0.2604166666666667,0.020833333333333336
topk,cms-heap-topk-fastpath-vector2d,rows=5 cols=256,zipf,0.0,10000,1778,0.13541666666666666,0.020833333333333336
topk,cms-heap-topk-fastpath-vector2d,rows=5 cols=256,zipf,0.0,10000,3162,0.1875,0.03608439182435161
topk,cms-heap-topk-fastpath-vector2d,rows=5 cols=256,zipf,0.0,10000,5623,0.0625,0.03125
topk,cms-heap-topk-fastpath-vector2d,rows=5 cols=256,zipf,0.0,10000,10000,0.03125,0.018042195912175804
topk,cms-heap-topk-fastpath-vector2d,rows=5 cols=256,zipf,0.0,10000,17783,0.041666666666666664,0.010416666666666666
topk,cms-heap-topk-fastpath-vector2d,rows=5 cols=256,zipf,0.0,10000,31623,0.020833333333333332,0.020833333333333336
topk,cms-heap-topk-fastpath-vector2d,rows=5 cols=256,zipf,0.0,10000,56234,0.020833333333333332,0.010416666666666668
topk,cms-heap-topk-fastpath-vector2d,rows=5 cols=256,zipf,0.0,10000,100000,0.010416666666666666,0.010416666666666668
topk,cms-heap-topk-fastpath-vector2d,rows=5 cols=256,zipf,0.0,10000,177828,0.03125,0.018042195912175804
topk,cms-heap-topk-fastpath-vector2d,rows=5 cols=256,zipf,0.0,10000,316228,0.010416666666666666,0.010416666666666668
topk,cms-heap-topk-fastpath-vector2d,rows=5 cols=256,zipf,0.0,10000,562341,0.0,0.0
topk,cms-heap-topk-fastpath-vector2d,rows=5 cols=256,zipf,0.0,10000,1000000,0.0,0.0
topk,cms-heap-topk-fastpath-vector2d,rows=5 cols=256,zipf,0.0,10000,1778279,0.0,0.0
topk,cms-heap-topk-fastpath-vector2d,rows=5 cols=256,zipf,0.0,10000,3162278,0.0,0.0
topk,cms-heap-topk-fastpath-vector2d,rows=5 cols=256,zipf,0.0,10000,5623413,0.010416666666666666,0.010416666666666668
topk,cms-heap-topk-fastpath-vector2d,rows=5 cols=256,zipf,0.0,10000,10000000,0.020833333333333332,0.020833333333333336
topk,cms-heap-topk-fastpath-vector2d,rows=5 cols=256,zipf,0.0,10000,17782794,0.020833333333333332,0.010416666666666668
topk,cms-heap-topk-fastpath-vector2d,rows=5 cols=256,zipf,0.0,10000,31622777,0.010416666666666666,0.010416666666666668
topk,cms-heap-topk-fastpath-vector2d,rows=5 cols=256,zipf,0.0,10000,56234133,0.0,0.0
topk,cms-heap-topk-fastpath-vector2d,rows=5 cols=256,zipf,0.0,10000,100000000,0.0,0.0
topk,cms-heap-topk-fastpath-vector2d,rows=5 cols=256,zipf,0.0,1000000,1000,0.020833333333333332,0.010416666666666668
topk,cms-heap-topk-fastpath-vector2d,rows=5 cols=256,zipf,0.0,1000000,1778,0.03125,0.018042195912175804
topk,cms-heap-topk-fastpath-vector2d,rows=5 cols=256,zipf,0.0,1000000,3162,0.0,0.0
topk,cms-heap-topk-fastpath-vector2d,rows=5 cols=256,zipf,0.0,1000000,5623,0.010416666666666666,0.010416666666666668
topk,cms-heap-topk-fastpath-vector2d,rows=5 cols=256,zipf,0.0,1000000,10000,0.03125,0.018042195912175804
topk,cms-heap-topk-fastpath-vector2d,rows=5 cols=256,zipf,0.0,1000000,17783,0.020833333333333332,0.010416666666666668
topk,cms-heap-topk-fastpath-vector2d,rows=5 cols=256,zipf,0.0,1000000,31623,0.0,0.0
topk,cms-heap-topk-fastpath-vector2d,rows=5 cols=256,zipf,0.0,1000000,56234,0.0,0.0
topk,cms-heap-topk-fastpath-vector2d,rows=5 cols=256,zipf,0.0,1000000,100000,0.0,0.0
topk,cms-heap-topk-fastpath-vector2d,rows=5 cols=256,zipf,0.0,1000000,177828,0.0,0.0
topk,cms-heap-topk-fastpath-vector2d,rows=5 cols=256,zipf,0.0,1000000,316228,0.0,0.0
topk,cms-heap-topk-fastpath-vector2d,rows=5 cols=256,zipf,0.0,1000000,562341,0.0,0.0
topk,cms-heap-topk-fastpath-vector2d,rows=5 cols=256,zipf,0.0,1000000,1000000,0.0,0.0
topk,cms-heap-topk-fastpath-vector2d,rows=5 cols=256,zipf,0.0,1000000,1778279,0.0,0.0
topk,cms-heap-topk-fastpath-vector2d,rows=5 cols=256,zipf,0.0,1000000,3162278,0.0,0.0
topk,cms-heap-topk-fastpath-vector2d,rows=5 cols=256,zipf,0.0,1000000,5623413,0.0,0.0
topk,cms-heap-topk-fastpath-vector2d,rows=5 cols=256,zipf,0.0,1000000,10000000,0.0,0.0
topk,cms-heap-topk-fastpath-vector2d,rows=5 cols=256,zipf,0.0,1000000,17782794,0.0,0.0
topk,cms-heap-topk-fastpath-vector2d,rows=5 cols=256,zipf,0.0,1000000,31622777,0.0,0.0
topk,cms-heap-topk-fastpath-vector2d,rows=5 cols=256,zipf,0.0,1000000,56234133,0.0,0.0
topk,cms-heap-topk-fastpath-vector2d,rows=5 cols=256,zipf,0.0,1000000,100000000,0.0,0.0
topk,cms-heap-topk-fastpath-vector2d,rows=5 cols=256,zipf,0.5,10,1000,1.0,0.0
topk,cms-heap-topk-fastpath-vector2d,rows=5 cols=256,zipf,0.5,10,1778,1.0,0.0
topk,cms-heap-topk-fastpath-vector2d,rows=5 cols=256,zipf,0.5,10,3162,1.0,0.0
topk,cms-heap-topk-fastpath-vector2d,rows=5 cols=256,zipf,0.5,10,5623,1.0,0.0
topk,cms-heap-topk-fastpath-vector2d,rows=5 cols=256,zipf,0.5,10,10000,1.0,0.0
topk,cms-heap-topk-fastpath-vector2d,rows=5 cols=256,zipf,0.5,10,17783,1.0,0.0
topk,cms-heap-topk-fastpath-vector2d,rows=5 cols=256,zipf,0.5,10,31623,1.0,0.0
topk,cms-heap-topk-fastpath-vector2d,rows=5 cols=256,zipf,0.5,10,56234,1.0,0.0
topk,cms-heap-topk-fastpath-vector2d,rows=5 cols=256,zipf,0.5,10,100000,1.0,0.0
topk,cms-heap-topk-fastpath-vector2d,rows=5 cols=256,zipf,0.5,10,177828,1.0,0.0
topk,cms-heap-topk-fastpath-vector2d,rows=5 cols=256,zipf,0.5,10,316228,1.0,0.0
topk,cms-heap-topk-fastpath-vector2d,rows=5 cols=256,zipf,0.5,10,562341,1.0,0.0
topk,cms-heap-topk-fastpath-vector2d,rows=5 cols=256,zipf,0.5,10,1000000,1.0,0.0
topk,cms-heap-topk-fastpath-vector2d,rows=5 cols=256,zipf,0.5,10,1778279,1.0,0.0
topk,cms-heap-topk-fastpath-vector2d,rows=5 cols=256,zipf,0.5,10,3162278,1.0,0.0
topk,cms-heap-topk-fastpath-vector2d,rows=5 cols=256,zipf,0.5,10,5623413,1.0,0.0
topk,cms-heap-topk-fastpath-vector2d,rows=5 cols=256,zipf,0.5,10,10000000,1.0,0.0
topk,cms-heap-topk-fastpath-vector2d,rows=5 cols=256,zipf,0.5,10,17782794,1.0,0.0
topk,cms-heap-topk-fastpath-vector2d,rows=5 cols=256,zipf,0.5,10,31622777,1.0,0.0
topk,cms-heap-topk-fastpath-vector2d,rows=5 cols=256,zipf,0.5,10,56234133,1.0,0.0
topk,cms-heap-topk-fastpath-vector2d,rows=5 cols=256,zipf,0.5,10,100000000,1.0,0.0
topk,cms-heap-topk-fastpath-vector2d,rows=5 cols=256,zipf,0.5,100,1000,0.9583333333333334,0.010416666666666668
topk,cms-heap-topk-fastpath-vector2d,rows=5 cols=256,zipf,0.5,100,1778,0.9895833333333334,0.010416666666666668
topk,cms-heap-topk-fastpath-vector2d,rows=5 cols=256,zipf,0.5,100,3162,0.9895833333333334,0.010416666666666668
topk,cms-heap-topk-fastpath-vector2d,rows=5 cols=256,zipf,0.5,100,5623,1.0,0.0
topk,cms-heap-topk-fastpath-vector2d,rows=5 cols=256,zipf,0.5,100,10000,1.0,0.0
topk,cms-heap-topk-fastpath-vector2d,rows=5 cols=256,zipf,0.5,100,17783,1.0,0.0
topk,cms-heap-topk-fastpath-vector2d,rows=5 cols=256,zipf,0.5,100,31623,1.0,0.0
topk,cms-heap-topk-fastpath-vector2d,rows=5 cols=256,zipf,0.5,100,56234,1.0,0.0
topk,cms-heap-topk-fastpath-vector2d,rows=5 cols=256,zipf,0.5,100,100000,1.0,0.0
topk,cms-heap-topk-fastpath-vector2d,rows=5 cols=256,zipf,0.5,100,177828,1.0,0.0
topk,cms-heap-topk-fastpath-vector2d,rows=5 cols=256,zipf,0.5,100,316228,1.0,0.0
topk,cms-heap-topk-fastpath-vector2d,rows=5 cols=256,zipf,0.5,100,562341,1.0,0.0
topk,cms-heap-topk-fastpath-vector2d,rows=5 cols=256,zipf,0.5,100,1000000,1.0,0.0
topk,cms-heap-topk-fastpath-vector2d,rows=5 cols=256,zipf,0.5,100,1778279,1.0,0.0
topk,cms-heap-topk-fastpath-vector2d,rows=5 cols=256,zipf,0.5,100,3162278,1.0,0.0
topk,cms-heap-topk-fastpath-vector2d,rows=5 cols=256,zipf,0.5,100,5623413,1.0,0.0
topk,cms-heap-topk-fastpath-vector2d,rows=5 cols=256,zipf,0.5,100,10000000,1.0,0.0
topk,cms-heap-topk-fastpath-vector2d,rows=5 cols=256,zipf,0.5,100,17782794,1.0,0.0
topk,cms-heap-topk-fastpath-vector2d,rows=5 cols=256,zipf,0.5,100,31622777,1.0,0.0
topk,cms-heap-topk-fastpath-vector2d,rows=5 cols=256,zipf,0.5,100,56234133,1.0,0.0
topk,cms-heap-topk-fastpath-vector2d,rows=5 cols=256,zipf,0.5,100,100000000,1.0,0.0
topk,cms-heap-topk-fastpath-vector2d,rows=5 cols=256,zipf,0.5,10000,1000,0.3541666666666667,0.020833333333333336
topk,cms-heap-topk-fastpath-vector2d,rows=5 cols=256,zipf,0.5,10000,1778,0.34375,0.05412658773652741
topk,cms-heap-topk-fastpath-vector2d,rows=5 cols=256,zipf,0.5,10000,3162,0.40625,0.018042195912175804
topk,cms-heap-topk-fastpath-vector2d,rows=5 cols=256,zipf,0.5,10000,5623,0.4270833333333333,0.020833333333333336
topk,cms-heap-topk-fastpath-vector2d,rows=5 cols=256,zipf,0.5,10000,10000,0.53125,0.03608439182435161
topk,cms-heap-topk-fastpath-vector2d,rows=5 cols=256,zipf,0.5,10000,17783,0.5,0.018042195912175804
topk,cms-heap-topk-fastpath-vector2d,rows=5 cols=256,zipf,0.5,10000,31623,0.46875,0.047735163489123336
topk,cms-heap-topk-fastpath-vector2d,rows=5 cols=256,zipf,0.5,10000,56234,0.5208333333333334,0.04540519732854868
topk,cms-heap-topk-fastpath-vector2d,rows=5 cols=256,zipf,0.5,10000,100000,0.4375,0.0
topk,cms-heap-topk-fastpath-vector2d,rows=5 cols=256,zipf,0.5,10000,177828,0.46875,0.0
topk,cms-heap-topk-fastpath-vector2d,rows=5 cols=256,zipf,0.5,10000,316228,0.46875,0.018042195912175804
topk,cms-heap-topk-fastpath-vector2d,rows=5 cols=256,zipf,0.5,10000,562341,0.4375,0.018042195912175804
topk,cms-heap-topk-fastpath-vector2d,rows=5 cols=256,zipf,0.5,10000,1000000,0.40625,0.0
topk,cms-heap-topk-fastpath-vector2d,rows=5 cols=256,zipf,0.5,10000,1778279,0.40625,0.018042195912175804
topk,cms-heap-topk-fastpath-vector2d,rows=5 cols=256,zipf,0.5,10000,3162278,0.3958333333333333,0.010416666666666666
topk,cms-heap-topk-fastpath-vector2d,rows=5 cols=256,zipf,0.5,10000,5623413,0.3854166666666667,0.010416666666666666
topk,cms-heap-topk-fastpath-vector2d,rows=5 cols=256,zipf,0.5,10000,10000000,0.3854166666666667,0.010416666666666666
topk,cms-heap-topk-fastpath-vector2d,rows=5 cols=256,zipf,0.5,10000,17782794,0.3854166666666667,0.010416666666666666
topk,cms-heap-topk-fastpath-vector2d,rows=5 cols=256,zipf,0.5,10000,31622777,0.3854166666666667,0.010416666666666666
topk,cms-heap-topk-fastpath-vector2d,rows=5 cols=256,zipf,0.5,10000,56234133,0.375,0.0
topk,cms-heap-topk-fastpath-vector2d,rows=5 cols=256,zipf,0.5,10000,100000000,0.375,0.0
topk,cms-heap-topk-fastpath-vector2d,rows=5 cols=256,zipf,0.5,1000000,1000,0.010416666666666666,0.010416666666666668
topk,cms-heap-topk-fastpath-vector2d,rows=5 cols=256,zipf,0.5,1000000,1778,0.020833333333333332,0.010416666666666668
topk,cms-heap-topk-fastpath-vector2d,rows=5 cols=256,zipf,0.5,1000000,3162,0.020833333333333332,0.010416666666666668
topk,cms-heap-topk-fastpath-vector2d,rows=5 cols=256,zipf,0.5,1000000,5623,0.03125,0.018042195912175804
topk,cms-heap-topk-fastpath-vector2d,rows=5 cols=256,zipf,0.5,1000000,10000,0.03125,0.018042195912175804
topk,cms-heap-topk-fastpath-vector2d,rows=5 cols=256,zipf,0.5,1000000,17783,0.052083333333333336,0.010416666666666666
topk,cms-heap-topk-fastpath-vector2d,rows=5 cols=256,zipf,0.5,1000000,31623,0.03125,0.0
topk,cms-heap-topk-fastpath-vector2d,rows=5 cols=256,zipf,0.5,1000000,56234,0.0625,0.018042195912175804
topk,cms-heap-topk-fastpath-vector2d,rows=5 cols=256,zipf,0.5,1000000,100000,0.07291666666666667,0.010416666666666668
topk,cms-heap-topk-fastpath-vector2d,rows=5 cols=256,zipf,0.5,1000000,177828,0.10416666666666667,0.020833333333333332
topk,cms-heap-topk-fastpath-vector2d,rows=5 cols=256,zipf,0.5,1000000,316228,0.1875,0.018042195912175804
topk,cms-heap-topk-fastpath-vector2d,rows=5 cols=256,zipf,0.5,1000000,562341,0.22916666666666666,0.02755990949025615
topk,cms-heap-topk-fastpath-vector2d,rows=5 cols=256,zipf,0.5,1000000,1000000,0.21875,0.018042195912175804
topk,cms-heap-topk-fastpath-vector2d,rows=5 cols=256,zipf,0.5,1000000,1778279,0.19791666666666666,0.010416666666666668
topk,cms-heap-topk-fastpath-vector2d,rows=5 cols=256,zipf,0.5,1000000,3162278,0.21875,0.018042195912175804
topk,cms-heap-topk-fastpath-vector2d,rows=5 cols=256,zipf,0.5,1000000,5623413,0.17708333333333334,0.02755990949025615
topk,cms-heap-topk-fastpath-vector2d,rows=5 cols=256,zipf,0.5,1000000,10000000,0.17708333333333334,0.02755990949025615
topk,cms-heap-topk-fastpath-vector2d,rows=5 cols=256,zipf,0.5,1000000,17782794,0.16666666666666666,0.02755990949025615
topk,cms-heap-topk-fastpath-vector2d,rows=5 cols=256,zipf,0.5,1000000,31622777,0.14583333333333334,0.010416666666666668
topk,cms-heap-topk-fastpath-vector2d,rows=5 cols=256,zipf,0.5,1000000,56234133,0.14583333333333334,0.010416666666666668
topk,cms-heap-topk-fastpath-vector2d,rows=5 cols=256,zipf,0.5,1000000,100000000,0.14583333333333334,0.010416666666666668
topk,cms-heap-topk-fastpath-vector2d,rows=5 cols=256,zipf,1.0,10,1000,1.0,0.0
topk,cms-heap-topk-fastpath-vector2d,rows=5 cols=256,zipf,1.0,10,1778,1.0,0.0
topk,cms-heap-topk-fastpath-vector2d,rows=5 cols=256,zipf,1.0,10,3162,1.0,0.0
topk,cms-heap-topk-fastpath-vector2d,rows=5 cols=256,zipf,1.0,10,5623,1.0,0.0
topk,cms-heap-topk-fastpath-vector2d,rows=5 cols=256,zipf,1.0,10,10000,1.0,0.0
topk,cms-heap-topk-fastpath-vector2d,rows=5 cols=256,zipf,1.0,10,17783,1.0,0.0
topk,cms-heap-topk-fastpath-vector2d,rows=5 cols=256,zipf,1.0,10,31623,1.0,0.0
topk,cms-heap-topk-fastpath-vector2d,rows=5 cols=256,zipf,1.0,10,56234,1.0,0.0
topk,cms-heap-topk-fastpath-vector2d,rows=5 cols=256,zipf,1.0,10,100000,1.0,0.0
topk,cms-heap-topk-fastpath-vector2d,rows=5 cols=256,zipf,1.0,10,177828,1.0,0.0
topk,cms-heap-topk-fastpath-vector2d,rows=5 cols=256,zipf,1.0,10,316228,1.0,0.0
topk,cms-heap-topk-fastpath-vector2d,rows=5 cols=256,zipf,1.0,10,562341,1.0,0.0
topk,cms-heap-topk-fastpath-vector2d,rows=5 cols=256,zipf,1.0,10,1000000,1.0,0.0
topk,cms-heap-topk-fastpath-vector2d,rows=5 cols=256,zipf,1.0,10,1778279,1.0,0.0
topk,cms-heap-topk-fastpath-vector2d,rows=5 cols=256,zipf,1.0,10,3162278,1.0,0.0
topk,cms-heap-topk-fastpath-vector2d,rows=5 cols=256,zipf,1.0,10,5623413,1.0,0.0
topk,cms-heap-topk-fastpath-vector2d,rows=5 cols=256,zipf,1.0,10,10000000,1.0,0.0
topk,cms-heap-topk-fastpath-vector2d,rows=5 cols=256,zipf,1.0,10,17782794,1.0,0.0
topk,cms-heap-topk-fastpath-vector2d,rows=5 cols=256,zipf,1.0,10,31622777,1.0,0.0
topk,cms-heap-topk-fastpath-vector2d,rows=5 cols=256,zipf,1.0,10,56234133,1.0,0.0
topk,cms-heap-topk-fastpath-vector2d,rows=5 cols=256,zipf,1.0,10,100000000,1.0,0.0
topk,cms-heap-topk-fastpath-vector2d,rows=5 cols=256,zipf,1.0,100,1000,0.9583333333333334,0.010416666666666668
topk,cms-heap-topk-fastpath-vector2d,rows=5 cols=256,zipf,1.0,100,1778,0.9791666666666666,0.010416666666666668
topk,cms-heap-topk-fastpath-vector2d,rows=5 cols=256,zipf,1.0,100,3162,0.9791666666666666,0.010416666666666668
topk,cms-heap-topk-fastpath-vector2d,rows=5 cols=256,zipf,1.0,100,5623,0.9895833333333334,0.010416666666666668
topk,cms-heap-topk-fastpath-vector2d,rows=5 cols=256,zipf,1.0,100,10000,1.0,0.0
topk,cms-heap-topk-fastpath-vector2d,rows=5 cols=256,zipf,1.0,100,17783,1.0,0.0
topk,cms-heap-topk-fastpath-vector2d,rows=5 cols=256,zipf,1.0,100,31623,1.0,0.0
topk,cms-heap-topk-fastpath-vector2d,rows=5 cols=256,zipf,1.0,100,56234,1.0,0.0
topk,cms-heap-topk-fastpath-vector2d,rows=5 cols=256,zipf,1.0,100,100000,1.0,0.0
topk,cms-heap-topk-fastpath-vector2d,rows=5 cols=256,zipf,1.0,100,177828,1.0,0.0
topk,cms-heap-topk-fastpath-vector2d,rows=5 cols=256,zipf,1.0,100,316228,1.0,0.0
topk,cms-heap-topk-fastpath-vector2d,rows=5 cols=256,zipf,1.0,100,562341,1.0,0.0
topk,cms-heap-topk-fastpath-vector2d,rows=5 cols=256,zipf,1.0,100,1000000,1.0,0.0
topk,cms-heap-topk-fastpath-vector2d,rows=5 cols=256,zipf,1.0,100,1778279,1.0,0.0
topk,cms-heap-topk-fastpath-vector2d,rows=5 cols=256,zipf,1.0,100,3162278,1.0,0.0
topk,cms-heap-topk-fastpath-vector2d,rows=5 cols=256,zipf,1.0,100,5623413,1.0,0.0
topk,cms-heap-topk-fastpath-vector2d,rows=5 cols=256,zipf,1.0,100,10000000,1.0,0.0
topk,cms-heap-topk-fastpath-vector2d,rows=5 cols=256,zipf,1.0,100,17782794,1.0,0.0
topk,cms-heap-topk-fastpath-vector2d,rows=5 cols=256,zipf,1.0,100,31622777,1.0,0.0
topk,cms-heap-topk-fastpath-vector2d,rows=5 cols=256,zipf,1.0,100,56234133,1.0,0.0
topk,cms-heap-topk-fastpath-vector2d,rows=5 cols=256,zipf,1.0,100,100000000,1.0,0.0
topk,cms-heap-topk-fastpath-vector2d,rows=5 cols=256,zipf,1.0,10000,1000,0.8645833333333334,0.02755990949025615
topk,cms-heap-topk-fastpath-vector2d,rows=5 cols=256,zipf,1.0,10000,1778,0.90625,0.018042195912175804
topk,cms-heap-topk-fastpath-vector2d,rows=5 cols=256,zipf,1.0,10000,3162,0.9270833333333334,0.010416666666666668
topk,cms-heap-topk-fastpath-vector2d,rows=5 cols=256,zipf,1.0,10000,5623,0.9375,0.018042195912175804
topk,cms-heap-topk-fastpath-vector2d,rows=5 cols=256,zipf,1.0,10000,10000,0.9375,0.018042195912175804
topk,cms-heap-topk-fastpath-vector2d,rows=5 cols=256,zipf,1.0,10000,17783,0.9270833333333334,0.020833333333333332
topk,cms-heap-topk-fastpath-vector2d,rows=5 cols=256,zipf,1.0,10000,31623,0.9479166666666666,0.010416666666666668
topk,cms-heap-topk-fastpath-vector2d,rows=5 cols=256,zipf,1.0,10000,56234,0.96875,0.0
topk,cms-heap-topk-fastpath-vector2d,rows=5 cols=256,zipf,1.0,10000,100000,0.9791666666666666,0.010416666666666668
topk,cms-heap-topk-fastpath-vector2d,rows=5 cols=256,zipf,1.0,10000,177828,0.9479166666666666,0.010416666666666668
topk,cms-heap-topk-fastpath-vector2d,rows=5 cols=256,zipf,1.0,10000,316228,0.9583333333333334,0.010416666666666668
topk,cms-heap-topk-fastpath-vector2d,rows=5 cols=256,zipf,1.0,10000,562341,0.9583333333333334,0.010416666666666668
topk,cms-heap-topk-fastpath-vector2d,rows=5 cols=256,zipf,1.0,10000,1000000,0.9375,0.018042195912175804
topk,cms-heap-topk-fastpath-vector2d,rows=5 cols=256,zipf,1.0,10000,1778279,0.9375,0.0
topk,cms-heap-topk-fastpath-vector2d,rows=5 cols=256,zipf,1.0,10000,3162278,0.9375,0.0
topk,cms-heap-topk-fastpath-vector2d,rows=5 cols=256,zipf,1.0,10000,5623413,0.9375,0.0
topk,cms-heap-topk-fastpath-vector2d,rows=5 cols=256,zipf,1.0,10000,10000000,0.9375,0.0
topk,cms-heap-topk-fastpath-vector2d,rows=5 cols=256,zipf,1.0,10000,17782794,0.9375,0.0
topk,cms-heap-topk-fastpath-vector2d,rows=5 cols=256,zipf,1.0,10000,31622777,0.9375,0.0
topk,cms-heap-topk-fastpath-vector2d,rows=5 cols=256,zipf,1.0,10000,56234133,0.9375,0.0
topk,cms-heap-topk-fastpath-vector2d,rows=5 cols=256,zipf,1.0,10000,100000000,0.9375,0.0
topk,cms-heap-topk-fastpath-vector2d,rows=5 cols=256,zipf,1.0,1000000,1000,0.7604166666666666,0.010416666666666668
topk,cms-heap-topk-fastpath-vector2d,rows=5 cols=256,zipf,1.0,1000000,1778,0.84375,0.018042195912175804
topk,cms-heap-topk-fastpath-vector2d,rows=5 cols=256,zipf,1.0,1000000,3162,0.8645833333333334,0.010416666666666668
topk,cms-heap-topk-fastpath-vector2d,rows=5 cols=256,zipf,1.0,1000000,5623,0.875,0.018042195912175804
topk,cms-heap-topk-fastpath-vector2d,rows=5 cols=256,zipf,1.0,1000000,10000,0.9479166666666666,0.027559909490256152
topk,cms-heap-topk-fastpath-vector2d,rows=5 cols=256,zipf,1.0,1000000,17783,0.9166666666666666,0.010416666666666668
topk,cms-heap-topk-fastpath-vector2d,rows=5 cols=256,zipf,1.0,1000000,31623,0.9375,0.0
topk,cms-heap-topk-fastpath-vector2d,rows=5 cols=256,zipf,1.0,1000000,56234,0.9479166666666666,0.010416666666666668
topk,cms-heap-topk-fastpath-vector2d,rows=5 cols=256,zipf,1.0,1000000,100000,0.9583333333333334,0.010416666666666668
topk,cms-heap-topk-fastpath-vector2d,rows=5 cols=256,zipf,1.0,1000000,177828,0.9375,0.018042195912175804
topk,cms-heap-topk-fastpath-vector2d,rows=5 cols=256,zipf,1.0,1000000,316228,0.9479166666666666,0.010416666666666668
topk,cms-heap-topk-fastpath-vector2d,rows=5 cols=256,zipf,1.0,1000000,562341,0.9166666666666666,0.020833333333333332
topk,cms-heap-topk-fastpath-vector2d,rows=5 cols=256,zipf,1.0,1000000,1000000,0.8645833333333334,0.010416666666666668
topk,cms-heap-topk-fastpath-vector2d,rows=5 cols=256,zipf,1.0,1000000,1778279,0.8645833333333334,0.010416666666666668
topk,cms-heap-topk-fastpath-vector2d,rows=5 cols=256,zipf,1.0,1000000,3162278,0.8229166666666666,0.027559909490256152
topk,cms-heap-topk-fastpath-vector2d,rows=5 cols=256,zipf,1.0,1000000,5623413,0.8125,0.0
topk,cms-heap-topk-fastpath-vector2d,rows=5 cols=256,zipf,1.0,1000000,10000000,0.7395833333333334,0.010416666666666668
topk,cms-heap-topk-fastpath-vector2d,rows=5 cols=256,zipf,1.0,1000000,17782794,0.7291666666666666,0.010416666666666668
topk,cms-heap-topk-fastpath-vector2d,rows=5 cols=256,zipf,1.0,1000000,31622777,0.71875,0.0
topk,cms-heap-topk-fastpath-vector2d,rows=5 cols=256,zipf,1.0,1000000,56234133,0.6770833333333334,0.020833333333333332
topk,cms-heap-topk-fastpath-vector2d,rows=5 cols=256,zipf,1.0,1000000,100000000,0.65625,0.0
topk,cms-heap-topk-fastpath-vector2d,rows=5 cols=256,zipf,1.5,10,1000,1.0,0.0
topk,cms-heap-topk-fastpath-vector2d,rows=5 cols=256,zipf,1.5,10,1778,1.0,0.0
topk,cms-heap-topk-fastpath-vector2d,rows=5 cols=256,zipf,1.5,10,3162,1.0,0.0
topk,cms-heap-topk-fastpath-vector2d,rows=5 cols=256,zipf,1.5,10,5623,1.0,0.0
topk,cms-heap-topk-fastpath-vector2d,rows=5 cols=256,zipf,1.5,10,10000,1.0,0.0
topk,cms-heap-topk-fastpath-vector2d,rows=5 cols=256,zipf,1.5,10,17783,1.0,0.0
topk,cms-heap-topk-fastpath-vector2d,rows=5 cols=256,zipf,1.5,10,31623,1.0,0.0
topk,cms-heap-topk-fastpath-vector2d,rows=5 cols=256,zipf,1.5,10,56234,1.0,0.0
topk,cms-heap-topk-fastpath-vector2d,rows=5 cols=256,zipf,1.5,10,100000,1.0,0.0
topk,cms-heap-topk-fastpath-vector2d,rows=5 cols=256,zipf,1.5,10,177828,1.0,0.0
topk,cms-heap-topk-fastpath-vector2d,rows=5 cols=256,zipf,1.5,10,316228,1.0,0.0
topk,cms-heap-topk-fastpath-vector2d,rows=5 cols=256,zipf,1.5,10,562341,1.0,0.0
topk,cms-heap-topk-fastpath-vector2d,rows=5 cols=256,zipf,1.5,10,1000000,1.0,0.0
topk,cms-heap-topk-fastpath-vector2d,rows=5 cols=256,zipf,1.5,10,1778279,1.0,0.0
topk,cms-heap-topk-fastpath-vector2d,rows=5 cols=256,zipf,1.5,10,3162278,1.0,0.0
topk,cms-heap-topk-fastpath-vector2d,rows=5 cols=256,zipf,1.5,10,5623413,1.0,0.0
topk,cms-heap-topk-fastpath-vector2d,rows=5 cols=256,zipf,1.5,10,10000000,1.0,0.0
topk,cms-heap-topk-fastpath-vector2d,rows=5 cols=256,zipf,1.5,10,17782794,1.0,0.0
topk,cms-heap-topk-fastpath-vector2d,rows=5 cols=256,zipf,1.5,10,31622777,1.0,0.0
topk,cms-heap-topk-fastpath-vector2d,rows=5 cols=256,zipf,1.5,10,56234133,1.0,0.0
topk,cms-heap-topk-fastpath-vector2d,rows=5 cols=256,zipf,1.5,10,100000000,1.0,0.0
topk,cms-heap-topk-fastpath-vector2d,rows=5 cols=256,zipf,1.5,100,1000,0.9479166666666666,0.010416666666666668
topk,cms-heap-topk-fastpath-vector2d,rows=5 cols=256,zipf,1.5,100,1778,1.0,0.0
topk,cms-heap-topk-fastpath-vector2d,rows=5 cols=256,zipf,1.5,100,3162,1.0,0.0
topk,cms-heap-topk-fastpath-vector2d,rows=5 cols=256,zipf,1.5,100,5623,0.9791666666666666,0.010416666666666668
topk,cms-heap-topk-fastpath-vector2d,rows=5 cols=256,zipf,1.5,100,10000,0.9895833333333334,0.010416666666666668
topk,cms-heap-topk-fastpath-vector2d,rows=5 cols=256,zipf,1.5,100,17783,1.0,0.0
topk,cms-heap-topk-fastpath-vector2d,rows=5 cols=256,zipf,1.5,100,31623,0.9895833333333334,0.010416666666666668
topk,cms-heap-topk-fastpath-vector2d,rows=5 cols=256,zipf,1.5,100,56234,1.0,0.0
topk,cms-heap-topk-fastpath-vector2d,rows=5 cols=256,zipf,1.5,100,100000,1.0,0.0
topk,cms-heap-topk-fastpath-vector2d,rows=5 cols=256,zipf,1.5,100,177828,1.0,0.0
topk,cms-heap-topk-fastpath-vector2d,rows=5 cols=256,zipf,1.5,100,316228,1.0,0.0
topk,cms-heap-topk-fastpath-vector2d,rows=5 cols=256,zipf,1.5,100,562341,1.0,0.0
topk,cms-heap-topk-fastpath-vector2d,rows=5 cols=256,zipf,1.5,100,1000000,1.0,0.0
topk,cms-heap-topk-fastpath-vector2d,rows=5 cols=256,zipf,1.5,100,1778279,1.0,0.0
topk,cms-heap-topk-fastpath-vector2d,rows=5 cols=256,zipf,1.5,100,3162278,1.0,0.0
topk,cms-heap-topk-fastpath-vector2d,rows=5 cols=256,zipf,1.5,100,5623413,1.0,0.0
topk,cms-heap-topk-fastpath-vector2d,rows=5 cols=256,zipf,1.5,100,10000000,1.0,0.0
topk,cms-heap-topk-fastpath-vector2d,rows=5 cols=256,zipf,1.5,100,17782794,1.0,0.0
topk,cms-heap-topk-fastpath-vector2d,rows=5 cols=256,zipf,1.5,100,31622777,1.0,0.0
topk,cms-heap-topk-fastpath-vector2d,rows=5 cols=256,zipf,1.5,100,56234133,1.0,0.0
topk,cms-heap-topk-fastpath-vector2d,rows=5 cols=256,zipf,1.5,100,100000000,1.0,0.0
topk,cms-heap-topk-fastpath-vector2d,rows=5 cols=256,zipf,1.5,10000,1000,0.96875,0.0
topk,cms-heap-topk-fastpath-vector2d,rows=5 cols=256,zipf,1.5,10000,1778,0.96875,0.0
topk,cms-heap-topk-fastpath-vector2d,rows=5 cols=256,zipf,1.5,10000,3162,0.9791666666666666,0.010416666666666668
topk,cms-heap-topk-fastpath-vector2d,rows=5 cols=256,zipf,1.5,10000,5623,0.9791666666666666,0.010416666666666668
topk,cms-heap-topk-fastpath-vector2d,rows=5 cols=256,zipf,1.5,10000,10000,0.9791666666666666,0.010416666666666668
topk,cms-heap-topk-fastpath-vector2d,rows=5 cols=256,zipf,1.5,10000,17783,0.9791666666666666,0.010416666666666668
topk,cms-heap-topk-fastpath-vector2d,rows=5 cols=256,zipf,1.5,10000,31623,0.9791666666666666,0.010416666666666668
topk,cms-heap-topk-fastpath-vector2d,rows=5 cols=256,zipf,1.5,10000,56234,0.9895833333333334,0.010416666666666668
topk,cms-heap-topk-fastpath-vector2d,rows=5 cols=256,zipf,1.5,10000,100000,0.9895833333333334,0.010416666666666668
topk,cms-heap-topk-fastpath-vector2d,rows=5 cols=256,zipf,1.5,10000,177828,0.9791666666666666,0.010416666666666668
topk,cms-heap-topk-fastpath-vector2d,rows=5 cols=256,zipf,1.5,10000,316228,0.9791666666666666,0.010416666666666668
topk,cms-heap-topk-fastpath-vector2d,rows=5 cols=256,zipf,1.5,10000,562341,0.9895833333333334,0.010416666666666668
topk,cms-heap-topk-fastpath-vector2d,rows=5 cols=256,zipf,1.5,10000,1000000,0.9895833333333334,0.010416666666666668
topk,cms-heap-topk-fastpath-vector2d,rows=5 cols=256,zipf,1.5,10000,1778279,0.9791666666666666,0.010416666666666668
topk,cms-heap-topk-fastpath-vector2d,rows=5 cols=256,zipf,1.5,10000,3162278,0.96875,0.0
topk,cms-heap-topk-fastpath-vector2d,rows=5 cols=256,zipf,1.5,10000,5623413,0.96875,0.0
topk,cms-heap-topk-fastpath-vector2d,rows=5 cols=256,zipf,1.5,10000,10000000,0.96875,0.0
topk,cms-heap-topk-fastpath-vector2d,rows=5 cols=256,zipf,1.5,10000,17782794,0.96875,0.0
topk,cms-heap-topk-fastpath-vector2d,rows=5 cols=256,zipf,1.5,10000,31622777,0.96875,0.0
topk,cms-heap-topk-fastpath-vector2d,rows=5 cols=256,zipf,1.5,10000,56234133,0.96875,0.0
topk,cms-heap-topk-fastpath-vector2d,rows=5 cols=256,zipf,1.5,10000,100000000,0.96875,0.0
topk,cms-heap-topk-fastpath-vector2d,rows=5 cols=256,zipf,1.5,1000000,1000,0.9583333333333334,0.010416666666666668
topk,cms-heap-topk-fastpath-vector2d,rows=5 cols=256,zipf,1.5,1000000,1778,0.9583333333333334,0.010416666666666668
topk,cms-heap-topk-fastpath-vector2d,rows=5 cols=256,zipf,1.5,1000000,3162,0.9791666666666666,0.010416666666666668
topk,cms-heap-topk-fastpath-vector2d,rows=5 cols=256,zipf,1.5,1000000,5623,0.96875,0.0
topk,cms-heap-topk-fastpath-vector2d,rows=5 cols=256,zipf,1.5,1000000,10000,0.9895833333333334,0.010416666666666668
topk,cms-heap-topk-fastpath-vector2d,rows=5 cols=256,zipf,1.5,1000000,17783,1.0,0.0
topk,cms-heap-topk-fastpath-vector2d,rows=5 cols=256,zipf,1.5,1000000,31623,0.9895833333333334,0.010416666666666668
topk,cms-heap-topk-fastpath-vector2d,rows=5 cols=256,zipf,1.5,1000000,56234,0.9791666666666666,0.020833333333333332
topk,cms-heap-topk-fastpath-vector2d,rows=5 cols=256,zipf,1.5,1000000,100000,0.9791666666666666,0.010416666666666668
topk,cms-heap-topk-fastpath-vector2d,rows=5 cols=256,zipf,1.5,1000000,177828,0.9791666666666666,0.010416666666666668
topk,cms-heap-topk-fastpath-vector2d,rows=5 cols=256,zipf,1.5,1000000,316228,0.9791666666666666,0.010416666666666668
topk,cms-heap-topk-fastpath-vector2d,rows=5 cols=256,zipf,1.5,1000000,562341,0.9791666666666666,0.010416666666666668
topk,cms-heap-topk-fastpath-vector2d,rows=5 cols=256,zipf,1.5,1000000,1000000,0.9791666666666666,0.010416666666666668
topk,cms-heap-topk-fastpath-vector2d,rows=5 cols=256,zipf,1.5,1000000,1778279,0.9791666666666666,0.010416666666666668
topk,cms-heap-topk-fastpath-vector2d,rows=5 cols=256,zipf,1.5,1000000,3162278,0.9895833333333334,0.010416666666666668
topk,cms-heap-topk-fastpath-vector2d,rows=5 cols=256,zipf,1.5,1000000,5623413,0.9791666666666666,0.010416666666666668
topk,cms-heap-topk-fastpath-vector2d,rows=5 cols=256,zipf,1.5,1000000,10000000,0.96875,0.018042195912175804
topk,cms-heap-topk-fastpath-vector2d,rows=5 cols=256,zipf,1.5,1000000,17782794,0.96875,0.0
topk,cms-heap-topk-fastpath-vector2d,rows=5 cols=256,zipf,1.5,1000000,31622777,0.96875,0.0
topk,cms-heap-topk-fastpath-vector2d,rows=5 cols=256,zipf,1.5,1000000,56234133,0.9270833333333334,0.010416666666666668
topk,cms-heap-topk-fastpath-vector2d,rows=5 cols=256,zipf,1.5,1000000,100000000,0.9375,0.018042195912175804
topk,cms-heap-topk-fastpath-vector2d,rows=5 cols=256,zipf,2.0,10,1000,1.0,0.0
topk,cms-heap-topk-fastpath-vector2d,rows=5 cols=256,zipf,2.0,10,1778,1.0,0.0
topk,cms-heap-topk-fastpath-vector2d,rows=5 cols=256,zipf,2.0,10,3162,1.0,0.0
topk,cms-heap-topk-fastpath-vector2d,rows=5 cols=256,zipf,2.0,10,5623,1.0,0.0
topk,cms-heap-topk-fastpath-vector2d,rows=5 cols=256,zipf,2.0,10,10000,1.0,0.0
topk,cms-heap-topk-fastpath-vector2d,rows=5 cols=256,zipf,2.0,10,17783,1.0,0.0
topk,cms-heap-topk-fastpath-vector2d,rows=5 cols=256,zipf,2.0,10,31623,1.0,0.0
topk,cms-heap-topk-fastpath-vector2d,rows=5 cols=256,zipf,2.0,10,56234,1.0,0.0
topk,cms-heap-topk-fastpath-vector2d,rows=5 cols=256,zipf,2.0,10,100000,1.0,0.0
topk,cms-heap-topk-fastpath-vector2d,rows=5 cols=256,zipf,2.0,10,177828,1.0,0.0
topk,cms-heap-topk-fastpath-vector2d,rows=5 cols=256,zipf,2.0,10,316228,1.0,0.0
topk,cms-heap-topk-fastpath-vector2d,rows=5 cols=256,zipf,2.0,10,562341,1.0,0.0
topk,cms-heap-topk-fastpath-vector2d,rows=5 cols=256,zipf,2.0,10,1000000,1.0,0.0
topk,cms-heap-topk-fastpath-vector2d,rows=5 cols=256,zipf,2.0,10,1778279,1.0,0.0
topk,cms-heap-topk-fastpath-vector2d,rows=5 cols=256,zipf,2.0,10,3162278,1.0,0.0
topk,cms-heap-topk-fastpath-vector2d,rows=5 cols=256,zipf,2.0,10,5623413,1.0,0.0
topk,cms-heap-topk-fastpath-vector2d,rows=5 cols=256,zipf,2.0,10,10000000,1.0,0.0
topk,cms-heap-topk-fastpath-vector2d,rows=5 cols=256,zipf,2.0,10,17782794,1.0,0.0
topk,cms-heap-topk-fastpath-vector2d,rows=5 cols=256,zipf,2.0,10,31622777,1.0,0.0
topk,cms-heap-topk-fastpath-vector2d,rows=5 cols=256,zipf,2.0,10,56234133,1.0,0.0
topk,cms-heap-topk-fastpath-vector2d,rows=5 cols=256,zipf,2.0,10,100000000,1.0,0.0
topk,cms-heap-topk-fastpath-vector2d,rows=5 cols=256,zipf,2.0,100,1000,0.9270833333333334,0.03755782578608322
topk,cms-heap-topk-fastpath-vector2d,rows=5 cols=256,zipf,2.0,100,1778,0.9270833333333334,0.027559909490256152
topk,cms-heap-topk-fastpath-vector2d,rows=5 cols=256,zipf,2.0,100,3162,0.96875,0.0
topk,cms-heap-topk-fastpath-vector2d,rows=5 cols=256,zipf,2.0,100,5623,0.9895833333333334,0.010416666666666668
topk,cms-heap-topk-fastpath-vector2d,rows=5 cols=256,zipf,2.0,100,10000,0.9895833333333334,0.010416666666666668
topk,cms-heap-topk-fastpath-vector2d,rows=5 cols=256,zipf,2.0,100,17783,0.9895833333333334,0.010416666666666668
topk,cms-heap-topk-fastpath-vector2d,rows=5 cols=256,zipf,2.0,100,31623,0.9895833333333334,0.010416666666666668
topk,cms-heap-topk-fastpath-vector2d,rows=5 cols=256,zipf,2.0,100,56234,0.9895833333333334,0.010416666666666668
topk,cms-heap-topk-fastpath-vector2d,rows=5 cols=256,zipf,2.0,100,100000,1.0,0.0
topk,cms-heap-topk-fastpath-vector2d,rows=5 cols=256,zipf,2.0,100,177828,1.0,0.0
topk,cms-heap-topk-fastpath-vector2d,rows=5 cols=256,zipf,2.0,100,316228,1.0,0.0
topk,cms-heap-topk-fastpath-vector2d,rows=5 cols=256,zipf,2.0,100,562341,1.0,0.0
topk,cms-heap-topk-fastpath-vector2d,rows=5 cols=256,zipf,2.0,100,1000000,1.0,0.0
topk,cms-heap-topk-fastpath-vector2d,rows=5 cols=256,zipf,2.0,100,1778279,1.0,0.0
topk,cms-heap-topk-fastpath-vector2d,rows=5 cols=256,zipf,2.0,100,3162278,1.0,0.0
topk,cms-heap-topk-fastpath-vector2d,rows=5 cols=256,zipf,2.0,100,5623413,1.0,0.0
topk,cms-heap-topk-fastpath-vector2d,rows=5 cols=256,zipf,2.0,100,10000000,1.0,0.0
topk,cms-heap-topk-fastpath-vector2d,rows=5 cols=256,zipf,2.0,100,17782794,1.0,0.0
topk,cms-heap-topk-fastpath-vector2d,rows=5 cols=256,zipf,2.0,100,31622777,1.0,0.0
topk,cms-heap-topk-fastpath-vector2d,rows=5 cols=256,zipf,2.0,100,56234133,1.0,0.0
topk,cms-heap-topk-fastpath-vector2d,rows=5 cols=256,zipf,2.0,100,100000000,1.0,0.0
topk,cms-heap-topk-fastpath-vector2d,rows=5 cols=256,zipf,2.0,10000,1000,0.8645833333333334,0.020833333333333332
topk,cms-heap-topk-fastpath-vector2d,rows=5 cols=256,zipf,2.0,10000,1778,0.90625,0.0
topk,cms-heap-topk-fastpath-vector2d,rows=5 cols=256,zipf,2.0,10000,3162,0.9270833333333334,0.020833333333333332
topk,cms-heap-topk-fastpath-vector2d,rows=5 cols=256,zipf,2.0,10000,5623,0.9583333333333334,0.010416666666666668
topk,cms-heap-topk-fastpath-vector2d,rows=5 cols=256,zipf,2.0,10000,10000,0.96875,0.0
topk,cms-heap-topk-fastpath-vector2d,rows=5 cols=256,zipf,2.0,10000,17783,0.9791666666666666,0.010416666666666668
topk,cms-heap-topk-fastpath-vector2d,rows=5 cols=256,zipf,2.0,10000,31623,0.9895833333333334,0.010416666666666668
topk,cms-heap-topk-fastpath-vector2d,rows=5 cols=256,zipf,2.0,10000,56234,0.9895833333333334,0.010416666666666668
topk,cms-heap-topk-fastpath-vector2d,rows=5 cols=256,zipf,2.0,10000,100000,1.0,0.0
topk,cms-heap-topk-fastpath-vector2d,rows=5 cols=256,zipf,2.0,10000,177828,1.0,0.0
topk,cms-heap-topk-fastpath-vector2d,rows=5 cols=256,zipf,2.0,10000,316228,1.0,0.0
topk,cms-heap-topk-fastpath-vector2d,rows=5 cols=256,zipf,2.0,10000,562341,1.0,0.0
topk,cms-heap-topk-fastpath-vector2d,rows=5 cols=256,zipf,2.0,10000,1000000,1.0,0.0
topk,cms-heap-topk-fastpath-vector2d,rows=5 cols=256,zipf,2.0,10000,1778279,1.0,0.0
topk,cms-heap-topk-fastpath-vector2d,rows=5 cols=256,zipf,2.0,10000,3162278,1.0,0.0
topk,cms-heap-topk-fastpath-vector2d,rows=5 cols=256,zipf,2.0,10000,5623413,1.0,0.0
topk,cms-heap-topk-fastpath-vector2d,rows=5 cols=256,zipf,2.0,10000,10000000,1.0,0.0
topk,cms-heap-topk-fastpath-vector2d,rows=5 cols=256,zipf,2.0,10000,17782794,1.0,0.0
topk,cms-heap-topk-fastpath-vector2d,rows=5 cols=256,zipf,2.0,10000,31622777,1.0,0.0
topk,cms-heap-topk-fastpath-vector2d,rows=5 cols=256,zipf,2.0,10000,56234133,1.0,0.0
topk,cms-heap-topk-fastpath-vector2d,rows=5 cols=256,zipf,2.0,10000,100000000,1.0,0.0
topk,cms-heap-topk-fastpath-vector2d,rows=5 cols=256,zipf,2.0,1000000,1000,0.8645833333333334,0.02755990949025615
topk,cms-heap-topk-fastpath-vector2d,rows=5 cols=256,zipf,2.0,1000000,1778,0.8958333333333334,0.010416666666666668
topk,cms-heap-topk-fastpath-vector2d,rows=5 cols=256,zipf,2.0,1000000,3162,0.9375,0.018042195912175804
topk,cms-heap-topk-fastpath-vector2d,rows=5 cols=256,zipf,2.0,1000000,5623,1.0,0.0
topk,cms-heap-topk-fastpath-vector2d,rows=5 cols=256,zipf,2.0,1000000,10000,0.9791666666666666,0.010416666666666668
topk,cms-heap-topk-fastpath-vector2d,rows=5 cols=256,zipf,2.0,1000000,17783,0.9895833333333334,0.010416666666666668
topk,cms-heap-topk-fastpath-vector2d,rows=5 cols=256,zipf,2.0,1000000,31623,0.9895833333333334,0.010416666666666668
topk,cms-heap-topk-fastpath-vector2d,rows=5 cols=256,zipf,2.0,1000000,56234,1.0,0.0
topk,cms-heap-topk-fastpath-vector2d,rows=5 cols=256,zipf,2.0,1000000,100000,1.0,0.0
topk,cms-heap-topk-fastpath-vector2d,rows=5 cols=256,zipf,2.0,1000000,177828,1.0,0.0
topk,cms-heap-topk-fastpath-vector2d,rows=5 cols=256,zipf,2.0,1000000,316228,0.9895833333333334,0.010416666666666668
topk,cms-heap-topk-fastpath-vector2d,rows=5 cols=256,zipf,2.0,1000000,562341,1.0,0.0
topk,cms-heap-topk-fastpath-vector2d,rows=5 cols=256,zipf,2.0,1000000,1000000,0.9895833333333334,0.010416666666666668
topk,cms-heap-topk-fastpath-vector2d,rows=5 cols=256,zipf,2.0,1000000,1778279,1.0,0.0
topk,cms-heap-topk-fastpath-vector2d,rows=5 cols=256,zipf,2.0,1000000,3162278,1.0,0.0
topk,cms-heap-topk-fastpath-vector2d,rows=5 cols=256,zipf,2.0,1000000,5623413,1.0,0.0
topk,cms-heap-topk-fastpath-vector2d,rows=5 cols=256,zipf,2.0,1000000,10000000,1.0,0.0
topk,cms-heap-topk-fastpath-vector2d,rows=5 cols=256,zipf,2.0,1000000,17782794,1.0,0.0
topk,cms-heap-topk-fastpath-vector2d,rows=5 cols=256,zipf,2.0,1000000,31622777,1.0,0.0
topk,cms-heap-topk-fastpath-vector2d,rows=5 cols=256,zipf,2.0,1000000,56234133,1.0,0.0
topk,cms-heap-topk-fastpath-vector2d,rows=5 cols=256,zipf,2.0,1000000,100000000,1.0,0.0
topk,cms-heap-topk-fastpath-vector2d,rows=5 cols=1024,zipf,0.0,10,1000,1.0,0.0
topk,cms-heap-topk-fastpath-vector2d,rows=5 cols=1024,zipf,0.0,10,1778,1.0,0.0
topk,cms-heap-topk-fastpath-vector2d,rows=5 cols=1024,zipf,0.0,10,3162,1.0,0.0
topk,cms-heap-topk-fastpath-vector2d,rows=5 cols=1024,zipf,0.0,10,5623,1.0,0.0
topk,cms-heap-topk-fastpath-vector2d,rows=5 cols=1024,zipf,0.0,10,10000,1.0,0.0
topk,cms-heap-topk-fastpath-vector2d,rows=5 cols=1024,zipf,0.0,10,17783,1.0,0.0
topk,cms-heap-topk-fastpath-vector2d,rows=5 cols=1024,zipf,0.0,10,31623,1.0,0.0
topk,cms-heap-topk-fastpath-vector2d,rows=5 cols=1024,zipf,0.0,10,56234,1.0,0.0
topk,cms-heap-topk-fastpath-vector2d,rows=5 cols=1024,zipf,0.0,10,100000,1.0,0.0
topk,cms-heap-topk-fastpath-vector2d,rows=5 cols=1024,zipf,0.0,10,177828,1.0,0.0
topk,cms-heap-topk-fastpath-vector2d,rows=5 cols=1024,zipf,0.0,10,316228,1.0,0.0
topk,cms-heap-topk-fastpath-vector2d,rows=5 cols=1024,zipf,0.0,10,562341,1.0,0.0
topk,cms-heap-topk-fastpath-vector2d,rows=5 cols=1024,zipf,0.0,10,1000000,1.0,0.0
topk,cms-heap-topk-fastpath-vector2d,rows=5 cols=1024,zipf,0.0,10,1778279,1.0,0.0
topk,cms-heap-topk-fastpath-vector2d,rows=5 cols=1024,zipf,0.0,10,3162278,1.0,0.0
topk,cms-heap-topk-fastpath-vector2d,rows=5 cols=1024,zipf,0.0,10,5623413,1.0,0.0
topk,cms-heap-topk-fastpath-vector2d,rows=5 cols=1024,zipf,0.0,10,10000000,1.0,0.0
topk,cms-heap-topk-fastpath-vector2d,rows=5 cols=1024,zipf,0.0,10,17782794,1.0,0.0
topk,cms-heap-topk-fastpath-vector2d,rows=5 cols=1024,zipf,0.0,10,31622777,1.0,0.0
topk,cms-heap-topk-fastpath-vector2d,rows=5 cols=1024,zipf,0.0,10,56234133,1.0,0.0
topk,cms-heap-topk-fastpath-vector2d,rows=5 cols=1024,zipf,0.0,10,100000000,1.0,0.0
topk,cms-heap-topk-fastpath-vector2d,rows=5 cols=1024,zipf,0.0,100,1000,0.9479166666666666,0.010416666666666668
topk,cms-heap-topk-fastpath-vector2d,rows=5 cols=1024,zipf,0.0,100,1778,0.9583333333333334,0.010416666666666668
topk,cms-heap-topk-fastpath-vector2d,rows=5 cols=1024,zipf,0.0,100,3162,0.9791666666666666,0.010416666666666668
topk,cms-heap-topk-fastpath-vector2d,rows=5 cols=1024,zipf,0.0,100,5623,0.96875,0.0
topk,cms-heap-topk-fastpath-vector2d,rows=5 cols=1024,zipf,0.0,100,10000,0.9791666666666666,0.010416666666666668
topk,cms-heap-topk-fastpath-vector2d,rows=5 cols=1024,zipf,0.0,100,17783,0.9791666666666666,0.010416666666666668
topk,cms-heap-topk-fastpath-vector2d,rows=5 cols=1024,zipf,0.0,100,31623,0.9895833333333334,0.010416666666666668
topk,cms-heap-topk-fastpath-vector2d,rows=5 cols=1024,zipf,0.0,100,56234,0.9895833333333334,0.010416666666666668
topk,cms-heap-topk-fastpath-vector2d,rows=5 cols=1024,zipf,0.0,100,100000,0.9895833333333334,0.010416666666666668
topk,cms-heap-topk-fastpath-vector2d,rows=5 cols=1024,zipf,0.0,100,177828,0.9791666666666666,0.020833333333333332
topk,cms-heap-topk-fastpath-vector2d,rows=5 cols=1024,zipf,0.0,100,316228,1.0,0.0
topk,cms-heap-topk-fastpath-vector2d,rows=5 cols=1024,zipf,0.0,100,562341,1.0,0.0
topk,cms-heap-topk-fastpath-vector2d,rows=5 cols=1024,zipf,0.0,100,1000000,0.9791666666666666,0.010416666666666668
topk,cms-heap-topk-fastpath-vector2d,rows=5 cols=1024,zipf,0.0,100,1778279,1.0,0.0
topk,cms-heap-topk-fastpath-vector2d,rows=5 cols=1024,zipf,0.0,100,3162278,1.0,0.0
topk,cms-heap-topk-fastpath-vector2d,rows=5 cols=1024,zipf,0.0,100,5623413,1.0,0.0
topk,cms-heap-topk-fastpath-vector2d,rows=5 cols=1024,zipf,0.0,100,10000000,1.0,0.0
topk,cms-heap-topk-fastpath-vector2d,rows=5 cols=1024,zipf,0.0,100,17782794,1.0,0.0
topk,cms-heap-topk-fastpath-vector2d,rows=5 cols=1024,zipf,0.0,100,31622777,1.0,0.0
topk,cms-heap-topk-fastpath-vector2d,rows=5 cols=1024,zipf,0.0,100,56234133,1.0,0.0
topk,cms-heap-topk-fastpath-vector2d,rows=5 cols=1024,zipf,0.0,100,100000000,1.0,0.0
topk,cms-heap-topk-fastpath-vector2d,rows=5 cols=1024,zipf,0.0,10000,1000,0.4895833333333333,0.09081039465709737
topk,cms-heap-topk-fastpath-vector2d,rows=5 cols=1024,zipf,0.0,10000,1778,0.34375,0.03125
topk,cms-heap-topk-fastpath-vector2d,rows=5 cols=1024,zipf,0.0,10000,3162,0.3020833333333333,0.03755782578608322
topk,cms-heap-topk-fastpath-vector2d,rows=5 cols=1024,zipf,0.0,10000,5623,0.20833333333333334,0.041666666666666664
topk,cms-heap-topk-fastpath-vector2d,rows=5 cols=1024,zipf,0.0,10000,10000,0.125,0.03125
topk,cms-heap-topk-fastpath-vector2d,rows=5 cols=1024,zipf,0.0,10000,17783,0.052083333333333336,0.010416666666666666
topk,cms-heap-topk-fastpath-vector2d,rows=5 cols=1024,zipf,0.0,10000,31623,0.0625,0.018042195912175804
topk,cms-heap-topk-fastpath-vector2d,rows=5 cols=1024,zipf,0.0,10000,56234,0.020833333333333332,0.010416666666666668
topk,cms-heap-topk-fastpath-vector2d,rows=5 cols=1024,zipf,0.0,10000,100000,0.020833333333333332,0.010416666666666668
topk,cms-heap-topk-fastpath-vector2d,rows=5 cols=1024,zipf,0.0,10000,177828,0.010416666666666666,0.010416666666666668
topk,cms-heap-topk-fastpath-vector2d,rows=5 cols=1024,zipf,0.0,10000,316228,0.010416666666666666,0.010416666666666668
topk,cms-heap-topk-fastpath-vector2d,rows=5 cols=1024,zipf,0.0,10000,562341,0.010416666666666666,0.010416666666666668
topk,cms-heap-topk-fastpath-vector2d,rows=5 cols=1024,zipf,0.0,10000,1000000,0.010416666666666666,0.010416666666666668
topk,cms-heap-topk-fastpath-vector2d,rows=5 cols=1024,zipf,0.0,10000,1778279,0.010416666666666666,0.010416666666666668
topk,cms-heap-topk-fastpath-vector2d,rows=5 cols=1024,zipf,0.0,10000,3162278,0.010416666666666666,0.010416666666666668
topk,cms-heap-topk-fastpath-vector2d,rows=5 cols=1024,zipf,0.0,10000,5623413,0.020833333333333332,0.010416666666666668
topk,cms-heap-topk-fastpath-vector2d,rows=5 cols=1024,zipf,0.0,10000,10000000,0.0,0.0
topk,cms-heap-topk-fastpath-vector2d,rows=5 cols=1024,zipf,0.0,10000,17782794,0.010416666666666666,0.010416666666666668
topk,cms-heap-topk-fastpath-vector2d,rows=5 cols=1024,zipf,0.0,10000,31622777,0.010416666666666666,0.010416666666666668
topk,cms-heap-topk-fastpath-vector2d,rows=5 cols=1024,zipf,0.0,10000,56234133,0.0,0.0
topk,cms-heap-topk-fastpath-vector2d,rows=5 cols=1024,zipf,0.0,10000,100000000,0.0,0.0
topk,cms-heap-topk-fastpath-vector2d,rows=5 cols=1024,zipf,0.0,1000000,1000,0.041666666666666664,0.027559909490256152
topk,cms-heap-topk-fastpath-vector2d,rows=5 cols=1024,zipf,0.0,1000000,1778,0.03125,0.018042195912175804
topk,cms-heap-topk-fastpath-vector2d,rows=5 cols=1024,zipf,0.0,1000000,3162,0.020833333333333332,0.010416666666666668
topk,cms-heap-topk-fastpath-vector2d,rows=5 cols=1024,zipf,0.0,1000000,5623,0.020833333333333332,0.020833333333333336
topk,cms-heap-topk-fastpath-vector2d,rows=5 cols=1024,zipf,0.0,1000000,10000,0.03125,0.018042195912175804
topk,cms-heap-topk-fastpath-vector2d,rows=5 cols=1024,zipf,0.0,1000000,17783,0.0,0.0
topk,cms-heap-topk-fastpath-vector2d,rows=5 cols=1024,zipf,0.0,1000000,31623,0.0,0.0
topk,cms-heap-topk-fastpath-vector2d,rows=5 cols=1024,zipf,0.0,1000000,56234,0.0,0.0
topk,cms-heap-topk-fastpath-vector2d,rows=5 cols=1024,zipf,0.0,1000000,100000,0.0,0.0
topk,cms-heap-topk-fastpath-vector2d,rows=5 cols=1024,zipf,0.0,1000000,177828,0.0,0.0
topk,cms-heap-topk-fastpath-vector2d,rows=5 cols=1024,zipf,0.0,1000000,316228,0.0,0.0
topk,cms-heap-topk-fastpath-vector2d,rows=5 cols=1024,zipf,0.0,1000000,562341,0.0,0.0
topk,cms-heap-topk-fastpath-vector2d,rows=5 cols=1024,zipf,0.0,1000000,1000000,0.0,0.0
topk,cms-heap-topk-fastpath-vector2d,rows=5 cols=1024,zipf,0.0,1000000,1778279,0.0,0.0
topk,cms-heap-topk-fastpath-vector2d,rows=5 cols=1024,zipf,0.0,1000000,3162278,0.0,0.0
topk,cms-heap-topk-fastpath-vector2d,rows=5 cols=1024,zipf,0.0,1000000,5623413,0.0,0.0
topk,cms-heap-topk-fastpath-vector2d,rows=5 cols=1024,zipf,0.0,1000000,10000000,0.0,0.0
topk,cms-heap-topk-fastpath-vector2d,rows=5 cols=1024,zipf,0.0,1000000,17782794,0.0,0.0
topk,cms-heap-topk-fastpath-vector2d,rows=5 cols=1024,zipf,0.0,1000000,31622777,0.0,0.0
topk,cms-heap-topk-fastpath-vector2d,rows=5 cols=1024,zipf,0.0,1000000,56234133,0.0,0.0
topk,cms-heap-topk-fastpath-vector2d,rows=5 cols=1024,zipf,0.0,1000000,100000000,0.0,0.0
topk,cms-heap-topk-fastpath-vector2d,rows=5 cols=1024,zipf,0.5,10,1000,1.0,0.0
topk,cms-heap-topk-fastpath-vector2d,rows=5 cols=1024,zipf,0.5,10,1778,1.0,0.0
topk,cms-heap-topk-fastpath-vector2d,rows=5 cols=1024,zipf,0.5,10,3162,1.0,0.0
topk,cms-heap-topk-fastpath-vector2d,rows=5 cols=1024,zipf,0.5,10,5623,1.0,0.0
topk,cms-heap-topk-fastpath-vector2d,rows=5 cols=1024,zipf,0.5,10,10000,1.0,0.0
topk,cms-heap-topk-fastpath-vector2d,rows=5 cols=1024,zipf,0.5,10,17783,1.0,0.0
topk,cms-heap-topk-fastpath-vector2d,rows=5 cols=1024,zipf,0.5,10,31623,1.0,0.0
topk,cms-heap-topk-fastpath-vector2d,rows=5 cols=1024,zipf,0.5,10,56234,1.0,0.0
topk,cms-heap-topk-fastpath-vector2d,rows=5 cols=1024,zipf,0.5,10,100000,1.0,0.0
topk,cms-heap-topk-fastpath-vector2d,rows=5 cols=1024,zipf,0.5,10,177828,1.0,0.0
topk,cms-heap-topk-fastpath-vector2d,rows=5 cols=1024,zipf,0.5,10,316228,1.0,0.0
topk,cms-heap-topk-fastpath-vector2d,rows=5 cols=1024,zipf,0.5,10,562341,1.0,0.0
topk,cms-heap-topk-fastpath-vector2d,rows=5 cols=1024,zipf,0.5,10,1000000,1.0,0.0
topk,cms-heap-topk-fastpath-vector2d,rows=5 cols=1024,zipf,0.5,10,1778279,1.0,0.0
topk,cms-heap-topk-fastpath-vector2d,rows=5 cols=1024,zipf,0.5,10,3162278,1.0,0.0
topk,cms-heap-topk-fastpath-vector2d,rows=5 cols=1024,zipf,0.5,10,5623413,1.0,0.0
topk,cms-heap-topk-fastpath-vector2d,rows=5 cols=1024,zipf,0.5,10,10000000,1.0,0.0
topk,cms-heap-topk-fastpath-vector2d,rows=5 cols=1024,zipf,0.5,10,17782794,1.0,0.0
topk,cms-heap-topk-fastpath-vector2d,rows=5 cols=1024,zipf,0.5,10,31622777,1.0,0.0
topk,cms-heap-topk-fastpath-vector2d,rows=5 cols=1024,zipf,0.5,10,56234133,1.0,0.0
topk,cms-heap-topk-fastpath-vector2d,rows=5 cols=1024,zipf,0.5,10,100000000,1.0,0.0
topk,cms-heap-topk-fastpath-vector2d,rows=5 cols=1024,zipf,0.5,100,1000,0.9583333333333334,0.010416666666666668
topk,cms-heap-topk-fastpath-vector2d,rows=5 cols=1024,zipf,0.5,100,1778,0.9895833333333334,0.010416666666666668
topk,cms-heap-topk-fastpath-vector2d,rows=5 cols=1024,zipf,0.5,100,3162,0.9895833333333334,0.010416666666666668
topk,cms-heap-topk-fastpath-vector2d,rows=5 cols=1024,zipf,0.5,100,5623,1.0,0.0
topk,cms-heap-topk-fastpath-vector2d,rows=5 cols=1024,zipf,0.5,100,10000,1.0,0.0
topk,cms-heap-topk-fastpath-vector2d,rows=5 cols=1024,zipf,0.5,100,17783,1.0,0.0
topk,cms-heap-topk-fastpath-vector2d,rows=5 cols=1024,zipf,0.5,100,31623,1.0,0.0
topk,cms-heap-topk-fastpath-vector2d,rows=5 cols=1024,zipf,0.5,100,56234,1.0,0.0
topk,cms-heap-topk-fastpath-vector2d,rows=5 cols=1024,zipf,0.5,100,100000,1.0,0.0
topk,cms-heap-topk-fastpath-vector2d,rows=5 cols=1024,zipf,0.5,100,177828,1.0,0.0
topk,cms-heap-topk-fastpath-vector2d,rows=5 cols=1024,zipf,0.5,100,316228,1.0,0.0
topk,cms-heap-topk-fastpath-vector2d,rows=5 cols=1024,zipf,0.5,100,562341,1.0,0.0
topk,cms-heap-topk-fastpath-vector2d,rows=5 cols=1024,zipf,0.5,100,1000000,1.0,0.0
topk,cms-heap-topk-fastpath-vector2d,rows=5 cols=1024,zipf,0.5,100,1778279,1.0,0.0
topk,cms-heap-topk-fastpath-vector2d,rows=5 cols=1024,zipf,0.5,100,3162278,1.0,0.0
topk,cms-heap-topk-fastpath-vector2d,rows=5 cols=1024,zipf,0.5,100,5623413,1.0,0.0
topk,cms-heap-topk-fastpath-vector2d,rows=5 cols=1024,zipf,0.5,100,10000000,1.0,0.0
topk,cms-heap-topk-fastpath-vector2d,rows=5 cols=1024,zipf,0.5,100,17782794,1.0,0.0
topk,cms-heap-topk-fastpath-vector2d,rows=5 cols=1024,zipf,0.5,100,31622777,1.0,0.0
topk,cms-heap-topk-fastpath-vector2d,rows=5 cols=1024,zipf,0.5,100,56234133,1.0,0.0
topk,cms-heap-topk-fastpath-vector2d,rows=5 cols=1024,zipf,0.5,100,100000000,1.0,0.0
topk,cms-heap-topk-fastpath-vector2d,rows=5 cols=1024,zipf,0.5,10000,1000,0.6041666666666666,0.020833333333333332
topk,cms-heap-topk-fastpath-vector2d,rows=5 cols=1024,zipf,0.5,10000,1778,0.71875,0.018042195912175804
topk,cms-heap-topk-fastpath-vector2d,rows=5 cols=1024,zipf,0.5,10000,3162,0.6666666666666666,0.020833333333333332
topk,cms-heap-topk-fastpath-vector2d,rows=5 cols=1024,zipf,0.5,10000,5623,0.75,0.018042195912175804
topk,cms-heap-topk-fastpath-vector2d,rows=5 cols=1024,zipf,0.5,10000,10000,0.7708333333333334,0.03755782578608322
topk,cms-heap-topk-fastpath-vector2d,rows=5 cols=1024,zipf,0.5,10000,17783,0.8541666666666666,0.020833333333333332
topk,cms-heap-topk-fastpath-vector2d,rows=5 cols=1024,zipf,0.5,10000,31623,0.8020833333333334,0.02755990949025615
topk,cms-heap-topk-fastpath-vector2d,rows=5 cols=1024,zipf,0.5,10000,56234,0.7916666666666666,0.027559909490256152
topk,cms-heap-topk-fastpath-vector2d,rows=5 cols=1024,zipf,0.5,10000,100000,0.7916666666666666,0.010416666666666668
topk,cms-heap-topk-fastpath-vector2d,rows=5 cols=1024,zipf,0.5,10000,177828,0.78125,0.03125
topk,cms-heap-topk-fastpath-vector2d,rows=5 cols=1024,zipf,0.5,10000,316228,0.8020833333333334,0.010416666666666668
topk,cms-heap-topk-fastpath-vector2d,rows=5 cols=1024,zipf,0.5,10000,562341,0.78125,0.0
topk,cms-heap-topk-fastpath-vector2d,rows=5 cols=1024,zipf,0.5,10000,1000000,0.7708333333333334,0.010416666666666668
topk,cms-heap-topk-fastpath-vector2d,rows=5 cols=1024,zipf,0.5,10000,1778279,0.78125,0.018042195912175804
topk,cms-heap-topk-fastpath-vector2d,rows=5 cols=1024,zipf,0.5,10000,3162278,0.7604166666666666,0.010416666666666668
topk,cms-heap-topk-fastpath-vector2d,rows=5 cols=1024,zipf,0.5,10000,5623413,0.78125,0.018042195912175804
topk,cms-heap-topk-fastpath-vector2d,rows=5 cols=1024,zipf,0.5,10000,10000000,0.7708333333333334,0.010416666666666668
topk,cms-heap-topk-fastpath-vector2d,rows=5 cols=1024,zipf,0.5,10000,17782794,0.78125,0.018042195912175804
topk,cms-heap-topk-fastpath-vector2d,rows=5 cols=1024,zipf,0.5,10000,31622777,0.7916666666666666,0.010416666666666668
topk,cms-heap-topk-fastpath-vector2d,rows=5 cols=1024,zipf,0.5,10000,56234133,0.7708333333333334,0.010416666666666668
topk,cms-heap-topk-fastpath-vector2d,rows=5 cols=1024,zipf,0.5,10000,100000000,0.78125,0.0
topk,cms-heap-topk-fastpath-vector2d,rows=5 cols=1024,zipf,0.5,1000000,1000,0.052083333333333336,0.027559909490256152
topk,cms-heap-topk-fastpath-vector2d,rows=5 cols=1024,zipf,0.5,1000000,1778,0.0625,0.018042195912175804
topk,cms-heap-topk-fastpath-vector2d,rows=5 cols=1024,zipf,0.5,1000000,3162,0.10416666666666667,0.02755990949025615
topk,cms-heap-topk-fastpath-vector2d,rows=5 cols=1024,zipf,0.5,1000000,5623,0.041666666666666664,0.010416666666666666
topk,cms-heap-topk-fastpath-vector2d,rows=5 cols=1024,zipf,0.5,1000000,10000,0.10416666666666667,0.010416666666666668
topk,cms-heap-topk-fastpath-vector2d,rows=5 cols=1024,zipf,0.5,1000000,17783,0.07291666666666667,0.02755990949025615
topk,cms-heap-topk-fastpath-vector2d,rows=5 cols=1024,zipf,0.5,1000000,31623,0.1875,0.018042195912175804
topk,cms-heap-topk-fastpath-vector2d,rows=5 cols=1024,zipf,0.5,1000000,56234,0.20833333333333334,0.02755990949025615
topk,cms-heap-topk-fastpath-vector2d,rows=5 cols=1024,zipf,0.5,1000000,100000,0.2604166666666667,0.04540519732854868
topk,cms-heap-topk-fastpath-vector2d,rows=5 cols=1024,zipf,0.5,1000000,177828,0.3854166666666667,0.027559909490256152
topk,cms-heap-topk-fastpath-vector2d,rows=5 cols=1024,zipf,0.5,1000000,316228,0.4895833333333333,0.03755782578608322
topk,cms-heap-topk-fastpath-vector2d,rows=5 cols=1024,zipf,0.5,1000000,562341,0.5729166666666666,0.03755782578608322
topk,cms-heap-topk-fastpath-vector2d,rows=5 cols=1024,zipf,0.5,1000000,1000000,0.6145833333333334,0.010416666666666668
topk,cms-heap-topk-fastpath-vector2d,rows=5 cols=1024,zipf,0.5,1000000,1778279,0.6770833333333334,0.04540519732854868
topk,cms-heap-topk-fastpath-vector2d,rows=5 cols=1024,zipf,0.5,1000000,3162278,0.6875,0.03608439182435161
topk,cms-heap-topk-fastpath-vector2d,rows=5 cols=1024,zipf,0.5,1000000,5623413,0.6875,0.047735163489123336
topk,cms-heap-topk-fastpath-vector2d,rows=5 cols=1024,zipf,0.5,1000000,10000000,0.625,0.047735163489123336
topk,cms-heap-topk-fastpath-vector2d,rows=5 cols=1024,zipf,0.5,1000000,17782794,0.6770833333333334,0.027559909490256152
topk,cms-heap-topk-fastpath-vector2d,rows=5 cols=1024,zipf,0.5,1000000,31622777,0.625,0.0
topk,cms-heap-topk-fastpath-vector2d,rows=5 cols=1024,zipf,0.5,1000000,56234133,0.625,0.018042195912175804
topk,cms-heap-topk-fastpath-vector2d,rows=5 cols=1024,zipf,0.5,1000000,100000000,0.6041666666666666,0.010416666666666668
topk,cms-heap-topk-fastpath-vector2d,rows=5 cols=1024,zipf,1.0,10,1000,1.0,0.0
topk,cms-heap-topk-fastpath-vector2d,rows=5 cols=1024,zipf,1.0,10,1778,1.0,0.0
topk,cms-heap-topk-fastpath-vector2d,rows=5 cols=1024,zipf,1.0,10,3162,1.0,0.0
topk,cms-heap-topk-fastpath-vector2d,rows=5 cols=1024,zipf,1.0,10,5623,1.0,0.0
topk,cms-heap-topk-fastpath-vector2d,rows=5 cols=1024,zipf,1.0,10,10000,1.0,0.0
topk,cms-heap-topk-fastpath-vector2d,rows=5 cols=1024,zipf,1.0,10,17783,1.0,0.0
topk,cms-heap-topk-fastpath-vector2d,rows=5 cols=1024,zipf,1.0,10,31623,1.0,0.0
topk,cms-heap-topk-fastpath-vector2d,rows=5 cols=1024,zipf,1.0,10,56234,1.0,0.0
topk,cms-heap-topk-fastpath-vector2d,rows=5 cols=1024,zipf,1.0,10,100000,1.0,0.0
topk,cms-heap-topk-fastpath-vector2d,rows=5 cols=1024,zipf,1.0,10,177828,1.0,0.0
topk,cms-heap-topk-fastpath-vector2d,rows=5 cols=1024,zipf,1.0,10,316228,1.0,0.0
topk,cms-heap-topk-fastpath-vector2d,rows=5 cols=1024,zipf,1.0,10,562341,1.0,0.0
topk,cms-heap-topk-fastpath-vector2d,rows=5 cols=1024,zipf,1.0,10,1000000,1.0,0.0
topk,cms-heap-topk-fastpath-vector2d,rows=5 cols=1024,zipf,1.0,10,1778279,1.0,0.0
topk,cms-heap-topk-fastpath-vector2d,rows=5 cols=1024,zipf,1.0,10,3162278,1.0,0.0
topk,cms-heap-topk-fastpath-vector2d,rows=5 cols=1024,zipf,1.0,10,5623413,1.0,0.0
topk,cms-heap-topk-fastpath-vector2d,rows=5 cols=1024,zipf,1.0,10,10000000,1.0,0.0
topk,cms-heap-topk-fastpath-vector2d,rows=5 cols=1024,zipf,1.0,10,17782794,1.0,0.0
topk,cms-heap-topk-fastpath-vector2d,rows=5 cols=1024,zipf,1.0,10,31622777,1.0,0.0
topk,cms-heap-topk-fastpath-vector2d,rows=5 cols=1024,zipf,1.0,10,56234133,1.0,0.0
topk,cms-heap-topk-fastpath-vector2d,rows=5 cols=1024,zipf,1.0,10,100000000,1.0,0.0
topk,cms-heap-topk-fastpath-vector2d,rows=5 cols=1024,zipf,1.0,100,1000,0.9583333333333334,0.010416666666666668
topk,cms-heap-topk-fastpath-vector2d,rows=5 cols=1024,zipf,1.0,100,1778,0.9791666666666666,0.010416666666666668
topk,cms-heap-topk-fastpath-vector2d,rows=5 cols=1024,zipf,1.0,100,3162,0.9791666666666666,0.010416666666666668
topk,cms-heap-topk-fastpath-vector2d,rows=5 cols=1024,zipf,1.0,100,5623,0.9895833333333334,0.010416666666666668
topk,cms-heap-topk-fastpath-vector2d,rows=5 cols=1024,zipf,1.0,100,10000,1.0,0.0
topk,cms-heap-topk-fastpath-vector2d,rows=5 cols=1024,zipf,1.0,100,17783,1.0,0.0
topk,cms-heap-topk-fastpath-vector2d,rows=5 cols=1024,zipf,1.0,100,31623,1.0,0.0
topk,cms-heap-topk-fastpath-vector2d,rows=5 cols=1024,zipf,1.0,100,56234,1.0,0.0
topk,cms-heap-topk-fastpath-vector2d,rows=5 cols=1024,zipf,1.0,100,100000,1.0,0.0
topk,cms-heap-topk-fastpath-vector2d,rows=5 cols=1024,zipf,1.0,100,177828,1.0,0.0
topk,cms-heap-topk-fastpath-vector2d,rows=5 cols=1024,zipf,1.0,100,316228,1.0,0.0
topk,cms-heap-topk-fastpath-vector2d,rows=5 cols=1024,zipf,1.0,100,562341,1.0,0.0
topk,cms-heap-topk-fastpath-vector2d,rows=5 cols=1024,zipf,1.0,100,1000000,1.0,0.0
topk,cms-heap-topk-fastpath-vector2d,rows=5 cols=1024,zipf,1.0,100,1778279,1.0,0.0
topk,cms-heap-topk-fastpath-vector2d,rows=5 cols=1024,zipf,1.0,100,3162278,1.0,0.0
topk,cms-heap-topk-fastpath-vector2d,rows=5 cols=1024,zipf,1.0,100,5623413,1.0,0.0
topk,cms-heap-topk-fastpath-vector2d,rows=5 cols=1024,zipf,1.0,100,10000000,1.0,0.0
topk,cms-heap-topk-fastpath-vector2d,rows=5 cols=1024,zipf,1.0,100,17782794,1.0,0.0
topk,cms-heap-topk-fastpath-vector2d,rows=5 cols=1024,zipf,1.0,100,31622777,1.0,0.0
topk,cms-heap-topk-fastpath-vector2d,rows=5 cols=1024,zipf,1.0,100,56234133,1.0,0.0
topk,cms-heap-topk-fastpath-vector2d,rows=5 cols=1024,zipf,1.0,100,100000000,1.0,0.0
topk,cms-heap-topk-fastpath-vector2d,rows=5 cols=1024,zipf,1.0,10000,1000,0.9375,0.03608439182435161
topk,cms-heap-topk-fastpath-vector2d,rows=5 cols=1024,zipf,1.0,10000,1778,0.9479166666666666,0.020833333333333332
topk,cms-heap-topk-fastpath-vector2d,rows=5 cols=1024,zipf,1.0,10000,3162,0.96875,0.018042195912175804
topk,cms-heap-topk-fastpath-vector2d,rows=5 cols=1024,zipf,1.0,10000,5623,0.96875,0.0
topk,cms-heap-topk-fastpath-vector2d,rows=5 cols=1024,zipf,1.0,10000,10000,0.9791666666666666,0.010416666666666668
topk,cms-heap-topk-fastpath-vector2d,rows=5 cols=1024,zipf,1.0,10000,17783,0.96875,0.0
topk,cms-heap-topk-fastpath-vector2d,rows=5 cols=1024,zipf,1.0,10000,31623,0.9791666666666666,0.010416666666666668
topk,cms-heap-topk-fastpath-vector2d,rows=5 cols=1024,zipf,1.0,10000,56234,1.0,0.0
topk,cms-heap-topk-fastpath-vector2d,rows=5 cols=1024,zipf,1.0,10000,100000,1.0,0.0
topk,cms-heap-topk-fastpath-vector2d,rows=5 cols=1024,zipf,1.0,10000,177828,1.0,0.0
topk,cms-heap-topk-fastpath-vector2d,rows=5 cols=1024,zipf,1.0,10000,316228,1.0,0.0
topk,cms-heap-topk-fastpath-vector2d,rows=5 cols=1024,zipf,1.0,10000,562341,1.0,0.0
topk,cms-heap-topk-fastpath-vector2d,rows=5 cols=1024,zipf,1.0,10000,1000000,0.9791666666666666,0.010416666666666668
topk,cms-heap-topk-fastpath-vector2d,rows=5 cols=1024,zipf,1.0,10000,1778279,0.9791666666666666,0.010416666666666668
topk,cms-heap-topk-fastpath-vector2d,rows=5 cols=1024,zipf,1.0,10000,3162278,0.96875,0.0
topk,cms-heap-topk-fastpath-vector2d,rows=5 cols=1024,zipf,1.0,10000,5623413,0.96875,0.0
topk,cms-heap-topk-fastpath-vector2d,rows=5 cols=1024,zipf,1.0,10000,10000000,0.9895833333333334,0.010416666666666668
topk,cms-heap-topk-fastpath-vector2d,rows=5 cols=1024,zipf,1.0,10000,17782794,1.0,0.0
topk,cms-heap-topk-fastpath-vector2d,rows=5 cols=1024,zipf,1.0,10000,31622777,1.0,0.0
topk,cms-heap-topk-fastpath-vector2d,rows=5 cols=1024,zipf,1.0,10000,56234133,1.0,0.0
topk,cms-heap-topk-fastpath-vector2d,rows=5 cols=1024,zipf,1.0,10000,100000000,1.0,0.0
topk,cms-heap-topk-fastpath-vector2d,rows=5 cols=1024,zipf,1.0,1000000,1000,0.9375,0.03608439182435161
topk,cms-heap-topk-fastpath-vector2d,rows=5 cols=1024,zipf,1.0,1000000,1778,0.90625,0.047735163489123336
topk,cms-heap-topk-fastpath-vector2d,rows=5 cols=1024,zipf,1.0,1000000,3162,0.9583333333333334,0.010416666666666668
topk,cms-heap-topk-fastpath-vector2d,rows=5 cols=1024,zipf,1.0,1000000,5623,0.9791666666666666,0.010416666666666668
topk,cms-heap-topk-fastpath-vector2d,rows=5 cols=1024,zipf,1.0,1000000,10000,0.9583333333333334,0.010416666666666668
topk,cms-heap-topk-fastpath-vector2d,rows=5 cols=1024,zipf,1.0,1000000,17783,0.9791666666666666,0.010416666666666668
topk,cms-heap-topk-fastpath-vector2d,rows=5 cols=1024,zipf,1.0,1000000,31623,0.9895833333333334,0.010416666666666668
topk,cms-heap-topk-fastpath-vector2d,rows=5 cols=1024,zipf,1.0,1000000,56234,1.0,0.0
topk,cms-heap-topk-fastpath-vector2d,rows=5 cols=1024,zipf,1.0,1000000,100000,1.0,0.0
topk,cms-heap-topk-fastpath-vector2d,rows=5 cols=1024,zipf,1.0,1000000,177828,0.9895833333333334,0.010416666666666668
topk,cms-heap-topk-fastpath-vector2d,rows=5 cols=1024,zipf,1.0,1000000,316228,0.9895833333333334,0.010416666666666668
topk,cms-heap-topk-fastpath-vector2d,rows=5 cols=1024,zipf,1.0,1000000,562341,0.9895833333333334,0.010416666666666668
topk,cms-heap-topk-fastpath-vector2d,rows=5 cols=1024,zipf,1.0,1000000,1000000,0.9895833333333334,0.010416666666666668
topk,cms-heap-topk-fastpath-vector2d,rows=5 cols=1024,zipf,1.0,1000000,1778279,1.0,0.0
topk,cms-heap-topk-fastpath-vector2d,rows=5 cols=1024,zipf,1.0,1000000,3162278,1.0,0.0
topk,cms-heap-topk-fastpath-vector2d,rows=5 cols=1024,zipf,1.0,1000000,5623413,1.0,0.0
topk,cms-heap-topk-fastpath-vector2d,rows=5 cols=1024,zipf,1.0,1000000,10000000,1.0,0.0
topk,cms-heap-topk-fastpath-vector2d,rows=5 cols=1024,zipf,1.0,1000000,17782794,1.0,0.0
topk,cms-heap-topk-fastpath-vector2d,rows=5 cols=1024,zipf,1.0,1000000,31622777,1.0,0.0
topk,cms-heap-topk-fastpath-vector2d,rows=5 cols=1024,zipf,1.0,1000000,56234133,1.0,0.0
topk,cms-heap-topk-fastpath-vector2d,rows=5 cols=1024,zipf,1.0,1000000,100000000,1.0,0.0
topk,cms-heap-topk-fastpath-vector2d,rows=5 cols=1024,zipf,1.5,10,1000,1.0,0.0
topk,cms-heap-topk-fastpath-vector2d,rows=5 cols=1024,zipf,1.5,10,1778,1.0,0.0
topk,cms-heap-topk-fastpath-vector2d,rows=5 cols=1024,zipf,1.5,10,3162,1.0,0.0
topk,cms-heap-topk-fastpath-vector2d,rows=5 cols=1024,zipf,1.5,10,5623,1.0,0.0
topk,cms-heap-topk-fastpath-vector2d,rows=5 cols=1024,zipf,1.5,10,10000,1.0,0.0
topk,cms-heap-topk-fastpath-vector2d,rows=5 cols=1024,zipf,1.5,10,17783,1.0,0.0
topk,cms-heap-topk-fastpath-vector2d,rows=5 cols=1024,zipf,1.5,10,31623,1.0,0.0
topk,cms-heap-topk-fastpath-vector2d,rows=5 cols=1024,zipf,1.5,10,56234,1.0,0.0
topk,cms-heap-topk-fastpath-vector2d,rows=5 cols=1024,zipf,1.5,10,100000,1.0,0.0
topk,cms-heap-topk-fastpath-vector2d,rows=5 cols=1024,zipf,1.5,10,177828,1.0,0.0
topk,cms-heap-topk-fastpath-vector2d,rows=5 cols=1024,zipf,1.5,10,316228,1.0,0.0
topk,cms-heap-topk-fastpath-vector2d,rows=5 cols=1024,zipf,1.5,10,562341,1.0,0.0
topk,cms-heap-topk-fastpath-vector2d,rows=5 cols=1024,zipf,1.5,10,1000000,1.0,0.0
topk,cms-heap-topk-fastpath-vector2d,rows=5 cols=1024,zipf,1.5,10,1778279,1.0,0.0
topk,cms-heap-topk-fastpath-vector2d,rows=5 cols=1024,zipf,1.5,10,3162278,1.0,0.0
topk,cms-heap-topk-fastpath-vector2d,rows=5 cols=1024,zipf,1.5,10,5623413,1.0,0.0
topk,cms-heap-topk-fastpath-vector2d,rows=5 cols=1024,zipf,1.5,10,10000000,1.0,0.0
topk,cms-heap-topk-fastpath-vector2d,rows=5 cols=1024,zipf,1.5,10,17782794,1.0,0.0
topk,cms-heap-topk-fastpath-vector2d,rows=5 cols=1024,zipf,1.5,10,31622777,1.0,0.0
topk,cms-heap-topk-fastpath-vector2d,rows=5 cols=1024,zipf,1.5,10,56234133,1.0,0.0
topk,cms-heap-topk-fastpath-vector2d,rows=5 cols=1024,zipf,1.5,10,100000000,1.0,0.0
topk,cms-heap-topk-fastpath-vector2d,rows=5 cols=1024,zipf,1.5,100,1000,0.9479166666666666,0.010416666666666668
topk,cms-heap-topk-fastpath-vector2d,rows=5 cols=1024,zipf,1.5,100,1778,1.0,0.0
topk,cms-heap-topk-fastpath-vector2d,rows=5 cols=1024,zipf,1.5,100,3162,1.0,0.0
topk,cms-heap-topk-fastpath-vector2d,rows=5 cols=1024,zipf,1.5,100,5623,0.9791666666666666,0.010416666666666668
topk,cms-heap-topk-fastpath-vector2d,rows=5 cols=1024,zipf,1.5,100,10000,0.9895833333333334,0.010416666666666668
topk,cms-heap-topk-fastpath-vector2d,rows=5 cols=1024,zipf,1.5,100,17783,1.0,0.0
topk,cms-heap-topk-fastpath-vector2d,rows=5 cols=1024,zipf,1.5,100,31623,0.9895833333333334,0.010416666666666668
topk,cms-heap-topk-fastpath-vector2d,rows=5 cols=1024,zipf,1.5,100,56234,1.0,0.0
topk,cms-heap-topk-fastpath-vector2d,rows=5 cols=1024,zipf,1.5,100,100000,1.0,0.0
topk,cms-heap-topk-fastpath-vector2d,rows=5 cols=1024,zipf,1.5,100,177828,1.0,0.0
topk,cms-heap-topk-fastpath-vector2d,rows=5 cols=1024,zipf,1.5,100,316228,1.0,0.0
topk,cms-heap-topk-fastpath-vector2d,rows=5 cols=1024,zipf,1.5,100,562341,1.0,0.0
topk,cms-heap-topk-fastpath-vector2d,rows=5 cols=1024,zipf,1.5,100,1000000,1.0,0.0
topk,cms-heap-topk-fastpath-vector2d,rows=5 cols=1024,zipf,1.5,100,1778279,1.0,0.0
topk,cms-heap-topk-fastpath-vector2d,rows=5 cols=1024,zipf,1.5,100,3162278,1.0,0.0
topk,cms-heap-topk-fastpath-vector2d,rows=5 cols=1024,zipf,1.5,100,5623413,1.0,0.0
topk,cms-heap-topk-fastpath-vector2d,rows=5 cols=1024,zipf,1.5,100,10000000,1.0,0.0
topk,cms-heap-topk-fastpath-vector2d,rows=5 cols=1024,zipf,1.5,100,17782794,1.0,0.0
topk,cms-heap-topk-fastpath-vector2d,rows=5 cols=1024,zipf,1.5,100,31622777,1.0,0.0
topk,cms-heap-topk-fastpath-vector2d,rows=5 cols=1024,zipf,1.5,100,56234133,1.0,0.0
topk,cms-heap-topk-fastpath-vector2d,rows=5 cols=1024,zipf,1.5,100,100000000,1.0,0.0
topk,cms-heap-topk-fastpath-vector2d,rows=5 cols=1024,zipf,1.5,10000,1000,0.96875,0.0
topk,cms-heap-topk-fastpath-vector2d,rows=5 cols=1024,zipf,1.5,10000,1778,0.96875,0.0
topk,cms-heap-topk-fastpath-vector2d,rows=5 cols=1024,zipf,1.5,10000,3162,0.9895833333333334,0.010416666666666668
topk,cms-heap-topk-fastpath-vector2d,rows=5 cols=1024,zipf,1.5,10000,5623,0.9895833333333334,0.010416666666666668
topk,cms-heap-topk-fastpath-vector2d,rows=5 cols=1024,zipf,1.5,10000,10000,0.9791666666666666,0.010416666666666668
topk,cms-heap-topk-fastpath-vector2d,rows=5 cols=1024,zipf,1.5,10000,17783,0.9895833333333334,0.010416666666666668
topk,cms-heap-topk-fastpath-vector2d,rows=5 cols=1024,zipf,1.5,10000,31623,1.0,0.0
topk,cms-heap-topk-fastpath-vector2d,rows=5 cols=1024,zipf,1.5,10000,56234,1.0,0.0
topk,cms-heap-topk-fastpath-vector2d,rows=5 cols=1024,zipf,1.5,10000,100000,1.0,0.0
topk,cms-heap-topk-fastpath-vector2d,rows=5 cols=1024,zipf,1.5,10000,177828,1.0,0.0
topk,cms-heap-topk-fastpath-vector2d,rows=5 cols=1024,zipf,1.5,10000,316228,0.9895833333333334,0.010416666666666668
topk,cms-heap-topk-fastpath-vector2d,rows=5 cols=1024,zipf,1.5,10000,562341,1.0,0.0
topk,cms-heap-topk-fastpath-vector2d,rows=5 cols=1024,zipf,1.5,10000,1000000,1.0,0.0
topk,cms-heap-topk-fastpath-vector2d,rows=5 cols=1024,zipf,1.5,10000,1778279,1.0,0.0
topk,cms-heap-topk-fastpath-vector2d,rows=5 cols=1024,zipf,1.5,10000,3162278,1.0,0.0
topk,cms-heap-topk-fastpath-vector2d,rows=5 cols=1024,zipf,1.5,10000,5623413,1.0,0.0
topk,cms-heap-topk-fastpath-vector2d,rows=5 cols=1024,zipf,1.5,10000,10000000,1.0,0.0
topk,cms-heap-topk-fastpath-vector2d,rows=5 cols=1024,zipf,1.5,10000,17782794,1.0,0.0
topk,cms-heap-topk-fastpath-vector2d,rows=5 cols=1024,zipf,1.5,10000,31622777,1.0,0.0
topk,cms-heap-topk-fastpath-vector2d,rows=5 cols=1024,zipf,1.5,10000,56234133,1.0,0.0
topk,cms-heap-topk-fastpath-vector2d,rows=5 cols=1024,zipf,1.5,10000,100000000,1.0,0.0
topk,cms-heap-topk-fastpath-vector2d,rows=5 cols=1024,zipf,1.5,1000000,1000,0.9583333333333334,0.010416666666666668
topk,cms-heap-topk-fastpath-vector2d,rows=5 cols=1024,zipf,1.5,1000000,1778,0.9791666666666666,0.020833333333333332
topk,cms-heap-topk-fastpath-vector2d,rows=5 cols=1024,zipf,1.5,1000000,3162,0.9791666666666666,0.010416666666666668
topk,cms-heap-topk-fastpath-vector2d,rows=5 cols=1024,zipf,1.5,1000000,5623,0.9895833333333334,0.010416666666666668
topk,cms-heap-topk-fastpath-vector2d,rows=5 cols=1024,zipf,1.5,1000000,10000,0.9895833333333334,0.010416666666666668
topk,cms-heap-topk-fastpath-vector2d,rows=5 cols=1024,zipf,1.5,1000000,17783,1.0,0.0
topk,cms-heap-topk-fastpath-vector2d,rows=5 cols=1024,zipf,1.5,1000000,31623,1.0,0.0
topk,cms-heap-topk-fastpath-vector2d,rows=5 cols=1024,zipf,1.5,1000000,56234,1.0,0.0
topk,cms-heap-topk-fastpath-vector2d,rows=5 cols=1024,zipf,1.5,1000000,100000,1.0,0.0
topk,cms-heap-topk-fastpath-vector2d,rows=5 cols=1024,zipf,1.5,1000000,177828,1.0,0.0
topk,cms-heap-topk-fastpath-vector2d,rows=5 cols=1024,zipf,1.5,1000000,316228,1.0,0.0
topk,cms-heap-topk-fastpath-vector2d,rows=5 cols=1024,zipf,1.5,1000000,562341,1.0,0.0
topk,cms-heap-topk-fastpath-vector2d,rows=5 cols=1024,zipf,1.5,1000000,1000000,1.0,0.0
topk,cms-heap-topk-fastpath-vector2d,rows=5 cols=1024,zipf,1.5,1000000,1778279,1.0,0.0
topk,cms-heap-topk-fastpath-vector2d,rows=5 cols=1024,zipf,1.5,1000000,3162278,1.0,0.0
topk,cms-heap-topk-fastpath-vector2d,rows=5 cols=1024,zipf,1.5,1000000,5623413,1.0,0.0
topk,cms-heap-topk-fastpath-vector2d,rows=5 cols=1024,zipf,1.5,1000000,10000000,1.0,0.0
topk,cms-heap-topk-fastpath-vector2d,rows=5 cols=1024,zipf,1.5,1000000,17782794,1.0,0.0
topk,cms-heap-topk-fastpath-vector2d,rows=5 cols=1024,zipf,1.5,1000000,31622777,1.0,0.0
topk,cms-heap-topk-fastpath-vector2d,rows=5 cols=1024,zipf,1.5,1000000,56234133,1.0,0.0
topk,cms-heap-topk-fastpath-vector2d,rows=5 cols=1024,zipf,1.5,1000000,100000000,1.0,0.0
topk,cms-heap-topk-fastpath-vector2d,rows=5 cols=1024,zipf,2.0,10,1000,1.0,0.0
topk,cms-heap-topk-fastpath-vector2d,rows=5 cols=1024,zipf,2.0,10,1778,1.0,0.0
topk,cms-heap-topk-fastpath-vector2d,rows=5 cols=1024,zipf,2.0,10,3162,1.0,0.0
topk,cms-heap-topk-fastpath-vector2d,rows=5 cols=1024,zipf,2.0,10,5623,1.0,0.0
topk,cms-heap-topk-fastpath-vector2d,rows=5 cols=1024,zipf,2.0,10,10000,1.0,0.0
topk,cms-heap-topk-fastpath-vector2d,rows=5 cols=1024,zipf,2.0,10,17783,1.0,0.0
topk,cms-heap-topk-fastpath-vector2d,rows=5 cols=1024,zipf,2.0,10,31623,1.0,0.0
topk,cms-heap-topk-fastpath-vector2d,rows=5 cols=1024,zipf,2.0,10,56234,1.0,0.0
topk,cms-heap-topk-fastpath-vector2d,rows=5 cols=1024,zipf,2.0,10,100000,1.0,0.0
topk,cms-heap-topk-fastpath-vector2d,rows=5 cols=1024,zipf,2.0,10,177828,1.0,0.0
topk,cms-heap-topk-fastpath-vector2d,rows=5 cols=1024,zipf,2.0,10,316228,1.0,0.0
topk,cms-heap-topk-fastpath-vector2d,rows=5 cols=1024,zipf,2.0,10,562341,1.0,0.0
topk,cms-heap-topk-fastpath-vector2d,rows=5 cols=1024,zipf,2.0,10,1000000,1.0,0.0
topk,cms-heap-topk-fastpath-vector2d,rows=5 cols=1024,zipf,2.0,10,1778279,1.0,0.0
topk,cms-heap-topk-fastpath-vector2d,rows=5 cols=1024,zipf,2.0,10,3162278,1.0,0.0
topk,cms-heap-topk-fastpath-vector2d,rows=5 cols=1024,zipf,2.0,10,5623413,1.0,0.0
topk,cms-heap-topk-fastpath-vector2d,rows=5 cols=1024,zipf,2.0,10,10000000,1.0,0.0
topk,cms-heap-topk-fastpath-vector2d,rows=5 cols=1024,zipf,2.0,10,17782794,1.0,0.0
topk,cms-heap-topk-fastpath-vector2d,rows=5 cols=1024,zipf,2.0,10,31622777,1.0,0.0
topk,cms-heap-topk-fastpath-vector2d,rows=5 cols=1024,zipf,2.0,10,56234133,1.0,0.0
topk,cms-heap-topk-fastpath-vector2d,rows=5 cols=1024,zipf,2.0,10,100000000,1.0,0.0
topk,cms-heap-topk-fastpath-vector2d,rows=5 cols=1024,zipf,2.0,100,1000,0.9270833333333334,0.03755782578608322
topk,cms-heap-topk-fastpath-vector2d,rows=5 cols=1024,zipf,2.0,100,1778,0.9270833333333334,0.027559909490256152
topk,cms-heap-topk-fastpath-vector2d,rows=5 cols=1024,zipf,2.0,100,3162,0.96875,0.0
topk,cms-heap-topk-fastpath-vector2d,rows=5 cols=1024,zipf,2.0,100,5623,0.9895833333333334,0.010416666666666668
topk,cms-heap-topk-fastpath-vector2d,rows=5 cols=1024,zipf,2.0,100,10000,0.9895833333333334,0.010416666666666668
topk,cms-heap-topk-fastpath-vector2d,rows=5 cols=1024,zipf,2.0,100,17783,0.9895833333333334,0.010416666666666668
topk,cms-heap-topk-fastpath-vector2d,rows=5 cols=1024,zipf,2.0,100,31623,0.9895833333333334,0.010416666666666668
topk,cms-heap-topk-fastpath-vector2d,rows=5 cols=1024,zipf,2.0,100,56234,0.9895833333333334,0.010416666666666668
topk,cms-heap-topk-fastpath-vector2d,rows=5 cols=1024,zipf,2.0,100,100000,1.0,0.0
topk,cms-heap-topk-fastpath-vector2d,rows=5 cols=1024,zipf,2.0,100,177828,1.0,0.0
topk,cms-heap-topk-fastpath-vector2d,rows=5 cols=1024,zipf,2.0,100,316228,1.0,0.0
topk,cms-heap-topk-fastpath-vector2d,rows=5 cols=1024,zipf,2.0,100,562341,1.0,0.0
topk,cms-heap-topk-fastpath-vector2d,rows=5 cols=1024,zipf,2.0,100,1000000,1.0,0.0
topk,cms-heap-topk-fastpath-vector2d,rows=5 cols=1024,zipf,2.0,100,1778279,1.0,0.0
topk,cms-heap-topk-fastpath-vector2d,rows=5 cols=1024,zipf,2.0,100,3162278,1.0,0.0
topk,cms-heap-topk-fastpath-vector2d,rows=5 cols=1024,zipf,2.0,100,5623413,1.0,0.0
topk,cms-heap-topk-fastpath-vector2d,rows=5 cols=1024,zipf,2.0,100,10000000,1.0,0.0
topk,cms-heap-topk-fastpath-vector2d,rows=5 cols=1024,zipf,2.0,100,17782794,1.0,0.0
topk,cms-heap-topk-fastpath-vector2d,rows=5 cols=1024,zipf,2.0,100,31622777,1.0,0.0
topk,cms-heap-topk-fastpath-vector2d,rows=5 cols=1024,zipf,2.0,100,56234133,1.0,0.0
topk,cms-heap-topk-fastpath-vector2d,rows=5 cols=1024,zipf,2.0,100,100000000,1.0,0.0
topk,cms-heap-topk-fastpath-vector2d,rows=5 cols=1024,zipf,2.0,10000,1000,0.8645833333333334,0.020833333333333332
topk,cms-heap-topk-fastpath-vector2d,rows=5 cols=1024,zipf,2.0,10000,1778,0.90625,0.0
topk,cms-heap-topk-fastpath-vector2d,rows=5 cols=1024,zipf,2.0,10000,3162,0.9270833333333334,0.020833333333333332
topk,cms-heap-topk-fastpath-vector2d,rows=5 cols=1024,zipf,2.0,10000,5623,0.9583333333333334,0.010416666666666668
topk,cms-heap-topk-fastpath-vector2d,rows=5 cols=1024,zipf,2.0,10000,10000,0.96875,0.0
topk,cms-heap-topk-fastpath-vector2d,rows=5 cols=1024,zipf,2.0,10000,17783,0.9895833333333334,0.010416666666666668
topk,cms-heap-topk-fastpath-vector2d,rows=5 cols=1024,zipf,2.0,10000,31623,1.0,0.0
topk,cms-heap-topk-fastpath-vector2d,rows=5 cols=1024,zipf,2.0,10000,56234,1.0,0.0
topk,cms-heap-topk-fastpath-vector2d,rows=5 cols=1024,zipf,2.0,10000,100000,1.0,0.0
topk,cms-heap-topk-fastpath-vector2d,rows=5 cols=1024,zipf,2.0,10000,177828,1.0,0.0
topk,cms-heap-topk-fastpath-vector2d,rows=5 cols=1024,zipf,2.0,10000,316228,1.0,0.0
topk,cms-heap-topk-fastpath-vector2d,rows=5 cols=1024,zipf,2.0,10000,562341,1.0,0.0
topk,cms-heap-topk-fastpath-vector2d,rows=5 cols=1024,zipf,2.0,10000,1000000,1.0,0.0
topk,cms-heap-topk-fastpath-vector2d,rows=5 cols=1024,zipf,2.0,10000,1778279,1.0,0.0
topk,cms-heap-topk-fastpath-vector2d,rows=5 cols=1024,zipf,2.0,10000,3162278,1.0,0.0
topk,cms-heap-topk-fastpath-vector2d,rows=5 cols=1024,zipf,2.0,10000,5623413,1.0,0.0
topk,cms-heap-topk-fastpath-vector2d,rows=5 cols=1024,zipf,2.0,10000,10000000,1.0,0.0
topk,cms-heap-topk-fastpath-vector2d,rows=5 cols=1024,zipf,2.0,10000,17782794,1.0,0.0
topk,cms-heap-topk-fastpath-vector2d,rows=5 cols=1024,zipf,2.0,10000,31622777,1.0,0.0
topk,cms-heap-topk-fastpath-vector2d,rows=5 cols=1024,zipf,2.0,10000,56234133,1.0,0.0
topk,cms-heap-topk-fastpath-vector2d,rows=5 cols=1024,zipf,2.0,10000,100000000,1.0,0.0
topk,cms-heap-topk-fastpath-vector2d,rows=5 cols=1024,zipf,2.0,1000000,1000,0.8645833333333334,0.02755990949025615
topk,cms-heap-topk-fastpath-vector2d,rows=5 cols=1024,zipf,2.0,1000000,1778,0.8958333333333334,0.010416666666666668
topk,cms-heap-topk-fastpath-vector2d,rows=5 cols=1024,zipf,2.0,1000000,3162,0.9375,0.018042195912175804
topk,cms-heap-topk-fastpath-vector2d,rows=5 cols=1024,zipf,2.0,1000000,5623,1.0,0.0
topk,cms-heap-topk-fastpath-vector2d,rows=5 cols=1024,zipf,2.0,1000000,10000,0.9791666666666666,0.010416666666666668
topk,cms-heap-topk-fastpath-vector2d,rows=5 cols=1024,zipf,2.0,1000000,17783,0.9895833333333334,0.010416666666666668
topk,cms-heap-topk-fastpath-vector2d,rows=5 cols=1024,zipf,2.0,1000000,31623,1.0,0.0
topk,cms-heap-topk-fastpath-vector2d,rows=5 cols=1024,zipf,2.0,1000000,56234,1.0,0.0
topk,cms-heap-topk-fastpath-vector2d,rows=5 cols=1024,zipf,2.0,1000000,100000,1.0,0.0
topk,cms-heap-topk-fastpath-vector2d,rows=5 cols=1024,zipf,2.0,1000000,177828,1.0,0.0
topk,cms-heap-topk-fastpath-vector2d,rows=5 cols=1024,zipf,2.0,1000000,316228,1.0,0.0
topk,cms-heap-topk-fastpath-vector2d,rows=5 cols=1024,zipf,2.0,1000000,562341,1.0,0.0
topk,cms-heap-topk-fastpath-vector2d,rows=5 cols=1024,zipf,2.0,1000000,1000000,1.0,0.0
topk,cms-heap-topk-fastpath-vector2d,rows=5 cols=1024,zipf,2.0,1000000,1778279,1.0,0.0
topk,cms-heap-topk-fastpath-vector2d,rows=5 cols=1024,zipf,2.0,1000000,3162278,1.0,0.0
topk,cms-heap-topk-fastpath-vector2d,rows=5 cols=1024,zipf,2.0,1000000,5623413,1.0,0.0
topk,cms-heap-topk-fastpath-vector2d,rows=5 cols=1024,zipf,2.0,1000000,10000000,1.0,0.0
topk,cms-heap-topk-fastpath-vector2d,rows=5 cols=1024,zipf,2.0,1000000,17782794,1.0,0.0
topk,cms-heap-topk-fastpath-vector2d,rows=5 cols=1024,zipf,2.0,1000000,31622777,1.0,0.0
topk,cms-heap-topk-fastpath-vector2d,rows=5 cols=1024,zipf,2.0,1000000,56234133,1.0,0.0
topk,cms-heap-topk-fastpath-vector2d,rows=5 cols=1024,zipf,2.0,1000000,100000000,1.0,0.0
topk,cms-heap-topk-fastpath-vector2d,rows=5 cols=4096,zipf,0.0,10,1000,1.0,0.0
topk,cms-heap-topk-fastpath-vector2d,rows=5 cols=4096,zipf,0.0,10,1778,1.0,0.0
topk,cms-heap-topk-fastpath-vector2d,rows=5 cols=4096,zipf,0.0,10,3162,1.0,0.0
topk,cms-heap-topk-fastpath-vector2d,rows=5 cols=4096,zipf,0.0,10,5623,1.0,0.0
topk,cms-heap-topk-fastpath-vector2d,rows=5 cols=4096,zipf,0.0,10,10000,1.0,0.0
topk,cms-heap-topk-fastpath-vector2d,rows=5 cols=4096,zipf,0.0,10,17783,1.0,0.0
topk,cms-heap-topk-fastpath-vector2d,rows=5 cols=4096,zipf,0.0,10,31623,1.0,0.0
topk,cms-heap-topk-fastpath-vector2d,rows=5 cols=4096,zipf,0.0,10,56234,1.0,0.0
topk,cms-heap-topk-fastpath-vector2d,rows=5 cols=4096,zipf,0.0,10,100000,1.0,0.0
topk,cms-heap-topk-fastpath-vector2d,rows=5 cols=4096,zipf,0.0,10,177828,1.0,0.0
topk,cms-heap-topk-fastpath-vector2d,rows=5 cols=4096,zipf,0.0,10,316228,1.0,0.0
topk,cms-heap-topk-fastpath-vector2d,rows=5 cols=4096,zipf,0.0,10,562341,1.0,0.0
topk,cms-heap-topk-fastpath-vector2d,rows=5 cols=4096,zipf,0.0,10,1000000,1.0,0.0
topk,cms-heap-topk-fastpath-vector2d,rows=5 cols=4096,zipf,0.0,10,1778279,1.0,0.0
topk,cms-heap-topk-fastpath-vector2d,rows=5 cols=4096,zipf,0.0,10,3162278,1.0,0.0
topk,cms-heap-topk-fastpath-vector2d,rows=5 cols=4096,zipf,0.0,10,5623413,1.0,0.0
topk,cms-heap-topk-fastpath-vector2d,rows=5 cols=4096,zipf,0.0,10,10000000,1.0,0.0
topk,cms-heap-topk-fastpath-vector2d,rows=5 cols=4096,zipf,0.0,10,17782794,1.0,0.0
topk,cms-heap-topk-fastpath-vector2d,rows=5 cols=4096,zipf,0.0,10,31622777,1.0,0.0
topk,cms-heap-topk-fastpath-vector2d,rows=5 cols=4096,zipf,0.0,10,56234133,1.0,0.0
topk,cms-heap-topk-fastpath-vector2d,rows=5 cols=4096,zipf,0.0,10,100000000,1.0,0.0
topk,cms-heap-topk-fastpath-vector2d,rows=5 cols=4096,zipf,0.0,100,1000,0.9479166666666666,0.010416666666666668
topk,cms-heap-topk-fastpath-vector2d,rows=5 cols=4096,zipf,0.0,100,1778,0.9583333333333334,0.010416666666666668
topk,cms-heap-topk-fastpath-vector2d,rows=5 cols=4096,zipf,0.0,100,3162,0.9791666666666666,0.010416666666666668
topk,cms-heap-topk-fastpath-vector2d,rows=5 cols=4096,zipf,0.0,100,5623,0.96875,0.0
topk,cms-heap-topk-fastpath-vector2d,rows=5 cols=4096,zipf,0.0,100,10000,0.9791666666666666,0.010416666666666668
topk,cms-heap-topk-fastpath-vector2d,rows=5 cols=4096,zipf,0.0,100,17783,0.9791666666666666,0.010416666666666668
topk,cms-heap-topk-fastpath-vector2d,rows=5 cols=4096,zipf,0.0,100,31623,0.9895833333333334,0.010416666666666668
topk,cms-heap-topk-fastpath-vector2d,rows=5 cols=4096,zipf,0.0,100,56234,0.9895833333333334,0.010416666666666668
topk,cms-heap-topk-fastpath-vector2d,rows=5 cols=4096,zipf,0.0,100,100000,0.9895833333333334,0.010416666666666668
topk,cms-heap-topk-fastpath-vector2d,rows=5 cols=4096,zipf,0.0,100,177828,0.9791666666666666,0.020833333333333332
topk,cms-heap-topk-fastpath-vector2d,rows=5 cols=4096,zipf,0.0,100,316228,1.0,0.0
topk,cms-heap-topk-fastpath-vector2d,rows=5 cols=4096,zipf,0.0,100,562341,1.0,0.0
topk,cms-heap-topk-fastpath-vector2d,rows=5 cols=4096,zipf,0.0,100,1000000,0.9791666666666666,0.010416666666666668
topk,cms-heap-topk-fastpath-vector2d,rows=5 cols=4096,zipf,0.0,100,1778279,1.0,0.0
topk,cms-heap-topk-fastpath-vector2d,rows=5 cols=4096,zipf,0.0,100,3162278,1.0,0.0
topk,cms-heap-topk-fastpath-vector2d,rows=5 cols=4096,zipf,0.0,100,5623413,1.0,0.0
topk,cms-heap-topk-fastpath-vector2d,rows=5 cols=4096,zipf,0.0,100,10000000,1.0,0.0
topk,cms-heap-topk-fastpath-vector2d,rows=5 cols=4096,zipf,0.0,100,17782794,1.0,0.0
topk,cms-heap-topk-fastpath-vector2d,rows=5 cols=4096,zipf,0.0,100,31622777,1.0,0.0
topk,cms-heap-topk-fastpath-vector2d,rows=5 cols=4096,zipf,0.0,100,56234133,1.0,0.0
topk,cms-heap-topk-fastpath-vector2d,rows=5 cols=4096,zipf,0.0,100,100000000,1.0,0.0
topk,cms-heap-topk-fastpath-vector2d,rows=5 cols=4096,zipf,0.0,10000,1000,0.5625,0.06505206248331664
topk,cms-heap-topk-fastpath-vector2d,rows=5 cols=4096,zipf,0.0,10000,1778,0.4583333333333333,0.05208333333333333
topk,cms-heap-topk-fastpath-vector2d,rows=5 cols=4096,zipf,0.0,10000,3162,0.6770833333333334,0.09081039465709737
topk,cms-heap-topk-fastpath-vector2d,rows=5 cols=4096,zipf,0.0,10000,5623,0.6041666666666666,0.010416666666666668
topk,cms-heap-topk-fastpath-vector2d,rows=5 cols=4096,zipf,0.0,10000,10000,0.46875,0.03608439182435161
topk,cms-heap-topk-fastpath-vector2d,rows=5 cols=4096,zipf,0.0,10000,17783,0.2708333333333333,0.03755782578608322
topk,cms-heap-topk-fastpath-vector2d,rows=5 cols=4096,zipf,0.0,10000,31623,0.13541666666666666,0.055119818980512304
topk,cms-heap-topk-fastpath-vector2d,rows=5 cols=4096,zipf,0.0,10000,56234,0.07291666666666667,0.04166666666666667
topk,cms-heap-topk-fastpath-vector2d,rows=5 cols=4096,zipf,0.0,10000,100000,0.041666666666666664,0.010416666666666666
topk,cms-heap-topk-fastpath-vector2d,rows=5 cols=4096,zipf,0.0,10000,177828,0.020833333333333332,0.010416666666666668
topk,cms-heap-topk-fastpath-vector2d,rows=5 cols=4096,zipf,0.0,10000,316228,0.0,0.0
topk,cms-heap-topk-fastpath-vector2d,rows=5 cols=4096,zipf,0.0,10000,562341,0.010416666666666666,0.010416666666666668
topk,cms-heap-topk-fastpath-vector2d,rows=5 cols=4096,zipf,0.0,10000,1000000,0.010416666666666666,0.010416666666666668
topk,cms-heap-topk-fastpath-vector2d,rows=5 cols=4096,zipf,0.0,10000,1778279,0.0,0.0
topk,cms-heap-topk-fastpath-vector2d,rows=5 cols=4096,zipf,0.0,10000,3162278,0.010416666666666666,0.010416666666666668
topk,cms-heap-topk-fastpath-vector2d,rows=5 cols=4096,zipf,0.0,10000,5623413,0.010416666666666666,0.010416666666666668
topk,cms-heap-topk-fastpath-vector2d,rows=5 cols=4096,zipf,0.0,10000,10000000,0.010416666666666666,0.010416666666666668
topk,cms-heap-topk-fastpath-vector2d,rows=5 cols=4096,zipf,0.0,10000,17782794,0.010416666666666666,0.010416666666666668
topk,cms-heap-topk-fastpath-vector2d,rows=5 cols=4096,zipf,0.0,10000,31622777,0.020833333333333332,0.010416666666666668
topk,cms-heap-topk-fastpath-vector2d,rows=5 cols=4096,zipf,0.0,10000,56234133,0.0,0.0
topk,cms-heap-topk-fastpath-vector2d,rows=5 cols=4096,zipf,0.0,10000,100000000,0.010416666666666666,0.010416666666666668
topk,cms-heap-topk-fastpath-vector2d,rows=5 cols=4096,zipf,0.0,1000000,1000,0.03125,0.0
topk,cms-heap-topk-fastpath-vector2d,rows=5 cols=4096,zipf,0.0,1000000,1778,0.052083333333333336,0.027559909490256152
topk,cms-heap-topk-fastpath-vector2d,rows=5 cols=4096,zipf,0.0,1000000,3162,0.11458333333333333,0.027559909490256152
topk,cms-heap-topk-fastpath-vector2d,rows=5 cols=4096,zipf,0.0,1000000,5623,0.09375,0.018042195912175804
topk,cms-heap-topk-fastpath-vector2d,rows=5 cols=4096,zipf,0.0,1000000,10000,0.10416666666666667,0.010416666666666668
topk,cms-heap-topk-fastpath-vector2d,rows=5 cols=4096,zipf,0.0,1000000,17783,0.020833333333333332,0.010416666666666668
topk,cms-heap-topk-fastpath-vector2d,rows=5 cols=4096,zipf,0.0,1000000,31623,0.010416666666666666,0.010416666666666668
topk,cms-heap-topk-fastpath-vector2d,rows=5 cols=4096,zipf,0.0,1000000,56234,0.020833333333333332,0.010416666666666668
topk,cms-heap-topk-fastpath-vector2d,rows=5 cols=4096,zipf,0.0,1000000,100000,0.010416666666666666,0.010416666666666668
topk,cms-heap-topk-fastpath-vector2d,rows=5 cols=4096,zipf,0.0,1000000,177828,0.010416666666666666,0.010416666666666668
topk,cms-heap-topk-fastpath-vector2d,rows=5 cols=4096,zipf,0.0,1000000,316228,0.0,0.0
topk,cms-heap-topk-fastpath-vector2d,rows=5 cols=4096,zipf,0.0,1000000,562341,0.0,0.0
topk,cms-heap-topk-fastpath-vector2d,rows=5 cols=4096,zipf,0.0,1000000,1000000,0.0,0.0
topk,cms-heap-topk-fastpath-vector2d,rows=5 cols=4096,zipf,0.0,1000000,1778279,0.0,0.0
topk,cms-heap-topk-fastpath-vector2d,rows=5 cols=4096,zipf,0.0,1000000,3162278,0.0,0.0
topk,cms-heap-topk-fastpath-vector2d,rows=5 cols=4096,zipf,0.0,1000000,5623413,0.0,0.0
topk,cms-heap-topk-fastpath-vector2d,rows=5 cols=4096,zipf,0.0,1000000,10000000,0.0,0.0
topk,cms-heap-topk-fastpath-vector2d,rows=5 cols=4096,zipf,0.0,1000000,17782794,0.0,0.0
topk,cms-heap-topk-fastpath-vector2d,rows=5 cols=4096,zipf,0.0,1000000,31622777,0.0,0.0
topk,cms-heap-topk-fastpath-vector2d,rows=5 cols=4096,zipf,0.0,1000000,56234133,0.0,0.0
topk,cms-heap-topk-fastpath-vector2d,rows=5 cols=4096,zipf,0.0,1000000,100000000,0.0,0.0
topk,cms-heap-topk-fastpath-vector2d,rows=5 cols=4096,zipf,0.5,10,1000,1.0,0.0
topk,cms-heap-topk-fastpath-vector2d,rows=5 cols=4096,zipf,0.5,10,1778,1.0,0.0
topk,cms-heap-topk-fastpath-vector2d,rows=5 cols=4096,zipf,0.5,10,3162,1.0,0.0
topk,cms-heap-topk-fastpath-vector2d,rows=5 cols=4096,zipf,0.5,10,5623,1.0,0.0
topk,cms-heap-topk-fastpath-vector2d,rows=5 cols=4096,zipf,0.5,10,10000,1.0,0.0
topk,cms-heap-topk-fastpath-vector2d,rows=5 cols=4096,zipf,0.5,10,17783,1.0,0.0
topk,cms-heap-topk-fastpath-vector2d,rows=5 cols=4096,zipf,0.5,10,31623,1.0,0.0
topk,cms-heap-topk-fastpath-vector2d,rows=5 cols=4096,zipf,0.5,10,56234,1.0,0.0
topk,cms-heap-topk-fastpath-vector2d,rows=5 cols=4096,zipf,0.5,10,100000,1.0,0.0
topk,cms-heap-topk-fastpath-vector2d,rows=5 cols=4096,zipf,0.5,10,177828,1.0,0.0
topk,cms-heap-topk-fastpath-vector2d,rows=5 cols=4096,zipf,0.5,10,316228,1.0,0.0
topk,cms-heap-topk-fastpath-vector2d,rows=5 cols=4096,zipf,0.5,10,562341,1.0,0.0
topk,cms-heap-topk-fastpath-vector2d,rows=5 cols=4096,zipf,0.5,10,1000000,1.0,0.0
topk,cms-heap-topk-fastpath-vector2d,rows=5 cols=4096,zipf,0.5,10,1778279,1.0,0.0
topk,cms-heap-topk-fastpath-vector2d,rows=5 cols=4096,zipf,0.5,10,3162278,1.0,0.0
topk,cms-heap-topk-fastpath-vector2d,rows=5 cols=4096,zipf,0.5,10,5623413,1.0,0.0
topk,cms-heap-topk-fastpath-vector2d,rows=5 cols=4096,zipf,0.5,10,10000000,1.0,0.0
topk,cms-heap-topk-fastpath-vector2d,rows=5 cols=4096,zipf,0.5,10,17782794,1.0,0.0
topk,cms-heap-topk-fastpath-vector2d,rows=5 cols=4096,zipf,0.5,10,31622777,1.0,0.0
topk,cms-heap-topk-fastpath-vector2d,rows=5 cols=4096,zipf,0.5,10,56234133,1.0,0.0
topk,cms-heap-topk-fastpath-vector2d,rows=5 cols=4096,zipf,0.5,10,100000000,1.0,0.0
topk,cms-heap-topk-fastpath-vector2d,rows=5 cols=4096,zipf,0.5,100,1000,0.9583333333333334,0.010416666666666668
topk,cms-heap-topk-fastpath-vector2d,rows=5 cols=4096,zipf,0.5,100,1778,0.9895833333333334,0.010416666666666668
topk,cms-heap-topk-fastpath-vector2d,rows=5 cols=4096,zipf,0.5,100,3162,0.9895833333333334,0.010416666666666668
topk,cms-heap-topk-fastpath-vector2d,rows=5 cols=4096,zipf,0.5,100,5623,1.0,0.0
topk,cms-heap-topk-fastpath-vector2d,rows=5 cols=4096,zipf,0.5,100,10000,1.0,0.0
topk,cms-heap-topk-fastpath-vector2d,rows=5 cols=4096,zipf,0.5,100,17783,1.0,0.0
topk,cms-heap-topk-fastpath-vector2d,rows=5 cols=4096,zipf,0.5,100,31623,1.0,0.0
topk,cms-heap-topk-fastpath-vector2d,rows=5 cols=4096,zipf,0.5,100,56234,1.0,0.0
topk,cms-heap-topk-fastpath-vector2d,rows=5 cols=4096,zipf,0.5,100,100000,1.0,0.0
topk,cms-heap-topk-fastpath-vector2d,rows=5 cols=4096,zipf,0.5,100,177828,1.0,0.0
topk,cms-heap-topk-fastpath-vector2d,rows=5 cols=4096,zipf,0.5,100,316228,1.0,0.0
topk,cms-heap-topk-fastpath-vector2d,rows=5 cols=4096,zipf,0.5,100,562341,1.0,0.0
topk,cms-heap-topk-fastpath-vector2d,rows=5 cols=4096,zipf,0.5,100,1000000,1.0,0.0
topk,cms-heap-topk-fastpath-vector2d,rows=5 cols=4096,zipf,0.5,100,1778279,1.0,0.0
topk,cms-heap-topk-fastpath-vector2d,rows=5 cols=4096,zipf,0.5,100,3162278,1.0,0.0
topk,cms-heap-topk-fastpath-vector2d,rows=5 cols=4096,zipf,0.5,100,5623413,1.0,0.0
topk,cms-heap-topk-fastpath-vector2d,rows=5 cols=4096,zipf,0.5,100,10000000,1.0,0.0
topk,cms-heap-topk-fastpath-vector2d,rows=5 cols=4096,zipf,0.5,100,17782794,1.0,0.0
topk,cms-heap-topk-fastpath-vector2d,rows=5 cols=4096,zipf,0.5,100,31622777,1.0,0.0
topk,cms-heap-topk-fastpath-vector2d,rows=5 cols=4096,zipf,0.5,100,56234133,1.0,0.0
topk,cms-heap-topk-fastpath-vector2d,rows=5 cols=4096,zipf,0.5,100,100000000,1.0,0.0
topk,cms-heap-topk-fastpath-vector2d,rows=5 cols=4096,zipf,0.5,10000,1000,0.5729166666666666,0.010416666666666668
topk,cms-heap-topk-fastpath-vector2d,rows=5 cols=4096,zipf,0.5,10000,1778,0.875,0.03125
topk,cms-heap-topk-fastpath-vector2d,rows=5 cols=4096,zipf,0.5,10000,3162,0.8854166666666666,0.03755782578608322
topk,cms-heap-topk-fastpath-vector2d,rows=5 cols=4096,zipf,0.5,10000,5623,0.9166666666666666,0.020833333333333332
topk,cms-heap-topk-fastpath-vector2d,rows=5 cols=4096,zipf,0.5,10000,10000,0.9583333333333334,0.010416666666666668
topk,cms-heap-topk-fastpath-vector2d,rows=5 cols=4096,zipf,0.5,10000,17783,0.9375,0.018042195912175804
topk,cms-heap-topk-fastpath-vector2d,rows=5 cols=4096,zipf,0.5,10000,31623,0.9375,0.018042195912175804
topk,cms-heap-topk-fastpath-vector2d,rows=5 cols=4096,zipf,0.5,10000,56234,0.9270833333333334,0.010416666666666668
topk,cms-heap-topk-fastpath-vector2d,rows=5 cols=4096,zipf,0.5,10000,100000,0.9479166666666666,0.020833333333333332
topk,cms-heap-topk-fastpath-vector2d,rows=5 cols=4096,zipf,0.5,10000,177828,0.9166666666666666,0.020833333333333332
topk,cms-heap-topk-fastpath-vector2d,rows=5 cols=4096,zipf,0.5,10000,316228,0.9375,0.0
topk,cms-heap-topk-fastpath-vector2d,rows=5 cols=4096,zipf,0.5,10000,562341,0.8958333333333334,0.010416666666666668
topk,cms-heap-topk-fastpath-vector2d,rows=5 cols=4096,zipf,0.5,10000,1000000,0.9166666666666666,0.010416666666666668
topk,cms-heap-topk-fastpath-vector2d,rows=5 cols=4096,zipf,0.5,10000,1778279,0.9166666666666666,0.010416666666666668
topk,cms-heap-topk-fastpath-vector2d,rows=5 cols=4096,zipf,0.5,10000,3162278,0.9166666666666666,0.010416666666666668
topk,cms-heap-topk-fastpath-vector2d,rows=5 cols=4096,zipf,0.5,10000,5623413,0.90625,0.0
topk,cms-heap-topk-fastpath-vector2d,rows=5 cols=4096,zipf,0.5,10000,10000000,0.90625,0.0
topk,cms-heap-topk-fastpath-vector2d,rows=5 cols=4096,zipf,0.5,10000,17782794,0.90625,0.0
topk,cms-heap-topk-fastpath-vector2d,rows=5 cols=4096,zipf,0.5,10000,31622777,0.90625,0.0
topk,cms-heap-topk-fastpath-vector2d,rows=5 cols=4096,zipf,0.5,10000,56234133,0.90625,0.0
topk,cms-heap-topk-fastpath-vector2d,rows=5 cols=4096,zipf,0.5,10000,100000000,0.90625,0.0
topk,cms-heap-topk-fastpath-vector2d,rows=5 cols=4096,zipf,0.5,1000000,1000,0.07291666666666667,0.020833333333333332
topk,cms-heap-topk-fastpath-vector2d,rows=5 cols=4096,zipf,0.5,1000000,1778,0.1875,0.018042195912175804
topk,cms-heap-topk-fastpath-vector2d,rows=5 cols=4096,zipf,0.5,1000000,3162,0.34375,0.03125
topk,cms-heap-topk-fastpath-vector2d,rows=5 cols=4096,zipf,0.5,1000000,5623,0.2708333333333333,0.027559909490256152
topk,cms-heap-topk-fastpath-vector2d,rows=5 cols=4096,zipf,0.5,1000000,10000,0.3125,0.047735163489123336
topk,cms-heap-topk-fastpath-vector2d,rows=5 cols=4096,zipf,0.5,1000000,17783,0.2708333333333333,0.05799754544614606
topk,cms-heap-topk-fastpath-vector2d,rows=5 cols=4096,zipf,0.5,1000000,31623,0.34375,0.07864410870073697
topk,cms-heap-topk-fastpath-vector2d,rows=5 cols=4096,zipf,0.5,1000000,56234,0.5416666666666666,0.02755990949025615
topk,cms-heap-topk-fastpath-vector2d,rows=5 cols=4096,zipf,0.5,1000000,100000,0.6041666666666666,0.04166666666666667
topk,cms-heap-topk-fastpath-vector2d,rows=5 cols=4096,zipf,0.5,1000000,177828,0.7916666666666666,0.052083333333333336
topk,cms-heap-topk-fastpath-vector2d,rows=5 cols=4096,zipf,0.5,1000000,316228,0.78125,0.03125
topk,cms-heap-topk-fastpath-vector2d,rows=5 cols=4096,zipf,0.5,1000000,562341,0.8333333333333334,0.020833333333333332
topk,cms-heap-topk-fastpath-vector2d,rows=5 cols=4096,zipf,0.5,1000000,1000000,0.8333333333333334,0.010416666666666668
topk,cms-heap-topk-fastpath-vector2d,rows=5 cols=4096,zipf,0.5,1000000,1778279,0.7916666666666666,0.027559909490256152
topk,cms-heap-topk-fastpath-vector2d,rows=5 cols=4096,zipf,0.5,1000000,3162278,0.78125,0.03608439182435161
topk,cms-heap-topk-fastpath-vector2d,rows=5 cols=4096,zipf,0.5,1000000,5623413,0.78125,0.018042195912175804
topk,cms-heap-topk-fastpath-vector2d,rows=5 cols=4096,zipf,0.5,1000000,10000000,0.8125,0.018042195912175804
topk,cms-heap-topk-fastpath-vector2d,rows=5 cols=4096,zipf,0.5,1000000,17782794,0.8125,0.018042195912175804
topk,cms-heap-topk-fastpath-vector2d,rows=5 cols=4096,zipf,0.5,1000000,31622777,0.7604166666666666,0.010416666666666668
topk,cms-heap-topk-fastpath-vector2d,rows=5 cols=4096,zipf,0.5,1000000,56234133,0.78125,0.018042195912175804
topk,cms-heap-topk-fastpath-vector2d,rows=5 cols=4096,zipf,0.5,1000000,100000000,0.78125,0.0
topk,cms-heap-topk-fastpath-vector2d,rows=5 cols=4096,zipf,1.0,10,1000,1.0,0.0
topk,cms-heap-topk-fastpath-vector2d,rows=5 cols=4096,zipf,1.0,10,1778,1.0,0.0
topk,cms-heap-topk-fastpath-vector2d,rows=5 cols=4096,zipf,1.0,10,3162,1.0,0.0
topk,cms-heap-topk-fastpath-vector2d,rows=5 cols=4096,zipf,1.0,10,5623,1.0,0.0
topk,cms-heap-topk-fastpath-vector2d,rows=5 cols=4096,zipf,1.0,10,10000,1.0,0.0
topk,cms-heap-topk-fastpath-vector2d,rows=5 cols=4096,zipf,1.0,10,17783,1.0,0.0
topk,cms-heap-topk-fastpath-vector2d,rows=5 cols=4096,zipf,1.0,10,31623,1.0,0.0
topk,cms-heap-topk-fastpath-vector2d,rows=5 cols=4096,zipf,1.0,10,56234,1.0,0.0
topk,cms-heap-topk-fastpath-vector2d,rows=5 cols=4096,zipf,1.0,10,100000,1.0,0.0
topk,cms-heap-topk-fastpath-vector2d,rows=5 cols=4096,zipf,1.0,10,177828,1.0,0.0
topk,cms-heap-topk-fastpath-vector2d,rows=5 cols=4096,zipf,1.0,10,316228,1.0,0.0
topk,cms-heap-topk-fastpath-vector2d,rows=5 cols=4096,zipf,1.0,10,562341,1.0,0.0
topk,cms-heap-topk-fastpath-vector2d,rows=5 cols=4096,zipf,1.0,10,1000000,1.0,0.0
topk,cms-heap-topk-fastpath-vector2d,rows=5 cols=4096,zipf,1.0,10,1778279,1.0,0.0
topk,cms-heap-topk-fastpath-vector2d,rows=5 cols=4096,zipf,1.0,10,3162278,1.0,0.0
topk,cms-heap-topk-fastpath-vector2d,rows=5 cols=4096,zipf,1.0,10,5623413,1.0,0.0
topk,cms-heap-topk-fastpath-vector2d,rows=5 cols=4096,zipf,1.0,10,10000000,1.0,0.0
topk,cms-heap-topk-fastpath-vector2d,rows=5 cols=4096,zipf,1.0,10,17782794,1.0,0.0
topk,cms-heap-topk-fastpath-vector2d,rows=5 cols=4096,zipf,1.0,10,31622777,1.0,0.0
topk,cms-heap-topk-fastpath-vector2d,rows=5 cols=4096,zipf,1.0,10,56234133,1.0,0.0
topk,cms-heap-topk-fastpath-vector2d,rows=5 cols=4096,zipf,1.0,10,100000000,1.0,0.0
topk,cms-heap-topk-fastpath-vector2d,rows=5 cols=4096,zipf,1.0,100,1000,0.9583333333333334,0.010416666666666668
topk,cms-heap-topk-fastpath-vector2d,rows=5 cols=4096,zipf,1.0,100,1778,0.9791666666666666,0.010416666666666668
topk,cms-heap-topk-fastpath-vector2d,rows=5 cols=4096,zipf,1.0,100,3162,0.9791666666666666,0.010416666666666668
topk,cms-heap-topk-fastpath-vector2d,rows=5 cols=4096,zipf,1.0,100,5623,0.9895833333333334,0.010416666666666668
topk,cms-heap-topk-fastpath-vector2d,rows=5 cols=4096,zipf,1.0,100,10000,1.0,0.0
topk,cms-heap-topk-fastpath-vector2d,rows=5 cols=4096,zipf,1.0,100,17783,1.0,0.0
topk,cms-heap-topk-fastpath-vector2d,rows=5 cols=4096,zipf,1.0,100,31623,1.0,0.0
topk,cms-heap-topk-fastpath-vector2d,rows=5 cols=4096,zipf,1.0,100,56234,1.0,0.0
topk,cms-heap-topk-fastpath-vector2d,rows=5 cols=4096,zipf,1.0,100,100000,1.0,0.0
topk,cms-heap-topk-fastpath-vector2d,rows=5 cols=4096,zipf,1.0,100,177828,1.0,0.0
topk,cms-heap-topk-fastpath-vector2d,rows=5 cols=4096,zipf,1.0,100,316228,1.0,0.0
topk,cms-heap-topk-fastpath-vector2d,rows=5 cols=4096,zipf,1.0,100,562341,1.0,0.0
topk,cms-heap-topk-fastpath-vector2d,rows=5 cols=4096,zipf,1.0,100,1000000,1.0,0.0
topk,cms-heap-topk-fastpath-vector2d,rows=5 cols=4096,zipf,1.0,100,1778279,1.0,0.0
topk,cms-heap-topk-fastpath-vector2d,rows=5 cols=4096,zipf,1.0,100,3162278,1.0,0.0
topk,cms-heap-topk-fastpath-vector2d,rows=5 cols=4096,zipf,1.0,100,5623413,1.0,0.0
topk,cms-heap-topk-fastpath-vector2d,rows=5 cols=4096,zipf,1.0,100,10000000,1.0,0.0
topk,cms-heap-topk-fastpath-vector2d,rows=5 cols=4096,zipf,1.0,100,17782794,1.0,0.0
topk,cms-heap-topk-fastpath-vector2d,rows=5 cols=4096,zipf,1.0,100,31622777,1.0,0.0
topk,cms-heap-topk-fastpath-vector2d,rows=5 cols=4096,zipf,1.0,100,56234133,1.0,0.0
topk,cms-heap-topk-fastpath-vector2d,rows=5 cols=4096,zipf,1.0,100,100000000,1.0,0.0
topk,cms-heap-topk-fastpath-vector2d,rows=5 cols=4096,zipf,1.0,10000,1000,0.9375,0.03608439182435161
topk,cms-heap-topk-fastpath-vector2d,rows=5 cols=4096,zipf,1.0,10000,1778,0.9479166666666666,0.020833333333333332
topk,cms-heap-topk-fastpath-vector2d,rows=5 cols=4096,zipf,1.0,10000,3162,0.96875,0.018042195912175804
topk,cms-heap-topk-fastpath-vector2d,rows=5 cols=4096,zipf,1.0,10000,5623,0.9791666666666666,0.010416666666666668
topk,cms-heap-topk-fastpath-vector2d,rows=5 cols=4096,zipf,1.0,10000,10000,0.9791666666666666,0.010416666666666668
topk,cms-heap-topk-fastpath-vector2d,rows=5 cols=4096,zipf,1.0,10000,17783,1.0,0.0
topk,cms-heap-topk-fastpath-vector2d,rows=5 cols=4096,zipf,1.0,10000,31623,0.9895833333333334,0.010416666666666668
topk,cms-heap-topk-fastpath-vector2d,rows=5 cols=4096,zipf,1.0,10000,56234,0.9895833333333334,0.010416666666666668
topk,cms-heap-topk-fastpath-vector2d,rows=5 cols=4096,zipf,1.0,10000,100000,1.0,0.0
topk,cms-heap-topk-fastpath-vector2d,rows=5 cols=4096,zipf,1.0,10000,177828,1.0,0.0
topk,cms-heap-topk-fastpath-vector2d,rows=5 cols=4096,zipf,1.0,10000,316228,1.0,0.0
topk,cms-heap-topk-fastpath-vector2d,rows=5 cols=4096,zipf,1.0,10000,562341,1.0,0.0
topk,cms-heap-topk-fastpath-vector2d,rows=5 cols=4096,zipf,1.0,10000,1000000,0.9895833333333334,0.010416666666666668
topk,cms-heap-topk-fastpath-vector2d,rows=5 cols=4096,zipf,1.0,10000,1778279,1.0,0.0
topk,cms-heap-topk-fastpath-vector2d,rows=5 cols=4096,zipf,1.0,10000,3162278,0.9895833333333334,0.010416666666666668
topk,cms-heap-topk-fastpath-vector2d,rows=5 cols=4096,zipf,1.0,10000,5623413,1.0,0.0
topk,cms-heap-topk-fastpath-vector2d,rows=5 cols=4096,zipf,1.0,10000,10000000,1.0,0.0
topk,cms-heap-topk-fastpath-vector2d,rows=5 cols=4096,zipf,1.0,10000,17782794,1.0,0.0
topk,cms-heap-topk-fastpath-vector2d,rows=5 cols=4096,zipf,1.0,10000,31622777,1.0,0.0
topk,cms-heap-topk-fastpath-vector2d,rows=5 cols=4096,zipf,1.0,10000,56234133,1.0,0.0
topk,cms-heap-topk-fastpath-vector2d,rows=5 cols=4096,zipf,1.0,10000,100000000,1.0,0.0
topk,cms-heap-topk-fastpath-vector2d,rows=5 cols=4096,zipf,1.0,1000000,1000,0.9375,0.03608439182435161
topk,cms-heap-topk-fastpath-vector2d,rows=5 cols=4096,zipf,1.0,1000000,1778,0.9270833333333334,0.027559909490256152
topk,cms-heap-topk-fastpath-vector2d,rows=5 cols=4096,zipf,1.0,1000000,3162,0.9895833333333334,0.010416666666666668
topk,cms-heap-topk-fastpath-vector2d,rows=5 cols=4096,zipf,1.0,1000000,5623,0.9895833333333334,0.010416666666666668
topk,cms-heap-topk-fastpath-vector2d,rows=5 cols=4096,zipf,1.0,1000000,10000,0.96875,0.0
topk,cms-heap-topk-fastpath-vector2d,rows=5 cols=4096,zipf,1.0,1000000,17783,0.9895833333333334,0.010416666666666668
topk,cms-heap-topk-fastpath-vector2d,rows=5 cols=4096,zipf,1.0,1000000,31623,1.0,0.0
topk,cms-heap-topk-fastpath-vector2d,rows=5 cols=4096,zipf,1.0,1000000,56234,1.0,0.0
topk,cms-heap-topk-fastpath-vector2d,rows=5 cols=4096,zipf,1.0,1000000,100000,0.9895833333333334,0.010416666666666668
topk,cms-heap-topk-fastpath-vector2d,rows=5 cols=4096,zipf,1.0,1000000,177828,0.9895833333333334,0.010416666666666668
topk,cms-heap-topk-fastpath-vector2d,rows=5 cols=4096,zipf,1.0,1000000,316228,1.0,0.0
topk,cms-heap-topk-fastpath-vector2d,rows=5 cols=4096,zipf,1.0,1000000,562341,1.0,0.0
topk,cms-heap-topk-fastpath-vector2d,rows=5 cols=4096,zipf,1.0,1000000,1000000,0.9895833333333334,0.010416666666666668
topk,cms-heap-topk-fastpath-vector2d,rows=5 cols=4096,zipf,1.0,1000000,1778279,0.9895833333333334,0.010416666666666668
topk,cms-heap-topk-fastpath-vector2d,rows=5 cols=4096,zipf,1.0,1000000,3162278,0.9895833333333334,0.010416666666666668
topk,cms-heap-topk-fastpath-vector2d,rows=5 cols=4096,zipf,1.0,1000000,5623413,0.9895833333333334,0.010416666666666668
topk,cms-heap-topk-fastpath-vector2d,rows=5 cols=4096,zipf,1.0,1000000,10000000,1.0,0.0
topk,cms-heap-topk-fastpath-vector2d,rows=5 cols=4096,zipf,1.0,1000000,17782794,1.0,0.0
topk,cms-heap-topk-fastpath-vector2d,rows=5 cols=4096,zipf,1.0,1000000,31622777,1.0,0.0
topk,cms-heap-topk-fastpath-vector2d,rows=5 cols=4096,zipf,1.0,1000000,56234133,1.0,0.0
topk,cms-heap-topk-fastpath-vector2d,rows=5 cols=4096,zipf,1.0,1000000,100000000,1.0,0.0
topk,cms-heap-topk-fastpath-vector2d,rows=5 cols=4096,zipf,1.5,10,1000,1.0,0.0
topk,cms-heap-topk-fastpath-vector2d,rows=5 cols=4096,zipf,1.5,10,1778,1.0,0.0
topk,cms-heap-topk-fastpath-vector2d,rows=5 cols=4096,zipf,1.5,10,3162,1.0,0.0
topk,cms-heap-topk-fastpath-vector2d,rows=5 cols=4096,zipf,1.5,10,5623,1.0,0.0
topk,cms-heap-topk-fastpath-vector2d,rows=5 cols=4096,zipf,1.5,10,10000,1.0,0.0
topk,cms-heap-topk-fastpath-vector2d,rows=5 cols=4096,zipf,1.5,10,17783,1.0,0.0
topk,cms-heap-topk-fastpath-vector2d,rows=5 cols=4096,zipf,1.5,10,31623,1.0,0.0
topk,cms-heap-topk-fastpath-vector2d,rows=5 cols=4096,zipf,1.5,10,56234,1.0,0.0
topk,cms-heap-topk-fastpath-vector2d,rows=5 cols=4096,zipf,1.5,10,100000,1.0,0.0
topk,cms-heap-topk-fastpath-vector2d,rows=5 cols=4096,zipf,1.5,10,177828,1.0,0.0
topk,cms-heap-topk-fastpath-vector2d,rows=5 cols=4096,zipf,1.5,10,316228,1.0,0.0
topk,cms-heap-topk-fastpath-vector2d,rows=5 cols=4096,zipf,1.5,10,562341,1.0,0.0
topk,cms-heap-topk-fastpath-vector2d,rows=5 cols=4096,zipf,1.5,10,1000000,1.0,0.0
topk,cms-heap-topk-fastpath-vector2d,rows=5 cols=4096,zipf,1.5,10,1778279,1.0,0.0
topk,cms-heap-topk-fastpath-vector2d,rows=5 cols=4096,zipf,1.5,10,3162278,1.0,0.0
topk,cms-heap-topk-fastpath-vector2d,rows=5 cols=4096,zipf,1.5,10,5623413,1.0,0.0
topk,cms-heap-topk-fastpath-vector2d,rows=5 cols=4096,zipf,1.5,10,10000000,1.0,0.0
topk,cms-heap-topk-fastpath-vector2d,rows=5 cols=4096,zipf,1.5,10,17782794,1.0,0.0
topk,cms-heap-topk-fastpath-vector2d,rows=5 cols=4096,zipf,1.5,10,31622777,1.0,0.0
topk,cms-heap-topk-fastpath-vector2d,rows=5 cols=4096,zipf,1.5,10,56234133,1.0,0.0
topk,cms-heap-topk-fastpath-vector2d,rows=5 cols=4096,zipf,1.5,10,100000000,1.0,0.0
topk,cms-heap-topk-fastpath-vector2d,rows=5 cols=4096,zipf,1.5,100,1000,0.9479166666666666,0.010416666666666668
topk,cms-heap-topk-fastpath-vector2d,rows=5 cols=4096,zipf,1.5,100,1778,1.0,0.0
topk,cms-heap-topk-fastpath-vector2d,rows=5 cols=4096,zipf,1.5,100,3162,1.0,0.0
topk,cms-heap-topk-fastpath-vector2d,rows=5 cols=4096,zipf,1.5,100,5623,0.9791666666666666,0.010416666666666668
topk,cms-heap-topk-fastpath-vector2d,rows=5 cols=4096,zipf,1.5,100,10000,0.9895833333333334,0.010416666666666668
topk,cms-heap-topk-fastpath-vector2d,rows=5 cols=4096,zipf,1.5,100,17783,1.0,0.0
topk,cms-heap-topk-fastpath-vector2d,rows=5 cols=4096,zipf,1.5,100,31623,0.9895833333333334,0.010416666666666668
topk,cms-heap-topk-fastpath-vector2d,rows=5 cols=4096,zipf,1.5,100,56234,1.0,0.0
topk,cms-heap-topk-fastpath-vector2d,rows=5 cols=4096,zipf,1.5,100,100000,1.0,0.0
topk,cms-heap-topk-fastpath-vector2d,rows=5 cols=4096,zipf,1.5,100,177828,1.0,0.0
topk,cms-heap-topk-fastpath-vector2d,rows=5 cols=4096,zipf,1.5,100,316228,1.0,0.0
topk,cms-heap-topk-fastpath-vector2d,rows=5 cols=4096,zipf,1.5,100,562341,1.0,0.0
topk,cms-heap-topk-fastpath-vector2d,rows=5 cols=4096,zipf,1.5,100,1000000,1.0,0.0
topk,cms-heap-topk-fastpath-vector2d,rows=5 cols=4096,zipf,1.5,100,1778279,1.0,0.0
topk,cms-heap-topk-fastpath-vector2d,rows=5 cols=4096,zipf,1.5,100,3162278,1.0,0.0
topk,cms-heap-topk-fastpath-vector2d,rows=5 cols=4096,zipf,1.5,100,5623413,1.0,0.0
topk,cms-heap-topk-fastpath-vector2d,rows=5 cols=4096,zipf,1.5,100,10000000,1.0,0.0
topk,cms-heap-topk-fastpath-vector2d,rows=5 cols=4096,zipf,1.5,100,17782794,1.0,0.0
topk,cms-heap-topk-fastpath-vector2d,rows=5 cols=4096,zipf,1.5,100,31622777,1.0,0.0
topk,cms-heap-topk-fastpath-vector2d,rows=5 cols=4096,zipf,1.5,100,56234133,1.0,0.0
topk,cms-heap-topk-fastpath-vector2d,rows=5 cols=4096,zipf,1.5,100,100000000,1.0,0.0
topk,cms-heap-topk-fastpath-vector2d,rows=5 cols=4096,zipf,1.5,10000,1000,0.96875,0.0
topk,cms-heap-topk-fastpath-vector2d,rows=5 cols=4096,zipf,1.5,10000,1778,0.96875,0.0
topk,cms-heap-topk-fastpath-vector2d,rows=5 cols=4096,zipf,1.5,10000,3162,0.9895833333333334,0.010416666666666668
topk,cms-heap-topk-fastpath-vector2d,rows=5 cols=4096,zipf,1.5,10000,5623,0.9895833333333334,0.010416666666666668
topk,cms-heap-topk-fastpath-vector2d,rows=5 cols=4096,zipf,1.5,10000,10000,0.9791666666666666,0.010416666666666668
topk,cms-heap-topk-fastpath-vector2d,rows=5 cols=4096,zipf,1.5,10000,17783,0.9895833333333334,0.010416666666666668
topk,cms-heap-topk-fastpath-vector2d,rows=5 cols=4096,zipf,1.5,10000,31623,1.0,0.0
topk,cms-heap-topk-fastpath-vector2d,rows=5 cols=4096,zipf,1.5,10000,56234,1.0,0.0
topk,cms-heap-topk-fastpath-vector2d,rows=5 cols=4096,zipf,1.5,10000,100000,1.0,0.0
topk,cms-heap-topk-fastpath-vector2d,rows=5 cols=4096,zipf,1.5,10000,177828,1.0,0.0
topk,cms-heap-topk-fastpath-vector2d,rows=5 cols=4096,zipf,1.5,10000,316228,1.0,0.0
topk,cms-heap-topk-fastpath-vector2d,rows=5 cols=4096,zipf,1.5,10000,562341,1.0,0.0
topk,cms-heap-topk-fastpath-vector2d,rows=5 cols=4096,zipf,1.5,10000,1000000,1.0,0.0
topk,cms-heap-topk-fastpath-vector2d,rows=5 cols=4096,zipf,1.5,10000,1778279,1.0,0.0
topk,cms-heap-topk-fastpath-vector2d,rows=5 cols=4096,zipf,1.5,10000,3162278,1.0,0.0
topk,cms-heap-topk-fastpath-vector2d,rows=5 cols=4096,zipf,1.5,10000,5623413,1.0,0.0
topk,cms-heap-topk-fastpath-vector2d,rows=5 cols=4096,zipf,1.5,10000,10000000,1.0,0.0
topk,cms-heap-topk-fastpath-vector2d,rows=5 cols=4096,zipf,1.5,10000,17782794,1.0,0.0
topk,cms-heap-topk-fastpath-vector2d,rows=5 cols=4096,zipf,1.5,10000,31622777,1.0,0.0
topk,cms-heap-topk-fastpath-vector2d,rows=5 cols=4096,zipf,1.5,10000,56234133,1.0,0.0
topk,cms-heap-topk-fastpath-vector2d,rows=5 cols=4096,zipf,1.5,10000,100000000,1.0,0.0
topk,cms-heap-topk-fastpath-vector2d,rows=5 cols=4096,zipf,1.5,1000000,1000,0.9583333333333334,0.010416666666666668
topk,cms-heap-topk-fastpath-vector2d,rows=5 cols=4096,zipf,1.5,1000000,1778,0.9791666666666666,0.020833333333333332
topk,cms-heap-topk-fastpath-vector2d,rows=5 cols=4096,zipf,1.5,1000000,3162,0.9791666666666666,0.010416666666666668
topk,cms-heap-topk-fastpath-vector2d,rows=5 cols=4096,zipf,1.5,1000000,5623,0.9895833333333334,0.010416666666666668
topk,cms-heap-topk-fastpath-vector2d,rows=5 cols=4096,zipf,1.5,1000000,10000,0.9895833333333334,0.010416666666666668
topk,cms-heap-topk-fastpath-vector2d,rows=5 cols=4096,zipf,1.5,1000000,17783,1.0,0.0
topk,cms-heap-topk-fastpath-vector2d,rows=5 cols=4096,zipf,1.5,1000000,31623,1.0,0.0
topk,cms-heap-topk-fastpath-vector2d,rows=5 cols=4096,zipf,1.5,1000000,56234,1.0,0.0
topk,cms-heap-topk-fastpath-vector2d,rows=5 cols=4096,zipf,1.5,1000000,100000,1.0,0.0
topk,cms-heap-topk-fastpath-vector2d,rows=5 cols=4096,zipf,1.5,1000000,177828,1.0,0.0
topk,cms-heap-topk-fastpath-vector2d,rows=5 cols=4096,zipf,1.5,1000000,316228,1.0,0.0
topk,cms-heap-topk-fastpath-vector2d,rows=5 cols=4096,zipf,1.5,1000000,562341,1.0,0.0
topk,cms-heap-topk-fastpath-vector2d,rows=5 cols=4096,zipf,1.5,1000000,1000000,1.0,0.0
topk,cms-heap-topk-fastpath-vector2d,rows=5 cols=4096,zipf,1.5,1000000,1778279,1.0,0.0
topk,cms-heap-topk-fastpath-vector2d,rows=5 cols=4096,zipf,1.5,1000000,3162278,1.0,0.0
topk,cms-heap-topk-fastpath-vector2d,rows=5 cols=4096,zipf,1.5,1000000,5623413,1.0,0.0
topk,cms-heap-topk-fastpath-vector2d,rows=5 cols=4096,zipf,1.5,1000000,10000000,1.0,0.0
topk,cms-heap-topk-fastpath-vector2d,rows=5 cols=4096,zipf,1.5,1000000,17782794,1.0,0.0
topk,cms-heap-topk-fastpath-vector2d,rows=5 cols=4096,zipf,1.5,1000000,31622777,1.0,0.0
topk,cms-heap-topk-fastpath-vector2d,rows=5 cols=4096,zipf,1.5,1000000,56234133,1.0,0.0
topk,cms-heap-topk-fastpath-vector2d,rows=5 cols=4096,zipf,1.5,1000000,100000000,1.0,0.0
topk,cms-heap-topk-fastpath-vector2d,rows=5 cols=4096,zipf,2.0,10,1000,1.0,0.0
topk,cms-heap-topk-fastpath-vector2d,rows=5 cols=4096,zipf,2.0,10,1778,1.0,0.0
topk,cms-heap-topk-fastpath-vector2d,rows=5 cols=4096,zipf,2.0,10,3162,1.0,0.0
topk,cms-heap-topk-fastpath-vector2d,rows=5 cols=4096,zipf,2.0,10,5623,1.0,0.0
topk,cms-heap-topk-fastpath-vector2d,rows=5 cols=4096,zipf,2.0,10,10000,1.0,0.0
topk,cms-heap-topk-fastpath-vector2d,rows=5 cols=4096,zipf,2.0,10,17783,1.0,0.0
topk,cms-heap-topk-fastpath-vector2d,rows=5 cols=4096,zipf,2.0,10,31623,1.0,0.0
topk,cms-heap-topk-fastpath-vector2d,rows=5 cols=4096,zipf,2.0,10,56234,1.0,0.0
topk,cms-heap-topk-fastpath-vector2d,rows=5 cols=4096,zipf,2.0,10,100000,1.0,0.0
topk,cms-heap-topk-fastpath-vector2d,rows=5 cols=4096,zipf,2.0,10,177828,1.0,0.0
topk,cms-heap-topk-fastpath-vector2d,rows=5 cols=4096,zipf,2.0,10,316228,1.0,0.0
topk,cms-heap-topk-fastpath-vector2d,rows=5 cols=4096,zipf,2.0,10,562341,1.0,0.0
topk,cms-heap-topk-fastpath-vector2d,rows=5 cols=4096,zipf,2.0,10,1000000,1.0,0.0
topk,cms-heap-topk-fastpath-vector2d,rows=5 cols=4096,zipf,2.0,10,1778279,1.0,0.0
topk,cms-heap-topk-fastpath-vector2d,rows=5 cols=4096,zipf,2.0,10,3162278,1.0,0.0
topk,cms-heap-topk-fastpath-vector2d,rows=5 cols=4096,zipf,2.0,10,5623413,1.0,0.0
topk,cms-heap-topk-fastpath-vector2d,rows=5 cols=4096,zipf,2.0,10,10000000,1.0,0.0
topk,cms-heap-topk-fastpath-vector2d,rows=5 cols=4096,zipf,2.0,10,17782794,1.0,0.0
topk,cms-heap-topk-fastpath-vector2d,rows=5 cols=4096,zipf,2.0,10,31622777,1.0,0.0
topk,cms-heap-topk-fastpath-vector2d,rows=5 cols=4096,zipf,2.0,10,56234133,1.0,0.0
topk,cms-heap-topk-fastpath-vector2d,rows=5 cols=4096,zipf,2.0,10,100000000,1.0,0.0
topk,cms-heap-topk-fastpath-vector2d,rows=5 cols=4096,zipf,2.0,100,1000,0.9270833333333334,0.03755782578608322
topk,cms-heap-topk-fastpath-vector2d,rows=5 cols=4096,zipf,2.0,100,1778,0.9270833333333334,0.027559909490256152
topk,cms-heap-topk-fastpath-vector2d,rows=5 cols=4096,zipf,2.0,100,3162,0.96875,0.0
topk,cms-heap-topk-fastpath-vector2d,rows=5 cols=4096,zipf,2.0,100,5623,0.9895833333333334,0.010416666666666668
topk,cms-heap-topk-fastpath-vector2d,rows=5 cols=4096,zipf,2.0,100,10000,0.9895833333333334,0.010416666666666668
topk,cms-heap-topk-fastpath-vector2d,rows=5 cols=4096,zipf,2.0,100,17783,0.9895833333333334,0.010416666666666668
topk,cms-heap-topk-fastpath-vector2d,rows=5 cols=4096,zipf,2.0,100,31623,0.9895833333333334,0.010416666666666668
topk,cms-heap-topk-fastpath-vector2d,rows=5 cols=4096,zipf,2.0,100,56234,0.9895833333333334,0.010416666666666668
topk,cms-heap-topk-fastpath-vector2d,rows=5 cols=4096,zipf,2.0,100,100000,1.0,0.0
topk,cms-heap-topk-fastpath-vector2d,rows=5 cols=4096,zipf,2.0,100,177828,1.0,0.0
topk,cms-heap-topk-fastpath-vector2d,rows=5 cols=4096,zipf,2.0,100,316228,1.0,0.0
topk,cms-heap-topk-fastpath-vector2d,rows=5 cols=4096,zipf,2.0,100,562341,1.0,0.0
topk,cms-heap-topk-fastpath-vector2d,rows=5 cols=4096,zipf,2.0,100,1000000,1.0,0.0
topk,cms-heap-topk-fastpath-vector2d,rows=5 cols=4096,zipf,2.0,100,1778279,1.0,0.0
topk,cms-heap-topk-fastpath-vector2d,rows=5 cols=4096,zipf,2.0,100,3162278,1.0,0.0
topk,cms-heap-topk-fastpath-vector2d,rows=5 cols=4096,zipf,2.0,100,5623413,1.0,0.0
topk,cms-heap-topk-fastpath-vector2d,rows=5 cols=4096,zipf,2.0,100,10000000,1.0,0.0
topk,cms-heap-topk-fastpath-vector2d,rows=5 cols=4096,zipf,2.0,100,17782794,1.0,0.0
topk,cms-heap-topk-fastpath-vector2d,rows=5 cols=4096,zipf,2.0,100,31622777,1.0,0.0
topk,cms-heap-topk-fastpath-vector2d,rows=5 cols=4096,zipf,2.0,100,56234133,1.0,0.0
topk,cms-heap-topk-fastpath-vector2d,rows=5 cols=4096,zipf,2.0,100,100000000,1.0,0.0
topk,cms-heap-topk-fastpath-vector2d,rows=5 cols=4096,zipf,2.0,10000,1000,0.8645833333333334,0.020833333333333332
topk,cms-heap-topk-fastpath-vector2d,rows=5 cols=4096,zipf,2.0,10000,1778,0.90625,0.0
topk,cms-heap-topk-fastpath-vector2d,rows=5 cols=4096,zipf,2.0,10000,3162,0.9270833333333334,0.020833333333333332
topk,cms-heap-topk-fastpath-vector2d,rows=5 cols=4096,zipf,2.0,10000,5623,0.9583333333333334,0.010416666666666668
topk,cms-heap-topk-fastpath-vector2d,rows=5 cols=4096,zipf,2.0,10000,10000,0.96875,0.0
topk,cms-heap-topk-fastpath-vector2d,rows=5 cols=4096,zipf,2.0,10000,17783,0.9895833333333334,0.010416666666666668
topk,cms-heap-topk-fastpath-vector2d,rows=5 cols=4096,zipf,2.0,10000,31623,1.0,0.0
topk,cms-heap-topk-fastpath-vector2d,rows=5 cols=4096,zipf,2.0,10000,56234,1.0,0.0
topk,cms-heap-topk-fastpath-vector2d,rows=5 cols=4096,zipf,2.0,10000,100000,1.0,0.0
topk,cms-heap-topk-fastpath-vector2d,rows=5 cols=4096,zipf,2.0,10000,177828,1.0,0.0
topk,cms-heap-topk-fastpath-vector2d,rows=5 cols=4096,zipf,2.0,10000,316228,1.0,0.0
topk,cms-heap-topk-fastpath-vector2d,rows=5 cols=4096,zipf,2.0,10000,562341,1.0,0.0
topk,cms-heap-topk-fastpath-vector2d,rows=5 cols=4096,zipf,2.0,10000,1000000,1.0,0.0
topk,cms-heap-topk-fastpath-vector2d,rows=5 cols=4096,zipf,2.0,10000,1778279,1.0,0.0
topk,cms-heap-topk-fastpath-vector2d,rows=5 cols=4096,zipf,2.0,10000,3162278,1.0,0.0
topk,cms-heap-topk-fastpath-vector2d,rows=5 cols=4096,zipf,2.0,10000,5623413,1.0,0.0
topk,cms-heap-topk-fastpath-vector2d,rows=5 cols=4096,zipf,2.0,10000,10000000,1.0,0.0
topk,cms-heap-topk-fastpath-vector2d,rows=5 cols=4096,zipf,2.0,10000,17782794,1.0,0.0
topk,cms-heap-topk-fastpath-vector2d,rows=5 cols=4096,zipf,2.0,10000,31622777,1.0,0.0
topk,cms-heap-topk-fastpath-vector2d,rows=5 cols=4096,zipf,2.0,10000,56234133,1.0,0.0
topk,cms-heap-topk-fastpath-vector2d,rows=5 cols=4096,zipf,2.0,10000,100000000,1.0,0.0
topk,cms-heap-topk-fastpath-vector2d,rows=5 cols=4096,zipf,2.0,1000000,1000,0.8645833333333334,0.02755990949025615
topk,cms-heap-topk-fastpath-vector2d,rows=5 cols=4096,zipf,2.0,1000000,1778,0.8958333333333334,0.010416666666666668
topk,cms-heap-topk-fastpath-vector2d,rows=5 cols=4096,zipf,2.0,1000000,3162,0.9375,0.018042195912175804
topk,cms-heap-topk-fastpath-vector2d,rows=5 cols=4096,zipf,2.0,1000000,5623,1.0,0.0
topk,cms-heap-topk-fastpath-vector2d,rows=5 cols=4096,zipf,2.0,1000000,10000,0.9791666666666666,0.010416666666666668
topk,cms-heap-topk-fastpath-vector2d,rows=5 cols=4096,zipf,2.0,1000000,17783,0.9895833333333334,0.010416666666666668
topk,cms-heap-topk-fastpath-vector2d,rows=5 cols=4096,zipf,2.0,1000000,31623,1.0,0.0
topk,cms-heap-topk-fastpath-vector2d,rows=5 cols=4096,zipf,2.0,1000000,56234,1.0,0.0
topk,cms-heap-topk-fastpath-vector2d,rows=5 cols=4096,zipf,2.0,1000000,100000,1.0,0.0
topk,cms-heap-topk-fastpath-vector2d,rows=5 cols=4096,zipf,2.0,1000000,177828,1.0,0.0
topk,cms-heap-topk-fastpath-vector2d,rows=5 cols=4096,zipf,2.0,1000000,316228,1.0,0.0
topk,cms-heap-topk-fastpath-vector2d,rows=5 cols=4096,zipf,2.0,1000000,562341,1.0,0.0
topk,cms-heap-topk-fastpath-vector2d,rows=5 cols=4096,zipf,2.0,1000000,1000000,1.0,0.0
topk,cms-heap-topk-fastpath-vector2d,rows=5 cols=4096,zipf,2.0,1000000,1778279,1.0,0.0
topk,cms-heap-topk-fastpath-vector2d,rows=5 cols=4096,zipf,2.0,1000000,3162278,1.0,0.0
topk,cms-heap-topk-fastpath-vector2d,rows=5 cols=4096,zipf,2.0,1000000,5623413,1.0,0.0
topk,cms-heap-topk-fastpath-vector2d,rows=5 cols=4096,zipf,2.0,1000000,10000000,1.0,0.0
topk,cms-heap-topk-fastpath-vector2d,rows=5 cols=4096,zipf,2.0,1000000,17782794,1.0,0.0
topk,cms-heap-topk-fastpath-vector2d,rows=5 cols=4096,zipf,2.0,1000000,31622777,1.0,0.0
topk,cms-heap-topk-fastpath-vector2d,rows=5 cols=4096,zipf,2.0,1000000,56234133,1.0,0.0
topk,cms-heap-topk-fastpath-vector2d,rows=5 cols=4096,zipf,2.0,1000000,100000000,1.0,0.0
topk,cms-heap-topk-fastpath-vector2d,rows=5 cols=16384,zipf,0.0,10,1000,1.0,0.0
topk,cms-heap-topk-fastpath-vector2d,rows=5 cols=16384,zipf,0.0,10,1778,1.0,0.0
topk,cms-heap-topk-fastpath-vector2d,rows=5 cols=16384,zipf,0.0,10,3162,1.0,0.0
topk,cms-heap-topk-fastpath-vector2d,rows=5 cols=16384,zipf,0.0,10,5623,1.0,0.0
topk,cms-heap-topk-fastpath-vector2d,rows=5 cols=16384,zipf,0.0,10,10000,1.0,0.0
topk,cms-heap-topk-fastpath-vector2d,rows=5 cols=16384,zipf,0.0,10,17783,1.0,0.0
topk,cms-heap-topk-fastpath-vector2d,rows=5 cols=16384,zipf,0.0,10,31623,1.0,0.0
topk,cms-heap-topk-fastpath-vector2d,rows=5 cols=16384,zipf,0.0,10,56234,1.0,0.0
topk,cms-heap-topk-fastpath-vector2d,rows=5 cols=16384,zipf,0.0,10,100000,1.0,0.0
topk,cms-heap-topk-fastpath-vector2d,rows=5 cols=16384,zipf,0.0,10,177828,1.0,0.0
topk,cms-heap-topk-fastpath-vector2d,rows=5 cols=16384,zipf,0.0,10,316228,1.0,0.0
topk,cms-heap-topk-fastpath-vector2d,rows=5 cols=16384,zipf,0.0,10,562341,1.0,0.0
topk,cms-heap-topk-fastpath-vector2d,rows=5 cols=16384,zipf,0.0,10,1000000,1.0,0.0
topk,cms-heap-topk-fastpath-vector2d,rows=5 cols=16384,zipf,0.0,10,1778279,1.0,0.0
topk,cms-heap-topk-fastpath-vector2d,rows=5 cols=16384,zipf,0.0,10,3162278,1.0,0.0
topk,cms-heap-topk-fastpath-vector2d,rows=5 cols=16384,zipf,0.0,10,5623413,1.0,0.0
topk,cms-heap-topk-fastpath-vector2d,rows=5 cols=16384,zipf,0.0,10,10000000,1.0,0.0
topk,cms-heap-topk-fastpath-vector2d,rows=5 cols=16384,zipf,0.0,10,17782794,1.0,0.0
topk,cms-heap-topk-fastpath-vector2d,rows=5 cols=16384,zipf,0.0,10,31622777,1.0,0.0
topk,cms-heap-topk-fastpath-vector2d,rows=5 cols=16384,zipf,0.0,10,56234133,1.0,0.0
topk,cms-heap-topk-fastpath-vector2d,rows=5 cols=16384,zipf,0.0,10,100000000,1.0,0.0
topk,cms-heap-topk-fastpath-vector2d,rows=5 cols=16384,zipf,0.0,100,1000,0.9479166666666666,0.010416666666666668
topk,cms-heap-topk-fastpath-vector2d,rows=5 cols=16384,zipf,0.0,100,1778,0.9583333333333334,0.010416666666666668
topk,cms-heap-topk-fastpath-vector2d,rows=5 cols=16384,zipf,0.0,100,3162,0.9791666666666666,0.010416666666666668
topk,cms-heap-topk-fastpath-vector2d,rows=5 cols=16384,zipf,0.0,100,5623,0.96875,0.0
topk,cms-heap-topk-fastpath-vector2d,rows=5 cols=16384,zipf,0.0,100,10000,0.9791666666666666,0.010416666666666668
topk,cms-heap-topk-fastpath-vector2d,rows=5 cols=16384,zipf,0.0,100,17783,0.9791666666666666,0.010416666666666668
topk,cms-heap-topk-fastpath-vector2d,rows=5 cols=16384,zipf,0.0,100,31623,0.9895833333333334,0.010416666666666668
topk,cms-heap-topk-fastpath-vector2d,rows=5 cols=16384,zipf,0.0,100,56234,0.9895833333333334,0.010416666666666668
topk,cms-heap-topk-fastpath-vector2d,rows=5 cols=16384,zipf,0.0,100,100000,0.9895833333333334,0.010416666666666668
topk,cms-heap-topk-fastpath-vector2d,rows=5 cols=16384,zipf,0.0,100,177828,0.9791666666666666,0.020833333333333332
topk,cms-heap-topk-fastpath-vector2d,rows=5 cols=16384,zipf,0.0,100,316228,1.0,0.0
topk,cms-heap-topk-fastpath-vector2d,rows=5 cols=16384,zipf,0.0,100,562341,1.0,0.0
topk,cms-heap-topk-fastpath-vector2d,rows=5 cols=16384,zipf,0.0,100,1000000,0.9791666666666666,0.010416666666666668
topk,cms-heap-topk-fastpath-vector2d,rows=5 cols=16384,zipf,0.0,100,1778279,1.0,0.0
topk,cms-heap-topk-fastpath-vector2d,rows=5 cols=16384,zipf,0.0,100,3162278,1.0,0.0
topk,cms-heap-topk-fastpath-vector2d,rows=5 cols=16384,zipf,0.0,100,5623413,1.0,0.0
topk,cms-heap-topk-fastpath-vector2d,rows=5 cols=16384,zipf,0.0,100,10000000,1.0,0.0
topk,cms-heap-topk-fastpath-vector2d,rows=5 cols=16384,zipf,0.0,100,17782794,1.0,0.0
topk,cms-heap-topk-fastpath-vector2d,rows=5 cols=16384,zipf,0.0,100,31622777,1.0,0.0
topk,cms-heap-topk-fastpath-vector2d,rows=5 cols=16384,zipf,0.0,100,56234133,1.0,0.0
topk,cms-heap-topk-fastpath-vector2d,rows=5 cols=16384,zipf,0.0,100,100000000,1.0,0.0
topk,cms-heap-topk-fastpath-vector2d,rows=5 cols=16384,zipf,0.0,10000,1000,0.5625,0.06505206248331664
topk,cms-heap-topk-fastpath-vector2d,rows=5 cols=16384,zipf,0.0,10000,1778,0.4583333333333333,0.05208333333333333
topk,cms-heap-topk-fastpath-vector2d,rows=5 cols=16384,zipf,0.0,10000,3162,0.7395833333333334,0.11738987155817338
topk,cms-heap-topk-fastpath-vector2d,rows=5 cols=16384,zipf,0.0,10000,5623,0.7291666666666666,0.10416666666666666
topk,cms-heap-topk-fastpath-vector2d,rows=5 cols=16384,zipf,0.0,10000,10000,0.8333333333333334,0.03755782578608322
topk,cms-heap-topk-fastpath-vector2d,rows=5 cols=16384,zipf,0.0,10000,17783,0.8020833333333334,0.010416666666666668
topk,cms-heap-topk-fastpath-vector2d,rows=5 cols=16384,zipf,0.0,10000,31623,0.7083333333333334,0.05799754544614606
topk,cms-heap-topk-fastpath-vector2d,rows=5 cols=16384,zipf,0.0,10000,56234,0.65625,0.0
topk,cms-heap-topk-fastpath-vector2d,rows=5 cols=16384,zipf,0.0,10000,100000,0.3541666666666667,0.03755782578608322
topk,cms-heap-topk-fastpath-vector2d,rows=5 cols=16384,zipf,0.0,10000,177828,0.052083333333333336,0.03755782578608322
topk,cms-heap-topk-fastpath-vector2d,rows=5 cols=16384,zipf,0.0,10000,316228,0.010416666666666666,0.010416666666666668
topk,cms-heap-topk-fastpath-vector2d,rows=5 cols=16384,zipf,0.0,10000,562341,0.020833333333333332,0.010416666666666668
topk,cms-heap-topk-fastpath-vector2d,rows=5 cols=16384,zipf,0.0,10000,1000000,0.020833333333333332,0.010416666666666668
topk,cms-heap-topk-fastpath-vector2d,rows=5 cols=16384,zipf,0.0,10000,1778279,0.020833333333333332,0.010416666666666668
topk,cms-heap-topk-fastpath-vector2d,rows=5 cols=16384,zipf,0.0,10000,3162278,0.041666666666666664,0.010416666666666666
topk,cms-heap-topk-fastpath-vector2d,rows=5 cols=16384,zipf,0.0,10000,5623413,0.041666666666666664,0.027559909490256152
topk,cms-heap-topk-fastpath-vector2d,rows=5 cols=16384,zipf,0.0,10000,10000000,0.03125,0.018042195912175804
topk,cms-heap-topk-fastpath-vector2d,rows=5 cols=16384,zipf,0.0,10000,17782794,0.010416666666666666,0.010416666666666668
topk,cms-heap-topk-fastpath-vector2d,rows=5 cols=16384,zipf,0.0,10000,31622777,0.010416666666666666,0.010416666666666668
topk,cms-heap-topk-fastpath-vector2d,rows=5 cols=16384,zipf,0.0,10000,56234133,0.020833333333333332,0.010416666666666668
topk,cms-heap-topk-fastpath-vector2d,rows=5 cols=16384,zipf,0.0,10000,100000000,0.020833333333333332,0.020833333333333336
topk,cms-heap-topk-fastpath-vector2d,rows=5 cols=16384,zipf,0.0,1000000,1000,0.03125,0.0
topk,cms-heap-topk-fastpath-vector2d,rows=5 cols=16384,zipf,0.0,1000000,1778,0.052083333333333336,0.027559909490256152
topk,cms-heap-topk-fastpath-vector2d,rows=5 cols=16384,zipf,0.0,1000000,3162,0.125,0.03125
topk,cms-heap-topk-fastpath-vector2d,rows=5 cols=16384,zipf,0.0,1000000,5623,0.3541666666666667,0.03755782578608322
topk,cms-heap-topk-fastpath-vector2d,rows=5 cols=16384,zipf,0.0,1000000,10000,0.5104166666666666,0.020833333333333332
topk,cms-heap-topk-fastpath-vector2d,rows=5 cols=16384,zipf,0.0,1000000,17783,0.15625,0.018042195912175804
topk,cms-heap-topk-fastpath-vector2d,rows=5 cols=16384,zipf,0.0,1000000,31623,0.0625,0.03125
topk,cms-heap-topk-fastpath-vector2d,rows=5 cols=16384,zipf,0.0,1000000,56234,0.0625,0.018042195912175804
topk,cms-heap-topk-fastpath-vector2d,rows=5 cols=16384,zipf,0.0,1000000,100000,0.03125,0.018042195912175804
topk,cms-heap-topk-fastpath-vector2d,rows=5 cols=16384,zipf,0.0,1000000,177828,0.052083333333333336,0.010416666666666666
topk,cms-heap-topk-fastpath-vector2d,rows=5 cols=16384,zipf,0.0,1000000,316228,0.010416666666666666,0.010416666666666668
topk,cms-heap-topk-fastpath-vector2d,rows=5 cols=16384,zipf,0.0,1000000,562341,0.0,0.0
topk,cms-heap-topk-fastpath-vector2d,rows=5 cols=16384,zipf,0.0,1000000,1000000,0.0,0.0
topk,cms-heap-topk-fastpath-vector2d,rows=5 cols=16384,zipf,0.0,1000000,1778279,0.010416666666666666,0.010416666666666668
topk,cms-heap-topk-fastpath-vector2d,rows=5 cols=16384,zipf,0.0,1000000,3162278,0.010416666666666666,0.010416666666666668
topk,cms-heap-topk-fastpath-vector2d,rows=5 cols=16384,zipf,0.0,1000000,5623413,0.0,0.0
topk,cms-heap-topk-fastpath-vector2d,rows=5 cols=16384,zipf,0.0,1000000,10000000,0.0,0.0
topk,cms-heap-topk-fastpath-vector2d,rows=5 cols=16384,zipf,0.0,1000000,17782794,0.0,0.0
topk,cms-heap-topk-fastpath-vector2d,rows=5 cols=16384,zipf,0.0,1000000,31622777,0.0,0.0
topk,cms-heap-topk-fastpath-vector2d,rows=5 cols=16384,zipf,0.0,1000000,56234133,0.0,0.0
topk,cms-heap-topk-fastpath-vector2d,rows=5 cols=16384,zipf,0.0,1000000,100000000,0.0,0.0
topk,cms-heap-topk-fastpath-vector2d,rows=5 cols=16384,zipf,0.5,10,1000,1.0,0.0
topk,cms-heap-topk-fastpath-vector2d,rows=5 cols=16384,zipf,0.5,10,1778,1.0,0.0
topk,cms-heap-topk-fastpath-vector2d,rows=5 cols=16384,zipf,0.5,10,3162,1.0,0.0
topk,cms-heap-topk-fastpath-vector2d,rows=5 cols=16384,zipf,0.5,10,5623,1.0,0.0
topk,cms-heap-topk-fastpath-vector2d,rows=5 cols=16384,zipf,0.5,10,10000,1.0,0.0
topk,cms-heap-topk-fastpath-vector2d,rows=5 cols=16384,zipf,0.5,10,17783,1.0,0.0
topk,cms-heap-topk-fastpath-vector2d,rows=5 cols=16384,zipf,0.5,10,31623,1.0,0.0
topk,cms-heap-topk-fastpath-vector2d,rows=5 cols=16384,zipf,0.5,10,56234,1.0,0.0
topk,cms-heap-topk-fastpath-vector2d,rows=5 cols=16384,zipf,0.5,10,100000,1.0,0.0
topk,cms-heap-topk-fastpath-vector2d,rows=5 cols=16384,zipf,0.5,10,177828,1.0,0.0
topk,cms-heap-topk-fastpath-vector2d,rows=5 cols=16384,zipf,0.5,10,316228,1.0,0.0
topk,cms-heap-topk-fastpath-vector2d,rows=5 cols=16384,zipf,0.5,10,562341,1.0,0.0
topk,cms-heap-topk-fastpath-vector2d,rows=5 cols=16384,zipf,0.5,10,1000000,1.0,0.0
topk,cms-heap-topk-fastpath-vector2d,rows=5 cols=16384,zipf,0.5,10,1778279,1.0,0.0
topk,cms-heap-topk-fastpath-vector2d,rows=5 cols=16384,zipf,0.5,10,3162278,1.0,0.0
topk,cms-heap-topk-fastpath-vector2d,rows=5 cols=16384,zipf,0.5,10,5623413,1.0,0.0
topk,cms-heap-topk-fastpath-vector2d,rows=5 cols=16384,zipf,0.5,10,10000000,1.0,0.0
topk,cms-heap-topk-fastpath-vector2d,rows=5 cols=16384,zipf,0.5,10,17782794,1.0,0.0
topk,cms-heap-topk-fastpath-vector2d,rows=5 cols=16384,zipf,0.5,10,31622777,1.0,0.0
topk,cms-heap-topk-fastpath-vector2d,rows=5 cols=16384,zipf,0.5,10,56234133,1.0,0.0
topk,cms-heap-topk-fastpath-vector2d,rows=5 cols=16384,zipf,0.5,10,100000000,1.0,0.0
topk,cms-heap-topk-fastpath-vector2d,rows=5 cols=16384,zipf,0.5,100,1000,0.9583333333333334,0.010416666666666668
topk,cms-heap-topk-fastpath-vector2d,rows=5 cols=16384,zipf,0.5,100,1778,0.9895833333333334,0.010416666666666668
topk,cms-heap-topk-fastpath-vector2d,rows=5 cols=16384,zipf,0.5,100,3162,0.9895833333333334,0.010416666666666668
topk,cms-heap-topk-fastpath-vector2d,rows=5 cols=16384,zipf,0.5,100,5623,1.0,0.0
topk,cms-heap-topk-fastpath-vector2d,rows=5 cols=16384,zipf,0.5,100,10000,1.0,0.0
topk,cms-heap-topk-fastpath-vector2d,rows=5 cols=16384,zipf,0.5,100,17783,1.0,0.0
topk,cms-heap-topk-fastpath-vector2d,rows=5 cols=16384,zipf,0.5,100,31623,1.0,0.0
topk,cms-heap-topk-fastpath-vector2d,rows=5 cols=16384,zipf,0.5,100,56234,1.0,0.0
topk,cms-heap-topk-fastpath-vector2d,rows=5 cols=16384,zipf,0.5,100,100000,1.0,0.0
topk,cms-heap-topk-fastpath-vector2d,rows=5 cols=16384,zipf,0.5,100,177828,1.0,0.0
topk,cms-heap-topk-fastpath-vector2d,rows=5 cols=16384,zipf,0.5,100,316228,1.0,0.0
topk,cms-heap-topk-fastpath-vector2d,rows=5 cols=16384,zipf,0.5,100,562341,1.0,0.0
topk,cms-heap-topk-fastpath-vector2d,rows=5 cols=16384,zipf,0.5,100,1000000,1.0,0.0
topk,cms-heap-topk-fastpath-vector2d,rows=5 cols=16384,zipf,0.5,100,1778279,1.0,0.0
topk,cms-heap-topk-fastpath-vector2d,rows=5 cols=16384,zipf,0.5,100,3162278,1.0,0.0
topk,cms-heap-topk-fastpath-vector2d,rows=5 cols=16384,zipf,0.5,100,5623413,1.0,0.0
topk,cms-heap-topk-fastpath-vector2d,rows=5 cols=16384,zipf,0.5,100,10000000,1.0,0.0
topk,cms-heap-topk-fastpath-vector2d,rows=5 cols=16384,zipf,0.5,100,17782794,1.0,0.0
topk,cms-heap-topk-fastpath-vector2d,rows=5 cols=16384,zipf,0.5,100,31622777,1.0,0.0
topk,cms-heap-topk-fastpath-vector2d,rows=5 cols=16384,zipf,0.5,100,56234133,1.0,0.0
topk,cms-heap-topk-fastpath-vector2d,rows=5 cols=16384,zipf,0.5,100,100000000,1.0,0.0
topk,cms-heap-topk-fastpath-vector2d,rows=5 cols=16384,zipf,0.5,10000,1000,0.5729166666666666,0.010416666666666668
topk,cms-heap-topk-fastpath-vector2d,rows=5 cols=16384,zipf,0.5,10000,1778,0.875,0.03125
topk,cms-heap-topk-fastpath-vector2d,rows=5 cols=16384,zipf,0.5,10000,3162,0.8854166666666666,0.03755782578608322
topk,cms-heap-topk-fastpath-vector2d,rows=5 cols=16384,zipf,0.5,10000,5623,0.9270833333333334,0.02755990949025615
topk,cms-heap-topk-fastpath-vector2d,rows=5 cols=16384,zipf,0.5,10000,10000,0.9583333333333334,0.010416666666666668
topk,cms-heap-topk-fastpath-vector2d,rows=5 cols=16384,zipf,0.5,10000,17783,0.9895833333333334,0.010416666666666668
topk,cms-heap-topk-fastpath-vector2d,rows=5 cols=16384,zipf,0.5,10000,31623,0.96875,0.0
topk,cms-heap-topk-fastpath-vector2d,rows=5 cols=16384,zipf,0.5,10000,56234,0.9895833333333334,0.010416666666666668
topk,cms-heap-topk-fastpath-vector2d,rows=5 cols=16384,zipf,0.5,10000,100000,1.0,0.0
topk,cms-heap-topk-fastpath-vector2d,rows=5 cols=16384,zipf,0.5,10000,177828,0.9895833333333334,0.010416666666666668
topk,cms-heap-topk-fastpath-vector2d,rows=5 cols=16384,zipf,0.5,10000,316228,1.0,0.0
topk,cms-heap-topk-fastpath-vector2d,rows=5 cols=16384,zipf,0.5,10000,562341,0.9791666666666666,0.010416666666666668
topk,cms-heap-topk-fastpath-vector2d,rows=5 cols=16384,zipf,0.5,10000,1000000,1.0,0.0
topk,cms-heap-topk-fastpath-vector2d,rows=5 cols=16384,zipf,0.5,10000,1778279,1.0,0.0
topk,cms-heap-topk-fastpath-vector2d,rows=5 cols=16384,zipf,0.5,10000,3162278,1.0,0.0
topk,cms-heap-topk-fastpath-vector2d,rows=5 cols=16384,zipf,0.5,10000,5623413,1.0,0.0
topk,cms-heap-topk-fastpath-vector2d,rows=5 cols=16384,zipf,0.5,10000,10000000,1.0,0.0
topk,cms-heap-topk-fastpath-vector2d,rows=5 cols=16384,zipf,0.5,10000,17782794,1.0,0.0
topk,cms-heap-topk-fastpath-vector2d,rows=5 cols=16384,zipf,0.5,10000,31622777,1.0,0.0
topk,cms-heap-topk-fastpath-vector2d,rows=5 cols=16384,zipf,0.5,10000,56234133,1.0,0.0
topk,cms-heap-topk-fastpath-vector2d,rows=5 cols=16384,zipf,0.5,10000,100000000,1.0,0.0
topk,cms-heap-topk-fastpath-vector2d,rows=5 cols=16384,zipf,0.5,1000000,1000,0.07291666666666667,0.020833333333333332
topk,cms-heap-topk-fastpath-vector2d,rows=5 cols=16384,zipf,0.5,1000000,1778,0.17708333333333334,0.010416666666666668
topk,cms-heap-topk-fastpath-vector2d,rows=5 cols=16384,zipf,0.5,1000000,3162,0.4166666666666667,0.07511565157216644
topk,cms-heap-topk-fastpath-vector2d,rows=5 cols=16384,zipf,0.5,1000000,5623,0.71875,0.047735163489123336
topk,cms-heap-topk-fastpath-vector2d,rows=5 cols=16384,zipf,0.5,1000000,10000,0.5,0.047735163489123336
topk,cms-heap-topk-fastpath-vector2d,rows=5 cols=16384,zipf,0.5,1000000,17783,0.6458333333333334,0.04540519732854868
topk,cms-heap-topk-fastpath-vector2d,rows=5 cols=16384,zipf,0.5,1000000,31623,0.7604166666666666,0.04540519732854868
topk,cms-heap-topk-fastpath-vector2d,rows=5 cols=16384,zipf,0.5,1000000,56234,0.8645833333333334,0.03755782578608322
topk,cms-heap-topk-fastpath-vector2d,rows=5 cols=16384,zipf,0.5,1000000,100000,0.8958333333333334,0.010416666666666668
topk,cms-heap-topk-fastpath-vector2d,rows=5 cols=16384,zipf,0.5,1000000,177828,0.9375,0.018042195912175804
topk,cms-heap-topk-fastpath-vector2d,rows=5 cols=16384,zipf,0.5,1000000,316228,0.9270833333333334,0.02755990949025615
topk,cms-heap-topk-fastpath-vector2d,rows=5 cols=16384,zipf,0.5,1000000,562341,0.9375,0.0
topk,cms-heap-topk-fastpath-vector2d,rows=5 cols=16384,zipf,0.5,1000000,1000000,0.9583333333333334,0.010416666666666668
topk,cms-heap-topk-fastpath-vector2d,rows=5 cols=16384,zipf,0.5,1000000,1778279,0.9479166666666666,0.020833333333333332
topk,cms-heap-topk-fastpath-vector2d,rows=5 cols=16384,zipf,0.5,1000000,3162278,0.9479166666666666,0.010416666666666668
topk,cms-heap-topk-fastpath-vector2d,rows=5 cols=16384,zipf,0.5,1000000,5623413,0.9791666666666666,0.010416666666666668
topk,cms-heap-topk-fastpath-vector2d,rows=5 cols=16384,zipf,0.5,1000000,10000000,0.96875,0.0
topk,cms-heap-topk-fastpath-vector2d,rows=5 cols=16384,zipf,0.5,1000000,17782794,0.9479166666666666,0.010416666666666668
topk,cms-heap-topk-fastpath-vector2d,rows=5 cols=16384,zipf,0.5,1000000,31622777,0.9375,0.0
topk,cms-heap-topk-fastpath-vector2d,rows=5 cols=16384,zipf,0.5,1000000,56234133,0.9375,0.0
topk,cms-heap-topk-fastpath-vector2d,rows=5 cols=16384,zipf,0.5,1000000,100000000,0.9479166666666666,0.010416666666666668
topk,cms-heap-topk-fastpath-vector2d,rows=5 cols=16384,zipf,1.0,10,1000,1.0,0.0
topk,cms-heap-topk-fastpath-vector2d,rows=5 cols=16384,zipf,1.0,10,1778,1.0,0.0
topk,cms-heap-topk-fastpath-vector2d,rows=5 cols=16384,zipf,1.0,10,3162,1.0,0.0
topk,cms-heap-topk-fastpath-vector2d,rows=5 cols=16384,zipf,1.0,10,5623,1.0,0.0
topk,cms-heap-topk-fastpath-vector2d,rows=5 cols=16384,zipf,1.0,10,10000,1.0,0.0
topk,cms-heap-topk-fastpath-vector2d,rows=5 cols=16384,zipf,1.0,10,17783,1.0,0.0
topk,cms-heap-topk-fastpath-vector2d,rows=5 cols=16384,zipf,1.0,10,31623,1.0,0.0
topk,cms-heap-topk-fastpath-vector2d,rows=5 cols=16384,zipf,1.0,10,56234,1.0,0.0
topk,cms-heap-topk-fastpath-vector2d,rows=5 cols=16384,zipf,1.0,10,100000,1.0,0.0
topk,cms-heap-topk-fastpath-vector2d,rows=5 cols=16384,zipf,1.0,10,177828,1.0,0.0
topk,cms-heap-topk-fastpath-vector2d,rows=5 cols=16384,zipf,1.0,10,316228,1.0,0.0
topk,cms-heap-topk-fastpath-vector2d,rows=5 cols=16384,zipf,1.0,10,562341,1.0,0.0
topk,cms-heap-topk-fastpath-vector2d,rows=5 cols=16384,zipf,1.0,10,1000000,1.0,0.0
topk,cms-heap-topk-fastpath-vector2d,rows=5 cols=16384,zipf,1.0,10,1778279,1.0,0.0
topk,cms-heap-topk-fastpath-vector2d,rows=5 cols=16384,zipf,1.0,10,3162278,1.0,0.0
topk,cms-heap-topk-fastpath-vector2d,rows=5 cols=16384,zipf,1.0,10,5623413,1.0,0.0
topk,cms-heap-topk-fastpath-vector2d,rows=5 cols=16384,zipf,1.0,10,10000000,1.0,0.0
topk,cms-heap-topk-fastpath-vector2d,rows=5 cols=16384,zipf,1.0,10,17782794,1.0,0.0
topk,cms-heap-topk-fastpath-vector2d,rows=5 cols=16384,zipf,1.0,10,31622777,1.0,0.0
topk,cms-heap-topk-fastpath-vector2d,rows=5 cols=16384,zipf,1.0,10,56234133,1.0,0.0
topk,cms-heap-topk-fastpath-vector2d,rows=5 cols=16384,zipf,1.0,10,100000000,1.0,0.0
topk,cms-heap-topk-fastpath-vector2d,rows=5 cols=16384,zipf,1.0,100,1000,0.9583333333333334,0.010416666666666668
topk,cms-heap-topk-fastpath-vector2d,rows=5 cols=16384,zipf,1.0,100,1778,0.9791666666666666,0.010416666666666668
topk,cms-heap-topk-fastpath-vector2d,rows=5 cols=16384,zipf,1.0,100,3162,0.9791666666666666,0.010416666666666668
topk,cms-heap-topk-fastpath-vector2d,rows=5 cols=16384,zipf,1.0,100,5623,0.9895833333333334,0.010416666666666668
topk,cms-heap-topk-fastpath-vector2d,rows=5 cols=16384,zipf,1.0,100,10000,1.0,0.0
topk,cms-heap-topk-fastpath-vector2d,rows=5 cols=16384,zipf,1.0,100,17783,1.0,0.0
topk,cms-heap-topk-fastpath-vector2d,rows=5 cols=16384,zipf,1.0,100,31623,1.0,0.0
topk,cms-heap-topk-fastpath-vector2d,rows=5 cols=16384,zipf,1.0,100,56234,1.0,0.0
topk,cms-heap-topk-fastpath-vector2d,rows=5 cols=16384,zipf,1.0,100,100000,1.0,0.0
topk,cms-heap-topk-fastpath-vector2d,rows=5 cols=16384,zipf,1.0,100,177828,1.0,0.0
topk,cms-heap-topk-fastpath-vector2d,rows=5 cols=16384,zipf,1.0,100,316228,1.0,0.0
topk,cms-heap-topk-fastpath-vector2d,rows=5 cols=16384,zipf,1.0,100,562341,1.0,0.0
topk,cms-heap-topk-fastpath-vector2d,rows=5 cols=16384,zipf,1.0,100,1000000,1.0,0.0
topk,cms-heap-topk-fastpath-vector2d,rows=5 cols=16384,zipf,1.0,100,1778279,1.0,0.0
topk,cms-heap-topk-fastpath-vector2d,rows=5 cols=16384,zipf,1.0,100,3162278,1.0,0.0
topk,cms-heap-topk-fastpath-vector2d,rows=5 cols=16384,zipf,1.0,100,5623413,1.0,0.0
topk,cms-heap-topk-fastpath-vector2d,rows=5 cols=16384,zipf,1.0,100,10000000,1.0,0.0
topk,cms-heap-topk-fastpath-vector2d,rows=5 cols=16384,zipf,1.0,100,17782794,1.0,0.0
topk,cms-heap-topk-fastpath-vector2d,rows=5 cols=16384,zipf,1.0,100,31622777,1.0,0.0
topk,cms-heap-topk-fastpath-vector2d,rows=5 cols=16384,zipf,1.0,100,56234133,1.0,0.0
topk,cms-heap-topk-fastpath-vector2d,rows=5 cols=16384,zipf,1.0,100,100000000,1.0,0.0
topk,cms-heap-topk-fastpath-vector2d,rows=5 cols=16384,zipf,1.0,10000,1000,0.9375,0.03608439182435161
topk,cms-heap-topk-fastpath-vector2d,rows=5 cols=16384,zipf,1.0,10000,1778,0.9479166666666666,0.020833333333333332
topk,cms-heap-topk-fastpath-vector2d,rows=5 cols=16384,zipf,1.0,10000,3162,0.96875,0.018042195912175804
topk,cms-heap-topk-fastpath-vector2d,rows=5 cols=16384,zipf,1.0,10000,5623,0.9791666666666666,0.010416666666666668
topk,cms-heap-topk-fastpath-vector2d,rows=5 cols=16384,zipf,1.0,10000,10000,0.9791666666666666,0.010416666666666668
topk,cms-heap-topk-fastpath-vector2d,rows=5 cols=16384,zipf,1.0,10000,17783,1.0,0.0
topk,cms-heap-topk-fastpath-vector2d,rows=5 cols=16384,zipf,1.0,10000,31623,1.0,0.0
topk,cms-heap-topk-fastpath-vector2d,rows=5 cols=16384,zipf,1.0,10000,56234,0.9895833333333334,0.010416666666666668
topk,cms-heap-topk-fastpath-vector2d,rows=5 cols=16384,zipf,1.0,10000,100000,1.0,0.0
topk,cms-heap-topk-fastpath-vector2d,rows=5 cols=16384,zipf,1.0,10000,177828,1.0,0.0
topk,cms-heap-topk-fastpath-vector2d,rows=5 cols=16384,zipf,1.0,10000,316228,1.0,0.0
topk,cms-heap-topk-fastpath-vector2d,rows=5 cols=16384,zipf,1.0,10000,562341,1.0,0.0
topk,cms-heap-topk-fastpath-vector2d,rows=5 cols=16384,zipf,1.0,10000,1000000,1.0,0.0
topk,cms-heap-topk-fastpath-vector2d,rows=5 cols=16384,zipf,1.0,10000,1778279,1.0,0.0
topk,cms-heap-topk-fastpath-vector2d,rows=5 cols=16384,zipf,1.0,10000,3162278,1.0,0.0
topk,cms-heap-topk-fastpath-vector2d,rows=5 cols=16384,zipf,1.0,10000,5623413,1.0,0.0
topk,cms-heap-topk-fastpath-vector2d,rows=5 cols=16384,zipf,1.0,10000,10000000,1.0,0.0
topk,cms-heap-topk-fastpath-vector2d,rows=5 cols=16384,zipf,1.0,10000,17782794,1.0,0.0
topk,cms-heap-topk-fastpath-vector2d,rows=5 cols=16384,zipf,1.0,10000,31622777,1.0,0.0
topk,cms-heap-topk-fastpath-vector2d,rows=5 cols=16384,zipf,1.0,10000,56234133,1.0,0.0
topk,cms-heap-topk-fastpath-vector2d,rows=5 cols=16384,zipf,1.0,10000,100000000,1.0,0.0
topk,cms-heap-topk-fastpath-vector2d,rows=5 cols=16384,zipf,1.0,1000000,1000,0.9375,0.03608439182435161
topk,cms-heap-topk-fastpath-vector2d,rows=5 cols=16384,zipf,1.0,1000000,1778,0.9270833333333334,0.027559909490256152
topk,cms-heap-topk-fastpath-vector2d,rows=5 cols=16384,zipf,1.0,1000000,3162,0.9895833333333334,0.010416666666666668
topk,cms-heap-topk-fastpath-vector2d,rows=5 cols=16384,zipf,1.0,1000000,5623,0.9895833333333334,0.010416666666666668
topk,cms-heap-topk-fastpath-vector2d,rows=5 cols=16384,zipf,1.0,1000000,10000,0.9895833333333334,0.010416666666666668
topk,cms-heap-topk-fastpath-vector2d,rows=5 cols=16384,zipf,1.0,1000000,17783,1.0,0.0
topk,cms-heap-topk-fastpath-vector2d,rows=5 cols=16384,zipf,1.0,1000000,31623,1.0,0.0
topk,cms-heap-topk-fastpath-vector2d,rows=5 cols=16384,zipf,1.0,1000000,56234,1.0,0.0
topk,cms-heap-topk-fastpath-vector2d,rows=5 cols=16384,zipf,1.0,1000000,100000,1.0,0.0
topk,cms-heap-topk-fastpath-vector2d,rows=5 cols=16384,zipf,1.0,1000000,177828,1.0,0.0
topk,cms-heap-topk-fastpath-vector2d,rows=5 cols=16384,zipf,1.0,1000000,316228,1.0,0.0
topk,cms-heap-topk-fastpath-vector2d,rows=5 cols=16384,zipf,1.0,1000000,562341,1.0,0.0
topk,cms-heap-topk-fastpath-vector2d,rows=5 cols=16384,zipf,1.0,1000000,1000000,1.0,0.0
topk,cms-heap-topk-fastpath-vector2d,rows=5 cols=16384,zipf,1.0,1000000,1778279,1.0,0.0
topk,cms-heap-topk-fastpath-vector2d,rows=5 cols=16384,zipf,1.0,1000000,3162278,1.0,0.0
topk,cms-heap-topk-fastpath-vector2d,rows=5 cols=16384,zipf,1.0,1000000,5623413,1.0,0.0
topk,cms-heap-topk-fastpath-vector2d,rows=5 cols=16384,zipf,1.0,1000000,10000000,1.0,0.0
topk,cms-heap-topk-fastpath-vector2d,rows=5 cols=16384,zipf,1.0,1000000,17782794,1.0,0.0
topk,cms-heap-topk-fastpath-vector2d,rows=5 cols=16384,zipf,1.0,1000000,31622777,1.0,0.0
topk,cms-heap-topk-fastpath-vector2d,rows=5 cols=16384,zipf,1.0,1000000,56234133,1.0,0.0
topk,cms-heap-topk-fastpath-vector2d,rows=5 cols=16384,zipf,1.0,1000000,100000000,1.0,0.0
topk,cms-heap-topk-fastpath-vector2d,rows=5 cols=16384,zipf,1.5,10,1000,1.0,0.0
topk,cms-heap-topk-fastpath-vector2d,rows=5 cols=16384,zipf,1.5,10,1778,1.0,0.0
topk,cms-heap-topk-fastpath-vector2d,rows=5 cols=16384,zipf,1.5,10,3162,1.0,0.0
topk,cms-heap-topk-fastpath-vector2d,rows=5 cols=16384,zipf,1.5,10,5623,1.0,0.0
topk,cms-heap-topk-fastpath-vector2d,rows=5 cols=16384,zipf,1.5,10,10000,1.0,0.0
topk,cms-heap-topk-fastpath-vector2d,rows=5 cols=16384,zipf,1.5,10,17783,1.0,0.0
topk,cms-heap-topk-fastpath-vector2d,rows=5 cols=16384,zipf,1.5,10,31623,1.0,0.0
topk,cms-heap-topk-fastpath-vector2d,rows=5 cols=16384,zipf,1.5,10,56234,1.0,0.0
topk,cms-heap-topk-fastpath-vector2d,rows=5 cols=16384,zipf,1.5,10,100000,1.0,0.0
topk,cms-heap-topk-fastpath-vector2d,rows=5 cols=16384,zipf,1.5,10,177828,1.0,0.0
topk,cms-heap-topk-fastpath-vector2d,rows=5 cols=16384,zipf,1.5,10,316228,1.0,0.0
topk,cms-heap-topk-fastpath-vector2d,rows=5 cols=16384,zipf,1.5,10,562341,1.0,0.0
topk,cms-heap-topk-fastpath-vector2d,rows=5 cols=16384,zipf,1.5,10,1000000,1.0,0.0
topk,cms-heap-topk-fastpath-vector2d,rows=5 cols=16384,zipf,1.5,10,1778279,1.0,0.0
topk,cms-heap-topk-fastpath-vector2d,rows=5 cols=16384,zipf,1.5,10,3162278,1.0,0.0
topk,cms-heap-topk-fastpath-vector2d,rows=5 cols=16384,zipf,1.5,10,5623413,1.0,0.0
topk,cms-heap-topk-fastpath-vector2d,rows=5 cols=16384,zipf,1.5,10,10000000,1.0,0.0
topk,cms-heap-topk-fastpath-vector2d,rows=5 cols=16384,zipf,1.5,10,17782794,1.0,0.0
topk,cms-heap-topk-fastpath-vector2d,rows=5 cols=16384,zipf,1.5,10,31622777,1.0,0.0
topk,cms-heap-topk-fastpath-vector2d,rows=5 cols=16384,zipf,1.5,10,56234133,1.0,0.0
topk,cms-heap-topk-fastpath-vector2d,rows=5 cols=16384,zipf,1.5,10,100000000,1.0,0.0
topk,cms-heap-topk-fastpath-vector2d,rows=5 cols=16384,zipf,1.5,100,1000,0.9479166666666666,0.010416666666666668
topk,cms-heap-topk-fastpath-vector2d,rows=5 cols=16384,zipf,1.5,100,1778,1.0,0.0
topk,cms-heap-topk-fastpath-vector2d,rows=5 cols=16384,zipf,1.5,100,3162,1.0,0.0
topk,cms-heap-topk-fastpath-vector2d,rows=5 cols=16384,zipf,1.5,100,5623,0.9791666666666666,0.010416666666666668
topk,cms-heap-topk-fastpath-vector2d,rows=5 cols=16384,zipf,1.5,100,10000,0.9895833333333334,0.010416666666666668
topk,cms-heap-topk-fastpath-vector2d,rows=5 cols=16384,zipf,1.5,100,17783,1.0,0.0
topk,cms-heap-topk-fastpath-vector2d,rows=5 cols=16384,zipf,1.5,100,31623,0.9895833333333334,0.010416666666666668
topk,cms-heap-topk-fastpath-vector2d,rows=5 cols=16384,zipf,1.5,100,56234,1.0,0.0
topk,cms-heap-topk-fastpath-vector2d,rows=5 cols=16384,zipf,1.5,100,100000,1.0,0.0
topk,cms-heap-topk-fastpath-vector2d,rows=5 cols=16384,zipf,1.5,100,177828,1.0,0.0
topk,cms-heap-topk-fastpath-vector2d,rows=5 cols=16384,zipf,1.5,100,316228,1.0,0.0
topk,cms-heap-topk-fastpath-vector2d,rows=5 cols=16384,zipf,1.5,100,562341,1.0,0.0
topk,cms-heap-topk-fastpath-vector2d,rows=5 cols=16384,zipf,1.5,100,1000000,1.0,0.0
topk,cms-heap-topk-fastpath-vector2d,rows=5 cols=16384,zipf,1.5,100,1778279,1.0,0.0
topk,cms-heap-topk-fastpath-vector2d,rows=5 cols=16384,zipf,1.5,100,3162278,1.0,0.0
topk,cms-heap-topk-fastpath-vector2d,rows=5 cols=16384,zipf,1.5,100,5623413,1.0,0.0
topk,cms-heap-topk-fastpath-vector2d,rows=5 cols=16384,zipf,1.5,100,10000000,1.0,0.0
topk,cms-heap-topk-fastpath-vector2d,rows=5 cols=16384,zipf,1.5,100,17782794,1.0,0.0
topk,cms-heap-topk-fastpath-vector2d,rows=5 cols=16384,zipf,1.5,100,31622777,1.0,0.0
topk,cms-heap-topk-fastpath-vector2d,rows=5 cols=16384,zipf,1.5,100,56234133,1.0,0.0
topk,cms-heap-topk-fastpath-vector2d,rows=5 cols=16384,zipf,1.5,100,100000000,1.0,0.0
topk,cms-heap-topk-fastpath-vector2d,rows=5 cols=16384,zipf,1.5,10000,1000,0.96875,0.0
topk,cms-heap-topk-fastpath-vector2d,rows=5 cols=16384,zipf,1.5,10000,1778,0.96875,0.0
topk,cms-heap-topk-fastpath-vector2d,rows=5 cols=16384,zipf,1.5,10000,3162,0.9895833333333334,0.010416666666666668
topk,cms-heap-topk-fastpath-vector2d,rows=5 cols=16384,zipf,1.5,10000,5623,0.9895833333333334,0.010416666666666668
topk,cms-heap-topk-fastpath-vector2d,rows=5 cols=16384,zipf,1.5,10000,10000,0.9791666666666666,0.010416666666666668
topk,cms-heap-topk-fastpath-vector2d,rows=5 cols=16384,zipf,1.5,10000,17783,0.9895833333333334,0.010416666666666668
topk,cms-heap-topk-fastpath-vector2d,rows=5 cols=16384,zipf,1.5,10000,31623,1.0,0.0
topk,cms-heap-topk-fastpath-vector2d,rows=5 cols=16384,zipf,1.5,10000,56234,1.0,0.0
topk,cms-heap-topk-fastpath-vector2d,rows=5 cols=16384,zipf,1.5,10000,100000,1.0,0.0
topk,cms-heap-topk-fastpath-vector2d,rows=5 cols=16384,zipf,1.5,10000,177828,1.0,0.0
topk,cms-heap-topk-fastpath-vector2d,rows=5 cols=16384,zipf,1.5,10000,316228,1.0,0.0
topk,cms-heap-topk-fastpath-vector2d,rows=5 cols=16384,zipf,1.5,10000,562341,1.0,0.0
topk,cms-heap-topk-fastpath-vector2d,rows=5 cols=16384,zipf,1.5,10000,1000000,1.0,0.0
topk,cms-heap-topk-fastpath-vector2d,rows=5 cols=16384,zipf,1.5,10000,1778279,1.0,0.0
topk,cms-heap-topk-fastpath-vector2d,rows=5 cols=16384,zipf,1.5,10000,3162278,1.0,0.0
topk,cms-heap-topk-fastpath-vector2d,rows=5 cols=16384,zipf,1.5,10000,5623413,1.0,0.0
topk,cms-heap-topk-fastpath-vector2d,rows=5 cols=16384,zipf,1.5,10000,10000000,1.0,0.0
topk,cms-heap-topk-fastpath-vector2d,rows=5 cols=16384,zipf,1.5,10000,17782794,1.0,0.0
topk,cms-heap-topk-fastpath-vector2d,rows=5 cols=16384,zipf,1.5,10000,31622777,1.0,0.0
topk,cms-heap-topk-fastpath-vector2d,rows=5 cols=16384,zipf,1.5,10000,56234133,1.0,0.0
topk,cms-heap-topk-fastpath-vector2d,rows=5 cols=16384,zipf,1.5,10000,100000000,1.0,0.0
topk,cms-heap-topk-fastpath-vector2d,rows=5 cols=16384,zipf,1.5,1000000,1000,0.9583333333333334,0.010416666666666668
topk,cms-heap-topk-fastpath-vector2d,rows=5 cols=16384,zipf,1.5,1000000,1778,0.9791666666666666,0.020833333333333332
topk,cms-heap-topk-fastpath-vector2d,rows=5 cols=16384,zipf,1.5,1000000,3162,0.9791666666666666,0.010416666666666668
topk,cms-heap-topk-fastpath-vector2d,rows=5 cols=16384,zipf,1.5,1000000,5623,0.9895833333333334,0.010416666666666668
topk,cms-heap-topk-fastpath-vector2d,rows=5 cols=16384,zipf,1.5,1000000,10000,0.9895833333333334,0.010416666666666668
topk,cms-heap-topk-fastpath-vector2d,rows=5 cols=16384,zipf,1.5,1000000,17783,1.0,0.0
topk,cms-heap-topk-fastpath-vector2d,rows=5 cols=16384,zipf,1.5,1000000,31623,1.0,0.0
topk,cms-heap-topk-fastpath-vector2d,rows=5 cols=16384,zipf,1.5,1000000,56234,1.0,0.0
topk,cms-heap-topk-fastpath-vector2d,rows=5 cols=16384,zipf,1.5,1000000,100000,1.0,0.0
topk,cms-heap-topk-fastpath-vector2d,rows=5 cols=16384,zipf,1.5,1000000,177828,1.0,0.0
topk,cms-heap-topk-fastpath-vector2d,rows=5 cols=16384,zipf,1.5,1000000,316228,1.0,0.0
topk,cms-heap-topk-fastpath-vector2d,rows=5 cols=16384,zipf,1.5,1000000,562341,1.0,0.0
topk,cms-heap-topk-fastpath-vector2d,rows=5 cols=16384,zipf,1.5,1000000,1000000,1.0,0.0
topk,cms-heap-topk-fastpath-vector2d,rows=5 cols=16384,zipf,1.5,1000000,1778279,1.0,0.0
topk,cms-heap-topk-fastpath-vector2d,rows=5 cols=16384,zipf,1.5,1000000,3162278,1.0,0.0
topk,cms-heap-topk-fastpath-vector2d,rows=5 cols=16384,zipf,1.5,1000000,5623413,1.0,0.0
topk,cms-heap-topk-fastpath-vector2d,rows=5 cols=16384,zipf,1.5,1000000,10000000,1.0,0.0
topk,cms-heap-topk-fastpath-vector2d,rows=5 cols=16384,zipf,1.5,1000000,17782794,1.0,0.0
topk,cms-heap-topk-fastpath-vector2d,rows=5 cols=16384,zipf,1.5,1000000,31622777,1.0,0.0
topk,cms-heap-topk-fastpath-vector2d,rows=5 cols=16384,zipf,1.5,1000000,56234133,1.0,0.0
topk,cms-heap-topk-fastpath-vector2d,rows=5 cols=16384,zipf,1.5,1000000,100000000,1.0,0.0
topk,cms-heap-topk-fastpath-vector2d,rows=5 cols=16384,zipf,2.0,10,1000,1.0,0.0
topk,cms-heap-topk-fastpath-vector2d,rows=5 cols=16384,zipf,2.0,10,1778,1.0,0.0
topk,cms-heap-topk-fastpath-vector2d,rows=5 cols=16384,zipf,2.0,10,3162,1.0,0.0
topk,cms-heap-topk-fastpath-vector2d,rows=5 cols=16384,zipf,2.0,10,5623,1.0,0.0
topk,cms-heap-topk-fastpath-vector2d,rows=5 cols=16384,zipf,2.0,10,10000,1.0,0.0
topk,cms-heap-topk-fastpath-vector2d,rows=5 cols=16384,zipf,2.0,10,17783,1.0,0.0
topk,cms-heap-topk-fastpath-vector2d,rows=5 cols=16384,zipf,2.0,10,31623,1.0,0.0
topk,cms-heap-topk-fastpath-vector2d,rows=5 cols=16384,zipf,2.0,10,56234,1.0,0.0
topk,cms-heap-topk-fastpath-vector2d,rows=5 cols=16384,zipf,2.0,10,100000,1.0,0.0
topk,cms-heap-topk-fastpath-vector2d,rows=5 cols=16384,zipf,2.0,10,177828,1.0,0.0
topk,cms-heap-topk-fastpath-vector2d,rows=5 cols=16384,zipf,2.0,10,316228,1.0,0.0
topk,cms-heap-topk-fastpath-vector2d,rows=5 cols=16384,zipf,2.0,10,562341,1.0,0.0
topk,cms-heap-topk-fastpath-vector2d,rows=5 cols=16384,zipf,2.0,10,1000000,1.0,0.0
topk,cms-heap-topk-fastpath-vector2d,rows=5 cols=16384,zipf,2.0,10,1778279,1.0,0.0
topk,cms-heap-topk-fastpath-vector2d,rows=5 cols=16384,zipf,2.0,10,3162278,1.0,0.0
topk,cms-heap-topk-fastpath-vector2d,rows=5 cols=16384,zipf,2.0,10,5623413,1.0,0.0
topk,cms-heap-topk-fastpath-vector2d,rows=5 cols=16384,zipf,2.0,10,10000000,1.0,0.0
topk,cms-heap-topk-fastpath-vector2d,rows=5 cols=16384,zipf,2.0,10,17782794,1.0,0.0
topk,cms-heap-topk-fastpath-vector2d,rows=5 cols=16384,zipf,2.0,10,31622777,1.0,0.0
topk,cms-heap-topk-fastpath-vector2d,rows=5 cols=16384,zipf,2.0,10,56234133,1.0,0.0
topk,cms-heap-topk-fastpath-vector2d,rows=5 cols=16384,zipf,2.0,10,100000000,1.0,0.0
topk,cms-heap-topk-fastpath-vector2d,rows=5 cols=16384,zipf,2.0,100,1000,0.9270833333333334,0.03755782578608322
topk,cms-heap-topk-fastpath-vector2d,rows=5 cols=16384,zipf,2.0,100,1778,0.9270833333333334,0.027559909490256152
topk,cms-heap-topk-fastpath-vector2d,rows=5 cols=16384,zipf,2.0,100,3162,0.96875,0.0
topk,cms-heap-topk-fastpath-vector2d,rows=5 cols=16384,zipf,2.0,100,5623,0.9895833333333334,0.010416666666666668
topk,cms-heap-topk-fastpath-vector2d,rows=5 cols=16384,zipf,2.0,100,10000,0.9895833333333334,0.010416666666666668
topk,cms-heap-topk-fastpath-vector2d,rows=5 cols=16384,zipf,2.0,100,17783,0.9895833333333334,0.010416666666666668
topk,cms-heap-topk-fastpath-vector2d,rows=5 cols=16384,zipf,2.0,100,31623,0.9895833333333334,0.010416666666666668
topk,cms-heap-topk-fastpath-vector2d,rows=5 cols=16384,zipf,2.0,100,56234,0.9895833333333334,0.010416666666666668
topk,cms-heap-topk-fastpath-vector2d,rows=5 cols=16384,zipf,2.0,100,100000,1.0,0.0
topk,cms-heap-topk-fastpath-vector2d,rows=5 cols=16384,zipf,2.0,100,177828,1.0,0.0
topk,cms-heap-topk-fastpath-vector2d,rows=5 cols=16384,zipf,2.0,100,316228,1.0,0.0
topk,cms-heap-topk-fastpath-vector2d,rows=5 cols=16384,zipf,2.0,100,562341,1.0,0.0
topk,cms-heap-topk-fastpath-vector2d,rows=5 cols=16384,zipf,2.0,100,1000000,1.0,0.0
topk,cms-heap-topk-fastpath-vector2d,rows=5 cols=16384,zipf,2.0,100,1778279,1.0,0.0
topk,cms-heap-topk-fastpath-vector2d,rows=5 cols=16384,zipf,2.0,100,3162278,1.0,0.0
topk,cms-heap-topk-fastpath-vector2d,rows=5 cols=16384,zipf,2.0,100,5623413,1.0,0.0
topk,cms-heap-topk-fastpath-vector2d,rows=5 cols=16384,zipf,2.0,100,10000000,1.0,0.0
topk,cms-heap-topk-fastpath-vector2d,rows=5 cols=16384,zipf,2.0,100,17782794,1.0,0.0
topk,cms-heap-topk-fastpath-vector2d,rows=5 cols=16384,zipf,2.0,100,31622777,1.0,0.0
topk,cms-heap-topk-fastpath-vector2d,rows=5 cols=16384,zipf,2.0,100,56234133,1.0,0.0
topk,cms-heap-topk-fastpath-vector2d,rows=5 cols=16384,zipf,2.0,100,100000000,1.0,0.0
topk,cms-heap-topk-fastpath-vector2d,rows=5 cols=16384,zipf,2.0,10000,1000,0.8645833333333334,0.020833333333333332
topk,cms-heap-topk-fastpath-vector2d,rows=5 cols=16384,zipf,2.0,10000,1778,0.90625,0.0
topk,cms-heap-topk-fastpath-vector2d,rows=5 cols=16384,zipf,2.0,10000,3162,0.9270833333333334,0.020833333333333332
topk,cms-heap-topk-fastpath-vector2d,rows=5 cols=16384,zipf,2.0,10000,5623,0.9583333333333334,0.010416666666666668
topk,cms-heap-topk-fastpath-vector2d,rows=5 cols=16384,zipf,2.0,10000,10000,0.96875,0.0
topk,cms-heap-topk-fastpath-vector2d,rows=5 cols=16384,zipf,2.0,10000,17783,0.9895833333333334,0.010416666666666668
topk,cms-heap-topk-fastpath-vector2d,rows=5 cols=16384,zipf,2.0,10000,31623,1.0,0.0
topk,cms-heap-topk-fastpath-vector2d,rows=5 cols=16384,zipf,2.0,10000,56234,1.0,0.0
topk,cms-heap-topk-fastpath-vector2d,rows=5 cols=16384,zipf,2.0,10000,100000,1.0,0.0
topk,cms-heap-topk-fastpath-vector2d,rows=5 cols=16384,zipf,2.0,10000,177828,1.0,0.0
topk,cms-heap-topk-fastpath-vector2d,rows=5 cols=16384,zipf,2.0,10000,316228,1.0,0.0
topk,cms-heap-topk-fastpath-vector2d,rows=5 cols=16384,zipf,2.0,10000,562341,1.0,0.0
topk,cms-heap-topk-fastpath-vector2d,rows=5 cols=16384,zipf,2.0,10000,1000000,1.0,0.0
topk,cms-heap-topk-fastpath-vector2d,rows=5 cols=16384,zipf,2.0,10000,1778279,1.0,0.0
topk,cms-heap-topk-fastpath-vector2d,rows=5 cols=16384,zipf,2.0,10000,3162278,1.0,0.0
topk,cms-heap-topk-fastpath-vector2d,rows=5 cols=16384,zipf,2.0,10000,5623413,1.0,0.0
topk,cms-heap-topk-fastpath-vector2d,rows=5 cols=16384,zipf,2.0,10000,10000000,1.0,0.0
topk,cms-heap-topk-fastpath-vector2d,rows=5 cols=16384,zipf,2.0,10000,17782794,1.0,0.0
topk,cms-heap-topk-fastpath-vector2d,rows=5 cols=16384,zipf,2.0,10000,31622777,1.0,0.0
topk,cms-heap-topk-fastpath-vector2d,rows=5 cols=16384,zipf,2.0,10000,56234133,1.0,0.0
topk,cms-heap-topk-fastpath-vector2d,rows=5 cols=16384,zipf,2.0,10000,100000000,1.0,0.0
topk,cms-heap-topk-fastpath-vector2d,rows=5 cols=16384,zipf,2.0,1000000,1000,0.8645833333333334,0.02755990949025615
topk,cms-heap-topk-fastpath-vector2d,rows=5 cols=16384,zipf,2.0,1000000,1778,0.8958333333333334,0.010416666666666668
topk,cms-heap-topk-fastpath-vector2d,rows=5 cols=16384,zipf,2.0,1000000,3162,0.9375,0.018042195912175804
topk,cms-heap-topk-fastpath-vector2d,rows=5 cols=16384,zipf,2.0,1000000,5623,1.0,0.0
topk,cms-heap-topk-fastpath-vector2d,rows=5 cols=16384,zipf,2.0,1000000,10000,0.9791666666666666,0.010416666666666668
topk,cms-heap-topk-fastpath-vector2d,rows=5 cols=16384,zipf,2.0,1000000,17783,0.9895833333333334,0.010416666666666668
topk,cms-heap-topk-fastpath-vector2d,rows=5 cols=16384,zipf,2.0,1000000,31623,1.0,0.0
topk,cms-heap-topk-fastpath-vector2d,rows=5 cols=16384,zipf,2.0,1000000,56234,1.0,0.0
topk,cms-heap-topk-fastpath-vector2d,rows=5 cols=16384,zipf,2.0,1000000,100000,1.0,0.0
topk,cms-heap-topk-fastpath-vector2d,rows=5 cols=16384,zipf,2.0,1000000,177828,1.0,0.0
topk,cms-heap-topk-fastpath-vector2d,rows=5 cols=16384,zipf,2.0,1000000,316228,1.0,0.0
topk,cms-heap-topk-fastpath-vector2d,rows=5 cols=16384,zipf,2.0,1000000,562341,1.0,0.0
topk,cms-heap-topk-fastpath-vector2d,rows=5 cols=16384,zipf,2.0,1000000,1000000,1.0,0.0
topk,cms-heap-topk-fastpath-vector2d,rows=5 cols=16384,zipf,2.0,1000000,1778279,1.0,0.0
topk,cms-heap-topk-fastpath-vector2d,rows=5 cols=16384,zipf,2.0,1000000,3162278,1.0,0.0
topk,cms-heap-topk-fastpath-vector2d,rows=5 cols=16384,zipf,2.0,1000000,5623413,1.0,0.0
topk,cms-heap-topk-fastpath-vector2d,rows=5 cols=16384,zipf,2.0,1000000,10000000,1.0,0.0
topk,cms-heap-topk-fastpath-vector2d,rows=5 cols=16384,zipf,2.0,1000000,17782794,1.0,0.0
topk,cms-heap-topk-fastpath-vector2d,rows=5 cols=16384,zipf,2.0,1000000,31622777,1.0,0.0
topk,cms-heap-topk-fastpath-vector2d,rows=5 cols=16384,zipf,2.0,1000000,56234133,1.0,0.0
topk,cms-heap-topk-fastpath-vector2d,rows=5 cols=16384,zipf,2.0,1000000,100000000,1.0,0.0
